Row,bagging,gradient_boosting,logistic_regression,mlp,random_forest,svc_linear,svc_rbf
1,0.009446817972106671,0.002175845010300744,0.7831981541579638,0.014830744294903421,0.04346643966217439,0.8680467280423048,3.35817209043161
2,0.009863224512919929,0.012058702311994473,0.8761136039103145,0.016440120263240255,0.005459900064668132,0.5503998113736182,0.015031076487710515
3,0.009387135606255415,0.006145626544881786,0.6669237258591977,0.01831515004670967,0.0035802089011115167,0.7461719556640428,0.04565343067158853
4,0.006012989789561848,0.0038810826640080552,1.0095278241569337,0.012836926207537736,0.006999931051478061,1.536871929390533,0.031029111079799238
5,0.00794012509887992,0.006290711701643339,1.0798954925027386,0.013738050769872208,0.004851168285760277,0.9236995815069737,0.024011979433269378
6,0.00964074849231215,0.0011908529998331577,0.5974693085120847,0.01602768760492696,0.005782757997693967,0.719328195731538,0.013743133566383247
7,0.009430017680903978,0.0041537522705423335,0.9756205947124823,5.158444558561493,0.006081878215850458,0.8267106632862287,3.6714782082593986
8,0.009446817972106671,0.0012633896317670486,1.0840546205145212,0.014197733860875819,0.002835732531617885,0.3095743992395761,0.022776093359127402
9,0.009387135606255415,0.005642897443290488,0.5605679005327465,0.018315131224415578,0.00519379516038423,0.6326477608472127,0.04369541275488455
10,0.008018175346328897,0.005802894508475614,0.6397419567516092,0.018913490770409526,0.003143705966415786,1.403590069312799,0.02159667214576082
11,0.006400373644683982,0.024053346825075914,0.9068446325023353,0.01566407260327745,0.002604540850819624,0.8619137794539139,0.02122382326053323
12,0.0069477640272268895,0.0011218804928489353,0.9437725397631038,0.015835680891591795,0.003165747360971083,0.7581014037469817,0.03610442204288274
13,0.009446817972106671,0.0013011225035459968,0.5809286715094361,0.014197733860629653,0.004166021601860308,0.38014334754679047,0.030102719863748847
14,0.00692563492608134,0.0046320145480594965,0.9001780106427294,0.013567755380663868,0.027787912811305725,1.1911696359375668,0.035251500074762854
15,0.009446817972106671,0.0012020955754894515,1.202769635653416,0.014201778546567075,0.007340166214986577,1.277789561672385,0.03779585264801684
16,0.008018175346328897,0.01255120181250315,0.687490484322046,0.01891338741511779,0.00583933338505296,0.46851885331412335,0.019534603731687073
17,0.00794012509887992,0.006254442398816889,1.0451923941769858,0.01373805143175557,0.0029883687410636826,1.1858326851814993,0.027364098352169255
18,0.008364085868530517,0.011050995036000353,0.7186762654471149,0.015114402361015676,0.03271501002882351,0.6591160208523426,0.017714577125983934
19,0.0069477640272268895,0.011891874814024409,0.8319562819265007,0.015835680891007183,0.009271514855128385,1.5160604502021722,0.007516982340942078
20,0.0076640081651896865,0.0024050165179796534,1.0331374407240634,0.013447098812139423,0.0030171219972152333,0.5595250847667009,0.02506049786101527
21,0.009065171089592159,0.001739636797414742,1.0441163001143914,0.010027288378322412,0.005374351419093172,1.19478362394894,0.02428964660042544
22,0.00977522376761856,0.007481782481514812,0.9350970123911512,5.05616539677386,0.30328198334703205,0.765658865445472,0.015306712238853002
23,0.009430017680903978,0.0025621653903186,0.7376347244944317,0.016027687604147967,0.003983387693419268,0.6882742035754372,0.016588186556947205
24,0.006400373644683982,0.017421673823313083,0.7551772471732315,0.015616506382250886,0.002154944819027223,0.7383855269793611,0.01923844123652121
25,0.009446817972106671,0.0012998353886874967,0.8848039436753203,0.014197733860845977,0.00387298950994949,0.9852751447497065,0.0459071151210152
26,0.009387135606255415,0.005818894549951858,1.1918215836977384,0.018315131279162483,0.29414210131770724,0.6428277925568661,0.043312615603957993
27,0.010138610105316106,0.006404754610636439,0.6460276496410885,0.018315131236328195,0.007151496249992906,1.1072476012959727,0.03868252417020968
28,0.009430017680903978,0.002958709136236027,0.5968303212288895,0.01602769257525847,0.004058379522295159,0.34008910814827725,0.0859319546716558
29,0.00964074849231215,0.0049836049282552634,0.8846202933777301,0.01602778005674952,0.005653327979932373,0.6452981808484131,0.01602431971424409
30,0.030480391404240824,0.009828440887587001,0.7851847934847072,0.28581979638151855,0.006935527528324201,0.5796302861745164,0.033183643127697664
31,0.006012989789561848,0.0031940803041466993,1.096126791360801,0.0128363203558158,0.009016097207511184,1.4718802401312876,0.02519749042502715
32,0.009065171089592159,0.0016770977676909525,1.037058991839385,0.00991700332243762,0.0032722753791773083,0.641574412083499,0.016481020202009946
33,0.009863224512919929,0.013864958017348116,0.7662785675601579,5.157790954351936,0.008237599688131425,0.7032467035338738,3.7542713389772975
34,0.00794012509887992,0.006290711701643339,1.112647070225917,0.013738050769910477,0.0042824422386322555,0.7937476506373151,0.020923567168893695
35,0.01067304553352431,0.0032063469894599347,0.6115954648692685,0.01587535088589175,0.0033748395993452047,0.3938335676184238,0.023035306978148613
36,0.009065171089592159,0.0018170910954842287,0.9477673638897335,0.009917123964943063,0.004039629210984056,0.7304586560449409,0.02464285486885493
37,0.01067304553352431,0.0017134318385095472,0.6799209934879981,0.015875350885854976,0.0035612023362697302,0.313684004886582,0.02841265341938392
38,0.008790605363686364,0.021629130714419874,1.2342935509084745,0.019166733303430182,0.003967640687097802,0.6215758187806056,0.03716190309283159
39,0.009387135606255415,0.06969451269787877,0.8018379217077825,0.48860534907831743,0.004833066079200879,1.2476230299394826,3.437497260750031
40,0.00794012509887992,0.006250477408201522,0.9220111479748814,0.36499011200414644,0.004002199634917406,0.7297749176969713,0.02503351090944756
41,0.009065171089592159,0.0017801662302862724,0.9186325841369759,0.009917003294865152,0.003507249671433171,0.8313629556840096,0.02998748620023528
42,0.008018175346328897,0.0040486189704774505,0.5408542288440863,0.01891334512737575,0.0033741008328178335,0.20988056193442622,0.0037215665987434315
43,0.012619648926022553,0.007625723194877218,0.6914299962938969,0.01831739073963485,0.004811159030624464,1.3724648180188406,0.0421260357539439
44,0.009387135606255415,0.005655583584483248,0.6525317027008064,0.01831513122416591,0.003322111407114352,0.8671627880810049,0.050759521823404485
45,0.050222523892084495,0.0034226524827394465,0.6233087945371489,4.0482516732281075,0.0063510416196427616,0.6077362069670197,3.812999965546831
46,0.006012989789561848,0.0035696210272705715,0.958630639230558,0.012835592245982535,0.003239302224877466,0.9569855152321027,0.026730177617958074
47,0.009430017680903978,0.00191950695369299,0.5640270566170418,0.016027687604148078,0.00393008870071484,1.149032273648248,0.016889004654992722
48,0.01067304553352431,0.0018280437009786249,0.6585552692142094,0.015875351095999638,0.003789064653993308,1.3029215099994598,0.04138400982365101
49,0.008018175346328897,0.005150109230468264,0.6125978261567605,0.018913345151253258,0.003744117594503803,0.405106331656992,0.017470940176101898
50,0.009430017680903978,0.0019088272199817517,0.5803205193208103,0.016027687604147967,0.003456691559488679,0.5588448535521641,0.03971875445130778
51,0.009446817972106671,0.0013504746356279356,0.7044703891272079,0.014197733860629653,0.005711956132674685,1.400324966969848,0.006676563509934565
52,0.009446817972106671,0.0012617310089650766,0.9319597058224792,0.014197733870330537,0.002943579984960986,0.25518497840291465,0.012673016024784607
53,0.010607936483982497,0.0020286733177270456,1.1025167836308538,0.016105105299669374,0.005926535459273807,0.7691547922955543,0.060863326378026945
54,0.009387135606255415,0.005664661526395644,0.576686098836611,0.018315131224166246,0.0061255159484520155,0.5630761932315003,3.4899362085657564
55,0.008018175346328897,0.00600074451277323,0.5557749088995257,0.018913345129462543,0.006105731716619401,0.13393111103559813,0.027332056808145433
56,0.009541051765515802,0.005661780041354153,0.5151634115617089,0.01831513122416591,0.003427045093757906,0.3297766299162644,0.03451045741255228
57,0.009387135606255415,0.03596786616724968,0.7435653809824744,0.03297293910143512,0.005271175400057798,1.1176355588542104,3.4620002624782176
58,0.009446817972106671,0.011841315945356558,0.6418542257354298,0.014198815477727805,0.009022850169130769,0.7673291385400022,0.03773819728943424
59,0.012188987975136288,0.13396729336043747,0.9338828221236355,5.375384098966751,0.10045603028238463,1.0445662764695058,3.5206957361185762
60,0.009182821063748976,0.010733461032304947,0.5791263341900367,0.020694765684218772,0.0026053788657770345,0.49261024875978493,0.025150233052803346
61,0.009387135606255415,0.0056773964579854095,0.6614960653187975,0.01848730153704165,0.010000965760197813,0.8523090465125427,0.05169475308496376
62,0.01067304553352431,0.0017263796027644249,0.5263520262155422,0.015875350891701792,0.0034162961361903724,0.4502888869627069,0.01598270928838066
63,0.009430017680903978,0.0018874865127004171,0.563412109934072,0.016027687604149996,0.006498810155985138,1.0107884309410742,0.016164774932292954
64,0.009430017680903978,0.0020325592599333307,1.044579998427315,3.2212462424083155,0.011667807863895256,1.0008147070665716,3.543675087255675
65,0.008018175346328897,0.004629707360494562,0.5569445465409477,0.018913345128302044,0.0031354659434800905,0.7947231104340653,0.020560289039003046
66,0.0076640081651896865,0.0038582717396937927,1.0458890165399375,0.013447100226025499,0.005400197399258003,1.0033302179994898,0.029009953397911726
67,0.009065171089592159,0.001797993079402658,1.0482613265057958,0.009917003294988269,0.003565266829662738,0.9380497236496748,0.02799331367299835
68,0.008364085868530517,0.013940005898808436,0.6366208053508681,0.015114402361015676,0.0029139707047274722,0.7370436103343044,0.019692487601502634
69,0.007301920426342251,0.005316896982085618,0.5714776523416403,0.012345674392292637,0.002650982854680569,0.5009771412820675,0.046673561476280837
70,0.016834424729384474,0.01231592189226488,1.1732653433710738,0.023991784688361755,0.014841740423321122,1.352377730328701,0.018677653071548863
71,0.0069477640272268895,0.001131994243522396,0.9383676713680581,0.01583576563716138,0.0030738588343315683,0.7616557457661072,0.017275618166561982
72,0.008436805871674172,0.09437859827640632,0.5148058467335114,0.01883946995914211,0.0159434647746884,0.45634957109426505,2.9607085017335106
73,0.01067304553352431,0.0017495297787224243,0.586331682815414,0.01587535088585644,0.019498300027591814,0.9866230754748855,0.06708700235223776
74,0.010873466224445058,0.0697288760026094,1.2115481240588353,0.01602768760593159,0.0071612447082524625,0.8548283014010939,0.04272538015624115
75,0.009065171089592159,0.0017466043197912884,0.9291618767281264,0.009917041913005577,0.004229934358586414,0.7150687750268127,0.02412257897206256
76,0.007749040793032158,0.03548154835616888,0.5307268252244547,0.018668638730156176,0.011367667330391023,0.5395666676254446,0.03404818032265752
77,0.009182821063748976,0.017562637573270312,0.580363425390769,0.02311087845580306,0.09725517405190037,0.6350286733825992,2.5028889952507694
78,0.006012989789561848,0.0039354280015230034,0.9028462569750403,0.012835592307189697,0.0038775636357856955,0.7531089093558904,0.02421011126138943
79,0.006465854470068727,0.003395450443925856,0.6768596847301389,0.015838585007200156,0.007265225191610218,0.7591885146951968,0.039966234896665245
80,0.009387135606255415,0.005661722122127262,0.5434678213129076,0.01831513122416591,0.0038040270597478215,0.8219666276535985,0.03888170055852042
81,0.008018175346328897,0.005223729146127262,0.5601996417744292,0.01891334517822418,0.004090842043985693,0.16659375012756247,0.025166950090547372
82,0.006012989789561848,0.0035508429063043274,0.9553665526389283,0.012835592217164427,0.002986962481487619,1.1015636903189567,0.03257234389528549
83,0.00692563492608134,0.0034916757201789604,0.9138980107580253,0.013569186934977563,0.0019542115547021965,0.4875987136721035,0.0437039929247737
84,0.009157281635124956,0.017391530412440064,0.560070120567545,0.018488421620951566,0.005197100227929607,0.4255882468796711,0.03253391061020409
85,0.00794012509887992,0.0062577181923293085,0.9569703199101948,0.013738050769861964,0.0031090454944851646,0.964973462106275,0.027250567577866903
86,0.009387135606255415,0.005661722122127262,0.5190768355576902,0.01831513122416591,0.004033414501496559,0.9404631291185775,0.039208076122948424
87,0.008018175346328897,0.02564623219885253,0.7333841053353352,0.01903654308787124,0.011135445911843223,2.0887278522737636,3.5245094057068767
88,0.0076640081651896865,0.0012922788754592914,1.0378463322394054,0.013447098795184671,0.003894798560878198,1.3408804601972133,0.02993290025922022
89,0.008018175346328897,0.00459762966592888,0.7969478582335829,0.01944960210998668,0.00399148779651632,0.9831373258539242,0.02027863203444508
90,0.006012989789561848,0.004243120679746346,0.8580847628480924,0.012835594012000582,0.006644107997373028,0.692013977591123,0.02537683808233196
91,3.01360069343345,1.263063040947794,0.6593119331576732,0.015838592186881793,1.265140974305245,5.1926474726780185,19.298977354783585
92,0.010607936483982497,0.011088790860403664,0.9702290322119039,5.1576758727154886,0.023612852547995264,0.6785250705308778,0.016457143314921232
93,0.0076640081651896865,0.024700183231514208,0.9754393000587273,0.013447819881117545,0.0166112022092451,0.6111521063010512,0.01902455413386612
94,0.009387135606255415,0.005664661526395644,0.6040834621803188,0.018315131224166586,0.004716540050943709,0.21124064660799646,0.061029105366064276
95,0.05110512188197048,0.026484229936109226,1.294601632427238,5.540857866596493,0.016874873304902283,1.5308647333746042,3.431656571409532
96,0.008018175346328897,0.014245672115835207,0.7196147048134194,0.01893262757758315,0.013621981185520354,0.8116409068680278,0.01667708804589929
97,0.009446817972106671,0.0013776809114642492,0.6028404736291613,0.014197733860636635,0.0037341139169983495,0.4888540622037544,0.03806594244408235
98,0.007749040793032158,0.05257701734879061,0.5590346887290824,0.024056438402443814,0.0021939911696629475,0.6577344553045392,0.027308996409696463
99,0.009157281635124956,0.16981435552459806,0.5767279407454786,0.018395097249817968,0.00291245617902763,0.7057587648804791,0.025756860707856297
100,0.009446817972106671,0.0013140926279215368,0.6190095326829793,0.014197762502177476,0.003376887373116629,0.347332685177177,0.03413084721128992
101,0.008018175346328897,0.00530924769139076,0.6263283664526028,0.018913349926151832,0.021542007554950657,0.46907819301368786,3.619893875126042
102,0.009430017680903978,0.0017917635983152377,0.584468058781753,0.016027687622106705,0.003456691559488679,0.8196154788368778,0.015407331851916025
103,0.01067304553352431,0.0033254828205718763,0.7892652034054234,0.015875351319551912,0.0033538412697940692,0.3362523120968396,0.030619673048556912
104,0.009430017680903978,0.0050484692342218215,0.6953405697099182,0.016027687695986677,0.02147177775334672,0.5072728741803504,3.653717173280503
105,0.006400373644683982,0.03539054264029141,0.7122923374656286,0.015616506382250886,0.0016378573119200665,0.8925335708091703,0.02232959406791367
106,0.01067304553352431,0.0017787345185212504,0.620697783358329,0.015875350885856104,0.0033538412697940692,0.7624887122280577,0.03476981351251141
107,0.009446817972106671,0.0014046696473794934,0.6321919216935359,0.014197733874756441,0.003976748004944893,0.6307687183429714,0.03565237330317127
108,0.0069477640272268895,0.0011264295861593222,1.0655447109221698,0.016473646889332238,0.004276745654109772,1.2400711292078135,0.041110789257007924
109,0.00692563492608134,0.004292065616348516,0.9284924380182101,0.013568603371759221,0.004763260865126347,0.7605516515930398,0.03467958267591649
110,0.007341566461447414,0.00748445709927294,0.741261619026487,0.012345674392422123,0.015950621847032376,0.9889235958845694,0.04509391583777615
111,0.01067304553352431,0.0016197272782693469,0.8566018688487065,0.01587536016495221,0.0036676490452867546,0.966553732109715,0.03905131994422516
112,0.008018175346328897,0.004777669625018851,0.706209189044077,0.018927380101713537,0.008683426638129852,1.5380909136452319,0.020486340640133143
113,0.009446817972106671,0.0014959466006287064,0.631381745049121,0.014197733860629766,0.0070294723679574025,0.4100238072431303,0.03849330825623075
114,0.009430017680903978,0.0018518652458111616,0.5560145180641405,0.01602768803438683,0.006498810155985138,0.713903924755138,0.01525937053071981
115,0.01067304553352431,0.0016212379085509447,0.9220435458969185,0.015875350885856555,0.007861825219981288,1.0800066185048491,3.6048165182701166
116,0.07083540536925456,0.01748526373561184,1.3557968577844854,1.413200935646052,0.17097041611198302,1.8905889237181552,3.3783668999790333
117,0.011710705683187706,0.01030617503052184,0.7952619207242471,0.01357228223527573,0.023895329260696423,0.7990757503644667,0.030415803444588135
118,0.0069477640272268895,0.0011094280230768067,0.9610222884620547,0.015835680892257734,0.003661945896801446,0.7936702510898556,0.009062970077106946
119,0.01067304553352431,0.0017278537415518387,0.6350520295663892,0.01587535091960722,0.0033141556245365523,0.9237236020256702,0.04522513490499267
120,0.00794012509887992,0.006237834420026095,0.8540016349981476,0.013738050769861964,0.005052773144076053,0.5635989747829436,0.022358248712919065
121,0.006012989789561848,0.003980269212379555,0.9231615822692298,0.012835596624173462,0.0024040640722286597,0.7585330639960269,0.028746574642110116
122,0.00794012509887992,0.0062355591445779086,1.0454782108255378,0.013738517789413861,0.0036116521688982746,0.6986274457964,0.02686760628490352
123,0.009157281635124956,0.005607059414358899,0.6084306221743309,0.018395013404668162,0.013944665389472624,0.5588119030690328,0.031201733855626988
124,0.008018175346328897,0.014843244289577001,0.7563557567734793,0.019166711394617692,0.0060967895787552885,1.818014537149094,0.021409700622825996
125,0.009065171089592159,0.0015657901124024095,0.9504654202311473,0.009917713260482922,0.011347288860739477,1.8822448450272589,0.026730511463246887
126,0.006012989789561848,0.0035171189180598925,0.9608230651976044,0.012852501259245426,0.003901087768207088,0.8183340925581485,0.027027590928448284
127,0.009430017680903978,0.003802110148226194,0.7456395659589716,0.018680899475593267,0.00393008870071484,0.6015388181257814,0.01645686361703114
128,0.009430017680903978,0.0018576181683486771,0.7039424451863391,0.016027687604147967,0.009453183420965348,1.0149882777475856,0.010045984285827923
129,0.009430017680903978,0.0021769713533015015,0.7674090381038414,0.016027687604157556,0.005335234066553685,0.6405967092675363,0.01601380620372019
130,0.006012989789561848,0.0038689799671477896,0.9301636533248905,0.01283570665932316,0.00808962610850125,1.0427665125205128,0.028768061526249226
131,0.01067304553352431,0.0032396882888525817,0.6171230673245083,0.015875351050752957,0.00896640337520923,0.7122538889055294,0.06850152805896983
132,0.008018175346328897,0.004226068753803606,0.495079810894575,0.018913345270399003,0.004291068241261539,0.2778286377597894,0.015529651236628214
133,0.009387135606255415,0.0058525159387029175,0.6726816718622846,0.01831513122416591,0.012218229515830422,0.9874465246709077,3.5217286536999826
134,2.4246814843109066,1.102706764396386,0.8863406920973544,0.017198788883950038,0.04292029719536172,1.3924992424786016,9.64441321599569
135,0.008364085868530517,0.012105419261808728,0.6632692156107555,0.015114402361015676,0.003175540871564408,0.5493972323359825,0.01717686713015458
136,0.0069477640272268895,0.0011202338128938367,1.0406300728362816,0.015842414224017318,0.0034461115243543884,1.0637903437557275,0.041520757020433764
137,0.009430017680903978,0.0012256927914198843,0.6260189489613155,0.016027687604147967,0.004378789074024863,1.0465693612937987,0.019189209501360147
138,0.00692563492608134,0.00549514074795115,0.9259802459702997,5.165170785827904,0.0026118626886333087,0.7511890423631813,3.598801350961259
139,0.00964074849231215,0.005638339203210668,0.7043906610551157,0.01603559734213116,0.010409803949204507,0.8244802492287203,0.014751132583203493
140,0.01067304553352431,0.0017276900789986878,0.6262455866593017,0.015875353338057396,0.004107577521225219,0.7173283024932259,0.04101725187578688
141,0.009277898413462549,0.005603478691883708,0.5318354825086258,0.02090702988269715,0.004581384517411734,0.45605870338839355,2.536509763457777
142,0.03101995812710179,0.03814415982576206,1.2320455907789716,2.3426891969238417,0.005115202540736822,0.9925697740714053,0.018937846556032693
143,0.007301920426342251,0.0052764638833879334,0.9390834595303141,0.012366207710939566,0.0194983953606699,1.94715091673802,3.650452979051929
144,0.00794012509887992,0.006241732591193097,0.9604273987929168,0.013738280824705951,0.0049490132291180435,0.9067845914699271,0.02271996458605964
145,0.0069477640272268895,0.0007014172260595122,1.0569969727942412,0.01592223256535119,0.004790925150736084,0.66232006171637,0.0336041787153802
146,0.0069477640272268895,0.0011190747396408664,1.1194455456358432,0.015835688764851023,0.0022541731252431964,0.6680440053555774,0.029650072232751724
147,0.009446817972106671,0.001389997925141002,0.5833195214574437,0.014197733860629653,0.004429624560584206,0.35119187128994817,0.0333635896676324
148,0.01975016595892763,0.06313177400504219,1.0258211828633894,0.22987323866804615,0.938001986427765,3.0140360309719485,11.50516445486785
149,0.01067304553352431,0.001614077330989101,0.8485538177882582,0.015875414903275938,0.005797699118794929,0.4946600510198287,0.04059895997092672
150,0.006400373644683982,0.02705024472733339,0.7534346296836938,0.015616506382250886,0.0507213448219321,1.1444787041542397,0.02317884877129428
151,0.010055822290720908,0.001247050006461732,0.7621784026693259,0.01504583811549866,0.287951688455574,1.8367606863258965,3.300451644425962
152,0.011825840321396181,0.0016526187137421925,0.7844456151914758,0.015875350885854976,0.006140885914863353,1.0425176807402083,0.03667567532972163
153,0.00794012509887992,0.006290717277446932,0.9874020174599303,0.013738050770674184,0.004919519173966164,0.5846901738177285,0.02753093118164456
154,0.0069477640272268895,0.0011136850662044181,1.0372681068826048,0.0158356808910082,0.022443792768424873,0.9588196793571556,3.4053817173614256
155,0.007301920426342251,0.005316896982085618,0.8870579285883595,0.012750250574177984,0.002667437370416877,0.5957974157852617,0.051738868542213386
156,0.008018175346328897,0.0054186295354667026,0.7008894309972292,0.018913354842046065,0.007098078700890756,1.4640025792484643,0.021965591072763524
157,0.011290142324113354,0.00766675464233404,0.956155072733651,0.01891601677167149,0.012648047672255087,0.6568458784408687,0.963455005336732
158,0.008018175346328897,0.004566484483368752,0.5602737683163204,0.018913345135993895,0.0029093498590314873,0.9381089671749419,0.021374115125435373
159,0.0076640081651896865,0.0015543197012071002,0.9190641271687119,0.013447098724212143,0.005453354521350913,0.3466220683120461,0.016769968607682744
160,0.0069477640272268895,0.0011128492555391358,1.0059562926968113,0.015835680891391698,0.003416642019621753,0.813295784102388,0.024450651116537037
161,0.009387135606255415,0.005638556417434136,0.5278221673017143,0.01831513122416591,0.004360636257192344,0.3926078059188481,0.03315647696199995
162,0.006012989789561848,0.003324506817980265,1.0423782924268035,0.012835760972507543,0.003552391678219432,1.4906418518375593,0.021763612935141688
163,0.008018175346328897,0.005197625717030451,0.7464097881834422,0.01891339470630285,0.003624229009768781,0.5938830435924648,0.01544143079313639
164,0.008018175346328897,0.004641126632339056,0.5785222094014766,0.018913345127169152,0.00405283829006368,0.1974060404500562,0.01641193226345272
165,0.0069477640272268895,0.0011191710976988034,0.9498587814126808,0.015835681889972007,0.016677301322122612,0.43781746225281637,0.030589881787900192
166,0.00692563492608134,0.005124439853816047,0.6366498798147017,0.013567754162501723,0.002975874984971324,0.7468905384804617,0.042632314041653734
167,0.008018175346328897,0.005553192575240938,0.7819183314984554,0.018930965697514963,0.005430239439602793,0.5393515099414344,0.019950063504259343
168,0.0069477640272268895,0.0011074337400942729,1.0407965239883137,0.015835680891007523,0.003416642019621753,1.111391576750862,0.01839240004061112
169,0.009065171089592159,0.001756070305516234,0.9765125649923845,0.009917003294920656,0.0040006321826422135,0.6467282562207193,0.025315535375392533
170,0.009065171089592159,0.0017117105668304558,0.9439829407607182,0.009917003311154212,0.0061134279020775215,0.9766796883212548,0.03213626349240029
171,0.0076640081651896865,0.0017625448801645825,1.0755950010632715,0.01344709872445711,0.005400197399258003,0.9918448003526266,0.028035109268054335
172,0.008018175346328897,0.004754869252957055,0.6407860491892319,0.018913357435642694,0.0036187773401986094,0.8828559104744756,0.022673839983358274
173,0.01067304553352431,0.0018141581137483354,0.5555330773016399,0.015875350885854976,0.006358620099848496,0.5927105623131145,0.029332689254817437
174,0.009446817972106671,0.0016354449125306188,0.5700406845477372,0.014197733860629653,0.0037516741722977975,0.2971060243635748,0.02939934272794567
175,0.009065171089592159,0.001740516943116111,1.0936563003578361,0.009922359993068147,0.00280068917084229,0.864481504838002,0.02092259558097556
176,0.009387135606255415,0.0056773964579854095,0.6603787606546416,0.018315131224660833,0.021157695528316908,1.296057246244867,0.05149542648367158
177,0.01067304553352431,0.0015936955675172008,0.742763714319119,0.01587535088590957,0.005001362425093318,0.8694932071640915,0.018823020173805813
178,0.009387135606255415,0.18059770493944519,0.8843270741995237,0.018727984231153145,0.006265572704933237,0.5377992040678718,0.04188371977174145
179,0.01067304553352431,0.0016556724450989906,0.7511721536397977,0.015875350885854976,0.018440150673283317,0.9949229134795637,0.03753977158623933
180,0.00794012509887992,0.006283427309082119,1.0715086086633567,0.013738146916329295,0.0027250653030743183,0.9429076600895872,0.020198228663407064
181,0.008018175346328897,0.004827997198650719,1.2045653088671935,0.018913925424660652,0.003390726607665693,0.4074316031754599,0.022964512023493866
182,0.009446817972106671,0.0012727568067003824,0.8030079652523484,0.014210553973978992,0.01358565508873526,0.5777646929190597,0.03890251225231037
183,0.009182821063748976,0.13928014311447184,0.5268728240159463,0.020696370099202825,0.009336679730183291,0.27101292265875615,0.03173657914524711
184,0.0069477640272268895,0.0011231067853107565,0.9777725652826087,0.015835680891116255,0.006315501510255064,0.73142789263098,0.024864513429710165
185,0.00794012509887992,0.006283427309082119,1.0715086086633567,0.013738146916329295,0.0027250653030743183,0.9429076600895872,0.020198228663407064
186,0.006012989789561848,0.004088771173782226,0.9817199444526256,0.012893289820835364,0.01324098149441979,1.5026514094364636,0.025565162473969106
187,0.0085690278859476,0.5995307018779199,0.9874562796651659,0.01921190019202298,0.0049422515594981595,1.486014197055732,0.016534866563561325
188,0.006465854470068727,0.0055135979283902825,0.8958724229158229,0.015947529352888505,0.002835351516919756,0.7145404814558326,0.03346526530621383
189,0.006400373644683982,0.03695092455431539,0.7102516540560605,0.015616506382250886,0.017105410661816832,0.8687118033498822,0.014842061371262058
190,0.009446817972106671,0.0014678979736813646,0.765780100204623,0.014198136810512805,0.01189070232904148,1.3578089658428578,0.04331393268257651
191,0.01067304553352431,0.001725858042291396,0.5439995682855886,0.015875350885854976,0.003139503894352245,0.44164424766634364,0.031737271435586266
192,0.0069477640272268895,0.0011189847731107934,0.9910004651499495,0.01583881906868275,0.0036645477495460895,0.845335427847768,0.035154772238776374
193,0.006012989789561848,0.003828739956138732,1.0248788457884703,3.053644137106268,0.007122978266439912,1.0342593362331254,4.156373714746463
194,0.009446817972106671,0.0012632737073798484,0.5411912823859484,0.014197733860629653,0.004497857365960808,0.8468681777029259,0.026055419983678413
195,0.008021021958170425,0.004352180266601264,0.7528342891684355,0.013567754164311911,0.02066417678744623,0.8564293230684954,0.0376210248956501
196,0.009065171089592159,0.00158305040255357,0.921541734667895,0.009917003344727142,0.005529041167035026,1.0867477480902799,0.0303096044726524
197,0.009446817972106671,0.0013485569334841308,0.6834269495445505,0.01419899455030206,0.0073593704482513705,0.9259326048791996,0.040545408588356785
198,0.007301920426342251,0.0053185316517897225,0.5033252311817772,0.012345674392292637,0.002441632590308032,0.3817034506656024,0.043676935590948984
199,0.009157281635124956,0.11435982122988143,0.6107675179239093,0.01839773617256794,0.07962863831657228,0.5538038000174588,0.031464755131557644
200,0.009387135606255415,0.0062078627194798825,0.6189820611567189,0.018315131228280233,0.00574563850727882,1.012969153625583,0.04778617619464826
201,0.01005185004591202,0.007378221192535887,0.8787101680404934,0.012347900724398184,0.0999470341659368,2.944194574049023,3.808208409891638
202,0.008364085868530517,0.014489451869311346,0.6803714655539818,0.015114402361015676,0.0017782873547979355,0.7273591020693053,0.018131423562095912
203,0.088177113482339,0.2227247313869806,0.5248087170628352,0.01990198253487454,0.04212514146755863,0.28523728295747885,0.03606737873916117
204,0.006400373644683982,0.027735569955369355,0.8864813066808062,0.01561650638473554,0.0022492327539784525,1.1778753419707109,0.02225806837422792
205,0.009430017680903978,0.0012076991976794208,0.5314482299840263,0.016027687619300745,0.014113318878431796,1.0221110218056766,0.016852770784884327
206,0.007301920426342251,0.005594278832635679,0.8596673169221816,0.01450818172507044,0.004023170165539559,1.7003751345845122,3.650533047057252
207,0.006465854470068727,0.00429791452275755,0.7346366182479015,0.015838585007200156,0.003708148642265908,0.3736650043558287,0.04434064045673909
208,0.011825840321396181,0.001736055815391303,0.634472939190792,0.01587714313337319,0.009379580711222848,1.0210109312876408,0.04150206292267173
209,0.01067304553352431,0.0017803280365111663,0.7424721414282394,0.015875350885855427,0.0032443260200498377,0.9324047774884819,0.04279726787862491
210,0.009430017680903978,0.0021570335162939703,0.7428522495225721,0.016027687604189933,0.0033286526661566907,0.9086674500855213,0.01861032025335903
211,0.008364085868530517,0.009159910141850545,0.6407616296303009,0.015114402361015676,0.001911144189008151,0.29710021838151257,0.019023159626870824
212,0.009387135606255415,0.0062078627194798825,1.2121010361184983,0.018315131255292924,0.00457516921972509,0.5740377584319382,0.062382192684307086
213,0.009065171089592159,0.0017524735312278957,1.0182981660244694,0.009917003294890493,0.003949515537494312,0.6814782663683576,0.020990287834240572
214,0.01067304553352431,0.0015631702243063,1.1889974180735297,3.999962369297693,0.005122545585477293,1.2791845165804,3.3889726997448677
215,0.009446817972106671,0.0012971557319707548,1.0261656420052012,0.014197736308096455,0.003976748004944893,0.8263718195975853,0.01357725412315497
216,0.015274281124529653,0.20124265177381026,0.9196760794103842,0.02362636204066999,0.009528058008936899,1.3661467766454711,0.04649175199479579
217,0.01067304553352431,0.002820993709778581,0.880899705912021,4.1283691773343865,0.004089758105089394,0.7376315670829792,0.03361003073329614
218,0.009065171089592159,0.0017366660407033292,1.12857460563752,0.009917007341421242,0.012244512659474523,0.9563035987294466,3.4131268825091405
219,0.014201623528629283,0.0851941512870811,1.1599646183691754,0.01831514657744636,0.006309070575206671,1.2704512899028968,0.02952692359477361
220,0.006012989789561848,0.003560356909232396,0.907826993489369,0.012835790355845327,0.0024291593644044755,0.5924169192498151,0.027497496636853493
221,0.006012989789561848,0.004400213688099433,0.9515292710956536,0.013296579735289797,0.0028011313299867203,0.6794464811623141,4.11570907987463
222,0.009065171089592159,0.0016745201202650235,1.0473234520184889,0.009917003294869636,0.00510728783978149,1.0970833320067634,0.026303653059471434
223,0.009541051765515802,0.005868594291299921,0.7994509215588849,0.018315131224766107,0.04907996208567766,1.227804339300437,0.05250271578672774
224,0.009387135606255415,0.03605781942304466,0.9684539098044483,0.018315138037561334,0.007835682134244215,0.9221820828160617,0.04336836535132029
225,0.008364085868530517,0.010064086468683271,0.8688794610316057,0.015114589277546308,0.0017782873547979355,0.6400545547536377,0.01725284964725056
226,0.006400373644683982,0.026876981097339384,0.628158944131608,0.015616506382250886,0.014557469909781634,1.1546783178798896,0.022496479731021965
227,0.009446817972106671,0.0012799410454763978,1.1285968452690127,0.014197733862589063,0.003104494686655976,0.2843770221254761,0.04949716493909914
228,0.009430017680903978,0.0014235988427870397,0.6939659705425166,0.016027687604147967,0.006368725367759741,0.5179719943722496,0.07680263953754131
229,0.006012989789561848,0.004367684360614883,0.9264100407107023,0.012835592198044343,0.006948081490380785,1.1317523789627981,0.021030724995745747
230,0.10894253155962479,0.03435059922140767,0.6329149674279199,0.013567754162501723,0.006589373478565666,0.4764948606503883,0.03687992992411678
231,0.009065171089592159,0.0032054503654813105,0.9179632298112947,0.00993222768173891,0.015672074309910283,0.9759897131931742,0.01991794228547445
232,0.07891699489207553,0.2754259436797365,1.0250265076299399,5.481667105664368,0.13861439623828553,1.2745979031010455,0.038721084241534046
233,2.3355214903419754,1.0018737869158725,0.6284666908008456,0.6896616717795364,0.06675255378482989,2.1075191097419252,3.588757984542169
234,0.0069477640272268895,0.0011387780154142498,0.9110131285640842,0.015835680899778864,0.010708534126326432,0.3161169930472034,0.030766896647143837
235,0.01067304553352431,0.0017486024904582985,0.9358784447480739,0.015875353695039923,0.007035864857587129,1.270976178709235,0.032220966710998736
236,0.009863224512919929,0.0035558257858806677,0.7526631122304187,3.460154129160251,0.006368725367759741,0.8520021287944557,3.6692983162596438
237,0.009430017680903978,0.0018649005066147452,0.5626269934184944,0.016027687606422564,0.004397932330083256,0.503786811149913,0.013459106714207114
238,0.008018175346328897,0.005003153631496231,0.7463176435647044,0.018913448489574738,0.0050548040116968965,0.6867817340082578,0.030995655801934086
239,0.009446817972106671,0.001285267546101872,0.6692335489883772,0.014197733860629653,0.0062367534520802025,1.1051376731621279,3.2830352570117043
240,0.009430017680903978,0.0017175731010625238,0.7195231319304057,0.016027687604147967,0.009690099742497937,0.7639659320930989,0.034047018422765425
241,0.05081702762056002,0.17109204981326648,0.8125733856306679,0.09754142121204268,0.03095049754560465,1.1686781046424166,0.03412055531226072
242,0.006012989789561848,0.0038549121530999353,1.0589692159719177,0.013089989526532501,0.007521677109871252,1.7366572675692795,3.9741745885426374
243,0.015923027760705654,0.008384292576422583,0.7838392508234288,0.01832488840525611,0.008485501804138002,2.060650877689976,0.046704100505655384
244,0.006012989789561848,0.003311278295731784,0.9487486239586973,0.01283559227321467,0.002972010760266488,1.0171102279469724,0.03820378122445932
245,0.008018175346328897,0.004783605680125354,0.5235948296951142,0.018913345127183297,0.003855964219397489,0.7889030339411952,0.018884302924265302
246,0.009157281635124956,0.016593097041857668,0.5448450484487178,0.018395013321609945,0.004991465308977241,0.508676408986453,0.03234713789011636
247,0.011177177482344343,0.0037176147986606443,0.9350835315482453,0.02114046010272132,0.0103858188468705,0.758296014120241,0.027854411459551802
248,0.01067304553352431,0.0015984547326332475,0.7358424262504961,0.015880018021917904,0.0035515685474642625,0.23702338556247915,3.481816212167419
249,0.01067304553352431,0.0016145596434822163,0.8584621366216447,0.015875460773997836,0.005091584038742204,1.1287661909649052,3.566222508205055
250,0.009065171089592159,0.0015875501945940727,1.0167399741488248,0.01156505844558646,0.008986280014762045,0.8581035204793148,0.031993524087398924
251,0.009065171089592159,0.0015949141534699197,0.8863125390118959,0.009917003294865152,0.01688994482752382,0.7859133741033687,0.031373515142658515
252,0.00794012509887992,0.006283427309082119,1.0026600518576096,0.013738050769865342,0.004301381051942799,0.5378724598183228,0.02098352334444512
253,0.0069477640272268895,0.0010951670285171268,1.0255369430806829,0.015835680891109826,0.008601702974082956,0.7107964015036995,3.4654806298420415
254,0.016574706784798127,0.009669023168987734,1.307735793062798,2.3503288878262207,0.016017274282521785,2.4177823725341265,0.03443385077451179
255,0.009446817972106671,0.0013273801534931092,0.5929121929450681,0.014197733860629653,0.004796307295134449,0.6515256412026099,0.0440314793061844
256,0.00794012509887992,0.0062577181923293085,1.2033616726211342,0.013741905855563561,0.006009791271143148,1.3416065287082113,3.2959675338193457
257,0.00794012509887992,0.006250471885655809,0.9965660874584626,0.013738050769861964,0.0044890760426203515,0.7590365501723052,0.0218763630119224
258,0.007301920426342251,0.0053194148042887916,0.7792206942804843,0.012345674392292637,0.11308143204366386,1.0948834243089682,0.04547833448047427
259,0.009065171089592159,0.0015632549200742505,1.0855376683193663,0.009917254383860496,0.009517244709547274,1.4588006665509867,0.029430951522230603
260,0.006400373644683982,0.06668710761857363,0.7249795950678388,0.015616506382250886,0.00213600658487599,0.7857111526020173,0.02065701285858664
261,0.00794012509887992,0.006221638523504172,1.1315830623096832,0.01721056186812605,0.007061135031083836,1.8794913132615494,0.03512510923978241
262,0.00794012509887992,0.006257723738980255,1.0382484160343015,0.013738052395125915,0.003833883663760187,0.6794252482758931,0.03154335137264448
263,0.009387135606255415,0.006145626544881786,0.6335326067709665,0.0183151312242454,0.0039057619749803298,0.41050081183411535,0.04170318104414453
264,0.009182821063748976,0.3732206523356546,0.6497384835909769,0.020697681500492383,0.004426022527475599,0.6336626179571335,2.662943666679072
265,0.008018175346328897,0.005337845087058052,1.1906731772306465,0.028871020986961003,0.01669831121757308,1.5462060409568783,3.39898802495255
266,0.009157281635124956,0.14126880096916933,0.6699299839491393,0.02179874261667298,0.0034453888606920248,0.7648320863186505,0.033559033340232386
267,0.008436805871674172,0.056057639841960875,0.5870473254667093,0.018839479408201767,0.013881197119927944,0.34568076943711995,3.2569291286410995
268,0.0069477640272268895,0.001152436923833814,0.9540710111309781,0.015835681219445216,0.0029619143078091336,0.7058510801324357,0.03387290512283486
269,0.009573680368936471,0.004524671285948768,0.5542244779740421,0.016027687604148192,0.0060405788049600504,0.34071449220468797,0.01019407833956854
270,0.009446817972106671,0.0012998353886874967,0.6187782572802623,0.01419773386071535,0.00389247724221729,1.1771515904875793,0.041546884188546455
271,0.006465854470068727,0.006829778203972168,0.7555759654743959,0.015838585007200156,0.032329334234794824,1.1829418439866881,0.04278456544961184
272,0.008018175346328897,0.006057665179936538,0.6318112865522226,0.01891342837100353,0.0052016859567213195,0.3555585028534443,3.485937858360174
273,0.009430017680903978,0.0013749491951501787,0.6127328964205723,0.016027687604148643,0.0037851648772150794,0.4919925080947206,0.0815802639058867
274,0.008018175346328897,0.025851074280787992,0.7785873375753437,0.019615367547883598,0.007685133344807469,1.178324790722228,0.022287782230297187
275,0.009387135606255415,0.006164968105944774,0.6388338948645912,0.018326048473164797,0.005938120625464608,0.3206576609224536,0.04386295704877065
276,0.009446817972106671,0.0019337719665508857,0.7742675092287437,0.014197733862872841,0.0065278857672479125,0.823177598822329,0.03663694957750754
277,0.007749040793032158,0.10308980193282799,0.595221208541447,0.019055615799686315,0.04006729852102973,0.7155372017413048,11.019935268758708
278,0.009446817972106671,0.0009344050826197002,0.7177722825788531,0.014197733860629766,0.004570289603939457,0.3606940892509476,0.012599790152027831
279,0.012153905238929891,0.0023700115837719158,0.8205398421704275,0.016028256365852964,0.02398129801438438,1.1506399641001421,0.017397777322481434
280,0.009157281635124956,0.042530185596978624,0.6258484576196665,0.01839501332134024,0.0052499171235015915,0.5774518991851963,0.034668401314330126
281,0.009541051765515802,0.005649080170288231,0.5614836647659164,0.018359015992987397,0.004260720252897857,0.19408863811727617,0.020471320447725087
282,0.027177414788949576,0.023021198527972592,1.1887641364429018,0.01602835717059565,0.005597239852216087,1.1007145758230465,0.013855014761055249
283,0.009387135606255415,0.0056730387920676684,0.5897834601814552,0.018315131224181287,0.003376651003833341,0.709670176988374,0.015625748014171353
284,0.009446817972106671,0.0026946836870641666,0.5692120541675714,0.014197733860629653,0.003663704113864903,0.4152398777701821,0.008906137281594994
285,0.013305410516303729,0.001957178341432866,0.5719395997534802,0.016027687606307604,0.0036159778238796904,1.4184457430335773,3.744534674295798
286,0.006400373644683982,0.03051610145801582,0.7591816237780301,0.015616506382250886,0.0019393125413605362,0.499343706971949,0.023691495272256495
287,0.009387135606255415,0.006164968105944774,0.746377586272007,5.149484983669976,0.00396868258976513,0.3346900054689008,3.4876273015074264
288,0.009446817972106671,0.001571800267244496,0.7423229756887114,0.014197734478972263,0.011571626924946564,0.7757476080860335,0.033401156651305296
289,0.009446817972106671,0.0013521078166086977,0.6029788266357115,0.014197733860629766,0.0034017953472759706,0.19937485360595972,0.021428233470943074
290,0.01067304553352431,0.0017247373585936592,0.520290202687087,0.01587535088586366,0.004078290680378971,0.47014462623477365,0.03495835524921384
291,0.009446817972106671,0.0018079640873320106,0.5698250883507313,0.014197733860629766,0.0035172036865614236,0.6826394048242204,0.008812007137988144
292,0.007749040793032158,0.08388388852023346,0.618646930657979,0.019094144614791426,0.006402732538696372,0.4798413077553034,3.1954869903213154
293,0.009430017680903978,0.0018276023083514657,0.5958899895008708,0.016027687604153268,0.003456691559488679,0.9169875598056263,0.014926379290576703
294,0.009430017680903978,0.0013643903420393168,0.5668015631255497,0.016027689630603914,0.003487879567728619,0.6707291359810781,0.016018088599128785
295,0.007301920426342251,0.005615825324158756,0.8267071770641339,0.012345677122677578,0.006233572048620389,0.6024310083951631,0.05039095588018178
296,0.013453788627436907,0.001983193296189316,0.5832397490477073,0.015875350885909908,0.008810596056241213,0.3891674297950437,0.06002340666706527
297,0.009387135606255415,0.005664661526395644,0.7250447343755834,0.018315131224391264,0.003969078003697545,0.24500043038662045,0.041032434695755855
298,0.006012989789561848,0.003317361516540357,1.1412197160795279,0.012849621942399215,0.004283349590179183,1.5554902392406456,4.023456212128051
299,0.30713167070284325,0.2802234818675204,0.8392942016485196,0.22628870056489406,0.051356893138326955,0.8716310412706497,3.6640903401811604
300,0.0069477640272268895,0.0011454953500607658,0.9913326419529578,0.015838918925168647,0.006753966214501881,0.6196133237067076,0.03876500752269376
301,0.009863224512919929,0.013165206207359354,0.7119522626863073,0.016036311075726842,0.003512990015496042,0.6369516596323674,0.015485710792471023
302,0.05684757679715569,0.5892692878398454,1.2086665529010454,0.015875792676801524,0.07177674862024927,0.6733455877360651,0.0873788658884918
303,0.008436805871674172,0.1264079308908337,0.6195625876618929,0.018839467825801533,0.007051950214805716,0.4117118768323679,0.03932768290918666
304,0.009573680368936471,0.003347030439567529,0.8026002656485347,0.01602768760422073,0.006283959618657541,0.41727700953814,0.08638798353317359
305,0.009065171089592159,0.0017351816075418837,1.0737104171311518,0.009917003295991149,0.00527882606103099,0.7937185613381746,0.027219853911212906
306,0.008767707238410076,0.4342881766542804,0.49241670510385493,0.015114402361015676,0.004100549541916724,0.337570799663696,0.024133297630853288
307,0.2846482433468359,0.18630842975597026,0.8578138072459726,0.016097960791722644,0.5628651540903247,1.485874969453754,3.7113232929284865
308,0.010204643801414788,0.03037319590010889,1.2595635967897951,0.014210119026610705,0.010591364965782708,1.553365484067855,0.05549852204002402
309,0.008018175346328897,0.006301861491282013,0.6802221237545167,0.01891345997805534,0.00602633804430432,0.19646446564385942,0.01859974615397011
310,0.013453788627436907,0.001983193296189316,0.5832397490477073,0.015875350885909908,0.008810596056241213,0.3891674297950437,0.06002340666706527
311,0.007749040793032158,0.0558045911755524,0.576768706873391,0.018686070614780687,0.0024277766606382997,0.4732029783895809,0.033743549657794004
312,0.008018175346328897,0.004426770503612059,0.612996630876339,0.018913345127458795,0.0030017992130096567,0.38954563308589385,0.026032104926911197
313,0.010098107728773911,0.001421494922129742,0.669974296144723,0.016027687604148078,0.00461275829440412,0.15351821855493028,0.009154031900391527
314,0.011824860098699607,0.001785355025485687,0.7067786855710864,0.015889418721721033,0.003869440709990952,0.8981088513828454,0.07546053245884092
315,0.009387135606255415,0.006152239382072646,0.7153316790008257,0.01831513122417122,0.006396283656363069,0.2089497020693694,3.4792846630121583
316,6.572318357283787,10.073121520153128,0.7789890766619192,0.8933536101178976,0.5176738402378467,0.5407455074596599,0.019467447084742986
317,0.009387135606255415,0.03591714517578974,0.686850939824155,0.018316941902705088,0.006568424094024225,0.9162403265840141,0.04515027492765489
318,0.009430017680903978,0.0034761818662984883,0.6530404832435417,0.016027687604147967,0.00535023073740514,0.3711846264734882,0.023110655667688763
319,0.7001551080600587,0.6422687036999319,1.2535801941586464,5.2267503484542654,0.03623643014009035,1.1970418070203142,0.0584146705958461
320,0.0069477640272268895,0.0011312172186223888,1.0224446958442854,0.01583568237511137,0.005173405069500626,1.262477166477894,0.0388742027458925
321,0.008018175346328897,0.004879659050482426,0.7342439906054211,0.018962432462268874,0.004984273513195738,1.8964908288923652,0.021130474061034278
322,0.011013722088694314,0.0016097170063821599,0.6995416272064817,0.015875979071175838,0.005239397140251271,1.1756443533393686,0.02984103027135774
323,0.009157281635124956,0.013128690534374486,0.5471862470869836,0.018395013321311746,0.007094293408854302,0.5084313556004512,0.03162670672782095
324,0.009446817972106671,0.0014563640189064336,0.6122686411297712,0.014197733860734267,0.004786029988469571,0.6064479268831806,0.0394574663667376
325,0.00794012509887992,0.006221638523504172,0.9650692390508403,0.013738050771814846,0.003255787381952976,0.7219465752903391,0.029199773253695858
326,0.009430017680903978,0.0020855801470037703,0.7729500070546036,1.948268233986512,0.005938440812274233,0.6633884604016496,0.01556741436559188
327,0.009387135606255415,0.005642897443290488,1.0502658479498361,0.05903866104309124,0.00839072008263799,0.6032129630515796,0.06629369808808598
328,0.00794012509887992,0.006209052832907488,0.9838653694585321,0.013738052625934992,0.00832492507524877,1.170802261065248,3.687895703520416
329,0.009738948900723094,0.001475187357636252,0.7566488311602912,0.014203751582231403,0.023968113682643444,1.302899336674638,3.468879936618607
330,0.027082675118497587,0.2082079748481377,0.9542998086093873,1.1025675042295506,0.5122848725581594,2.637370401792861,0.48486105986653394
331,0.009182821063748976,0.1392970278603975,0.543134160841507,0.020694765233728315,0.002511215863831457,0.4251771622733032,0.028727903920716176
332,0.28909261406888753,0.7960844565348192,1.235718598975104,5.750690262363067,0.9732900620503728,1.4715497419698913,3.4022468943886506
333,0.009387135606255415,0.006188356718427816,0.5635576607386147,0.018315131297739252,0.012545023531865443,1.5449085440138468,0.04927768624748237
334,0.008018175346328897,0.006001488379429816,1.2443570714901095,0.018932021173173903,0.01265807454863143,0.47451619065376055,3.519236351965354
335,0.0076640081651896865,0.002106726206030202,0.9826512499741042,0.01344726221275802,0.009728290971037097,0.8262312830133592,0.019363964977169443
336,0.008436805871674172,0.09873343256568023,0.6535384487503916,0.018839478927597682,0.002913501843891969,0.6923193639451779,0.03979170090710419
337,0.009430017680903978,0.001759643029209224,0.5780571539614474,0.016027687604153944,0.0033282412638259095,0.8046480440443938,0.01454521393206383
338,0.009387135606255415,0.005805902547892623,0.6213627142025409,0.018335751922580766,0.008949612340269458,0.5792451835063164,3.459513058611796
339,0.00794012509887992,0.006151291349098861,0.9602342334905166,0.01373805076988504,0.02485829871598182,0.8668575353110981,0.029117030295362663
340,0.008436805871674172,0.05981659034136015,0.5859710108737294,0.018846650645486726,0.0029850951611795303,0.7525043719131758,0.03523570791833278
341,0.009446817972106671,0.0013313745363329051,0.5990136876392352,0.014197733860737983,0.0033250104213486983,0.35369770909753084,0.04326873443544589
342,0.009446817972106671,0.0011778044213882136,1.1483931695512284,0.014197733860699922,0.003552174918575583,0.25401325984343937,0.026537600883480474
343,0.007301920426342251,0.0055434598294109875,0.7185553978329028,0.012345674392292637,0.006200872053826992,0.6346753063255823,0.052079661063672816
344,0.009387135606255415,0.03592135673176005,0.6577854125514233,0.018315142133513616,0.006900757177766634,0.20516119263752478,0.04504447681363272
345,1.7580531630374396,2.672217201787181,0.6995007529660847,7.6427240445502145,3.035596434877499,0.610563741761054,0.7964128546779221
346,0.060969326351273806,0.18845517929543384,1.2514855260663416,0.022572846159501517,0.019749124939637902,1.0078497764251864,0.03766950554815558
347,0.01067304553352431,0.0016027250673527752,0.772004502712681,0.015875354886193335,0.005024080050487927,0.44680508375762573,0.06936354149547472
348,0.964334114029614,0.7248668834046708,0.9383534574106859,3.2010346035655606,0.4538010284789214,0.9306273773301083,0.028827880517449264
349,0.009446817972106671,0.0029631363284069387,0.7361166743847541,0.014256424839978878,0.012073710147026125,1.1732928078479787,0.0407060591394218
350,0.006400373644683982,0.028386093740921062,0.8041805891506263,0.015616506382251111,0.0022725978910411527,0.6364744088191997,0.024714528243097392
351,0.008018175346328897,0.03330685189334427,0.573152946413959,0.01891337317014287,0.00490561168835379,0.55134057986132,0.017768711339088028
352,0.01067304553352431,0.0032825338632266757,0.5947462878204782,0.01587535088609061,0.009091815664103579,0.27928394264377127,0.04182371628542882
353,0.015763236509965087,0.0030025916086772577,0.5718001672579412,0.015875350885879453,0.004476820152361155,0.34093699524983423,3.564884203513716
354,0.012619648926022553,0.006742041971829239,0.8864728194413609,0.018318428863125503,0.005054260002038583,1.3850146970039208,0.018733325626157364
355,0.00964074849231215,0.006847156291627038,0.696813362504521,0.016027687658059946,0.004829993254185431,0.6017059859635647,0.01611773109566478
356,0.0069477640272268895,0.0011387920508922139,0.9832468570475339,0.015836018141896602,0.00849592076116379,0.9868715956041368,0.034918257940603915
357,0.009277898413462549,0.005904511943611038,0.6140288769978164,0.020898024654431618,0.005545824211547475,0.5718677600913418,0.03242313954850203
358,0.009387135606255415,0.007588245347215584,1.2172560869069045,0.018503364637435165,0.0046678472318546545,1.1333537861654808,0.05176417870800969
359,0.007301920426342251,0.0055524508765963125,0.637074527276873,0.012345674392294436,0.0073696953511722,0.7811349485597061,0.04027995236365231
360,0.01067304553352431,0.0018439119475194205,0.8338844914605064,0.015875371021347503,0.022949709241536068,0.92948120675662,0.04038307577827309
361,0.008018175346328897,0.004553983023679732,0.5299806570753826,0.01891334515276031,0.0028642518418114486,0.34448719461286864,0.01324559980750752
362,0.006465854470068727,0.006660572440613628,0.6816460972916071,0.015838585007200156,0.004293850969797211,0.5085222552269427,0.03999320073414288
363,0.006012989789561848,0.0040828878584946784,0.9083702111168174,0.01283580671728416,0.0041297219585542605,0.7926335563714446,0.024034732271455292
364,0.011290142324113354,0.05992031329702168,0.7290446901222583,0.05099789190484379,0.05853904945700122,0.9065757608918918,3.5259437440500023
365,0.00794012509887992,0.006290711701643339,1.0905433880049262,0.023798914149028415,0.0033621150599642273,0.9502179984791569,2.9957848592947536
366,0.009430017680903978,0.0013634195991716642,0.7168643746405985,0.016027687604153042,0.006097279490639758,0.618413913873731,0.014052416445026179
367,0.0076640081651896865,0.0010558097220509082,1.0527743097424362,0.01344709872503099,0.003868903791107405,1.0223381379154532,0.024181795169134695
368,0.009065171089592159,0.0017386534577380989,1.0374125539946604,0.00991703123522839,0.008552735461925592,0.7147072597612273,0.029365043231876983
369,0.00794012509887992,0.006290717277446932,0.9695745430797678,0.013741852837737012,0.0039966359483844804,0.9301398127395117,0.03385095447134313
370,0.006012989789561848,0.00383952419976788,0.9758687371489728,0.01283559234109759,0.03493585845916445,1.687785827572337,0.03161546521997464
371,0.014776484388834325,0.01452364058986565,1.1631214970144634,0.014213490690255395,0.006758517306809878,0.6635668851803225,0.07511124031425671
372,0.006012989789561848,0.003562857344464662,0.9606950928140352,0.012844951504877793,0.009806370919868872,0.6696592137836371,0.02367161619083184
373,0.009387135606255415,0.005864136842523326,0.6432183843570773,0.018315131224573428,0.0038299020200529966,0.28455159703271365,0.02850837503899637
374,0.008018175346328897,0.006005433393460379,0.7348773524033343,0.019150771110647117,0.011036697072295583,0.9634255087711513,3.7699186545267143
375,0.009387135606255415,0.00565564144109042,0.6551452388523409,0.01831513122421736,0.020359697556294312,0.703815633154947,0.05122500695462838
376,0.0069477640272268895,0.001113994579454433,1.0366451017680742,0.015835680891007974,0.003696496073759497,0.8431549635587873,0.028626402083843927
377,0.011013722088694314,0.001731766715576494,0.7999140084904166,0.015877830550033112,0.07993005463354742,0.877396514683571,3.7154941972855546
378,0.01067304553352431,0.003230106302049716,0.5114839639178086,0.015875350885854976,0.003612567926325618,0.286326628673606,0.02575180442848251
379,0.01067304553352431,0.0015952124432476859,0.6837668985783335,0.01587535088589175,0.0034545163330764596,0.28326203009550877,0.014724918648397308
380,0.041227143097212225,0.24798214520045764,0.8262681546413584,0.01930705647859844,0.010490733607814265,0.982842536375502,0.019517909726858313
381,0.00794012509887992,0.006237828897410445,0.9540555537135168,0.013738083900984554,0.003884823386092897,1.5999690865072824,0.029110502715281372
382,0.008018175346328897,0.00487663929514511,0.6881917607817618,0.01891378893526434,0.0035701305687547923,0.62325805774085,0.015788211390035622
383,0.011012662676553915,0.001738564410888662,0.5753999667662766,0.015875350885854976,0.03591645688233677,0.7370713434544325,0.03734096252162157
384,0.008130253819308538,0.12702758762126096,0.7072445037269726,0.015838585007200156,0.01996755074769961,0.9375297151641677,0.044017320796750026
385,0.008018175346328897,0.00758940234925545,0.7683375847253965,0.018962029200444357,0.008583777296795898,1.5209070637415594,3.830487158620555
386,0.010750674891922158,0.08567095900664683,1.2847514576902297,0.018315163282734363,0.004587521823942118,1.2053206825238822,3.3867801106755215
387,0.010425041947363416,0.007297186266186725,0.900871397775033,0.018315131233117333,0.008512416146703755,0.47349473048959617,0.04132806831710298
388,0.00692563492608134,0.012596127433473448,0.6705189742819023,0.013567754162501723,0.0021254079294949534,0.7612997962280706,0.04291201622996753
389,0.006400373644683982,0.03310047483886325,0.7168256409144033,0.015616506382250886,0.006031332056181405,0.6938475608766754,0.021098427146760794
390,0.009065171089592159,0.0017868845019667087,1.1248131774082364,0.010124916050816087,0.004626579337862851,0.9356397530873987,0.02253484940204768
391,0.008436805871674172,0.16801652142873558,0.5906464328478835,0.018839467828483822,0.0058173715696212035,0.4512647147089447,0.0391268156478684
392,0.009277898413462549,0.0056110144546718185,0.5854080715141741,0.020858836337251135,0.003310876156604905,0.4874831034865346,0.032950689708429855
393,0.008018175346328897,0.005101540996265581,0.5419498197636534,0.01891334528469247,0.005688600092229786,0.24655396784390288,0.017150728815203152
394,0.006012989789561848,0.003568443596132298,1.0771832473992067,0.012835603850923734,0.008336990598154789,1.2463211590775911,0.0228953679566032
395,0.009446817972106671,0.0015447235154073175,0.7628906043321075,0.014199880437780565,0.005383284210551331,0.5958969787973252,0.036170041986854584
396,0.009182821063748976,0.07843864735107771,0.6152115742446337,0.020694765345626663,0.005121072700999363,0.6380050866184355,0.030182192364674527
397,0.01673188288802654,0.004077658306579802,0.8874995824528416,0.01592250307523709,0.13938235642405497,0.9683842328024627,3.7898469883982364
398,0.009541051765515802,0.005661780041354153,0.5661180251575345,0.01831513122416591,0.00519379516038423,0.47595642571085495,0.040843237125302266
399,0.009484472220210021,0.003373150098427761,0.6072783752450545,0.015838585007200156,0.007096158312892052,0.328580030493464,0.04057499655243862
400,0.009446817972106671,0.0011681131775725798,0.5133310308530479,0.014197733860629991,0.007131616921395617,0.40255408598913855,0.036496927496102005
401,0.006012989789561848,0.003515083210733777,1.0794418390232157,0.01712918331901994,0.003951315085020678,1.1816837898731172,0.030902703396099917
402,0.009446817972106671,0.004211946900275097,0.727357336289899,0.015042039010995571,0.0028907781579143857,0.5525107290533491,0.04100738014580016
403,0.009065171089592159,0.001599117633763066,0.9319852704811523,0.009940235275652387,0.040335272654869664,0.8829843917337855,0.03017364665864906
404,0.030869959812917982,0.08847315514714066,0.523409484958345,7.816371017580337,0.17084196445918293,0.37993594710698714,14.033220914831166
405,0.01067304553352431,0.0017432062046411245,0.6152197989701488,0.015875350885855087,0.0036063053720996174,0.828442269382797,0.03582242463416111
406,0.006012989789561848,0.0037964491472844476,1.022929025821491,0.012835592242868165,0.01719174186065492,1.9515347867367288,4.352854536751395
407,0.009387135606255415,0.005655583584483248,0.5567931695073742,0.01831513122416591,0.004945323012461281,0.46051754774011805,0.043131570716786916
408,0.009065171089592159,0.0016581729214810886,0.8591430624511216,0.00991700329535067,0.10048022426861376,1.0586564116327333,0.02442714204431143
409,0.009446817972106671,0.0012007364284410782,0.7055284918186865,0.014197793525455506,0.006240824122330345,1.2096351704779524,0.038135428231303115
410,0.014135658044119691,0.0017178978536835346,0.7947555755413341,0.01587535088585689,0.02308543043191758,1.9662154752584513,0.037286880474040676
411,0.008018175346328897,0.004275854507222642,1.1323025244875449,0.018913345190957193,0.002797349705826957,0.28099841901480804,0.01961404588666624
412,0.006012989789561848,0.004461658524468955,0.974855419441793,0.015557845905274712,0.06965218774935229,1.7350378938628348,4.107894623582783
413,0.011810129599314845,0.005770981365659025,0.7606694172530635,4.693118426001276,0.21974356591742708,0.9513633949429691,0.01793036710623622
414,0.009065171089592159,0.0017387807532701657,1.1010674960780789,0.009917003294871432,0.004093983637549163,0.9874087609951365,0.024427027138300618
415,0.007301920426342251,0.005615825324158756,0.6982539564002856,0.012345674392292637,0.004542673669471796,0.7048614635560653,0.04350680327335381
416,0.012092953942481482,0.014425531535128655,0.8737211132383399,0.015480301890445658,0.009886076928951243,1.1437961791421618,3.3309403917963296
417,0.0069477640272268895,0.0011298174999602201,1.0629352797854292,0.015836776350308696,0.003047274117615866,1.780642866280459,0.038906335949307695
418,0.0076640081651896865,0.0016421187558022677,0.8708464320508883,0.013447098724211355,0.004259351446601325,0.8276642533335783,0.024693185068179406
419,0.01562555576363487,0.07218735831276728,0.8951816930557153,0.01561656586012137,0.10824659662145998,1.9560202440125476,10.631556767346083
420,0.006400373644683982,0.02339045665126927,0.6822171156275973,0.015616506382250886,0.0017497832590898346,0.46522439531867094,0.022696847872215178
421,0.007749040793032158,0.018499657926602076,0.5176845865447317,0.01866864058332045,0.0023590050728069384,0.4279826855599575,0.035377801226750716
422,0.009182821063748976,0.0044656565331179145,0.5167976545466564,0.02069479737155953,0.002787456177873206,0.47366952361431325,0.02981592796082118
423,0.009387135606255415,0.01995172933785652,1.2119140079546002,0.019034915325214775,0.0033149635425396167,0.5810548458808142,0.04051561581689723
424,0.00794012509887992,0.006221638523504172,1.0214292093979498,0.013738050769916892,0.0032885746555554093,1.1174449022130064,0.017055853380479796
425,0.0069477640272268895,0.0011293242033594169,1.2041210635055453,1.8995707940939406,0.2347793975840689,1.056684755415995,3.375189812245287
426,0.01067304553352431,0.0017825011538963877,0.59649136121585,0.01587535092456022,0.005931877009107063,0.7560205699161032,0.035050323808872
427,0.009387135606255415,0.006145626544881786,0.5560737181009325,0.018315131307191937,0.004531339750888333,0.5814352044959236,0.04194680938708262
428,0.009446817972106671,0.0013993789442497606,0.655158040337086,0.014197733860642603,0.0036192491497562445,0.17680061039551923,0.016311593128256814
429,0.008018175346328897,0.005149529869609047,0.6766449923136754,0.01901063640567939,0.009279931932450552,0.6310812434691466,0.02000125195569097
430,0.009446817972106671,0.00123051815448759,0.5856192128391501,0.014197733860661296,0.012160286834811239,0.7449418368790575,0.04028045389810236
431,0.006400373644683982,0.07367456666377185,0.8905396553787385,0.015616506879898347,0.020639224392530242,1.247798066890846,0.0233421197472499
432,0.01067304553352431,0.003340112889480571,0.6126105546582732,0.015875350885854976,0.0035515685474642625,0.27357619327267624,0.05170745477907672
433,0.009446817972106671,0.001190737764104215,0.5453071671815497,0.014197733860630217,0.004562040441619183,0.1333478779068045,0.031044763702048325
434,0.01067304553352431,0.001766964093951413,0.6627743828056268,0.015875350885854976,0.003172900340500574,0.6062183103758175,0.03429124509646525
435,0.008018175346328897,0.01248953915427316,0.7546672410989981,0.02273136543610048,0.004630850949048348,0.25033343527069213,0.011056821332207213
436,0.0069477640272268895,0.0012060071476892016,1.0265949824681406,0.01583587480112828,0.004618760520959146,0.5933298187896014,0.01700120864398049
437,0.01067304553352431,0.0019004658165808876,0.6878800751788886,0.01587535088585723,0.004188307147705987,0.2750404864463788,3.5339692827362885
438,0.009446817972106671,0.0014921589308564624,0.6520398967475869,0.014197733860680102,0.005633878770717348,1.1221438748858217,0.03937811679997923
439,0.009446817972106671,0.0014452526236278394,0.769638145428094,0.014197752250757222,0.003790530140456511,0.25032202100589007,0.033824523001927904
440,0.009430017680903978,0.0016551452877533656,0.7652548903375298,0.016028026560005154,0.004888498097223016,0.66860067628981,0.01722190263763447
441,0.009387135606255415,0.006173106056249112,0.6916299012737462,0.018320999531004394,0.006212408553499047,0.29689516267439237,0.04594965380199045
442,0.009430017680903978,0.001697966112721248,0.6101531372269796,0.016027687604282557,0.004280692024766975,0.47728406184662064,0.03968464558883112
443,0.01067304553352431,0.0017337548675121152,0.5851851680213108,0.015875350885854976,0.006658455966194101,1.1079862685743784,0.04298894528212983
444,0.009277898413462549,0.005692154497256671,0.5645006744760985,0.020981486014634447,0.0028314625587610603,0.5004511151192804,0.032867092627348105
445,0.01067304553352431,0.001726790919940328,0.5177575835267871,0.01587535092482045,0.005051353259307381,1.1139502416407017,0.0417767325063351
446,0.008018175346328897,0.004162539478663612,0.9156880818317588,0.018913351286754244,0.005866559103383855,0.1735195730656477,0.031500836322077265
447,0.009430017680903978,0.00415509799426527,0.8555076541987885,0.016035082430277545,0.004361982016523891,0.6779019413566946,3.533635136221927
448,0.0076640081651896865,0.002694955493530968,0.9883213299084542,0.013447098724211355,0.003957398585978634,1.3443785960744696,0.02568176540809426
449,0.8513053039237555,1.2017552826684275,1.3298750823601746,0.013567754162501723,0.9260698522542785,1.6169842225518023,0.04007564385453381
450,0.009446817972106671,0.0016290572968793444,0.7700910910670086,0.014255051477912367,0.008041951608556459,0.8564451683786288,0.022647640330716808
451,0.009446817972106671,0.00467683007352395,0.7726185273223801,0.014267322831609251,0.003729511084919749,0.3346954529986894,0.03490195413152922
452,0.01067304553352431,0.0017205541074599132,0.5321989156997865,0.01587535088777143,0.003172900340500574,0.7781928335073133,0.03773734248071456
453,0.009430017680903978,0.001532567752073323,0.5818701132156905,0.016027687604147967,0.004212583068538039,0.3106403482608466,0.013581146838310403
454,0.01158692711266249,0.02848833260249972,1.2459011578847878,0.01933324488407783,0.019029521621501462,0.7852813124203242,3.490901510975133
455,0.01067304553352431,0.0015933253376842285,0.7826680098954721,0.01587535238123848,0.004760602774250064,0.4898313602253001,0.023260984485524296
456,0.008018175346328897,0.0049774574148451324,1.1731186397039246,0.01891348580866933,0.00418258335815059,0.34722310517865834,0.03744885746086634
457,0.011810129599314845,0.001578033193655634,0.744069432039151,0.016027687811476263,0.0959985055341274,1.3700616739124458,0.015361151298845828
458,0.009387135606255415,0.005680529223087128,0.7328430415057375,0.018315131311608057,0.0036633039612016106,0.2681265583201315,0.016183201136090668
459,0.009430017680903978,0.0015874750541122855,0.5324721634664076,0.016027687604147967,0.0030967011427943955,0.3658803367266727,0.020747351467392643
460,0.009065171089592159,0.001744163834885764,0.9976160982772024,0.00991718876734197,0.006329736369362831,0.7199805883753905,0.027152194766094866
461,0.008018175346328897,0.004898510741923589,0.566542368691653,0.018913345133906537,0.002797349705826957,0.7548932883204362,0.008984729539218412
462,0.006400373644683982,0.02227122934342775,0.6761026073199987,0.015616506382250886,0.0025423170552726863,0.33415802219279955,0.022227626641796082
463,0.0076640081651896865,0.0010473242155119994,0.9888119685326568,0.013447101023402375,0.013592461935445816,0.9193520821833746,0.03643916762370585
464,0.009387135606255415,0.006003475048106392,0.559051347466648,0.01831513122416602,0.004102385135089788,0.5158554188647972,0.038650035606958615
465,0.008018175346328897,0.010908826158830782,0.5939914781737169,0.018913367685179355,0.0053740754538910765,0.11828848026828337,0.009125599277655405
466,0.009387135606255415,0.0056730387920676684,0.6868495489060411,0.018315131229171486,0.0035405577889852306,0.621330421267744,0.03641559797598032
467,0.009446817972106671,0.016432381204911854,0.820183364404414,0.0208335614103248,0.003045288698405599,0.7748769846808418,0.03304534185187264
468,0.01067304553352431,0.002748585245829167,0.8307958061396638,0.015877211361084113,0.003371910448529538,0.9649704482229715,0.033659091881229855
469,0.007749040793032158,0.011406747274406277,0.5232709080607835,0.018668638916470193,0.0031218021691686994,0.42120879184013404,0.03343415196369761
470,0.009182821063748976,0.07046738684068116,0.544311854407879,0.0207118634291561,0.0025228624541127186,0.2888351112734835,0.03165955666443342
471,0.008018175346328897,0.004694792541002235,0.5632056486378741,0.01891334514047851,0.0035940093328894053,0.2823219444639473,0.014120076172279191
472,0.006465854470068727,0.0159832760450974,0.72380036880665,0.015838585007200156,0.0035954222013530562,0.8342189182015766,0.04371777568203441
473,0.1847542751357181,0.005219600339785337,0.8924581157755448,0.013107630424703441,0.21653735135820895,2.0699449192029173,0.030372095454992372
474,0.009430017680903978,0.001762771714387698,1.1228163689562665,0.01602768760684754,0.004489217153680715,0.7020644725232168,0.014519629384293081
475,0.008018175346328897,0.004229618365511398,0.8672274356261098,0.018913345127321554,0.0033523492733206614,0.34557672215169966,0.002809823446661186
476,0.0069477640272268895,0.0012407838812849325,1.1435595754806174,0.015836361728652375,0.03228553975270156,0.9230612456396988,3.568361286588032
477,0.006012989789561848,0.004087314456449365,0.90035143532918,0.012915630576349216,0.016451074116292225,0.8852604567439889,4.280133450849775
478,0.009446817972106671,0.0012866845953880151,0.6264799824299715,0.014197733860629653,0.003133407843024963,0.38380424982374656,0.00889623380484791
479,0.009430017680903978,0.0015874750541122855,0.6133127683783035,0.016027687816741274,0.0030967011427943955,0.41405341219098213,0.009453023762880215
480,0.010425041947363416,0.00923605781205037,1.0766088892501553,0.018315132962718673,0.00840485981438552,0.5162161346493354,0.06656061740496734
481,0.009387135606255415,0.005680529223087128,0.6470474372389562,0.01831513122570112,0.004686370234671886,0.30689017002455116,0.05934576394679976
482,0.009387135606255415,0.005638614275026471,0.5788003541263513,0.01831513122420017,0.10514206562525016,0.25444333195821217,0.05781830510070662
483,0.008018175346328897,0.004953354235516941,0.6061556720335285,0.01891334517437486,0.0032094244320886424,1.378594470729915,0.020760277104643506
484,0.0076640081651896865,0.009184432806175081,1.0327552468006784,0.013447098726112921,0.015556606021693188,1.4128733779236788,0.032871881478324816
485,0.009065171089592159,0.0016594799421726183,0.9367910197588637,0.01006715396047765,0.003507249671433171,1.091447800854684,0.005959281122440527
486,0.008018175346328897,0.005045789072513295,0.598071787469254,0.0189133618674746,0.003386502070502893,1.2171506580658034,0.019454097930451313
487,0.009430017680903978,0.004428805285966366,0.7852629790984783,0.016028477943862363,0.003487879567728619,0.6090495358041681,0.014871326069360409
488,0.00692563492608134,0.0034289032829651037,0.9608541656855738,0.021960524710625404,0.008776348111605861,0.8456685661960651,3.6119899858783424
489,0.009446817972106671,0.001395438712286899,0.8149042374249821,0.014197913192749299,0.0060932950097397085,1.1754626058933162,3.3177524244693664
490,0.01034609822947689,0.0021993368913590626,0.6559330407945284,0.016027687604328923,0.006086784106362626,0.7395228245842763,0.07970251955017478
491,0.00794012509887992,0.006245075295699174,0.9479673931134668,0.013738050769861964,0.004665988118327418,1.4982664711639027,0.03324680236590119
492,0.01397025129373671,0.06005272512822006,0.7367663028512924,0.5456164471401445,0.008673070889522629,0.5016715787845821,0.01895214714857838
493,0.0076640081651896865,0.0012451583322827826,0.9712642990724676,0.01344709872552295,0.005919749628694132,1.2740274587605842,0.012552361389917529
494,0.009430017680903978,0.0019244285096806542,0.6831513807079341,0.016027687604147967,0.003200246396307259,0.3051568779450939,0.015463700743086005
495,0.01067304553352431,0.0017860287155578428,0.8369547754737279,0.0158772660625554,0.0042718294463522,0.3215356375423881,3.478227068543614
496,1.341922279080569,0.06251605301481922,1.2545189156754042,0.032635706890549294,0.05778155709163988,1.6469893285843054,0.023138845071849476
497,0.008436805871674172,0.11128760040849134,0.5731879488367374,0.018865671254590474,0.002419866740274975,0.498444784012116,0.04123118054862597
498,0.338422034821761,0.022462795155330447,1.111214662513536,0.017104377517109578,0.015282299100121586,0.49895837789012626,0.07401164695547674
499,0.009333992125887603,8.235307213974993,0.5005743533871294,0.0215620346229851,0.003476941997023394,0.267401232486994,0.04355854759531918
500,0.01087922792431959,0.047617460804596924,0.5876026020924796,0.020728392235205628,0.008235085365263335,0.26719946081181023,0.04564976285578996
501,0.009333992125887603,0.12616832463890112,0.550189292474056,0.020979886403037176,0.0024070376763084995,0.2962523223672917,0.04518243728715528
502,0.01010164148077175,0.05897985061024555,0.5786320564373808,0.01990198253487454,0.002124828107463174,0.2981669818452068,0.038626337123956564
503,0.009333992125887603,0.12353267138275652,0.6644549339092511,0.020979886403037176,0.002523708458600241,0.3632859312205443,0.04728328547675144
504,0.011045796141028047,0.007899823027296407,0.5707904175658907,0.02037631948920142,0.0026582976508354355,0.22692657965134913,0.04035078310466108
505,0.011045796141028047,0.007899823027296407,0.5371872159990816,0.02037631948920142,0.0025408269897445337,0.2779396997976346,0.040663160308233956
506,0.01087922792431959,0.054866363346847385,0.4863431653045617,0.020728392235205628,0.002846904501509516,0.2713438324974655,0.04317517826872346
507,0.01010164148077175,0.05810635765643916,0.5446923366367212,0.01990198253487454,0.002124828107463174,0.24577085705018223,0.037860856671640936
508,0.009277898413462549,0.005692154497256671,0.5572182783475206,0.020858446904369648,0.00391452154594445,0.512262314293314,0.03260455462822873
509,0.009182821063748976,0.002880982719344703,0.5588935527984713,0.020696378651437395,0.002946882794385391,0.5103388775093363,0.030278884880067684
510,0.007749040793032158,0.016399501222332247,0.543012153623398,0.018696627712186782,0.006266272254821588,0.4926279913097761,0.0367308645741975
511,0.007749040793032158,0.014310022951093898,0.49758041450344953,0.018673447872215438,0.0038144657667457875,0.30265170664494345,0.035180627981829
512,0.007749040793032158,0.014310022951093898,0.49048245602161483,0.01866894357440035,0.004359349851793808,0.2986657426930165,0.03582058563827804
513,0.008436805871674172,0.05566113917804962,0.5262036661843268,0.01883946784328307,0.0025316584330763417,0.3556172964698762,0.04009988416698591
514,0.008436805871674172,0.07218456690870073,0.5696763673456179,0.018839493654530127,0.0023937136676649108,0.4576306282196227,0.037858915544846314
515,0.008436805871674172,0.023675086980187207,0.5728758179408012,0.018839467825812847,0.002522902766895649,0.4214097731404038,0.039246277721412814
516,0.008436805871674172,0.047091775005158584,0.5632263025348241,0.01884204090309004,0.0025316584330763417,0.4304070401720707,0.03641247667106436
517,0.008436805871674172,0.039231689667711137,0.6191123746545946,0.018839468273065554,0.0028551121767103928,0.5740325479994985,0.0365633376044446
518,0.009157281635124956,0.0016114354755964362,0.6157738595741646,0.01839586177333272,0.0035518416573370403,0.5824293097708733,0.03000656615618606
519,0.007749040793032158,0.04176925246823999,0.5794473315173142,0.018670729625418794,0.0030391657887397,0.581557945075404,0.03451987127153382
520,0.008436805871674172,0.08456049957452871,0.5660421729205682,0.018839467825801533,0.0032462140510460032,0.2826290811973001,0.03920818600726021
521,0.009277898413462549,0.006133460210220589,0.5203811801497616,0.02086035634134074,0.0028786023706071223,0.34443265211730756,0.033922732702185605
522,0.009277898413462549,0.006133460210220589,0.5305715294301457,0.020858474074292647,0.002779836143412441,0.3473335813044774,0.03404770795290845
523,0.009182821063748976,0.06064454117465502,0.5853743823004658,0.020694765312583765,0.002591664894262828,0.4535038955184531,0.030391101084112873
524,0.009182821063748976,0.07046832726254983,0.5527444434362611,0.02069477121422158,0.0024832179780367577,0.4417438517182174,0.027328653137301553
525,4.681310870579627,4.137556092688323,0.5859927083226211,0.028416640563137505,0.011057420579447514,0.5753599248375044,0.031120125715503474
526,0.009277898413462549,0.006133460210220589,0.5348486510882298,0.020860111202682094,0.0027468718868275434,0.4932026818118774,0.03147778518070346
527,0.009277898413462549,0.006133460210220589,0.532325756927528,0.020858485326924234,0.002741875151189981,0.4822963627493679,0.031072252553872356
528,0.009157281635124956,0.16981435552459806,0.5479435901678871,0.018395034043363716,0.002867223836932512,0.4847440235893235,0.030701366263055134
529,0.007749040793032158,0.003717944361384936,0.5386223181122677,0.018668638744067663,0.002408627175500827,0.5641294127534249,0.031051329848077965
530,0.009182821063748976,0.014699930074308021,0.5403634071052386,0.0206947652337282,0.0029024936536651406,0.5051056091445214,0.027316418013610753
531,0.007749040793032158,0.018001172398837424,0.6371677682056988,0.01866864279339258,0.0024821464090447752,0.6923101010773479,0.029914023985258945
532,0.009182821063748976,0.0334614851774449,0.5325714551279017,0.17695754637967523,0.00589623761652195,0.4759585544112472,0.03263298529204786
533,1.5402416644772619,2.869369808099464,0.5511292636380251,0.01895761918430679,0.009757689555961195,0.3958395844939767,0.040035768691033584
534,0.007749040793032158,0.02291756245506034,0.533748530291449,0.018668640625617548,0.004716614210097003,0.4621001970292788,0.038591716653240606
535,0.009277898413462549,0.005603478691883708,0.5404811006916383,0.020858445807440954,0.003234899048543758,0.39260910346152555,0.03547996390169198
536,0.007749040793032158,0.00888598530780506,0.5463090110982634,0.018668949469193123,0.0037581880828904705,0.40789092791509235,3.260950272530618
537,0.009157281635124956,0.005641696680572714,0.5390735785146044,0.018395152955930954,0.003682799887429772,0.4306212867200165,0.03521484936060881
538,0.009277898413462549,0.0061409919753932715,0.605329349357393,0.020858770231465304,0.002788396275250921,0.4989708413973671,0.030067313001379162
539,0.009157281635124956,0.03561330375402239,0.6012120820212321,0.0184310802521221,0.0031258267355238644,0.5261138323285923,0.03028381554058233
540,0.009277898413462549,0.006140990982145867,0.5596730472467587,0.020858447818099188,0.0027523376643581775,0.43508130618291907,0.031034366102109804
541,0.008436805871674172,0.04581042291767362,0.5521663375744116,0.018839603970033255,0.0024059675357379668,0.5574112645413217,0.03915535368616383
542,0.007749040793032158,0.04062230347499881,0.557995794643621,0.018668653602370088,0.0022269236523241344,0.5699392073704328,0.03329728262278688
543,0.007749040793032158,0.04062230347499881,0.5434610050578458,0.018669866771262204,0.0022191092046558603,0.5550468774269138,0.03350714719199609
544,0.007749040793032158,0.04234126846660701,0.5482853050620128,0.01866864248749107,0.004102370926967999,0.38058532395623873,0.03449141497397198
545,0.009157281635124956,0.01005601763055565,0.5437046835479524,0.018395013382849955,0.004036361994639151,0.3935741097395607,0.03099951235917542
546,0.009157281635124956,0.0028048532276945337,0.5611211844478743,0.018395013487127715,0.004309040048774227,0.45452283295553403,0.03402892177882625
547,0.009182821063748976,0.06413794945589953,0.5969366729644279,0.020748360234859806,0.0025228624541127186,0.6020799139566396,0.03149340644619164
548,0.009157281635124956,0.02978057318845195,0.6234566476509195,0.01839511851082128,0.0030000376178130122,0.6019617327450554,0.032362944268339154
549,0.008436805871674172,0.05595436825416181,0.5618038397601676,0.01890034969953136,0.002473798341806454,0.5244959055467203,0.041848244652206434
550,5.286329548170988,5.8726411243141134,0.9646800251058386,5.819153327683335,2.1700163299646897,1.6699571257971249,0.03440710589430067
551,0.007749040793032158,0.015830955159937148,0.49963280738467747,0.01866863892243811,0.006500265483680912,0.39030274967754985,0.03429710910508382
552,0.009277898413462549,0.005603478691883708,0.593795859210316,0.020858445805843565,0.0036814845478447705,0.27167892550898387,0.03146507845687387
553,0.008436805871674172,0.005558253642234747,0.610543110613504,0.018949521166710274,0.002704194702189341,0.5289651905826492,0.04206085019554901
554,0.009277898413462549,0.008948664392473065,0.6022079938934457,0.020858761511612384,0.0029814016976273576,0.5168664304537939,0.0366607906091108
555,0.008436805871674172,0.018355463502700717,0.5991765892155039,6.136784431899982,0.007450826887305995,0.9724718172212341,0.04152631253653091
556,0.009157281635124956,0.03961043157413389,0.5893327485545236,0.018395017791687687,0.0029268228083336677,0.4815792824868926,0.036011211020580504
557,0.008436805871674172,0.035360722378972205,0.632025763008937,0.018839467825801533,0.0026640644581071896,0.495099507697368,0.044255828702653224
558,0.007749040793032158,0.006452858149149571,0.5780284950394036,0.018668638782030667,0.002235469491406824,0.39630401953617317,0.03652180948885262
559,0.009277898413462549,0.005912118337045173,0.5360410547230884,0.0208584457862092,0.002741875151189981,0.41660099270589457,0.032939824078740125
560,0.13597948018664865,0.22138030210027074,0.5701272594051046,0.018399409900138743,0.003929171634201358,0.6633988450658024,0.03097290748312835
561,0.007749040793032158,0.009290546390655364,0.5805050135035833,0.01915049996593776,0.002417864875185978,0.517429001839848,0.03369864212543263
562,0.008436805871674172,0.02187391063462367,0.5568726824075563,0.018839467825801533,0.0023937136676649108,0.3535819623568428,0.03927535174903221
563,0.009157281635124956,0.0057009510587860916,0.5220431638477677,0.018395020925787393,0.003023098438813612,0.3638238184965189,0.0322187457256455
564,0.007749040793032158,0.024610794081404392,0.5699558680640345,0.018668638720885092,0.0023572241927886394,0.40323754476829177,0.034488701470773396
565,5.669149814045293,0.775104779200178,0.5519442439293967,0.1725834487015917,0.05840903642990881,0.5656173731586868,0.03390971265276588
566,0.009182821063748976,0.002649941885110859,0.5531174951980585,0.020696619273405367,0.0024832179780367577,0.5049335889451017,0.029271864235554983
567,0.008436805871674172,0.06348336759457002,0.5807026671924465,0.01883965051025878,0.002419866740274975,0.4661492758428399,0.03609588227043996
568,6.175177385941756,4.888320479718097,0.7654716981183484,5.923973055515889,4.489816792445812,0.42246725571041466,0.04075066414629754
569,0.009182821063748976,0.008895702530016314,0.48505992911041335,0.020694765703241493,0.002831988969008279,0.28498179771893595,0.029524524421648574
570,0.009277898413462549,0.005603478691883708,0.49654279236689264,0.020858446890022506,0.0028372129295817,0.35551201069690413,0.03388674956118072
571,0.008436805871674172,0.046572103935067916,0.5465771627968051,0.018839467825801533,0.0024840710465799257,0.418626187202094,0.04042551163277905
572,0.009182821063748976,0.11084531697116602,0.5252234675909591,0.020947354657621715,0.0025552167936747925,0.38299290657730906,0.029045105055090344
573,0.009277898413462549,0.00560353636668718,0.5357751545935963,0.02085844578368337,0.0028042342530448425,0.43381403702024834,0.031130860333997673
574,0.007749040793032158,0.0031298103164709296,0.5992544384382502,0.01867125614570987,0.0021939911696629475,0.519837489700968,0.03274447061616958
575,0.007749040793032158,0.007977829669699463,0.5913913354990955,0.01866867978384442,0.0022842423608102377,0.5079525559991649,0.035711098855189805
576,0.008436805871674172,0.01503860242715247,0.6155373092893768,0.018839467825801533,0.002419866740274975,0.6113937413978517,0.04012971735187344
577,0.007749040793032158,0.020388247290862332,0.5679995381380352,0.01866863873760883,0.0021994546402118484,0.6030492299835953,0.02964652571101284
578,0.007749040793032158,0.005916771769989027,0.5791258949779046,0.019602577391582676,0.002275695115412325,0.6688651824193969,0.030499534548596063
579,0.008436805871674172,0.042029248208783114,0.5668691631634595,0.019077995613934036,0.0024059675357379668,0.562270545749153,0.03473592581649584
580,0.009157281635124956,0.09493586890272455,0.5816572368098105,0.018679765573132084,0.0031776476285652142,0.5080211552340246,0.034588089940205985
581,0.009157281635124956,0.09493586890272455,0.5737930043642278,0.022781259501126506,0.0030763161565737994,0.5108361500194866,0.03485697248690495
582,0.009277898413462549,0.005611013460897843,0.5585152013013971,0.020858445784160063,0.002779836143412441,0.443686370714035,0.034231566678454235
583,0.007749040793032158,0.0040759351100465285,0.5269658225656672,0.018668639070959697,0.00337504983074483,0.38776165392762246,0.037299803218045935
584,0.009182821063748976,0.004933045336933704,0.4895420957304544,0.020697860333732613,0.0028792012595279504,0.2858171580986737,0.03135047639818339
585,0.007749040793032158,0.020357921440114606,0.5586788140699923,0.01866868443453729,0.0028570168497480727,0.3892925923375928,0.03376461029854371
586,0.009157281635124956,0.002979631446386612,0.5698094140286432,0.018398013714855246,0.003368742788724698,0.4794613310579349,0.03433743287524348
587,0.009182821063748976,0.04939676500353668,0.6117278360323323,0.020752654420552206,0.002511215863831457,0.4640708858732804,0.027275938674992176
588,0.009277898413462549,0.006369379898382265,0.5828155271655179,0.02085844633620071,0.002758316513275586,0.42137532141328754,0.03229235835765393
589,0.008436805871674172,0.0165324097863976,0.6418041916428424,0.018839467825801533,0.002937143892574442,0.5694825997191374,0.03907729206312049
590,0.009277898413462549,0.006369379898382265,0.598306387984828,0.02085844578465319,0.00286539161558507,0.48905326074332583,0.03408476824116129
591,0.008436805871674172,0.003449516524540529,0.5477964836222597,0.018839467833445527,0.0024059675357379668,0.3990847860966593,0.04165975867501728
592,0.009182821063748976,0.0036777010326673972,0.5610883058704077,0.020694766315270816,0.002591664894262828,0.500137705215576,0.02906377999325274
593,0.009182821063748976,0.012137705989289736,0.5504679140649219,0.020694765233866593,0.0025867272782473384,0.45066248193374414,0.03098059503545556
594,0.007749040793032158,0.012434015346526309,0.5631522191121596,0.018668814351585974,0.0021939911696629475,0.42428474188415766,0.030538326456427192
595,0.009277898413462549,0.00560353636668718,0.5190315263153162,0.020858445852157875,0.0029740552206766633,0.4165113677610899,0.032267793745926004
596,0.009157281635124956,0.0026189936209243753,0.5574217394124221,0.018395013367865944,0.002867223836932512,0.4506646780884883,0.031762738776700265
597,0.009277898413462549,0.005912118337045173,0.5520496721242538,0.020859503672516707,0.002822226851065269,0.5041067909700137,0.03197319432110099
598,0.009182821063748976,0.10579151346457343,0.5771645129183451,0.0206947855170478,0.0025867272782473384,0.5444271131367665,0.031961324002684116
599,0.009277898413462549,0.0056110144546718185,0.5668451903505519,0.020992982530698135,0.0029329933940982138,0.49816565493381776,0.03504791668845766
600,0.009182821063748976,0.018135347473150466,0.5969753698715968,0.020696387711604272,0.0025977872825935873,0.6219748432707428,0.03153045299060735
601,0.009182821063748976,0.042921480987160004,0.5526621824962301,0.02069476524462451,0.0024881431781689834,0.6440813923793542,0.025368578284756395
602,0.007749040793032158,0.024131710259246673,0.5494456998974462,0.01866870369126887,0.002266212411595179,0.5912948896044342,0.030368475580247974
603,0.007749040793032158,0.045676486643161124,0.527909159436887,0.018668645235470616,0.0022191092046558603,0.5712791922692297,0.03238140623335013
604,0.009157281635124956,0.19473063918951744,0.5399719478271482,0.01839501627793814,0.002867223836932512,0.4390691392571707,0.0316844118421608
605,0.008436805871674172,0.06115629096972486,0.5581428661710577,0.01883986012905047,0.0025869820505020056,0.4496617089727369,0.03954397013646942
606,0.009182821063748976,0.0583203184514216,0.5329489003211229,0.020694978237574196,0.0024881431781689834,0.36926558646149227,0.029737799617265328
607,0.008436805871674172,0.03175404442843768,0.6205905414426499,0.018839632176719554,0.0023937136676649108,0.6899696895538624,0.03950151027891949
608,0.008436805871674172,0.09738544349241555,0.580051707666693,0.018839474048466247,0.002704194702189341,0.5047492314424978,0.03985451297432661
609,0.009277898413462549,0.006369379898382265,0.5965146850095507,0.020858632642627318,0.0029652348844421777,0.5642494595297526,0.03327689829327839
610,0.009157281635124956,0.013716943949591002,0.5788927536292257,0.018395019392065042,0.0030536633596462636,0.5212934618236614,0.030708354187166775
611,0.009157281635124956,0.008294685660837756,0.48857636321704784,0.018395018837439412,0.003676559993277179,0.29810712122457866,0.033835222759474884
612,0.009157281635124956,0.012844722819065488,0.568806256389276,0.018395013359709573,0.0031776476285652142,0.44119640527144044,0.033033875588636165
613,0.009157281635124956,0.008180676454773852,0.6152427308411398,0.018395017049855786,0.0034125127702271736,0.5696325491583893,0.03247722221457275
614,0.009277898413462549,0.005603478691883708,0.5199532677275703,0.02085844579855062,0.0027468718868275434,0.4820647153596592,0.031494288374829815
615,0.008436805871674172,0.08351408928219975,0.5591226684625937,0.018839467935773062,0.0024356322385235933,0.41266778140046795,0.03823747667279658
616,0.009277898413462549,0.006140990982145867,0.5387329238895171,0.02085844890418489,0.002741875151189981,0.4992065883684133,0.03101076673782798
617,0.009182821063748976,0.003508924883381215,0.5419651983561803,0.020694765234066645,0.0035960092814137463,0.5549681611904642,2.364390372816949
618,0.009182821063748976,0.0051068491806190615,0.5205225366531057,0.020695230280237165,0.0027694558947623303,0.43437587589911236,0.030693827280049747
619,0.009182821063748976,0.003862022159578449,0.4956244625093845,0.020694765349483866,0.0025867272782473384,0.30646769872516366,0.031797081077671645
620,0.007749040793032158,0.005134694542253012,0.6076618865525237,0.01866863872089776,0.0027926005103689417,0.4389481479833894,0.028113889120265443
621,0.009182821063748976,0.055546436992689026,0.5590656668290566,0.020694765236624023,0.0024942506035394696,0.569764853910946,0.02946485434732857
622,0.009157281635124956,0.015055438874368691,0.5406857037570995,0.018395084556291148,0.00650807673182321,0.4231422598152469,0.03491752828914795
623,0.008436805871674172,0.021994165555961852,0.6173354454682491,0.01883947686756865,0.0023937136676649108,0.608692774988941,0.03941053537949498
624,0.009182821063748976,0.000859880077587367,0.5247343815835365,0.020694765233728766,0.004536953489911191,0.4085521217124647,0.02474966414696824
625,0.009182821063748976,0.011722231533193763,0.6150315778400062,0.020697651863015885,0.002614792386309976,0.5007198894870781,0.02765314022839883
626,0.008436805871674172,0.05211942349746615,0.6024078947975982,0.018839467825801533,0.0024535146692327087,0.4372672480348497,0.04331671794332911
627,0.009182821063748976,0.004929295088661707,0.5594471976746896,0.020694808079672722,0.0024832179780367577,0.5012428030207509,0.0302488439807851
628,0.009277898413462549,0.008948664392473065,0.5826230227254989,0.020858445783666937,0.0029973677440755463,0.43081804296194537,0.03285675473791239
629,0.009277898413462549,0.0059120446879703135,0.5701513668724036,0.020858445783810454,0.0027468718868275434,0.44128424022454105,0.03104540503757008
630,0.009182821063748976,0.007728310557476009,0.5346851197407597,0.020694778023242356,0.002511215863831457,0.41496363860036534,0.031717960503681884
631,0.007749040793032158,0.00775007912878064,0.5542896977425799,0.018668638720885092,0.002345745446322781,0.43160823081450694,0.03299542024641325
632,0.009157281635124956,0.011486999983911624,0.6181737227906645,0.018395522206490808,0.002979059462472653,0.5805117192255688,0.0324120883219018
633,0.008436805871674172,0.007377668083921414,0.5616966930826288,0.018839510951966572,0.0024979819927730545,0.5890188692450327,0.037053497506152805
634,0.008436805871674172,0.03082618891394223,0.576236929542794,0.018839467825801533,0.002876679748664275,0.41714161596510446,0.04048346242661666
635,0.007749040793032158,0.009254004854410348,0.532697623296882,0.01866863950884366,0.005250233459778032,0.3672224648766721,0.034440197909389465
636,0.007749040793032158,0.01417059821618583,0.5437448992020775,0.01866869276004287,0.002503929636657965,0.3833009024755665,0.03523271072186396
637,0.009277898413462549,0.007283129730110122,0.5954465465487774,0.020858445783730757,0.0033583022574732325,0.4635344238156059,0.03258411431914411
638,0.009277898413462549,0.00560353636668718,0.5195993186584273,0.020858445811061634,0.0029740552206766633,0.41692114753804754,0.032305806685277924
639,0.008436805871674172,0.0188243965002307,0.5434213744113383,0.018839474201538677,0.0023937136676649108,0.38393052347798934,0.03710300366254121
640,0.009277898413462549,0.005611013460897843,0.5490199491270383,0.8725023152860171,0.0028888617765012153,0.4516986038630535,0.03416605650051179
641,0.007749040793032158,0.0019302927394063965,0.5516873591280583,0.018668658527639687,0.0022054294839680224,0.5887961339905993,0.028264234723301175
642,0.009182821063748976,0.0583203184514216,0.5274193511845048,0.02069482982669216,0.0024942506035394696,0.34303102137953195,0.029962246857122194
643,0.007749040793032158,0.006509584864362038,0.5671821377071103,0.01867003755103685,0.0021939911696629475,0.48369112620813054,0.03574882074628095
644,0.009277898413462549,0.00569326935498174,0.5554206035679249,0.020858445783671242,0.0031808091434009467,0.4123051431846545,0.031317472033561514
645,0.008436805871674172,0.028790120154760856,0.5791884531277061,0.01883964582942135,0.002471806831128141,0.4448955183695598,0.03523848370670883
646,0.009277898413462549,0.005611071135266152,0.5074993858759776,0.020858445783680766,0.002788396275250921,0.3081193469700061,0.0325312735161457
647,0.009157281635124956,0.007995958636496072,0.5010667129993687,0.01839501332174112,0.003157033508375777,0.31828436002343274,0.03420477749013083
648,0.009182821063748976,0.009038855684823885,0.49453514913462304,0.02069476630421367,0.0027261754130363113,0.3120222401633692,0.030662209628649864
649,0.009277898413462549,0.005611013460897843,0.519616113336665,0.020858465669505492,0.0031770364049757594,0.33541889276052234,0.03417365207431608
650,0.009277898413462549,0.006133460210220589,0.5572823094230375,0.02085845674333774,0.002741875151189981,0.49647367818302485,0.030210656858796692
651,0.009182821063748976,0.005187652307724634,0.5841655258441183,0.020694765233728315,0.0025977872825935873,0.5014092889980606,0.02929612591434101
652,0.009182821063748976,0.005578103354540329,0.5719048864271938,0.02069476546072924,0.002796006860831335,0.4716448652593794,0.02677508261788252
653,0.009277898413462549,0.006140990982145867,0.6113363466590771,0.020890877685254047,0.0028551445257808355,0.5821223813174187,0.030637688569705723
654,0.009182821063748976,0.0030336378521154377,0.5916627416804301,0.020694766317163996,0.0027694558947623303,0.521999646179015,0.02784863216640684
655,0.007749040793032158,0.01102232419892306,0.5688281350337223,0.018669357970259412,0.0021994546402118484,0.5511965762800063,0.03403059091938993
656,0.007749040793032158,0.025444719728233426,0.5072449282611562,0.01866863872105239,0.00252211669529035,0.38595677822067265,0.03671919068336612
657,0.009157281635124956,0.001613657208245618,0.5401632257763403,0.01839514572360093,0.0028973586172607135,0.3517396324641644,0.034505381539975684
658,0.009157281635124956,0.007447629220550214,0.5398558194532058,0.01841410099299023,0.00288157878669378,0.347249766800816,0.03522030210552771
659,0.007749040793032158,0.024694938978480456,0.5440243102929365,0.018668638869600445,0.0022427572569316667,0.3878487088835712,0.03022272428407645
660,0.009277898413462549,0.006133460210220589,0.5438542674561592,0.02085846695223333,0.0027523376643581775,0.5418575120156888,0.030514126433196596
661,0.009157281635124956,0.010861892739226678,0.5617937093833031,0.018395013321302923,0.002979059462472653,0.5333083089063645,0.02808514937584894
662,0.009182821063748976,0.0583351911964016,0.5630362334566833,0.020694765262206517,0.0024832179780367577,0.41375097215024353,0.030035056530188883
663,0.009157281635124956,0.172720441399141,0.5435533165126379,0.018395023467469324,0.00288157878669378,0.4627066964794189,0.031108501114631766
664,0.009182821063748976,0.07046832726254983,0.5527444434362611,0.02069477121422158,0.0024832179780367577,0.4417438517182174,0.027328653137301553
665,0.007749040793032158,0.0018671060482945284,0.47897388612760894,0.018669389517597727,0.0026755811399096184,0.28715366727085473,0.03549118807784245
666,0.007749040793032158,0.003966939655352315,0.5047328183880773,0.018668638722131273,0.0030333309356005284,0.3334886662993959,0.03714126302483199
667,0.008436805871674172,0.04045387618255125,0.6280531754323574,0.018839467825809,0.0023937136676649108,0.6378248387897614,0.039878487102132744
668,0.009157281635124956,0.02020418344603434,0.5315212244580544,0.01839523945499797,0.003575179354678239,0.44783184681615384,0.03581795637668186
669,0.008436805871674172,0.04650757105853889,0.5257770529132973,0.018839473342369444,0.004348571168753331,0.3603646848575488,0.04040030099120161
670,0.008436805871674172,0.1057739316636603,0.5591420276160312,0.019237794972484304,0.0027955690629326646,0.4499418380624739,0.037816859631892304
671,0.009182821063748976,0.020583137937558817,0.5478311396927708,0.020694765423330087,0.003726690171720107,0.464360699879081,0.03331706462886013
672,0.009277898413462549,0.005611013460897843,0.5050981124822214,0.02086285386686518,0.0027523376643581775,0.3739614930250634,0.03420689595607736
673,0.009277898413462549,0.005611013460897843,0.528030660965596,1.3506134374079577,0.0037297268871489472,0.45043316494123625,0.036305339299538386
674,0.009157281635124956,0.002157443257816843,0.5506207371542508,0.01839514046054919,0.0031321120888577357,0.4580933506887805,0.03219467127499811
675,0.009277898413462549,0.006140990982145867,0.5850816741548046,0.02085850156049834,0.002883940845290471,0.4589216074817068,0.030129651856080172
676,0.009157281635124956,0.23707447095397383,0.5605834328712742,0.018395090069678065,0.0029599758020246807,0.46849926190756047,0.032077711752675216
677,0.008436805871674172,0.04654280976866304,0.5367867859751144,0.01883952468639328,0.0023937136676649108,0.4377988456787311,0.04065836596164685
678,0.008436805871674172,0.05507250978479285,0.565860632596636,0.01883946917934163,0.0024059675357379668,0.5436639106207222,0.039596131665681183
679,0.007749040793032158,0.017250891630950532,0.5394612611940081,0.01866877885652069,0.00252174937702764,0.5510313324272529,0.03275822298282027
680,0.009157281635124956,0.003777873571604861,0.5142140932243655,0.018395013321498108,0.004322766273418457,0.33833241542883524,0.032295291454088715
681,0.009157281635124956,0.004409459699671938,0.5793720514450427,0.018395019129371037,0.003164679295772679,0.5014230468655573,0.03064745434386825
682,0.009277898413462549,0.005611013460897843,0.5118904783862126,0.020858447126882985,0.003037011455041627,0.311280688517119,0.03367494691724962
683,0.007749040793032158,0.007082046422905782,0.6055350954821338,0.018676907107597285,0.0021939911696629475,0.5365025855896443,0.03447721205437323
684,0.009182821063748976,0.0418904758389491,0.6223434805809168,0.020694765293676087,0.0024832179780367577,0.5549884297232386,0.030117976060537066
685,0.009277898413462549,0.005611013460897843,0.5239299579419244,0.020858445921785387,0.0027992353114799115,0.40579766910887527,0.03385735901419307
686,0.007749040793032158,0.00840441495080974,0.5398323917187903,0.018733478471989806,0.009707456062573123,0.43040256362849894,0.035828050170756076
687,0.009297131018463124,0.01743686658262664,0.5188533648930844,0.018395013321305186,0.00498039793423442,0.3763200345375747,0.03513458908238502
688,0.009157281635124956,0.0002764040249311626,0.5220803533197128,0.01839501599515147,0.0031258267355238644,0.3019004502882491,0.03343801269009726
689,0.009277898413462549,0.007002194602104994,0.6022601423905012,0.020872209437414805,0.0030232882947773265,0.48475789715869827,0.03535111643742224
690,0.009277898413462549,0.008948664392473065,0.5650090200385544,0.020858445981170155,0.0028851485468937297,0.4265953983702057,0.033455139922622626
691,0.009182821063748976,0.010585972495374385,0.6117416602231588,0.020694798652704963,0.0029692838145772404,0.4834257239063034,0.03297069110497106
692,0.008436805871674172,0.05211942349746615,0.6016316093150796,0.018839467825801533,0.0024535146692327087,0.4357607276147136,0.04325103358491128
693,0.009277898413462549,0.005611013460897843,0.5541177952998065,0.02085846776326179,0.004142412108839014,0.490263959956324,0.036559936467659364
694,0.009277898413462549,0.005611013460897843,0.5307490179132162,0.11996302038342083,0.0034138910457932343,0.46032819644804635,0.03601466452229989
695,0.009277898413462549,0.005912043694274394,0.5419279502053813,0.020858445816558123,0.002741875151189981,0.4319436522374106,0.0326819383770383
696,0.009277898413462549,0.005611013460897843,0.5514745270231893,0.020858445785099836,0.0031128461360215133,0.4576205679493577,0.03300534320764801
697,0.008436805871674172,0.10493697461260645,0.5744729845810995,0.018997780808554264,0.002471806831128141,0.47638452968864553,0.034772260140553894
698,0.009182821063748976,0.0036950992243430735,0.5514527795881811,0.020694765234200163,0.0024942506035394696,0.26963306846221713,0.03105048695479857
699,0.009157281635124956,0.013390445180261,0.5832028904164424,0.018395013321302698,0.00291245617902763,0.4070135692801407,0.03225682050828452
700,0.008436805871674172,0.036220893985546836,0.5710788065311158,0.018839467825801533,0.002419866740274975,0.3963009257786975,0.039790625586380086
701,0.009182821063748976,0.0037852664574483654,0.5384435777643662,0.020694765238340615,0.0025867272782473384,0.4403066913725044,0.029299444323307135
702,0.008436805871674172,0.03179385522466034,0.5573058089059135,0.018839894900865465,0.0023937136676649108,0.4378750968255992,0.04023024639056325
703,0.009182821063748976,0.004135445367530882,0.5813028695664004,0.020694772714897187,0.0024942506035394696,0.5285580906637355,0.027352796819057792
704,0.007749040793032158,0.019829892640764072,0.5144181959475314,0.018730966834283495,0.002789766163728151,0.3331553027858826,0.036958124597732324
705,0.008436805871674172,0.1057739316500437,0.5505611985472965,0.01883947199870637,0.0031411102334945678,0.33980513370393656,0.03181218664933408
706,0.009182821063748976,0.012733688539138895,0.5160206457291854,0.020694781126821115,0.003230883363607122,0.3671509691402025,0.03159467275754778
707,0.007749040793032158,0.008202318004658923,0.5254496042951879,0.018668638720898214,0.0022191092046558603,0.38860443135871786,0.03563273642456866
708,0.008436805871674172,0.045009483076266225,0.5714369482358367,0.018839467825801533,0.0024356322385235933,0.48304984325621664,0.04119633067723793
709,0.009182821063748976,0.03994239362613023,0.6112836581355117,0.020694765233749055,0.0024832179780367577,0.5203844478242723,0.031900324993317665
710,0.009157281635124956,0.003308350434686974,0.5886970617703738,0.01839501855343449,0.002867223836932512,0.5268405806023254,0.034033485795108495
711,0.008436805871674172,0.04733474140971445,0.6098881084106973,0.01883946806393627,0.0023937136676649108,0.617329419856753,0.04057832958430954
712,0.008436805871674172,0.0367555552333887,0.6200873550363272,0.01883946782591478,0.002419866740274975,0.6304452701655304,0.03897362221296828
713,0.008436805871674172,0.04716825979641452,0.5762832182539788,0.018839467825818957,0.0023937136676649108,0.6042343310815705,0.03525357654700048
714,0.008436805871674172,0.03961218635551115,0.5511040907335438,0.0189061733158138,0.0026027767617155064,0.4664465207263452,0.03829112052121454
715,0.007749040793032158,0.0019781605657755268,0.5269295256770697,0.018711251966470367,0.0021994546402118484,0.37244993826888206,0.031078052637367726
716,0.007749040793032158,0.06360629573278448,0.580399909324864,0.01866869915851047,0.002355092596386519,0.4431102955675099,0.036198605810192144
717,0.009157281635124956,0.015159969109739402,0.5512292740900036,0.01839501332169329,0.0029268228083336677,0.4198990814458908,0.03355343381020328
718,0.009277898413462549,0.005912118337045173,0.5444337750864445,0.020858445784211414,0.0027468718868275434,0.42531724399372967,0.033355665031440676
719,0.008436805871674172,0.03975094733959277,0.525508582119876,0.018839467825801533,0.0025869820505020056,0.3481030459164301,0.04060698586147702
720,0.009277898413462549,0.005611013460897843,0.48085173944791426,0.020858448885437926,0.002872617935693915,0.26670765294556115,0.032509810919676856
721,0.009277898413462549,0.00569326935498174,0.5345068746932915,0.02085854891006138,0.0032631865338488904,0.36316469411471636,0.03161407325390531
722,0.009157281635124956,0.0026701073457584363,0.5882668562414256,0.01839504521001946,0.0029599758020246807,0.5206391630902589,0.03407765534097559
723,0.009157281635124956,0.0013549119502928304,0.6070393290747215,0.018395013567341998,0.0032485883493262135,0.5200202838415182,0.03470008054067925
724,0.009157281635124956,0.0010132017898680633,0.6117793495006143,0.01839510413329701,0.003023098438813612,0.5643532815372906,0.03326667522906097
725,0.009182821063748976,0.024117903225337908,0.6152646973865652,0.020694815746705276,0.002874226249917306,0.46521720875739037,0.02562813624135654
726,0.008436805871674172,0.05842331980436286,0.6250745575536025,0.018839467825802213,0.002552504349858389,0.5879802821495699,0.039117603575053395
727,0.009277898413462549,0.007109712650296828,0.5276837425737136,0.02085847066814609,0.0030897989433428656,0.40673710335688784,0.033229606264810335
728,0.009157281635124956,0.003589624100988457,0.570537721255944,0.018395014622953353,0.003039293258252727,0.4887950591513327,0.03169017384695736
729,0.009182821063748976,0.004122298745713338,0.5360106974790686,0.020694765356130008,0.0025867272782473384,0.44197985024645997,0.030424278496026354
730,0.009277898413462549,0.005611071135266152,0.5638347466945816,0.020858445783667162,0.002741875151189981,0.41846785068996945,0.031966059602020765
731,0.007749040793032158,0.016990518980879412,0.5363149684991996,0.01867143733341453,0.0022119635598042598,0.40336630862742023,0.03456398620685336
732,0.008436805871674172,0.03413705294543707,0.5710104353192061,0.018839470390029235,0.002818650166130856,0.44190183223569685,0.04267941252378407
733,0.007749040793032158,0.01719475176506964,0.5544430403182451,0.019014300782772116,0.0022119635598042598,0.4895869848248925,0.033764282243798974
734,0.009182821063748976,0.018135347473150466,0.5954721602208294,0.020694977239202498,0.002591664894262828,0.6137121370249687,0.03189968339392679
735,0.009277898413462549,0.006369379898382265,0.606640803496769,0.02086194518487656,0.002741875151189981,0.5916140044442798,0.03201532824395775
736,0.009182821063748976,0.02807053105953869,0.5953570482316122,0.020694812008690687,0.0025228624541127186,0.5910525621204199,0.03359731594351184
737,0.009157281635124956,0.011201956787113384,0.5575756928342063,0.018395013321311972,0.00288157878669378,0.5476427092960677,0.02766491184716033
738,0.009182821063748976,0.008663405356277923,0.53603189733361,0.020694765233734775,0.0025867272782473384,0.54861952791351,0.024465797592073783
739,0.009157281635124956,0.013128690534374486,0.550521178421668,0.018395013321427203,0.003047635220573144,0.4839874697248947,0.03158784715376462
740,0.009157281635124956,0.19473063918951744,0.5384997753954572,0.018395019759348923,0.002867223836932512,0.43449830771119613,0.031906055881319034
741,0.009157281635124956,0.0018155987422461618,0.5470389937823156,0.01839513516152619,0.0029623600583408355,0.45923322727569227,0.032616819486924256
742,0.009157281635124956,0.19473063918951744,0.5352646776643424,0.018395235260729628,0.002867223836932512,0.4256997008818513,0.03226541044187779
743,0.009157281635124956,0.007200005882434695,0.6178488123497716,0.018397862121046663,0.00291245617902763,0.7407211334319305,0.032998881720457555
744,0.007749040793032158,0.042318850981862444,0.5641223988930921,0.01883659457424469,0.0025471864889890787,0.5043356221265426,0.03535779231544418
745,0.009182821063748976,0.018135347473150466,0.6069021928933973,0.02069489330394052,0.0026053788657770345,0.6230195512506473,0.03254353885223503
746,0.009065171089592159,0.0017206936320522579,1.1074676255311477,0.009917006530200289,0.0033888289413922957,1.2336639796100108,0.03101517016314536
747,0.00794012509887992,0.006290711701643339,1.1013854096063813,0.013814824289392949,0.0027479621952824266,1.1004199208441572,0.027698881273926956
748,0.0076640081651896865,0.0027635168031498033,1.1226540839945842,0.013450585116173735,0.005335299412311291,1.3510340299365138,0.027714168751636688
749,0.0069477640272268895,0.0011199977867042295,0.9991726797727118,0.01583598040439629,0.002920881047299003,1.192542876482891,0.040172386450231946
750,0.009065171089592159,0.001739394726307677,1.138580196445663,0.009917019100857294,0.005374712199021298,1.2529888357075485,0.030993556557581188
751,0.0069477640272268895,0.0011413547045896395,1.0507363232925055,0.015853948439071668,0.005774086784197143,1.3378069186110377,0.04196028937461716
752,0.00794012509887992,0.006257723738980255,0.9242632519872857,0.013738667800664009,0.00491546755879227,0.877120817317855,0.027498813227107646
753,0.0076640081651896865,0.001766639151729763,1.0657486289525677,0.013457909070310652,0.0036278502362383203,1.2181280861517787,0.029833829475880057
754,0.009065171089592159,0.0017394092252835907,1.0254110622965587,0.009917003308825634,0.0045423145501512045,1.1240354592805097,0.03224388223305484
755,0.0076640081651896865,0.0015534705282658754,0.9578851290247835,0.013447098736039565,0.0030264334070560935,0.6447734368032236,0.027616533156126853
756,0.0076640081651896865,0.00124555718846109,1.0230706290031137,0.013447100460004672,0.0030171219972152333,0.9397369122716553,0.026605800875172992
757,0.0069477640272268895,0.001127815769718983,0.9117845072469452,0.01583568089109742,0.0030326496967427144,0.4850197810087047,0.028457853070163082
758,0.0076640081651896865,0.002807651958945928,0.9454778016934695,0.013447098724211355,0.002998683771874764,0.7856446466205044,0.023620979855317203
759,0.009065171089592159,0.0017412902154069322,1.0768918894402522,0.009934525201458407,0.0028149404378869152,0.9622425024486073,0.023171294252765234
760,0.0076640081651896865,0.0011466796457966155,1.0097841061067099,0.013447098733031088,0.002968582035174594,0.5802502974137502,0.02553894058593171
761,0.009065171089592159,0.0017222678005289309,0.8946851486004336,0.009917003294865152,0.004242446560140581,0.44343455716385405,0.009773345504575837
762,0.006012989789561848,0.0038330413253093217,0.949190013325833,0.012839396248220693,0.0024291593644044755,0.48850939095872625,0.027835414387007387
763,0.00794012509887992,0.006290711701643339,1.078300430364605,0.013738721303458054,0.004964848354606672,0.8892934380494847,0.021141276943819724
764,0.0076640081651896865,0.0017654888019421387,1.0831689828060052,0.013448051884548111,0.0026860381131592697,0.7276195042043235,0.019233110600265405
765,0.00794012509887992,0.006283427309082119,1.0715086086633567,0.013738146916329295,0.0027250653030743183,0.9429076600895872,0.020198228663407064
766,0.00794012509887992,0.006257723738980255,0.9565309521076845,0.013738050769862415,0.00311292913377528,0.5568091968432506,0.03020224797440307
767,0.009065171089592159,0.0015876053023811535,0.9952711878461005,0.009925748825871394,0.005801365255474233,0.8623975558429277,0.031235614914905282
768,0.006012989789561848,0.0030868720638687233,0.9438839328406057,0.012964074089386985,0.0024805889947435928,1.0804156895043144,0.028979306719703068
769,0.009065171089592159,0.001583190309835866,0.9291987029376251,0.009917010305287884,0.004714201782373483,1.0280337689530528,0.030464149302270406
770,0.0076640081651896865,0.0017628735966699232,1.039310493091928,0.013447098728553144,0.0033973277029927247,0.9987048942834107,0.028885324160549695
771,0.009065171089592159,0.016322712977590362,0.9882344910446905,0.009917003299385512,0.0033378315386971445,0.9699879206657782,0.0261817197662607
772,0.0076640081651896865,0.001869371330377639,0.9502554399234571,0.013447098724648741,0.004474488303856023,0.5722164565126111,0.020986805209250545
773,0.006012989789561848,0.0031577113239128632,0.9426073210041602,0.012836715503394786,0.0024273613151440765,0.9144638825126663,0.021226765928391275
774,0.0069477640272268895,0.0011201259508637046,0.9345941525699782,0.01583575499264904,0.0022802004160506896,0.580959336824967,0.03905851526263728
775,0.00794012509887992,0.006290717277446932,0.9336302250748676,0.013738061951133742,0.0033208847282220674,0.7674233245676668,0.03118295411180885
776,0.0076640081651896865,0.0013126129887030575,1.1273711323585103,0.013447098828095963,0.006593642651785153,1.6318158886192886,0.025865757597031226
777,0.0069477640272268895,0.0011202338128938367,1.0534974678961837,0.015936821999072603,0.0024085436499683083,1.2084340005778733,0.04243278205497223
778,0.0069477640272268895,0.0011203113078860137,0.9736274525458232,0.01583868949232675,0.0028671920857481392,0.7849247959089054,0.038344542762976615
779,0.0076640081651896865,0.0010677862140368263,0.9959369018921103,0.013447098724212255,0.002818770709884765,0.9208719163917976,0.027000200228535626
780,0.009065171089592159,0.0016251143303355777,0.9523861305898061,0.009918273362582102,0.004528607247187326,0.8025134263834433,0.02733493156388601
781,0.0069477640272268895,0.0011200101289153433,1.0313518372125918,0.015837981088485723,0.0024085436499683083,0.9938742555117106,0.040748948452569426
782,0.0069477640272268895,0.0011300793458789932,0.9377326622409111,0.015863011208258556,0.004929224644114253,1.2915205565575367,0.03838055839129226
783,5.603123010192201,8.1901927159609,1.0042386605689886,0.752026663111826,1.4321851467020392,0.6584875310834181,0.0353212771646403
784,0.009065171089592159,0.0015765705991956933,0.9331466972594299,0.009965134256907872,0.008385852385093115,1.2766383660422709,0.02817320665255953
785,2.808522256894363,4.1848566537901295,1.1744232470813354,5.161908051121164,2.2216659398300314,0.6191418456758897,3.3317618213499256
786,0.00794012509887992,0.006226600732711844,0.9474603492701308,0.01373805541396803,0.004096447357219555,0.5062925884469995,0.027883286222405754
787,5.358357842776596,2.637202581936591,1.0189480644288864,0.03340383851670253,1.6184503662661283,0.9974846376018677,0.03259514619281604
788,0.00794012509887992,0.006245213894458198,0.9272599644118904,0.013738051891670381,0.002981240651805646,0.5542511042810316,0.02774432345166796
789,0.0069477640272268895,0.0011145754029607208,1.0653951408184543,0.01591330046951767,0.0022541731252431964,1.1733172144732655,0.040494803721021565
790,0.030114611648812264,0.0019100947886851226,0.9970432667183682,4.548301514487796,0.0076807652856022614,0.7410484742451551,0.02794870834902662
791,0.0069477640272268895,0.0011332326738607743,1.1036832360246602,0.015835709068833914,0.0027835740719281796,0.64245341807501,0.03473335750789254
792,0.0076640081651896865,0.001584160696651015,1.0535705919796914,0.013451035340090442,0.0038460165613551684,0.8435309225127456,0.017843604893557328
793,0.006012989789561848,0.0035077185132709097,0.9548672646970192,0.012838466193856587,0.0033505342108232673,0.7048495003683724,0.02947380966908095
794,0.00794012509887992,0.006290717277446932,0.961477150204991,0.01374011093819251,0.0037222720385752983,1.687444399593346,0.02886903420878511
795,0.006012989789561848,0.004084122400654224,0.879615442821919,0.0130866294341679,0.0033163396068474093,0.5291584936325414,0.027584059982973152
796,0.0076640081651896865,0.001255734484857932,1.0416113739082908,0.013447104050954227,0.003003562983208709,1.6661571659380143,0.02852917877520104
797,0.0076640081651896865,0.0014754782085347642,0.9492670423627922,0.013447098724213269,0.0026969679178537533,0.7531410237914183,0.0035600208826111804
798,0.009065171089592159,0.0017203744790947983,1.0419555070475295,0.009917005817851925,0.007868237916088079,1.2813287191464555,0.026612556016431088
799,0.0069477640272268895,0.0008875312911620545,1.0199689746073675,0.01599519219160573,0.00237824756235803,1.1540055121573098,0.037237196763525486
800,0.0069477640272268895,0.0011781598494391998,0.9687469825962024,0.015837310636006657,0.005614997132722791,0.24218782245530812,0.02920042103729709
801,0.009065171089592159,0.001782681322838769,1.0301159858820466,0.009917010442842886,0.003907792666753725,0.9640265360429302,0.02431773949888436
802,0.006012989789561848,0.004195877544908502,0.855605211458952,0.013087772448086323,0.0042221274720063776,0.5787286235923327,0.02845888387542721
803,0.0076640081651896865,0.008013484586032824,0.9003015477209974,4.803494198161013,0.0032812256755454013,0.8758915981166572,0.025664595341886982
804,0.006012989789561848,0.003863310158752685,1.0353996875204954,0.012835921856337812,0.0025852692037814026,1.7779104968760604,0.033253440523037386
805,0.0069477640272268895,0.0011036328841340216,1.0680543562672802,0.01583568145187502,0.0025637903660948235,1.3743466197782048,0.04097277032997864
806,0.0069477640272268895,0.0011161939236253018,1.1382147123831867,0.015835723268569895,0.0023567657731232983,0.928718972218349,0.036905414463024026
807,0.0076640081651896865,0.0017715931771201826,1.1140795285721956,0.013447570108764972,0.0026909166551302133,0.8772389163906823,0.025794341124978727
808,0.006012989789561848,0.002860924657410622,1.1005869749797026,0.012855611327577659,0.0039978175346411125,1.5514160025995385,0.030361560136658403
809,0.0076640081651896865,0.001764041228780138,1.0115466024351691,0.013447098724211692,0.0033898187911451496,1.118808963304894,0.029441133597053325
810,0.0069477640272268895,0.001121350673432599,0.9510034297950875,0.015835682174502787,0.002646580983189293,0.7633229514070834,0.038530839997906255
811,0.009065171089592159,0.0034630468113695796,0.9535383827672094,0.009917003294879056,0.003358646305125936,0.9110014137053981,0.03099749436716621
812,0.009065171089592159,0.0017384131512553933,1.0117863610644642,0.00991700330316044,0.00389014303970808,1.0842887910426295,0.031195527797558065
813,0.0076640081651896865,0.001764041228780138,1.0104819116257036,0.013447098724217094,0.0026860381131592697,1.0896584374104927,0.028905669531070554
814,5.7176363425823045,3.4751834752793034,0.9410504767554242,4.833352288819752,2.0874170392292344,0.4401380589970232,0.014429609673155019
815,0.0076640081651896865,0.0017570911268630183,1.0546296208099593,0.013454305467931877,0.003009615083103865,1.1795988538899436,0.02903253436382659
816,0.0069477640272268895,0.0011352416910247484,1.054830581952848,0.015862925067613748,0.004104423757403475,1.278539555793187,0.04122179655528931
817,0.0069477640272268895,0.0011101537082384486,1.0161636285023499,0.015835681341153318,0.0022541731252431964,0.9213787589781018,0.03802613331810136
818,0.0076640081651896865,0.0013139550047792123,1.0254902783744626,0.013460216204736478,0.003383765091281198,0.8797970284371717,0.0222786277987623
819,0.009065171089592159,0.0017360286245066815,1.016453202958963,0.009917031690410175,0.004003305655223507,0.853036261944565,0.029030762525634475
820,0.009065171089592159,0.0017368059664854194,1.013053118948927,0.009917188376889497,0.0031916027014192703,1.2155989531716433,0.03282505986626024
821,0.00794012509887992,0.006254442398816889,0.9075767293300647,0.01373805077416427,0.003602319933115839,0.5792310005551948,0.018811330178221425
822,0.0069477640272268895,0.0011220160809845099,0.9526681164135826,0.01583568099344526,0.003062967627224822,0.6144460645841376,0.01693719598874837
823,0.0076640081651896865,0.0028231815329196074,0.9385844243514841,0.013447098724211355,0.002832330883546369,0.7795931400126463,0.022533731393334314
824,0.0069477640272268895,0.0007186324880401456,0.9358967630846285,0.015835682556397366,0.0028201310217623463,0.5328052489229445,0.03526215299939016
825,0.009065171089592159,0.001740516943116111,1.0936563003578361,0.009922359993068147,0.00280068917084229,0.864481504838002,0.02092259558097556
826,0.006012989789561848,0.003512845938433776,0.9381548157866528,0.012835592212466555,0.003566159469567854,0.5956742775257002,0.03596018302806189
827,0.0076640081651896865,0.0014374572916712625,0.8950837402412936,0.013447098724211355,0.003003562983208709,0.3863186090597446,0.01348043912187528
828,0.009065171089592159,0.0015793686131823183,0.8624509029881218,0.009917003294865489,0.0037232813532470438,0.4113700006934997,0.01801413875347494
829,0.009065171089592159,0.0017507733767430302,0.9586224334647263,0.009917003295435215,0.003002514851652818,0.6323090213982997,0.02828235013026983
830,0.0076640081651896865,0.002793182593206636,0.9652359793814893,0.01344709872497844,0.0026969679178537533,0.6768749921989202,0.026476365723739712
831,0.0069477640272268895,0.0011190747396408664,1.1194455456358432,0.015835688764851023,0.0022541731252431964,0.6680440053555774,0.029650072232751724
832,0.0069477640272268895,0.0011190747396408664,1.1194455456358432,0.015835688764851023,0.0022541731252431964,0.6680440053555774,0.029650072232751724
833,0.0069477640272268895,0.0011190747396408664,1.1194455456358432,0.015835688764851023,0.0022541731252431964,0.6680440053555774,0.029650072232751724
834,0.0069477640272268895,0.0011190747396408664,1.1194455456358432,0.015835688764851023,0.0022541731252431964,0.6680440053555774,0.029650072232751724
835,0.0076640081651896865,0.0017654888019421387,1.0831689828060052,0.013448051884548111,0.0026860381131592697,0.7276195042043235,0.019233110600265405
836,0.009065171089592159,0.0017445355617107948,0.9154169997871271,0.009917003295241231,0.0034528253900547264,0.6917164784883134,0.02961100688931652
837,0.0076640081651896865,0.0013884344586543224,0.9430002783387083,0.013447099426979423,0.0034066416110264857,0.6261825451140981,0.019488540387574818
838,0.006012989789561848,0.0038270033078431653,1.002576407009095,0.01313281488910854,0.003552391678219432,0.7876191586016882,0.030602981004439832
839,0.006012989789561848,0.0033049506639224687,1.037311029316939,0.012845716851348716,0.0033505342108232673,0.9094718549702753,0.03094757266078533
840,0.006012989789561848,0.0038412158600543618,0.9487232700810004,0.015004184363038528,0.0047445006556899256,0.8614841883162891,0.027269001473682455
841,0.0069477640272268895,0.0011211558625731813,0.9516837537253221,0.015838432964758533,0.0023068185688426028,0.8150413036245839,0.038682353907339595
842,0.006012989789561848,0.003339335251881553,0.9809523522099035,0.012850422342243888,0.0028786319508029385,0.8782077594265972,0.026593553618969163
843,0.00794012509887992,0.0062577181923293085,0.9357693320954421,0.0137381184444022,0.0028995563904523373,1.124873076676563,0.029060247344075522
844,0.009065171089592159,0.0017368773777037064,1.0095314811721243,0.00991700336168124,0.0032793166360595444,1.143846866724216,0.02979534090838005
845,0.00794012509887992,0.006257723738980255,0.9293414389394138,0.013738050769861964,0.0029583432182685838,0.5105194685401738,0.02959576125333674
846,0.0069477640272268895,0.0011214346165311852,0.9302314542469761,0.01583568362317453,0.0023485388252422273,0.7138509915549435,0.038568106305717144
847,0.00794012509887992,0.006260641341918016,0.9326328839802456,0.01373805077136394,0.00634223432481094,0.4309857610549346,0.02964225718399954
848,0.009065171089592159,0.0016014179071040238,0.9008255096703304,0.009940598834812301,0.0033947310605253766,0.7511686234723951,0.030124923287509257
849,0.006012989789561848,0.0028342461303702384,1.006865686989918,0.05417990857656172,0.0023545728130372973,1.0964786851665784,0.029657814609633168
850,0.00794012509887992,0.006257775851715883,0.985496583236369,0.013738378846208734,0.003780370147641278,0.8884571404570394,0.024790967385618656
851,0.0076640081651896865,0.0021220115007927723,0.9970074196884466,0.013447099496990871,0.003291007408446967,1.1054860544237821,0.02848249890804214
852,0.00794012509887992,0.006278007930864439,0.9356955839209743,0.013738191909019497,0.003538582803792957,0.8414924003040547,0.027550271631874585
853,0.0076640081651896865,0.0027936816802917506,0.9463807877004339,0.01344825651657042,0.00391258119834814,0.7291458849661153,0.026407969019210522
854,0.009065171089592159,0.0017681636418351672,1.1153597223249998,1.2521474279878881,0.0067120601177242285,0.8552459954330579,0.025971550139233062
855,0.0069477640272268895,0.0011202338128938367,1.061402127928957,0.016024677400998003,0.0024085436499683083,1.3203213838012917,0.042406104153306735
856,0.00794012509887992,0.0062577181923293085,1.011616796979078,0.013738050769921057,0.003100455433794391,1.3059779181525175,0.031359797294319765
857,0.006012989789561848,0.003564263496060769,0.9597987726311906,0.012857889127637821,0.0025750574219338324,0.6966937031109203,0.03217757818498652
858,0.009065171089592159,0.003221648104538191,1.0865400815056074,0.009917008412781545,0.004982586122059686,1.1258975344202649,0.031214396678232767
859,0.00794012509887992,0.0062577181923293085,1.0120863274095062,0.01373805076986264,0.003861683685020263,1.0158075119403538,0.02995666358920718
860,0.00794012509887992,0.0062355591445779086,0.9443055866137435,0.013738050769881775,0.003778891589819251,0.5498422007786256,0.02793352841946719
861,0.006012989789561848,0.003841699576887649,0.954615252293134,0.01414431347844171,0.002378177739224568,0.8366270302963729,0.028752268188859165
862,0.0076640081651896865,0.005351490025976542,0.9982416226145887,0.013447098724307565,0.003674252407518083,1.128437414507282,0.02922332872536246
863,0.0076640081651896865,0.001640021048054071,0.9463263945684668,0.013447098724211468,0.003003562983208709,0.8289539862664952,0.023631353460734125
864,0.0069477640272268895,0.0011262001507570194,0.969017676699489,0.015840262571344504,0.0024502613350022504,0.777271479939491,0.03670399696837163
865,0.009065171089592159,0.0017295956929463065,0.9835452032076437,0.009917920222895497,0.004477371593368436,1.2207724201267138,0.032493494453642496
866,0.00794012509887992,0.006227805054954763,0.9978044317586089,0.013738050769861964,0.0043986691402955625,1.106268322632457,0.029000436415904173
867,5.32147605677489,3.977386264754652,1.0349178175776728,0.01348253877847101,2.652132437434211,1.121584910314117,0.02931230992245055
868,0.006012989789561848,0.0037152736056749727,0.9437913817950112,0.01373607458624254,0.0033661601281531547,0.5016800209814618,0.031207835832500995
869,0.009065171089592159,0.001744263621145875,0.9685557219826577,0.009999415345257672,0.0042950186093865935,0.9346373465156402,0.029659416114285197
870,0.0069477640272268895,0.001124061088446127,1.0351323915264399,0.01583568520537636,0.003564290147966537,1.0766295680858786,0.038397071953790815
871,0.009065171089592159,0.001594188843761803,0.8967511837643177,0.009917003294868965,0.004212661220596164,0.5412289343286536,0.0197311847226319
872,0.006012989789561848,0.0033208119034774395,1.059799820682897,0.12772383396299697,0.0025273748004384497,0.945792059960795,0.03584877919842145
873,0.009065171089592159,0.0017381236811406819,1.1081298045170955,0.009920140998622498,0.003165505995281196,1.0024489939420935,0.03128448518445641
874,0.009065171089592159,0.001735783998186414,0.9375271063415015,0.009917003297681715,0.0036910396426624234,0.46158349612942173,0.015872241794044294
875,0.0076640081651896865,0.0017160686899459828,0.9440988612489618,0.013447248467259084,0.005942730788180756,0.6842290357891542,0.026841951526718793
876,0.0176690366304202,0.0073687625533632155,1.1048677569564076,0.013452074286526927,0.00960428107346057,0.9917920545302524,0.0262302539428056
877,0.0076640081651896865,0.011832323755544922,1.0935007836788444,0.014007179975592176,0.0047234707980242,0.8583231079099769,0.020654090247004393
878,0.0076640081651896865,0.002040392534088858,1.021375156167483,0.013471898802901717,0.0026860381131592697,0.7637409155512985,0.02522422107787709
879,0.009065171089592159,0.0017466577522619025,0.9239751019403472,0.009917003294867843,0.008015270819429224,0.9433563765621673,0.029430219800176887
880,0.0069477640272268895,0.0011203439359265778,0.9239429699685248,0.015835680894189,0.0036224059890088045,1.3876630631252673,0.03565756982120377
881,0.009065171089592159,0.0016260857251440333,0.9212526104455606,0.009917003295363564,0.004876481651888299,1.4950474337161597,0.026839096350242078
882,0.009065171089592159,0.001660324542786459,0.8510070819003807,0.0099171121934655,0.00933292303877561,0.8709382745819165,3.3099680146337804
883,0.0076640081651896865,0.001196437737028581,1.0774883420735677,0.013448167749137693,0.003180143276382056,1.2588493027147871,0.028088487232604945
884,0.00794012509887992,0.006290717277446932,1.0017777076943482,0.013738051085988134,0.0030950095369721513,0.6508642557906505,0.02640277161146964
885,0.00794012509887992,0.006290717277446932,1.008642917382795,0.01373805754906788,0.0030950095369721513,0.7661227583863897,0.027569511141257767
886,0.0069477640272268895,0.001147131067085251,1.0284206180456434,0.015835723341948413,0.0024345714649528956,0.7246711612094687,0.03336281254228641
887,0.0076640081651896865,0.002085113055132483,0.9805759673615936,0.013447098812130532,0.002939681538772228,1.1520261170067065,0.02737835983301052
888,0.00794012509887992,0.006257775851715883,0.9413495310405608,0.013738050774170011,0.0029536123381079193,1.0789773051653249,0.02387335898274602
889,0.0076640081651896865,0.0018509559848788664,0.9159338297245482,0.013447108050522145,0.005143711766829626,0.3595039531191184,0.020079670430494235
890,0.0069477640272268895,0.0011231743283167416,0.933161045078013,0.015835753059358228,0.003145264634535155,0.4169864304713111,0.03109128938153534
891,0.0076640081651896865,0.0017403591241882607,0.9751093060676632,0.0134470987699718,0.004150119823738331,0.6578377159488019,0.018016175306568183
892,0.00794012509887992,0.006257723738980255,0.9483330240646092,0.013738050769957526,0.003338747627098668,0.7467323684991435,0.03361724975096126
893,4.531508747728693,0.17194943387609857,1.060266480786336,0.009917323617522063,0.5507901414406443,1.2512231163579215,0.02953515703234
894,0.0076640081651896865,0.0012183658864580989,1.1132362861225136,0.24872908262732993,0.002806791098280579,1.2613097895538081,0.029410348248563974
895,0.006012989789561848,0.0038506359656615232,1.0450857858223939,0.012837832967330737,0.0026517347250314045,1.631440734419949,0.03318708030381409
896,0.009065171089592159,0.0017410375412647396,1.1114724714976667,0.011774467580655855,0.00280068917084229,0.8819501946022185,0.023178834901604634
897,0.0069477640272268895,0.0011161939236253018,1.122258495375205,0.01583569344646553,0.0022541731252431964,0.7063317601419353,0.031172896153257072
898,0.009065171089592159,0.0015747374072638237,0.9322231424699075,0.009917003320626965,0.004356557357201179,0.945466094160566,0.029559499805443108
899,0.009065171089592159,0.0017386035173387463,1.0038533332847492,0.009917003299410853,0.0039852521192893405,1.1273506841899097,0.031441048702505456
900,0.009065171089592159,0.0017386035173387463,0.9925560625970967,0.009917003375951982,0.0037454338848558403,1.2050789829957673,0.03126406420656617
901,0.0076640081651896865,0.002309916041502066,1.0103602798357694,0.01344709872421428,0.00442145040361928,0.7819701114818997,0.026851024833444585
902,0.0069477640272268895,0.0011197192265864394,1.0319472013932327,0.0158669594188519,0.0030467481933558805,1.3999409018440563,0.04025753682596283
903,0.0069477640272268895,0.0011355529956972807,0.9317203794195881,0.015835680891007068,0.0026831699141218273,1.4565700432879858,0.034364029330531794
904,0.00794012509887992,0.006257723738980255,0.9697600917923401,0.01373805076986219,0.004390038093601246,0.690584833507447,0.022523622202728723
905,0.0076640081651896865,0.0017660270080305822,1.0229342182479089,0.01344709872442909,0.0027044737829348873,1.0938468074773695,0.028888178571429474
906,1.6865617960810773,3.312273791192637,1.0463868631437119,4.516471518392207,0.04718977466704111,1.0636010011414632,0.03253632876095643
907,0.0069477640272268895,0.001120130730434126,1.0611095977194027,0.016049794643758386,0.00242073883641345,1.2830341182636196,0.04231490248658446
908,0.009065171089592159,0.0017579368451014047,0.9985973235934992,0.009917159289565393,0.003419498817476747,0.7848642016432924,0.027754776640783525
909,0.0076640081651896865,0.0011929698289286006,1.0348515210774114,0.01406268697309725,0.0026860381131592697,0.8809567618044143,0.022720816774555973
910,0.0069477640272268895,0.0010959204285850984,1.0226155492483289,0.015835685237327406,0.0022541731252431964,0.9287693021067234,0.037805175955279456
911,0.0076640081651896865,0.0013499883221060854,0.9187879907737353,0.013447099180846727,0.005104160366467602,0.5785093543360752,0.023127632244566824
912,0.0076640081651896865,0.002192842605318886,0.9463160969974134,0.013447098724211355,0.0026860381131592697,0.6799228992235712,0.025481470903321018
913,0.0069477640272268895,0.0011209007286590005,1.01843722169077,0.01583568163011117,0.004076745429836739,0.7254674960341009,0.03802753123073352
914,0.00794012509887992,0.0062577181923293085,1.0457110129734126,0.013738051254011313,0.0033932927829075235,1.0744015831694127,0.03225260190850092
915,0.0076640081651896865,0.0017529121907483285,1.0766824180066543,0.01344840499418425,0.0026860381131592697,0.7448919933402435,0.020062587902711128
916,0.00794012509887992,0.006257723738980255,0.8705131865810156,0.013738050809414528,0.003593788653754541,0.2967109541195862,0.013839300434879166
917,0.009065171089592159,0.0017416022328000111,0.9505863045982444,0.00991700329530279,0.004521503211003202,0.5119359445566243,0.014934483767330402
918,0.00794012509887992,0.006257723738980255,0.9182014226777231,0.013738050769861964,0.003270713889792924,0.3339577043571673,0.014613895517530305
919,0.0076640081651896865,0.0027405333092142144,0.9638302560377228,0.013447098724211804,0.00337888459695212,0.6041933529959982,0.02636099823156015
920,0.006012989789561848,0.003520184121983613,0.9750700813778784,0.01283683654351488,0.0024220201646984285,0.5189933821598874,0.027218905978508394
921,0.006012989789561848,0.0033047485118034006,1.0676605808317203,0.01284081318976856,0.0022938131075383493,0.8312869717396266,0.024029889227408768
922,0.006012989789561848,0.00330276522363685,1.062157940977929,0.012836668349019814,0.0022938131075383493,0.8386465695292717,0.022734918319429444
923,0.00794012509887992,0.006283427309082119,1.0715086086633567,0.013738146916329295,0.0027250653030743183,0.9429076600895872,0.020198228663407064
924,0.00794012509887992,0.006283427309082119,1.0715086086633567,0.013738146916329295,0.0027250653030743183,0.9429076600895872,0.020198228663407064
925,0.006012989789561848,0.0036057210955625424,0.9431407939431663,0.012845624583808403,0.002529735288409369,0.6780417244417558,0.031991117379868705
926,0.006012989789561848,0.0035515329149502736,0.9566046884141531,0.01289784649916938,0.0026608055680487994,0.7070181380195639,0.0311255231950789
927,0.0076640081651896865,0.0027655629271650306,0.9392922728197968,0.013460564018684056,0.0051134979402780905,0.5401486866428235,0.02829041946763857
928,0.0076640081651896865,0.0020851521397629792,0.9625388809401715,0.014678478318014701,0.0030389269037537727,1.0897692448736152,0.02938299455192914
929,0.0069477640272268895,0.0011177435934828241,0.9314086485030979,0.015845042065587116,0.002341224286943585,0.9494117869550744,0.036807863048713516
930,0.0076640081651896865,0.0017647980023470554,1.0247812071281517,0.013447098724292374,0.004127191292656365,0.9617654837989249,0.02850214502178439
931,0.0076640081651896865,0.002242552458658243,0.9349419114822842,0.013447098724211355,0.0026909166551302133,0.599861182892047,0.025313255786195053
932,0.009065171089592159,0.0032502873777629465,0.9160865594821186,0.009917003294865265,0.002848274074265705,0.7536403270440978,0.029432753573205094
933,0.00794012509887992,0.0062355591445779086,0.9522316623804046,0.013739070754415389,0.0035682198227762565,0.5896947242022019,0.029348212594006447
934,0.0076640081651896865,0.0013165322427143471,1.0293489449256985,0.013452438050284378,0.0035175949832693012,0.9142164211161251,0.027081982022895634
935,0.009065171089592159,0.0017281756797523438,0.9538134291868627,0.009917003294866498,0.0030059278499195386,1.0079870051010398,0.02289201631492279
936,0.006012989789561848,0.002879200465357885,0.9348114325127383,0.012847447162554029,0.0022938131075383493,0.6800362628471883,0.030914888605849292
937,0.0076640081651896865,0.0028220168187621003,0.9528143918268908,0.013447098736163569,0.0038595855023908347,0.9032887220239827,0.028284526255213334
938,0.00794012509887992,0.006290717277446932,0.9566692188128426,0.013738050771465353,0.0034843817690909697,0.583690601037143,0.031070022904813803
939,0.006012989789561848,0.004083031788812212,0.9281452300991645,0.012844618623941168,0.003141865434916436,0.5068510693683289,0.02869337027410193
940,0.0076640081651896865,0.0012941345399166762,1.1228699780191456,0.013447104961329476,0.0033898187911451496,1.5468898797345845,0.027179358885184825
941,0.006012989789561848,0.003315997503531801,1.0373588420777575,0.013249002271510019,0.002529735288409369,1.1736850456495358,0.03399228422358353
942,0.00794012509887992,0.0062577181923293085,1.0160046096131967,0.01373805076993749,0.0028669804226588006,1.1333165016004738,0.03237371463216884
943,0.0069477640272268895,0.0011203113078860137,0.9731566042542749,0.01583579094063589,0.0029421063859309715,0.9191921772452821,0.03712761983092113
944,0.009065171089592159,0.0017296298017095658,1.0507168087501273,0.00991700335232824,0.005032669803951591,1.2842533533822043,0.028235021572319635
945,0.00794012509887992,0.0062577181923293085,1.0326845240131821,0.013738050769863541,0.003393562359504248,1.241181398599694,0.028307083921137857
946,0.0069477640272268895,0.0011239455903245973,1.0275511750556965,0.015844870316797044,0.0028145612533151065,0.8882858950391664,0.03838519004903295
947,0.0076640081651896865,0.0020851521397629792,0.9419079594865768,0.01344709928659678,0.0026969679178537533,1.0133789724995028,0.026109822709318945
948,0.00794012509887992,0.006255492888529943,0.926652997634526,0.013740093900462531,0.0034048051525174066,1.4980538018831133,0.03018541144224717
949,0.00794012509887992,0.006220837810744613,0.9633056147096053,0.013738050769902824,0.002735489162608908,0.5464766171771058,0.024741491597966004
950,0.0069477640272268895,0.0010946384728903267,0.9261441749578855,0.015843114565781927,0.006202098357259569,0.551507962963622,0.03572159606418853
951,0.009065171089592159,0.0017238441202191003,0.9732646906441701,0.00992323449142244,0.0037878526823470694,1.2683652666878735,0.03116932635655794
952,2.997743606188166,0.015904333339147057,1.0639541269073507,3.5700367156649904,0.015770526612012167,0.759437946602568,0.02363093641647168
953,3.2315013612579997,0.12785732224904933,1.121134528805479,4.255937083897422,0.02591532077082166,1.1485961713510613,0.03772875036019109
954,2.0511554857756167,3.537352011028932,1.0163922459241206,0.024313592968827062,0.010646708306480035,0.7952096020894138,0.028511018695802373
955,0.0076640081651896865,0.0015150393545130844,0.9840360568209461,0.013447098724574924,0.004123770764367456,0.7242065286796431,0.024160313238924737
956,0.0069477640272268895,0.001114697105503708,0.8650080695941668,0.015835701270510847,0.0033475604310788352,0.45950188918671014,0.011912877420805584
957,0.009065171089592159,0.0017339137283029732,1.0543222607362,0.009917076846229689,0.003713912326704542,1.2221139094645574,0.03242194276462231
958,0.0069477640272268895,0.0011203713107956047,0.9196451159724307,0.016709547331711917,0.0024345714649528956,0.33051954809332534,0.023505634758533556
959,0.006012989789561848,0.0033105564058225293,1.0536015567582995,0.012837687010555541,0.003300451547789147,0.7766827186695119,0.022778921338858435
960,0.009065171089592159,0.0018690888857178958,0.9970570880327617,0.009917076026452356,0.003907363055070466,0.8460137528333584,0.022492446732074158
961,0.0069477640272268895,0.0011653161707919537,1.0447967622063434,0.0158368701301688,0.0026799188918000478,0.8055805884939873,0.03039959289334287
962,0.0069477640272268895,0.0011107976066648938,1.0998008205846814,0.01583931586293633,0.0031238607283728763,1.2000323879130623,0.03954537287485048
963,0.006012989789561848,0.0040920022315967565,0.9574195676163735,0.013994807535511909,0.004549564344150488,1.427526918610627,0.030271465968809644
964,0.006012989789561848,0.003827518447048057,0.92412769255909,0.012835599035692983,0.003200346171947789,1.3480645401106273,0.02894760498769841
965,0.0076640081651896865,0.001406140802432787,0.8866291670010881,0.013447098727130824,0.003037983028411721,0.6140316497191345,0.025765839804436343
966,0.00794012509887992,0.006196714234994729,0.9012599325217856,0.013738050769922296,0.003815373913833352,0.49891257404515826,0.028902561576082154
967,0.0069477640272268895,0.0011233298471051995,1.1419298053035065,0.015835680891033464,0.0030852955135813103,1.9466698550048245,0.0392878491384887
968,0.0076640081651896865,0.001391878281577987,0.8834741970459996,0.013447098724211804,0.003383765091281198,0.6956977198976658,0.008357009957553854
969,0.00794012509887992,0.006257723738980255,0.9230158169757182,0.013738050769861964,0.0027250653030743183,0.709527380612505,0.01662410226339777
970,0.006012989789561848,0.0032738773234685793,0.9640579712072535,0.01285976500146713,0.0031767477850651116,0.7758112629223254,0.026646114067002617
971,0.00794012509887992,0.006257775851715883,0.9737008442671659,0.01373805076986309,0.0027752539475198426,1.043780726900768,0.02329489064988018
972,0.006012989789561848,0.0030796268713853153,0.9366540914350018,0.012845187516381456,0.0024648189092480446,1.0860684893767103,0.024897204632811976
973,0.006012989789561848,0.003588606812202232,0.9755159249685655,0.012918721011405667,0.00403743402026502,0.5459119672319406,0.025726197628381943
974,0.00794012509887992,0.006260641341918016,1.0052150875986734,0.013738060245326606,0.002805280201960146,0.6975095676112921,0.023653186577321673
975,0.006012989789561848,0.004173369101255286,0.8536332789888916,0.01316859705770212,0.005579354736040787,0.6522567141495363,0.028324539526444484
976,0.00794012509887992,0.006257723738980255,0.8500286509519509,0.013738059538394127,0.0042385565524366885,0.699582724458714,0.030157132951227694
977,0.009065171089592159,0.0016512844572633414,0.8992394742341582,0.009917003294865152,0.0032813591563965695,1.1600718465726056,0.0278654670780283
978,0.00794012509887992,0.006290711701643339,0.9915076769316757,0.013738050769917456,0.0028473793325810323,0.9714670302820567,0.0245982676679552
979,0.00794012509887992,0.006290711701643339,0.9716435287447073,0.013738053734605635,0.004399601731096421,1.0807914877043079,0.027034154965029714
980,0.009065171089592159,0.0017378080806418137,0.9978352568919886,0.009917003314042876,0.003242996043811359,1.4391419928438272,0.026855577822273775
981,0.009065171089592159,0.0017287461556047322,1.0369846282512276,0.009917003294865265,0.0033250552000105293,1.3261014433321776,0.02724188057366246
982,0.0069477640272268895,0.0011103894610194796,1.0270942193292385,0.015835680891265483,0.0022541731252431964,1.0129999872375912,0.025966209237992987
983,0.0069477640272268895,0.0011158656224558505,0.9775990161399878,0.01583568090438663,0.003593832156544711,1.0281986491268982,0.036457193925434235
984,0.00794012509887992,0.0062577181923293085,0.9577357845502713,0.013738050769861964,0.0035663839069084596,0.9668358618603495,0.024552494809565582
985,0.006012989789561848,0.0033573689958771827,1.0248152598564515,0.01283560454624648,0.0027982496052340305,1.389070344668757,0.02982353451059729
986,0.006012989789561848,0.003373968853915283,0.9552957683209882,0.012836033816854626,0.0028714900962776503,1.4653214754448947,0.029035720298403248
987,0.0069477640272268895,0.001121896389888138,1.013298615345851,0.015835700734290723,0.0030146121064974583,0.5072529215905657,0.03576054830055911
988,0.006012989789561848,0.0038266086269285564,0.9588644707924582,0.012835746756481622,0.003976222197483006,0.7768059381561359,0.03170278149385777
989,0.00794012509887992,0.0062577181923293085,1.0102790404022666,0.013738050769865116,0.0037382955025277533,1.0792731800310473,0.024240552814306694
990,0.0076640081651896865,0.0025679542132491574,0.9394954437878595,0.013447098724211355,0.004456691380858347,1.0391066243986298,0.024220737649167615
991,0.0069477640272268895,0.001112347698537502,0.9755603902716576,0.015835680891008876,0.003390660711699474,0.8644170210308074,0.02890548434290976
992,0.0069477640272268895,0.0011211558625731813,0.9235215374921482,0.01583568089101113,0.00237824756235803,0.7700389641562926,0.0161309931665294
993,0.006012989789561848,0.003605559633135558,0.9277494475158922,0.012835592190222204,0.0024922654515129533,0.885659917677436,0.026726567792661825
994,0.00794012509887992,0.006257723738980255,0.9331783483515622,0.013738050769861964,0.003834017620018949,0.7082746833492416,0.029075412901457928
995,0.006012989789561848,0.0035482691379576923,0.9793287294469571,0.012835592223492806,0.0026608055680487994,0.9805412434419449,0.030737234274431483
996,0.0069477640272268895,0.0011111952873229804,1.0629966010692562,0.015835680891060647,0.002597755945661402,1.0744003961230213,0.02232633171179473
997,0.0069477640272268895,0.0011317574724556585,0.9517200964490329,0.0158356808910082,0.003271534944328971,0.7820214602943958,0.011606300024216636
998,0.00794012509887992,0.006260641341918016,0.948081895412915,0.01373805304848717,0.004265632009323803,0.9354545019515725,0.026734513098218324
999,0.00794012509887992,0.0062577181923293085,0.9504398775965229,0.013738050769865229,0.003672024404470581,0.9920561304209696,0.03011581445796809
1000,0.006012989789561848,0.003330287249813956,0.9584982276939472,0.012835592184825304,0.0023052406008283086,1.0867203760177622,0.03052863954964282
1001,0.0069477640272268895,0.0011533667722647904,0.8524459943791829,0.015835680894843093,0.003295351672312295,0.29197968547171327,0.03555154352659098
1002,0.0076640081651896865,0.0010573355109356388,1.0144587154295597,0.013447098724378792,0.003009615083103865,1.0962083629059596,0.02656817593470904
1003,0.00794012509887992,0.0062577181923293085,0.9554524434222822,0.013738050769861964,0.0037612002508690717,0.8590308569680117,0.018057478932382923
1004,0.006012989789561848,0.004319112629426983,0.8455808357172923,0.012835595910741621,0.0033496931507089466,0.6028928837593264,0.027940241487032818
1005,0.00794012509887992,0.006226670195514697,1.0160912665942137,0.013738050769882675,0.0042778244911735345,1.1861652993045546,0.026475762477935056
1006,0.006012989789561848,0.003549418047051209,0.8750670339990578,0.012835592192397676,0.0030875450799521544,0.5114639644858021,0.026060634233020706
1007,0.009065171089592159,0.0017305318199352826,1.0597020212843187,0.00991700330046834,0.0037390549984998443,1.0585610039058184,0.0272589904802498
1008,0.0076640081651896865,0.0013114929620761313,1.009153292539875,0.013447098724211468,0.00442145040361928,0.8726772046455011,0.03342842971333983
1009,0.0069477640272268895,0.0011304930877588401,0.8802837997461956,0.015835680891013386,0.002646580983189293,0.5654450407807066,0.03509174941302751
1010,0.009065171089592159,0.0017340432438289735,0.981024018762256,0.009917003294865152,0.0029364222195005364,1.2890069365746388,0.028639781532561113
1011,0.0069477640272268895,0.0011213470578080094,0.8470338129381938,0.015835680891007294,0.002855504843965693,0.3925405522774341,0.03293505212722219
1012,0.00794012509887992,0.006290711701643339,1.007770738154649,0.013738185102097835,0.0028419336708731197,1.1846903019791653,0.029463748373947926
1013,0.006012989789561848,0.003797301828371813,0.8749301178828736,0.012835592192919586,0.002557180967621216,0.4863335583329887,0.03199940490080501
1014,0.0076640081651896865,0.0011636537430684702,1.1692738412030743,0.013447098895459577,0.0026969679178537533,1.0095428912589903,0.016182590699149624
1015,0.009065171089592159,0.0016116051522326459,0.9594889690189532,0.0099170032948656,0.00322577460045096,1.046871219825216,0.01961520775467635
1016,0.009065171089592159,0.0017368817239912732,0.9844037507928874,0.010175187224896094,0.003435603788619382,1.4403715148611063,0.02604857515236729
1017,0.0069477640272268895,0.0011107448326092124,0.9523926516634218,0.015835680891016658,0.00422369381555291,1.3888359540318769,0.027138412596985455
1018,0.006012989789561848,0.0033073647784331735,0.9279354502166027,0.012835947239359106,0.0035360307333824137,1.1001405166002338,0.01345330965886149
1019,0.00794012509887992,0.006262386924336663,1.006054070844381,0.013738050793842233,0.00316310392093741,1.06475669156434,0.03106045639623603
1020,0.00794012509887992,0.006254442398816889,1.0300860591418406,0.013738051059825252,0.003024903952867142,0.7871109188975863,0.024654903545842155
1021,0.00794012509887992,0.006254442398816889,1.0617853993522925,0.013740885958307913,0.003250443441143564,0.8030177904709495,0.02837563141070013
1022,0.006012989789561848,0.0035180613033780686,0.9677057503120573,0.012835592191612505,0.002666775722524689,0.6567662388131552,0.023063275987733178
1023,0.0076640081651896865,0.003650229209142828,0.9212049272627979,0.013447098724211355,0.004530129306949885,1.002567530124199,0.025540999846506315
1024,0.009065171089592159,0.001739938839832332,0.9878464898746742,0.009917003294865152,0.002986849552754912,1.173001003586326,0.025639650186634392
1025,0.00794012509887992,0.006290711701643339,1.0020913153109394,0.013738050769862077,0.0027250653030743183,1.0213940428001493,0.027319073363261937
1026,0.0069477640272268895,0.001137311375587001,0.8366312723713374,0.015835680891097756,0.002645005458120822,0.34083782836748416,0.004188170401845097
1027,0.0076640081651896865,0.0011562438378403229,0.9381250577128888,0.013447099796907966,0.003506655071103429,0.9208666244272385,0.00958530722048986
1028,0.006012989789561848,0.0041162697402453464,0.8928563876949849,0.012835592732622064,0.0032330873483770645,0.7584011945316363,0.004045362324498733
1029,0.00794012509887992,0.006290717277446932,0.9260529749888549,0.013738050769861964,0.00316310392093741,0.7425418786181248,0.015726902276222993
1030,0.006012989789561848,0.0038239636705864697,0.916250300194281,0.01283559219899044,0.0035163759115593037,0.9507442824170055,0.03618087253683851
1031,0.0076640081651896865,0.001047089278650645,1.0054168453472745,0.013447099911525236,0.002998683771874764,0.8065608678637569,0.03207039876500719
1032,0.0069477640272268895,0.0011030201380476988,0.8403203944615937,0.015835680894936487,0.0024502613350022504,0.7835157717466026,0.03402470340035475
1033,0.00794012509887992,0.006245138502535589,0.8530900334867219,0.013738050769861964,0.002979522739879754,0.8048364416380879,0.02883537635363555
1034,0.009065171089592159,0.001727645612360438,1.09072830414294,0.009917003303015008,0.007878709336614949,0.9500324213197661,0.02497759674216615
1035,0.0076640081651896865,0.0010585817044202887,1.07824793923724,0.013447098724211355,0.003383765091281198,1.067852102070539,0.024021560183791934
1036,0.0076640081651896865,0.001417141038503479,0.9544070516632545,0.013447098724211355,0.004402984271759501,0.9977850163534681,0.024313302378489613
1037,0.00794012509887992,0.0062577181923293085,0.8926989189244164,0.013738050769861964,0.002836955404782178,0.8251581768157066,0.0257243016494899
1038,0.0069477640272268895,0.0011112249204853885,0.9941539441925162,0.015835680891020155,0.0032674515899606773,1.060632746048291,0.03522792158872314
1039,0.009065171089592159,0.0015888151512277707,0.8817838824758488,0.009917003294865152,0.006186543407832157,0.6863060955951318,0.015133387848531275
1040,0.038746309514159166,0.7257861126938171,0.9396659999103927,3.6464906957958028,0.15261247418414092,0.9804829205794345,0.028151603085670798
1041,0.0076640081651896865,0.0010452658692221817,1.0172057281610747,0.013447098739835158,0.004402984271759501,1.1711924537400378,0.031696578662099344
1042,0.0076640081651896865,0.001196790022750714,0.9879301097133754,0.013447098724338283,0.00337888459695212,1.2652882032231418,0.029762346776355423
1043,0.006012989789561848,0.0035262260169968435,0.9694352890516883,0.012835592185030649,0.004924243441320473,0.8830906371745461,0.03378451344038891
1044,0.00794012509887992,0.006290717277446932,0.9447640755091239,0.01373805077068634,0.003180327412967215,0.5780051117843439,0.029944140326335297
1045,0.25357668462435007,0.5442548341410895,0.856201100488057,0.013455624687115027,0.02825695338236896,0.9453914404651725,0.01988024473410108
1046,0.00794012509887992,0.006290711701643339,1.0103423650680128,0.01373805076986748,0.0032328883482660243,0.9429701466378471,0.025554497487510226
1047,0.00794012509887992,0.006290711701643339,0.9231621519830779,0.013738050851813234,0.004205681499407793,0.893657387887652,0.02259840152979593
1048,0.00794012509887992,0.0062577181923293085,1.06800815912358,0.013738050770577609,0.00329878141258868,0.8705261062669978,0.030083399998250666
1049,0.009065171089592159,0.0017363977653670783,1.0713189299327188,0.009917003296432489,0.0031351259101693777,0.9976712878742696,0.03107599116671281
1050,0.0076640081651896865,0.00121889862333297,0.9974051630935022,0.013447098724211355,0.00509056348098043,1.0947660811522413,0.024422200473542138
1051,0.006012989789561848,0.003822037915731422,0.9742986908190999,0.012835592202802828,0.002965480403610545,1.0222620919980492,0.02359010577809133
1052,0.009065171089592159,0.0017377826688001008,0.9731297931234234,0.009917003294865152,0.0033866145982544616,1.1059002442609844,0.02800134656924351
1053,0.006012989789561848,0.0033175745711025075,0.9954785565223868,0.012835592221971155,0.0033341772519069747,1.3653511816496566,0.028829478365947944
1054,0.0076640081651896865,0.0016536268912130056,0.9173786126887271,0.013447098724211355,0.0049622816861228025,1.1188159037317769,0.023081775401027023
1055,0.0069477640272268895,0.0011112930702249558,1.0509177582238447,0.015835680891063467,0.00242073883641345,1.0425190357369656,0.02429690675230108
1056,0.006012989789561848,0.0033245877345532784,0.973342229187361,0.012835592184292484,0.0024220201646984285,1.2300261546774642,0.034329918832268866
1057,0.009065171089592159,0.0017379084255412357,1.064793048135099,0.009917003294865265,0.004190194664843147,1.034383086068081,0.023230628441482788
1058,0.0076640081651896865,0.0010254915824859452,0.9532004369101209,0.013447098724257716,0.0026860381131592697,0.8762708975867716,0.033968297760659086
1059,0.0076640081651896865,0.0030628472395470797,0.919764775984774,0.013447103157562762,0.004325987780389094,1.2168417536132978,0.017832132601584057
1060,0.0069477640272268895,0.0011184291862134383,0.9369859246628862,0.01583568089249246,0.003262915070416074,0.6476884499323171,0.019167845569896483
1061,0.006012989789561848,0.004112623852532022,0.9146248924755763,0.012835592282403942,0.002415491997248611,0.7719332584444153,0.01456709478398439
1062,0.009065171089592159,0.0016223840883464236,0.9306464037578122,0.009917003294865152,0.003176781694707381,1.1498602554043897,0.029401066448597572
1063,0.0076640081651896865,0.0014288695978737888,0.9432154076664233,0.01344709872430509,0.005914846933687806,0.8511989079571664,0.0357432287615875
1064,0.006012989789561848,0.003718849174783759,0.9031382380623713,0.012835592184243903,0.003571958945865098,1.049720531512114,0.028504888447117075
1065,0.00794012509887992,0.006290711701643339,1.009785967599687,0.013738050769866578,0.0030900310634754606,1.043182108688065,0.02345500864845716
1066,0.0076640081651896865,0.0017913979555252994,1.042147888108289,0.013447098724211355,0.003383765091281198,1.5394146627628587,0.025347494978066976
1067,0.0069477640272268895,0.0011131679796800842,1.0577799050616334,0.01583568089303455,0.0024345714649528956,0.9936573711183452,0.022595579440275324
1068,0.006012989789561848,0.003092020657556453,0.9293509241253732,0.01283559219091595,0.004794779773407143,1.5386907309593285,0.02859255532333549
1069,0.009065171089592159,0.0017378085480312289,1.000199720788088,0.00992608067987741,0.004866481685226786,1.4612236573330277,0.026788245272686178
1070,0.0069477640272268895,0.001106047133227624,0.9764814499540112,0.015835680891010114,0.0042245978414000036,0.6477923287351942,0.027960580084728345
1071,0.0069477640272268895,0.001110875484865309,1.0298983905219623,0.015835680891830357,0.0023068185688426028,0.9584137725101612,0.02465594248720239
1072,0.009065171089592159,0.0018247451732450216,0.918842607817246,0.00991700329493456,0.004079212885860446,0.893721317592343,0.02896116192374012
1073,0.00794012509887992,0.0062577181923293085,0.9355424809261034,0.01734671676842135,0.0033661178525588704,1.1667672398945532,0.023975456048536993
1074,0.009065171089592159,0.0017996223476295916,0.993248455593722,0.009917003294890044,0.0042632604518014015,1.077491186142899,0.02886318848428419
1075,0.006012989789561848,0.0035436858323366575,1.0117553812494149,0.012835592330565698,0.0023117685148204936,1.018180235606926,0.029426151294001213
1076,0.00794012509887992,0.006227805054954763,0.9247475204094855,0.013738050769870407,0.00501863388816837,0.6873064542036312,0.019742767119769102
1077,0.006012989789561848,0.003567975791386155,0.9251927106533702,0.0128555348692191,0.0024040640722286597,1.0131887987233057,0.0362095104688339
1078,0.0076640081651896865,0.0024711301882753244,0.924337406863975,0.013447207504188928,0.006053341077312882,0.9468854710462403,4.045273174650117
1079,0.0076640081651896865,0.0010252528667118019,0.9887797848043177,0.013447098724216868,0.0038411338038478993,0.9293914601228049,0.034856880013222735
1080,0.009065171089592159,0.0016225037746570449,0.9287914146978956,0.009917003294865152,0.004003305655223507,1.0307380101560408,0.028168115187348117
1081,0.0076640081651896865,0.0014354561708794938,0.8495469773080814,0.013447098724211355,0.004085264477260706,0.7057067984375716,0.02147913395702023
1082,0.00794012509887992,0.006226670195514697,0.9920910596586606,0.01373805076986219,0.00329878141258868,0.832458665369299,0.028302896004554483
1083,0.00794012509887992,0.006257723738980255,0.8788330901225236,0.013738050769862302,0.003620743397858337,0.5937734805599995,0.023062300599654802
1084,0.0069477640272268895,0.0010909224969960771,1.112421664336016,0.015835680891033124,0.002611589149061646,1.1389221734620099,0.03399366702481917
1085,0.0069477640272268895,0.001133532848452041,0.9892623333237881,0.015835680891007068,0.0032127196660382434,1.361484390413987,0.02569639492368413
1086,0.009065171089592159,0.0016059549967853345,0.814779604112731,0.009917003294865152,0.005456841121448193,0.5047331018880582,0.020015120433735684
1087,0.0076640081651896865,0.0011968374692592765,1.011597181378378,0.013447098823041325,0.003009615083103865,1.1858668903929297,0.033513508351148635
1088,0.00794012509887992,0.006290717277446932,0.8513504621385399,0.013739318625214911,0.00311292913377528,0.4313909992306433,0.027625950016200614
1089,0.009065171089592159,0.0018102712663278777,1.0108240231964893,0.009917478997696558,0.0028149404378869152,0.980471861517608,0.02707700655242084
1090,0.0076640081651896865,0.001202730952933227,0.9379076445381146,4.685004658118148,0.0030171219972152333,1.080479188659503,0.029801022332682458
1091,0.0076640081651896865,0.0017863788522532438,0.9997718401284804,0.013447098725938618,0.0034066416110264857,1.4918265972709137,0.031032442441232797
1092,0.0069477640272268895,0.001135335555911187,0.9171533477850107,0.01583568089104339,0.00360603480955555,0.9132141084224922,0.010402878656828974
1093,0.0076640081651896865,0.001783476777803425,1.0252875693031513,0.013447098724211355,0.003009615083103865,1.0107100687794803,0.02214571716125618
1094,0.0076640081651896865,0.0024259944927453162,1.0232022546919082,0.013447098726958998,0.0035603229525128107,0.8469552785140909,0.024273693191470682
1095,0.00794012509887992,0.006290717277446932,0.9980234938217158,0.013738050769981164,0.003079456001769591,0.7012431119482657,0.022244772818123665
1096,0.006012989789561848,0.003330287249813956,0.995816280264026,0.01283559252711721,0.0022938131075383493,1.029443476910153,0.024177463546484618
1097,0.0076640081651896865,0.001462045844802207,0.8705543566820814,0.013449013591883326,0.0038595855023908347,0.5325997062472645,0.01591103181474489
1098,0.006012989789561848,0.004189786959805833,0.8996929490073196,0.012835592219680754,0.0024922654515129533,0.6939164746916467,0.017000437809144956
1099,0.00794012509887992,0.006283427309082119,0.9862401488701904,0.013744107773556656,0.0030900310634754606,0.946336530111554,0.02948542405074448
1100,0.0069477640272268895,0.0011087548063402934,0.8805467038556309,0.015835680891654283,0.002313685860716902,0.3711301508353307,0.03681466403747152
1101,0.0069477640272268895,0.0011038842211571257,1.1432430703432437,0.0158356847568125,0.0026450769476209037,0.8088046044354766,0.03485848995116341
1102,4.900721786871166,0.9583835895327506,0.9938900640202811,0.00993613861197208,1.5154887862128965,1.1430865409870288,0.03165431835185367
1103,0.009065171089592159,0.0017252764711837912,1.0201854986520489,0.009917003294865152,0.0034717563713860225,0.8451546095080896,0.02055042349746618
1104,0.0069477640272268895,0.0011026003897274702,1.013954228337107,0.015835680907338123,0.00681090456394711,1.199434965145176,0.03666904926625838
1105,0.006012989789561848,0.004389080706177194,0.8663132858640784,0.012835594479259915,0.0024388525794271066,0.7266136950523404,0.013755072351761818
1106,0.009065171089592159,0.0017283535704590337,1.011525875562282,0.009917005230447773,0.006714586065700729,1.0478089851097705,0.03206140095419832
1107,0.00794012509887992,0.006290711701643339,1.0441996763512853,0.01373807989754139,0.003578859930933721,1.2047591217184082,0.020245690032359598
1108,0.009065171089592159,0.001725304032312681,0.9337227977044609,0.009917003531510156,0.004469681595898942,0.930734868282459,0.026429939229168354
1109,0.0076640081651896865,0.002684954430390769,0.8599152834221647,0.013447098724211355,0.0034066416110264857,1.1637568614638065,0.024148479998903356
1110,0.0069477640272268895,0.0011123343079233283,1.0354534622079523,0.015835680898632985,0.0030738588343315683,0.8730904306820736,0.026089240027552644
1111,0.0076640081651896865,0.0012013700097538034,0.920101267394234,0.013447098725229596,0.00337888459695212,0.9111121194300947,0.03037134032779698
1112,0.0069477640272268895,0.0010916919468645142,0.9576506223813084,0.01583568089100865,0.0032357357181986538,0.9376226868099459,0.02429371262233421
1113,0.0076640081651896865,0.0012012589133580077,0.9386418654905656,0.013447098849789604,0.0033898187911451496,0.9129982559802692,0.030617058153603573
1114,0.006012989789561848,0.0038310269356132244,0.898728954250345,0.012835592187770202,0.005492841646635031,1.0154508500567063,0.023748439640949928
1115,0.006012989789561848,0.0033256659176150345,0.9993251526266888,0.012835592268982031,0.002839699536384479,1.3821247184638314,0.028177913517622194
1116,0.006012989789561848,0.0038105188692681862,0.896546399382801,0.012835592808589369,0.0025853635496870054,0.9112360890465955,0.018398891612365277
1117,0.006012989789561848,0.0033192633184080628,0.9568452310256795,0.012835592188384216,0.0026733046985075682,1.1597936719393571,0.03335441730986781
1118,0.009065171089592159,0.0017373175928106666,1.015930630972676,0.009917003294881746,0.004887295990908343,0.9288811354299421,0.026635371731483896
1119,0.44575056590365736,0.29077412588839463,0.8725685075549082,0.01836696817793612,0.15428951485653822,0.9501093658142191,0.012017747299002119
1120,0.009065171089592159,0.0017154654108619,0.9261743749674853,0.009917950168268743,0.003995930720855589,1.0334556156001808,0.005494333823966672
1121,0.006012989789561848,0.0038515766638469815,0.8839518188955536,0.012835592235353594,0.003752478430220023,0.9057983044378581,0.022589837243764777
1122,0.009065171089592159,0.0015841830481637853,0.8802405403339766,4.693249329159347,0.010118054592753724,0.6673731309899268,0.03173907008017995
1123,0.0069477640272268895,0.0011103665834167806,1.0499521553898656,0.0158356808910082,0.0022541731252431964,1.0771685968657168,0.024303760917232364
1124,0.00794012509887992,0.0062577181923293085,0.9439663855954221,0.01373805119792836,0.006663978788773673,1.1224410626841723,0.029373667624448756
1125,0.0076640081651896865,0.0017905602497654684,1.0317536078752676,0.013447098724211355,0.003003562983208709,1.5619258692858353,0.02506371070608494
1126,0.006012989789561848,0.0033408687257729516,1.0239526312914555,0.012835606502644339,0.0027982496052340305,1.3637156621260298,0.029161059427841814
1127,0.006012989789561848,0.003297516944562372,0.9987896976170549,0.012835594028405515,0.0022938131075383493,0.9841176516488387,0.030931597412203617
1128,0.00794012509887992,0.0062577181923293085,0.9926987494234226,0.013738050769861964,0.00633772231904143,1.3273992802003716,0.018744207867886574
1129,0.0069477640272268895,0.0011198627337314793,1.0361909946838266,0.01583568089970081,0.0033849948311882897,1.4270881031622276,0.038092390149323134
1130,0.006012989789561848,0.003361479905740002,1.016380747974278,0.012835607043467001,0.002954048709858684,1.3825624962130996,0.028810935580292144
1131,0.0076640081651896865,0.001444269424758634,0.9191048351202374,0.013447108163725312,0.003671116692455669,0.9204062954569313,0.022234408992910664
1132,0.009065171089592159,0.0017485324472905149,1.025254042938026,0.009917026801690853,0.0034273004783886545,0.7891101215850275,0.03161563054838499
1133,0.009065171089592159,0.0016121784120918736,1.0018239005501457,0.009917003294896547,0.003959616114423171,0.9225541925754775,0.01691789883531493
1134,0.006012989789561848,0.0033346861632518564,0.9995886890380307,0.012835600875768386,0.002803709256867092,1.1389370005720825,0.02337588286783451
1135,0.006012989789561848,0.0035550501092402377,0.9748921687338289,0.012835592210629129,0.0027828055574718935,0.6499448832388005,0.027655643108585024
1136,0.006012989789561848,0.0035187009609529154,0.9619431895047602,0.012835592185147042,0.0026608055680487994,0.6998337432609429,0.021919056706249874
1137,0.0069477640272268895,0.0011227663652813174,0.963011004112767,0.015835680891007183,0.00248721393024447,0.9021580163051786,0.01855862511751589
1138,0.00794012509887992,0.006257723738980255,0.8910888175095949,0.013738050769931075,0.004280852714416108,0.6858015280384615,0.02350366526122252
1139,0.00794012509887992,0.006257723738980255,0.9583869089048513,0.013738050769861964,0.003530386579800627,0.8666192789265273,0.022792570013875614
1140,0.00794012509887992,0.00627270195814506,0.9888970054344144,0.013738050769861964,0.00315062903707057,0.9774372812569146,0.023973500590251707
1141,0.009065171089592159,0.0017444619506083064,1.0063328766263375,0.009917003294865152,0.003002514851652818,0.9886528515133332,0.027536269715521762
1142,0.0069477640272268895,0.00111863003868054,0.9542641272114424,0.015835680891007294,0.0036724867476565486,0.859331059517268,0.016026403149401416
1143,0.0069477640272268895,0.0011071714751414035,1.0376381940255557,0.015835680891007068,0.002638193446610468,1.5823813769385735,0.022861162824119364
1144,0.0069477640272268895,0.001126972275090408,0.9822005298928356,0.015835683259419323,0.0025855602817769913,1.0840020974686415,0.026611342070643806
1145,0.006012989789561848,0.003308615347952072,0.9335156093222582,0.012835592192409933,0.002965480403610545,1.0664454721023868,0.028252794383704823
1146,0.009065171089592159,0.0016387529110641513,0.8219470468282777,0.009917003294865265,0.0031289746308095522,0.411118900964428,0.022974286642408172
1147,0.0076640081651896865,0.0010225150009841072,0.9911198918669925,0.013447098724211355,0.003003562983208709,1.1211097181105383,0.030286246060361635
1148,0.006012989789561848,0.0038062401810755684,0.8953623525649874,0.012835592198095174,0.003359878114303609,0.565211563479499,0.02603398766739783
1149,0.0076640081651896865,0.0014248836738472261,0.84663314468054,0.013447098724211355,0.0038411338038478993,0.510804254981076,0.019547785090765567
1150,0.009065171089592159,0.001734631099422334,0.9813404199991544,0.009917003294894979,0.0053743377576553975,1.25110420926404,0.028372414619352995
1151,0.0076640081651896865,0.001982724156243055,1.0149938976043282,0.013447098724211468,0.003003562983208709,0.6608194585473653,0.023168664322203537
1152,0.00794012509887992,0.006236676367797789,1.0498630616117242,0.013738050769862752,0.003768330714783395,1.0487772691388388,0.029727953893754346
1153,0.006012989789561848,0.0035586067395754995,0.9712808683016677,0.012835592239485135,0.0024040640722286597,0.9667811527396809,0.028792576570739678
1154,0.009065171089592159,0.0017298943963263676,0.9378355061258428,0.009917003298954825,0.0038602275879972767,1.0538194655530442,0.02974699162249842
1155,0.0076640081651896865,0.0013109263205094209,0.9955824873708892,0.013447098724211355,0.0035115381129291892,1.0565624017007549,0.025708269846673598
1156,0.006012989789561848,0.003789988098596855,0.8964184070853422,0.01283559218549487,0.0029791523832779095,0.6769469539404656,0.027978638397847925
1157,0.0069477640272268895,0.0011145273964052462,1.0048024170564058,0.015835680924788997,0.0023068185688426028,1.2401515811127417,0.026493733724435534
1158,0.00794012509887992,0.006257723738980255,0.8808373568863567,0.013738050769861964,0.0042366513714585516,0.37353519394180684,0.02674300835317921
1159,0.0076640081651896865,0.0010639643354199316,1.0391982196058074,0.013447098754074674,0.0026860381131592697,1.0208171015094392,0.026307831226078597
1160,0.00794012509887992,0.0062577181923293085,0.9567540059480047,0.013738050769861964,0.0029585917975473103,1.0183189473160905,0.02140611566457205
1161,0.006012989789561848,0.0033738291635617653,0.9556696141471837,0.012835918867752405,0.00319713275825388,1.4680626563249441,0.02895638201842871
1162,0.009065171089592159,0.0017154692056469494,1.0112392768788312,0.009917003296971828,0.004935328016925591,1.130499823091532,0.03004882320156398
1163,0.006012989789561848,0.00440697363266744,0.8856672403771244,0.012835592184282364,0.004624040597796188,0.9300026780313385,0.015281301814828318
1164,0.00794012509887992,0.0062899068094693185,1.0157773046294682,0.01373805090926827,0.0033878570562700006,1.4227371903237802,0.017374468081324815
1165,0.006012989789561848,0.0035146836628964593,0.9917657789939399,0.012835592192789362,0.0025242765073696565,0.7396790443842968,0.009524144613537346
1166,0.009065171089592159,0.0017824918815208335,1.0178442403769035,0.009917003294948464,0.0031479091945250757,0.7098114227066392,0.023784691879683795
1167,0.009065171089592159,0.0017744073789843654,1.0073895450637003,0.009917003294870422,0.0028667568574254386,0.7303045463301662,0.02485677757156239
1168,0.009065171089592159,0.0018168605265326478,0.9364171649043714,0.009917003294865152,0.003401782760886573,0.8992758820693459,0.029094642306356895
1169,0.006012989789561848,0.0033570761742320997,0.9745291622929847,0.012835592184783808,0.0027709017146030695,1.453690973888141,0.02648367853772939
1170,0.0076640081651896865,0.0013970762722834511,0.9706908710612809,0.013447098724211355,0.0038411338038478993,1.1244946560035207,0.02620917619311772
1171,0.009065171089592159,0.0015770211631592642,0.8527741373921826,0.009917003294865936,0.005247423936636586,0.6947182064422919,0.012317874097281443
1172,0.00794012509887992,0.006257723738980255,0.8821800451332201,0.013738050769861964,0.003217650797973676,0.654747657163927,0.01483392680056988
1173,0.009065171089592159,0.0016180910869228956,0.8967459271883725,0.009917003294865152,0.00280068917084229,0.7442109714108697,0.010651188585472343
1174,0.0069477640272268895,0.0011341547140745114,0.9587220241735398,0.01583568091773675,0.006075225538457945,0.809267633599377,0.025243353497128234
1175,0.006012989789561848,0.0033065735395468626,0.9544947382582601,0.01283559226169395,0.003988739515786444,0.9536560699778412,0.03759892281858813
1176,0.0076640081651896865,0.0010469596960019133,0.9942598025139948,0.01344710314460187,0.002998683771874764,0.824726691901997,0.033716343166282726
1177,0.00794012509887992,0.006245080842420313,0.8695710141831616,0.013738050909655358,0.004295090556918083,0.7629936406218073,0.005463342001341543
1178,0.00794012509887992,0.006245138502535589,0.8425953278376421,0.013738050769861964,0.0031994486995968663,0.7944880780778903,0.02592818873728941
1179,0.0069477640272268895,0.001109590824229019,1.0974179622876017,0.01583568329312252,0.0022541731252431964,0.9127362961413946,0.03898957397260087
1180,0.006012989789561848,0.0035732032814319533,0.9821755975859952,0.012835592269784184,0.002816209536678192,1.4008820458031648,0.028482845010390702
1181,0.00794012509887992,0.0062577181923293085,0.991901773623636,0.013738050769861964,0.004463387233807577,0.7499658360103264,0.022563728278186243
1182,0.009065171089592159,0.0016197696617108086,0.9015402657924156,0.009917003294865152,0.002986849552754912,0.950047447301708,0.025728718641228658
1183,0.00794012509887992,0.006290711701643339,1.014286322305743,0.013738050769897871,0.004886650207252815,1.3788424145637608,0.029198485672783443
1184,0.00794012509887992,0.006278007930864439,0.9011016247161386,0.013738050769861964,0.003896147038148894,0.756034510183147,0.006652216500728645
1185,0.006012989789561848,0.0034194769603317007,0.9280949902070613,0.012836300126267911,0.0026046660361297214,0.9675355752646617,0.029605756418464715
1186,0.00794012509887992,0.006290711701643339,1.0571526857076767,0.013738053449890365,0.003578859930933721,1.2626078229355364,0.019298511100109342
1187,0.0069477640272268895,0.001117178718370939,0.9787117161413643,0.015835680891267287,0.0028007270756941396,1.1465860846694378,0.022017109392742942
1188,0.0069477640272268895,0.0011131679796800842,1.0604575012742743,0.015835680893863814,0.002313685860716902,1.1017723826756183,0.024031208906604134
1189,0.00794012509887992,0.006243029626396323,0.8673257025796917,0.013738050769861964,0.0035506586371117916,0.6585332795485631,0.026794399063845706
1190,5.039290734811844,3.3070306095255226,0.8680313229011566,0.07361943694162969,0.17046504121425896,0.8947066030182155,0.023898407586200283
1191,0.009065171089592159,0.001740124383994937,1.0035922859993591,0.009917003294865152,0.004143056871540324,0.9533595753552041,0.0256896523477851
1192,0.006012989789561848,0.0038215289333049444,0.9205643764767794,0.012835592540232003,0.002954048709858684,0.8663632301425748,0.019566290462586646
1193,0.006012989789561848,0.003351277015284122,1.028380050663958,0.012835592300534633,0.002657541818549268,1.192141033256692,0.028586480117682778
1194,0.00794012509887992,0.0062577181923293085,1.050048603808485,0.013738050771446894,0.002974724340509907,0.8385482758850653,0.030179838438201132
1195,0.0076640081651896865,0.0012171150211482782,1.0072276716625546,0.013447098724218332,0.00509056348098043,1.176000523434949,0.024143714478235198
1196,0.00794012509887992,0.006290711701643339,0.9541391707934445,0.013738093125976306,0.003410757458110922,1.1489076289391393,0.02455002393760727
1197,0.0069477640272268895,0.001111050200462568,1.0341539880530384,0.015835680891227583,0.0022541731252431964,1.1144300406921588,0.016721491731584305
1198,0.0076640081651896865,0.0010442693799981157,1.0009423836357607,0.013447098773193961,0.0026860381131592697,1.1768492736848755,0.03503388732456044
1199,0.0069477640272268895,0.0011219447203709933,0.8972747235876326,0.015835680891009438,0.0022958899202958315,0.7772463302778663,0.03563915862863283
1200,0.0069477640272268895,0.0011123343079233283,1.031038987283596,0.015835680891007183,0.0022541731252431964,1.0868783716158756,0.029070259172746634
1201,0.009065171089592159,0.0017290119863111375,0.9429588017542399,0.009917021451546446,0.0038935398069162358,0.8796681368075201,0.033913981003527424
1202,0.0076640081651896865,0.0010258308889951964,1.0274588355983003,0.013447098724211355,0.0038411338038478993,0.9835584521164648,0.029821881317449953
1203,0.006012989789561848,0.0033138499403185685,0.9493662106431098,0.012835592301071837,0.002415491997248611,1.0627548717111635,0.03343153863422289
1204,0.0076640081651896865,0.0025180550171001485,0.9068986683387467,0.013447098741420863,0.004709981501440444,1.1868625648212512,0.013078604680248261
1205,0.009065171089592159,0.001715185760546893,0.9256136602757853,0.009917003424197749,0.003249402793444411,0.9017344551994602,0.015044376867629617
1206,0.0069477640272268895,0.0011352919721109604,0.902044479569147,0.015835680891047112,0.00242073883641345,0.622870506413377,0.004116165678889268
1207,0.009065171089592159,0.0016223840883464236,0.9215222642086606,0.009917003294865152,0.004242446560140581,1.0424114716320592,0.0282546700040999
1208,0.006012989789561848,0.003320239083575859,0.9887480176785105,0.012835642717026334,0.003976222197483006,1.1601305421180896,0.03499960698004777
1209,0.0076640081651896865,0.0017634906155638498,0.9717474372245143,0.013447098724212592,0.0033973277029927247,1.017003522934062,0.027002602137732534
1210,0.008364085868530517,0.015577142098682722,0.7336166063837845,0.015114402361015676,0.0022528084632599224,0.6459576936171159,0.019614261090152043
1211,0.008364085868530517,0.015530377910289685,0.8676889426463997,0.015114402361131095,0.00265422878275662,0.809351060140785,0.01877966995382218
1212,0.008364085868530517,0.01407019217661382,0.7912499943841431,0.015114402361020185,0.0017892293130862469,0.6039524984564103,0.01938365171719442
1213,0.008364085868530517,0.01685400595285514,0.8385631272103381,0.01511440876477291,0.0019066706072024392,0.6524721960368437,0.014384033448631409
1214,0.00692563492608134,0.011871314814547538,0.735385412279751,0.013567754162501723,0.002468473752832566,0.8956458077250727,0.04436862356564508
1215,0.006400373644683982,0.03165632940966169,0.7671970231215248,0.015616506382250886,0.00281245425818703,0.9398562586563985,0.02273744516232517
1216,0.008364085868530517,0.0074786591667146286,0.725542096184667,0.015114402361015676,0.002065850235692635,0.6163132986378926,0.015949522294442006
1217,0.006400373644683982,0.035945216940340384,0.7415571387949588,0.015616506382250886,0.0016912819179279066,0.561393635628193,0.021029882204636533
1218,0.00692563492608134,0.024212724341548454,0.7975938748624445,0.013568007230384276,0.002082759578622869,0.8561958454752452,0.03978990834404176
1219,0.007301920426342251,0.0056158308337565625,0.77812814283766,0.012345674392715379,0.002191848859788402,1.6187237399622998,0.04661386694225412
1220,0.006465854470068727,0.004643770318240288,0.7283396155394988,0.015838585007200156,0.0018419362441170885,0.34083222278677716,0.04124875359945492
1221,0.006465854470068727,0.0055621646022144785,0.7366564704215337,0.015838585007200156,0.001956884950768362,0.38441649948392426,0.03741103830418748
1222,0.008364085868530517,0.009760249488659578,0.7921206356149866,0.015114402367241948,0.001802733469128855,0.789301810862196,0.015864293735890413
1223,0.006465854470068727,0.005127997583099102,0.7951062873120155,0.01583858500720038,0.0028574942562182965,0.9928346043088433,0.039239520247091375
1224,0.007301920426342251,0.005316902493330653,0.793242098841431,0.012345674392292637,0.0020598785237586114,0.8400094068434496,0.04853126032805779
1225,0.008364085868530517,0.011156393766586368,0.8470629881559049,0.015114402366695626,0.0019066706072024392,0.4219730534571973,0.01869279721757534
1226,0.006400373644683982,0.019885186378119566,0.878499185368496,0.015619600741989165,0.0015890695760642632,0.3998766781870723,0.017535882989978848
1227,0.006493753943735999,0.003968771673920046,0.7231262566936236,0.015838585007200156,0.005312091048264904,0.8900355261539744,0.035971398490863775
1228,0.1144152761158314,0.21005893750391946,0.9392117349845789,4.628485140353821,0.8962310392972438,2.396406697133263,0.08277432080101065
1229,0.006465854470068727,0.00440885380026768,0.6707702971628988,0.015838585007200156,0.0021892880909753815,0.4925099956023059,0.04350735459860305
1230,0.006400373644683982,0.03539265843973741,0.754198447973613,0.015616506382250886,0.0015890695760642632,0.8365750152019931,0.02241252942595125
1231,0.006465854470068727,0.004647108300778947,0.8661734381935426,0.01583858500726005,0.002159778457600554,0.3646336136277049,0.04441110256310216
1232,0.007301920426342251,0.0055950496814448905,0.7246622332574746,0.012345674392292637,0.002191848859788402,0.9236893878129324,0.04821620518504752
1233,0.008364085868530517,0.014966551018569217,0.8023102538893803,0.01511442189805999,0.0016747508379144416,0.6183536450353332,0.019104529041144697
1234,0.008364085868530517,0.00866505752005315,0.6930646362625366,0.015114402361015676,0.0016796338393213373,0.33248455964468204,0.018598535058800398
1235,0.006465854470068727,0.004646164784325856,0.8612906682878556,0.015838585021026197,0.0027936631590334384,0.5645910767893667,0.04084589635080233
1236,0.006400373644683982,0.019885186378119566,0.8907759324630313,0.01566560234413899,0.0015890695760642632,0.40477809014513,0.017533877542740186
1237,0.00692563492608134,0.005578087725556746,0.6767343228232047,0.013567754162501949,0.0018804196016164198,0.36902034572161413,0.040047809688729855
1238,0.006465854470068727,0.006128313314575019,0.7693849096711507,0.015838585007200156,0.00214758843296009,0.7112171591978023,0.036763847973257865
1239,0.006400373644683982,0.018839095190285794,0.7625864305798739,0.015616506382251111,0.0034943322601521643,0.5642119756858637,0.023052731805887426
1240,0.00692563492608134,0.008206410606932791,0.7660476171280184,0.013567754162501723,0.0017178191295672018,0.6913492815138919,0.041811906924717125
1241,1.0438018216342788,3.0812754851344635,0.9487790633679957,5.055927135508702,0.6160505836004839,0.9828639123930667,0.016446353795309916
1242,0.007301920426342251,0.0055950496814448905,0.6695318919671766,0.012345674392292637,0.0021278094389031972,0.6255321921583045,0.04686718689519662
1243,0.008364085868530517,0.014486728444069617,0.6181133920027605,0.015114402361015676,0.0017782873547979355,0.7024768881826265,0.01826893896806836
1244,0.007301920426342251,0.005309696931058555,0.7554123377204023,0.012345674392292637,0.0020598785237586114,0.5464792453138305,0.05231200289876226
1245,0.006465854470068727,0.006656634295932514,0.7219086718183058,0.015838585007200156,0.00204436679281379,0.5307447153791928,0.040101146912699524
1246,0.006400373644683982,0.023985538728139442,0.787005791159239,0.015616506382250886,0.0019662553423095623,0.35875999829151617,0.023555704664055203
1247,0.008364085868530517,0.011578949505274702,0.840419551167676,0.015114402361442634,0.0017782873547979355,0.41621956095783313,0.01790465696909829
1248,0.006465854470068727,0.006656165810412321,0.83375365898654,0.015838585007200156,0.0018419362441170885,0.619408877978754,0.03942396808702328
1249,0.007301920426342251,0.005316896982085618,0.7723248866698113,0.012345674392293088,0.002541484190048456,0.48238261655687714,0.05151666868110715
1250,0.008364085868530517,0.018158950908966364,0.7264123478340969,0.015114402361057381,0.0017782873547979355,0.5453833052469945,0.02015489540853102
1251,0.006400373644683982,0.04582538800482404,0.7988981086399596,0.015616506382254832,0.0025716581086424276,1.6770970778632934,0.025976155640455186
1252,0.00692563492608134,0.020027380437701837,0.7434575681916522,0.013567754162501949,0.002881797956354324,0.9108433623421585,0.04376864599336146
1253,0.00692563492608134,0.004958860545751233,0.7431301389299378,0.013567754162501723,0.001602944967615901,0.6158526147093173,0.045775079876387945
1254,0.008364085868530517,0.013347336540546938,0.6700510859798305,0.015114402361015676,0.0019066706072024392,0.5474311174737558,0.024143254118525265
1255,0.007301920426342251,0.005316896982085618,0.7863926027114669,0.012345674392295785,0.0021968401282981683,0.32730638502962167,0.04987331608501069
1256,0.008364085868530517,0.00867563092990733,0.8269098825377806,0.015114402361053885,0.001802733469128855,0.40219583520897506,0.01823876809044026
1257,0.007301920426342251,0.005564252085065229,0.6880824173006195,0.012345674392292637,0.0034350795516351475,0.3708598852672054,0.04817018776193893
1258,0.007301920426342251,0.005565982487818315,0.7550240633871281,0.012345674392294436,0.0021160225164437445,0.39322690626968804,0.04769499686199887
1259,0.008364085868530517,0.019882841947525976,0.8368187125077506,0.015114471899175693,0.0019062587291782513,0.8311509606216764,0.017288962426724546
1260,0.00692563492608134,0.010793257843892165,0.8511928314143782,0.013567754162501949,0.0022058986026754403,1.1872293455446759,0.04195572236717868
1261,0.006400373644683982,0.02731165391838622,0.7079102902259784,0.015616506382250886,0.0018138427614254088,0.5960572261846502,0.02484229458538102
1262,0.008364085868530517,0.015463272572773884,0.8199843840765322,0.015114402361260602,0.0017782873547979355,0.6437793604897765,0.0200968793658401
1263,0.007301920426342251,0.005309696931058555,0.882160039750046,0.012345674406088341,0.0021228193794185367,0.6910818876334499,0.052744507384871686
1264,0.006465854470068727,0.006853374723240936,0.8275404276148387,0.015838585009513687,0.0018419362441170885,0.8992949182194708,0.04255654416308781
1265,0.008364085868530517,0.015268191615698829,0.711364891078157,0.015114402361015676,0.0019066706072024392,0.771031430157926,0.01778903204782872
1266,0.00692563492608134,0.006274006840505251,0.7966191364773628,0.013567754162649713,0.0019542115547021965,0.46232141290190987,0.043322697109738906
1267,0.006465854470068727,0.004753768331248003,0.8347654744105498,0.015838585007200156,0.0022790592970512043,1.1409586882485838,0.04116732910820904
1268,0.008130253819308538,0.09942667882101544,0.8973715355377655,0.01583859309436115,0.0035537398739011873,1.0953102238911232,0.03883248098289199
1269,0.006400373644683982,0.04585532953422168,0.7528719066074007,0.015616506382250886,0.002237793757688435,0.5297495996833547,0.02567535687100326
1270,0.007301920426342251,0.005595044171732706,0.6848889503409911,0.012345674392292637,0.0034350795516351475,0.507983631229433,0.052734256398161906
1271,0.008364085868530517,0.021584483624552127,0.7787372393767478,0.015114402361015676,0.0017782873547979355,0.5815453760591712,0.020339780658332373
1272,0.00692563492608134,0.011530326156017465,0.8476314782326179,0.013567754162501723,0.001767148079804822,0.8608537603984979,0.0423196101142535
1273,0.008364085868530517,0.012124634886944288,0.6910464113553643,0.015114402999959097,0.0019115560669045128,0.49218598241262745,0.01922913688384043
1274,0.00692563492608134,0.004382831669592915,0.8065901673947214,0.013582546350021365,0.001602944967615901,0.6357614212453011,0.04392341965644549
1275,0.006400373644683982,0.03351761090073398,0.7418196783587133,0.015616506382250886,0.0019859041163752056,0.6463637794431268,0.021601926205580494
1276,0.006400373644683982,0.027477754638644217,0.7044945530995851,0.015616506382250886,0.0016912819179279066,0.2826880971107087,0.022685340138768693
1277,0.006465854470068727,0.005856177606955337,0.6339409190451162,0.015838585007200156,0.0019308650845550276,0.2718237876108133,0.04217477791120769
1278,0.006465854470068727,0.02911760430476008,0.7762724391563236,0.015838585007200156,0.003067517435581116,1.0068782007216601,0.042290834406344444
1279,0.006465854470068727,0.013595817784290089,0.7490559156415509,0.015838585007200156,0.001956884950768362,0.3824561092123805,0.04260390833509911
1280,0.008364085868530517,0.01556243822172807,0.9015791069934161,0.01511443000155876,0.0029574179331459355,0.8674624936965484,0.017828948692089987
1281,0.006465854470068727,0.004582939707074573,0.7746711642005082,0.015838585007200156,0.0029043199309626852,0.736154299481832,0.04421552755737534
1282,0.006465854470068727,0.004640939246318455,0.8014631072654586,0.015838585007200156,0.0020321759915938784,0.8050369783403456,0.03862749854980988
1283,0.007301920426342251,0.005595044171732706,0.8518902678174706,0.012345716030379946,0.0026559836429468453,0.7955628532127779,0.04336253431847254
1284,0.006465854470068727,0.006911374387887043,0.6820984806717052,0.015838585007200156,0.0022790592970512043,0.4921181332871671,0.04125883466420084
1285,0.00692563492608134,0.008226722660243347,0.767816421634471,0.013567754162506112,0.0018468832912063437,0.6679949429979645,0.04104469215004647
1286,0.00692563492608134,0.017591625694789666,0.774217703480213,0.013567754162501723,0.0019542115547021965,0.6818800327516525,0.04151001804673888
1287,0.011000765987995027,0.4109424253878422,0.9301440912642918,5.0564813443459,0.0028110086847400835,0.6629263811389242,3.362787420437906
1288,0.007301920426342251,0.005564257594947152,0.8455457650333105,0.012345674392826881,0.0023505805393244272,1.1263818997144135,0.05006972617898595
1289,0.006465854470068727,0.005111973254010292,0.7322732143631765,0.015838585007200156,0.002413389946593881,0.6807662014024637,0.039527564050388146
1290,0.007301920426342251,0.005316896982085618,0.6659404427612472,0.012345674392292637,0.0020598785237586114,0.2798313103129834,0.05035926588205368
1291,0.007301920426342251,0.005316896982085618,0.7584517697087868,0.012345674392292637,0.0021228193794185367,0.3345617003269372,0.051326753320424745
1292,0.006400373644683982,0.023000775493711077,0.7583033665542784,0.015616506382250886,0.0018138427614254088,0.35421821070913334,0.02224738594280508
1293,0.006400373644683982,0.02317322440038324,0.7574046496185444,0.015616506382250886,0.0017535201530077399,0.35460485888959437,0.022309242959202096
1294,0.007301920426342251,0.005316902493330653,0.8441194253595145,0.012345674392292862,0.002191848859788402,0.6904152751961427,0.05025457337127508
1295,0.008364085868530517,0.008636401183969158,0.7874933002003118,0.015114402361016804,0.003186708881983384,0.600229414627226,0.019057313594645325
1296,0.00692563492608134,0.01266879025217539,0.699344330710945,0.013567754162501723,0.0016481053259369384,0.7985403443843287,0.042669152927875285
1297,0.007301920426342251,0.0055950496814448905,0.7153751016414475,0.012345674392292637,0.0020598785237586114,0.8466215874398453,0.04906659515432338
1298,0.006400373644683982,0.019885186378119566,0.870858486437784,0.01561705125609886,0.0016912819179279066,0.39714742394397196,0.01754314479419595
1299,0.007301920426342251,0.005319436579043305,0.8639712313495298,0.012345675714070668,0.0020598785237586114,0.42407161063406323,0.03679395276671864
1300,0.007301920426342251,0.0055878516088754375,0.7324685571855782,0.012345674392292637,0.0028808781122870025,0.754390414635106,0.04489181811018807
1301,0.006400373644683982,0.020814615210525373,0.7685825274038628,0.015616506382250886,0.0021421789777242425,0.8449892887333791,0.01864606687010245
1302,0.007301920426342251,0.005363635121475188,0.8341536426667366,0.0123456744634015,0.004840925161623865,1.258310373341031,0.040285729337341813
1303,0.007301920426342251,0.005404519688104458,0.7654296084897938,0.012345674392293312,0.0070056047800604836,0.6501168386371098,0.046125753089532366
1304,0.007301920426342251,0.005492040297417602,0.677835021332325,0.012345674392292637,0.002777758223498802,0.5581720942938183,0.0507834744700315
1305,0.006400373644683982,0.02662690112662897,0.6326446321693412,0.015616506382250886,0.002377515901843634,0.460720065949624,0.02269647351944895
1306,0.006400373644683982,0.04396703067085632,0.8952312423680132,0.015617000622895498,0.00234817810922404,0.6248779672668169,0.020652224354292533
1307,0.008364085868530517,0.00849002751511437,0.7669342450943263,0.015114402361015676,0.0032847383946214607,0.6179238798963024,0.015407218579709756
1308,0.007301920426342251,0.005316896982085618,0.8037895373952535,0.01234567439230399,0.0023505805393244272,0.33544341447077247,0.050243652545291326
1309,0.006465854470068727,0.004607055229028231,0.8762847324129504,0.015838585008036303,0.002159778457600554,0.37070357506785045,0.044055262035836366
1310,0.008021021958170425,0.6003372951268885,0.8970463773791146,0.013567763205558036,0.0023337135151380384,1.0449263201915058,0.04330075300977697
1311,0.006465854470068727,0.004484026892666996,0.909029773476052,0.015838585101771777,0.0039550998763994375,2.216350890390049,0.04011619304544181
1312,0.006400373644683982,0.027501978973757616,0.7861678232463585,0.015616506382250886,0.0016912819179279066,0.5639628693496856,0.023843279100266384
1313,0.006465854470068727,0.0062415831798051016,0.8127814300624195,0.015838585007200156,0.0019308650845550276,0.5544901115536119,0.04388735695665871
1314,0.007301920426342251,0.005316896982085618,0.7503123944842421,0.012345674392292637,0.0020648675313760575,0.31568953602725397,0.04959321409493876
1315,0.007301920426342251,0.005316896982085618,0.8486464556810287,0.012345674413834148,0.0020598785237586114,0.36023109545721393,0.04898428319621244
1316,0.007301920426342251,0.005595044171732706,0.7806689039595992,0.012345674392310284,0.002591705572003296,0.6302910103913344,0.04993210499348374
1317,0.008364085868530517,0.015266104510136365,0.9284248090658922,0.015696997181660854,0.002065850235692635,0.6873156223188875,0.018596262745423375
1318,0.00692563492608134,0.004965086628883903,0.8512668222099595,0.013567754163503433,0.0016979273914291772,0.4751149465490651,0.03898641707148246
1319,0.00692563492608134,0.004363267035267411,0.8192599569331929,0.013567754163125527,0.0016481053259369384,0.4530683356818187,0.03618790886980857
1320,0.006465854470068727,0.005604817170033879,0.7516082225798791,0.015838585007200156,0.0019308650845550276,0.5551565693613473,0.03887923667174519
1321,0.006465854470068727,0.008307536720841816,0.7679224922396507,0.015838585007200156,0.0018419362441170885,0.5175245341738509,0.042831031198880876
1322,0.006400373644683982,0.023671179707911875,0.7650897831247474,0.015616506382250886,0.0018252760381625697,0.8115862678585811,0.021602591770608297
1323,0.007301920426342251,0.0055950496814448905,0.8218031229941658,0.012345674394346999,0.002372385608878349,1.1196869349696144,0.045349292448176474
1324,0.007301920426342251,0.005563487936684058,0.8119819269416625,0.012345674392294436,0.003585798102657576,1.2862466340903331,0.04997734103189052
1325,0.006465854470068727,0.007008552725189713,0.7222162726267509,0.015838585007200156,0.00204436679281379,0.7925375810992441,0.037292856157697604
1326,0.006400373644683982,0.03165828448449471,0.7110237882353806,0.015616506382250886,0.0016912819179279066,0.8273210374576898,0.022131387270811174
1327,0.006465854470068727,0.004755510620155638,0.6826955104674942,0.015838585007200156,0.0017638788587168856,0.7694147033889129,0.03998892287406704
1328,0.006400373644683982,0.02768042618722918,0.8083392381526076,0.015616506382252352,0.0017497832590898346,0.6006619460132069,0.024060225696635046
1329,0.007301920426342251,0.0063257414347197005,0.8269176894453927,0.012345674408186876,0.0020598785237586114,0.5895184337075405,0.0516050715141955
1330,0.007301920426342251,0.005594278832635679,0.8086732458867688,0.012345674404611836,0.002002490211464757,0.5667320407434696,0.04774025395334924
1331,0.00692563492608134,0.008174899398272959,0.7983952182067131,0.013567754184094786,0.0017012270271750671,0.6879254645043003,0.041026218453342395
1332,0.007301920426342251,0.005404514177342292,0.6877363207597017,0.012345674392292637,0.002183500756083086,0.28512305652086384,0.049927061705883825
1333,0.006400373644683982,0.028186591853405562,0.7104543013268576,0.015616506382250886,0.002255767225717937,0.3119037765163987,0.02413710490858943
1334,0.006465854470068727,0.006159945941846761,0.8115424087482738,0.015838585007200156,0.00214758843296009,0.5736121560191606,0.04126334447909972
1335,0.006400373644683982,0.025325599047875014,0.8361350568053559,0.015616506382874502,0.0016912819179279066,0.60826807509278,0.02246177378685787
1336,0.00692563492608134,0.009325721904990923,0.7310483710439946,0.013567754162501723,0.001820264250075238,0.6000868583183955,0.04416845649396862
1337,0.006465854470068727,0.0044953797080812,0.6237102599786736,0.015838585007200156,0.0018945945577332943,0.46177893037045764,0.04419081762594502
1338,0.008364085868530517,0.013819450766783531,0.7604531982792494,0.015114402361015676,0.001946017569532971,0.8656792534729537,0.019174795652618353
1339,0.006465854470068727,0.00471742122452258,0.7939630321285276,0.015838585007200156,0.0034662058682097116,1.0151140925569253,0.0417659501982041
1340,0.006465854470068727,0.004707669019178733,0.7235012052598208,0.015838585007200156,0.0018419362441170885,0.5098220243558822,0.04509796742446568
1341,0.007301920426342251,0.005316896982085618,0.8047399809490923,0.012345674392292637,0.003205399915375823,0.5976167828881583,0.05244962410011624
1342,0.008364085868530517,0.014981719003702392,0.7667232110761643,0.015114402361015902,0.0019066706072024392,0.5870841589283898,0.019802536873464564
1343,0.00692563492608134,0.004381177143748114,0.7247601064036566,0.013567754162501723,0.001827783528129851,0.6210719856398954,0.04475840098177735
1344,0.008364085868530517,0.008787921228705805,0.6804927835352453,0.015114402361064932,0.0016747508379144416,0.3508381609804425,0.019705092562698368
1345,0.008364085868530517,0.012543440658992742,0.8238864343397584,0.015114402806697298,0.0016747508379144416,0.41047636221885353,0.019427948885650945
1346,0.006465854470068727,0.0037571774997785523,0.8868515553758847,0.015838585007397998,0.0024410036190636447,1.2218259484723828,0.0382160431957829
1347,0.013431125771433532,0.3058495469986664,0.919915586565977,0.015840100800009384,0.009826556299399537,1.5998222436297942,0.04219668327668975
1348,0.007301920426342251,0.005316896982085618,0.7014798223960669,0.012345674392292637,0.002191848859788402,0.665381683686838,0.05326644998507698
1349,0.008364085868530517,0.01497063850690245,0.6979566573116592,0.015114402361015676,0.0016747508379144416,0.5405110978354638,0.020712362874890592
1350,0.00692563492608134,0.004541208349938527,0.7690013712924528,0.013567754162501723,0.001767148079804822,0.6624429855701394,0.045174634147265566
1351,0.007301920426342251,0.005309696931058555,0.875417376617,0.012345674394009569,0.002191848859788402,0.7008778950488513,0.052875470084527997
1352,0.008364085868530517,0.015394521748461577,0.7854382597164055,0.015114402364926144,0.002065850235692635,0.8270699552771311,0.016906489181724146
1353,0.006400373644683982,0.03205679052725507,0.8057155024167186,0.01561650639311963,0.0016912819179279066,0.8618625775153498,0.02209059542011022
1354,0.006465854470068727,0.005842606294189935,0.6625428929432134,0.015838585007200156,0.002084825323055944,0.2806858470929598,0.042886409812426855
1355,0.00692563492608134,0.0048486593017899315,0.6572774051222338,0.013567754162501723,0.0018393641567675252,0.39070102626259656,0.04464536374676563
1356,0.006465854470068727,0.004107859622422912,0.755869139023842,0.015838585007200156,0.0017638788587168856,0.8705886607657466,0.04087029338553222
1357,0.006465854470068727,0.0030140441937432003,0.6522947645853204,0.015838585007200156,0.0017638788587168856,0.7302926547921145,0.04051681848313598
1358,0.00692563492608134,0.005723314397392431,0.6650091197699397,0.013567754162501723,0.001636306696665678,0.4144359485742387,0.04354333910603879
1359,0.006400373644683982,0.031846223312222796,0.698137345399895,0.015616506382250886,0.0016912819179279066,0.3470677731349389,0.023314649027861598
1360,0.008364085868530517,0.014953690418240038,0.7382827079870501,0.015114402361015676,0.0017782873547979355,0.5702925185710208,0.020259377758284
1361,0.007301920426342251,0.005595044171732706,0.6807276677188993,0.012345674392292637,0.0022675545692209423,0.4617358525321176,0.05230208292119432
1362,0.008364085868530517,0.014253020849008738,0.7971142403241621,0.015114402361015676,0.004367445077362451,1.5503145525504933,0.02482932882326078
1363,0.006465854470068727,0.016281713346087585,0.7838852761379624,0.015838585007200156,0.002418730337539037,1.4487849857348898,0.04542946944412275
1364,0.00692563492608134,0.005126173166407088,0.7662423140854965,0.013567754896489597,0.0019542115547021965,0.6188807533520025,0.04538423774208163
1365,0.006465854470068727,0.004542083380531194,0.800045334154676,0.015838585007200156,0.00214758843296009,0.4918038896596294,0.042479980353053746
1366,0.008364085868530517,0.008581721075552304,0.8660114955576333,0.015114402361030104,0.0017892293130862469,0.9085032408914019,0.016665883922259678
1367,0.006400373644683982,0.03351761090073398,0.8413011634527607,0.015616506452644771,0.0019859041163752056,0.7604989439356699,0.021233153261184502
1368,0.006400373644683982,0.02612142585306032,0.6979552634570867,0.015616506382250886,0.0017497832590898346,0.3134074110806643,0.022799101912647383
1369,0.00692563492608134,0.006685404157113969,0.6321467268413777,0.013567754162504312,0.001602944967615901,0.3868102160334932,0.04362772564202842
1370,0.006400373644683982,0.02797887633785007,0.8359197051568585,0.015616506392727077,0.0018138427614254088,0.8840366198948696,0.022357101367655983
1371,0.006465854470068727,0.010095222029102341,0.8762759713732886,0.015838585008385402,0.0024882954233818645,1.4422304683710112,0.03914520773943718
1372,0.006465854470068727,0.004646049142606726,0.827331778277562,0.0158385850072164,0.0024410036190636447,0.41453530774078995,0.04257762309052829
1373,0.006465854470068727,0.0045751156921814695,0.7639857343705445,0.015838585007200156,0.0030409201260893333,0.40540331059764023,0.04230672346871943
1374,0.008364085868530517,0.015532028589364895,0.8509407168410146,0.015114402361015676,0.0021241544644771417,0.7767833518266336,0.019288968616935295
1375,0.006465854470068727,0.004351646286884578,0.8354828031450922,0.015838585007200156,0.0020794589183790054,0.7447344051648308,0.0430960674126974
1376,0.006400373644683982,0.028115105390639984,0.8487945853809485,0.015616506401867737,0.0018105753020271928,0.7288934372799319,0.023606493043651502
1377,0.006400373644683982,0.027798643785732373,0.8263764375013497,0.01561650638225675,0.0016378573119200665,0.6770513870626185,0.024432333088164917
1378,0.00692563492608134,0.004730095878899531,0.8483605624012243,0.013567754162532784,0.0018804196016164198,0.6720139437242812,0.04438978176801868
1379,0.008364085868530517,0.0141052745223611,0.7796428805647817,0.015114402361015902,0.002065850235692635,0.6659320921151696,0.018314458300432632
1380,0.007301920426342251,0.005595044171732706,0.7538416506660971,0.012345674524883965,0.002441632590308032,0.9821287386732006,0.03617719277498984
1381,0.007614004266368877,3.7537419455167464,0.8924912086506109,0.013567837342102427,0.0018804196016164198,0.958904230872484,0.036211215839714685
1382,0.00692563492608134,0.012490066905286546,0.7527557816647436,0.013567754162501723,0.0022387099910896346,0.8829248086385905,0.04432132375448807
1383,0.00692563492608134,0.011886506129591221,0.7391291901505262,0.013567754162501723,0.0026170548640775324,0.9398540667105038,0.043042866771716926
1384,0.008364085868530517,0.010007298040332948,0.8099966571149029,0.01511440236494091,0.002518784631738866,0.5686665815303645,0.018362554463173097
1385,0.00692563492608134,0.00827742651661483,0.8310021425466013,0.013567754162579375,0.002116108889390731,0.7291670693449964,0.04074502227427168
1386,0.006400373644683982,0.0356653271519893,0.7021969782686746,0.015616506382250886,0.0016967424408651003,0.5270135672751967,0.020965774879363894
1387,0.008364085868530517,0.007642801081789889,0.7765381547581469,0.015114402361015676,0.002065850235692635,0.6075077594350007,0.015450072094936268
1388,0.00692563492608134,0.018578881175905563,0.7156367207103206,0.013567754162501723,0.0019542115547021965,0.6594311182772983,0.040474950626095414
1389,0.006465854470068727,0.004734307918276556,0.7463218231149967,0.015838585007200156,0.0020321759915938784,0.525190361287715,0.039961534016788466
1390,0.006400373644683982,0.032776346271955886,0.84130264033124,0.015616506396810354,0.0021424369091061274,1.0627834642884888,0.023650154095854865
1391,0.00692563492608134,0.02512200653755697,0.794252186863638,0.013567754162502398,0.001947785057580928,1.0152744856167093,0.042158936506890426
1392,0.006400373644683982,0.024003285450174053,0.7935206136750338,0.015616506382250999,0.002475225853037521,1.507438173693199,0.019264144781403536
1393,0.00692563492608134,0.010922424450676144,0.8222063808257991,0.013567754162501723,0.0022244576874788273,1.1581979675593692,0.04155396430456576
1394,0.00692563492608134,0.004959838426823574,0.7322690225647038,0.013567754162502737,0.0016979273914291772,0.4027799671353996,0.041546621818780355
1395,0.006465854470068727,0.004648251931493612,0.71432472142562,0.015838585007200156,0.0018419362441170885,0.3283309857036796,0.042753194013616984
1396,0.00692563492608134,0.007358453534720853,0.740607781202985,0.013567754162501723,0.0019275703239807992,0.8109243469562739,0.03486986230294034
1397,0.006400373644683982,0.023160870388181327,0.7484313594608847,0.015616506382250886,0.002243257552178457,0.746335726293357,0.020267644287365227
1398,0.008364085868530517,0.00991659390813799,0.8650623616373073,0.015114407467917465,0.002391113657086192,0.736767984140073,0.018604796372497522
1399,0.006465854470068727,0.00697147324295435,0.8410859813991557,0.01583858500721155,0.002515840418606558,0.7575441951434907,0.04215027140899119
1400,0.007301920426342251,0.005316902493330653,0.7259167244853161,0.012345674392292637,0.002272547230473216,0.6080606747277825,0.048835527563946844
1401,0.006400373644683982,0.02282712954532637,0.8521733894591426,0.01561650692572998,0.0017497832590898346,0.8105977226418498,0.021240082677471038
1402,0.006400373644683982,0.035378429525607935,0.7076295411173537,0.015616506382250886,0.0015890695760642632,0.7854466773758554,0.022690261108152716
1403,0.008364085868530517,0.014528880798225539,0.7210876501851006,0.015114402361015676,0.002004791223292581,0.8015744131325967,0.018261718420002647
1404,0.00692563492608134,0.003564304886108806,0.7413316278852796,0.013567754162681899,0.001636306696665678,0.4123765126006729,0.0446267831423396
1405,0.00692563492608134,0.003564732925920198,0.8036599888831851,0.013567754193107575,0.0017312863734180624,0.4535766058631194,0.04406665651555737
1406,0.008364085868530517,0.009620136435995364,0.9140198790808632,0.015115088713578207,0.0016747508379144416,0.4546534284557949,0.01447592003752474
1407,0.00692563492608134,0.004292065616348516,0.8610595930968925,0.013567754206760907,0.0016979273914291772,0.4682601208396293,0.03288652704285035
1408,0.007301920426342251,0.0055570593007299145,0.7270884242630298,0.012345674392293088,0.0029352194184045447,0.873482683423807,0.043929530207599564
1409,0.00692563492608134,0.014023517943130706,0.7134697079579084,0.013567754162501723,0.002068962936367744,0.7366190992961315,0.03824671139830638
1410,0.006465854470068727,0.019714712546870607,0.9008777869191779,0.015839142599500908,0.008108125447856636,1.2983157978914448,0.04096266368987454
1411,0.016457974174554763,0.624273363246074,0.9268235390779336,0.013567998109153184,0.02347902137270198,0.9386701204183182,0.03299455860962801
1412,0.007301920426342251,0.0055434598294109875,0.7177848303598366,0.012345674392292637,0.003505765546304992,0.6877835737084065,0.0527621408150268
1413,0.006465854470068727,0.004613311575305267,0.7657755354654503,0.015838585007200156,0.00220218960659869,0.7183941976453702,0.04249801888842455
1414,0.007301920426342251,0.005316902493330653,0.7842021070770583,0.012345674392292637,0.0020598785237586114,0.7865291602636204,0.04761107506489525
1415,0.007301920426342251,0.005316902493330653,0.7753402818746221,0.012345674392292637,0.002002490211464757,0.7846804488940734,0.04838442058974427
1416,0.006400373644683982,0.022310882759462015,0.7281262574369144,0.015616506382250886,0.0017580480793482408,0.31939884607317537,0.022810789157957423
1417,0.007301920426342251,0.005316896982085618,0.8121387346129879,0.01234576347000266,0.0020648675313760575,0.33979958086744516,0.04751127624056946
1418,0.00692563492608134,0.011301607649090151,0.6772770997981661,0.013567754162501723,0.001636306696665678,0.8606657084473852,0.04324562882059558
1419,0.006400373644683982,0.03167875562882437,0.7250698927195413,0.015616506382250886,0.0016912819179279066,0.9446215948269364,0.02389884656573763
1420,0.006400373644683982,0.025808810912174702,0.7935645361567082,0.015616506382251111,0.0016912819179279066,0.6045643195409789,0.02334458793663777
1421,0.006465854470068727,0.00664252381829899,0.7885492826378288,0.015838585007200156,0.0020321759915938784,0.5259226027946339,0.04481007631922773
1422,0.00692563492608134,0.005750634446813296,0.671431762399617,0.013567754162502173,0.0018468832912063437,0.37568037214707567,0.043945015742035666
1423,0.006400373644683982,0.02749655255855126,0.6922631502107314,0.015616506382250886,0.0015890695760642632,0.2850009679055397,0.022743873303956646
1424,0.007301920426342251,0.005595044171732706,0.8322372890935011,0.012345725932291593,0.002441632590308032,1.0750543729209106,0.038523270854229796
1425,0.008364085868530517,0.013505916766716175,0.861364138984493,0.015115937612793678,0.0016796338393213373,0.9702645121229031,0.012034110623704
1426,0.006400373644683982,0.024449077912082683,0.8776787962186248,0.015617843405900597,0.0015945297311511326,0.3984404391734663,0.021315875177139083
1427,0.006400373644683982,0.019885186378119566,0.8744798101620211,0.015617743918331544,0.0015890695760642632,0.3981816051658287,0.017535264048913146
1428,0.006400373644683982,0.0198579274331424,0.7140172016072507,0.015616506382250886,0.0018138427614254088,0.3072066198982244,0.02087817877920369
1429,0.00692563492608134,0.0059175632521860245,0.7609052599397499,0.013567754162502398,0.0018804196016164198,0.426643833474172,0.041193259032581656
1430,0.007301920426342251,0.005595044171732706,0.8248565132005651,0.012345675136630619,0.002272547230473216,0.6082985201582264,0.04638030535322216
1431,0.008364085868530517,0.015288402305259761,0.8808028402861448,0.015129517265150572,0.0016747508379144416,0.6704922691014609,0.017143653280424952
1432,0.006465854470068727,0.005098099821276336,0.7166023661207384,0.015838585007200156,0.0022790592970512043,0.7539649553947674,0.0417152743933009
1433,0.006400373644683982,0.020910310342968974,0.774110244724912,0.015616506382251224,0.002734917378639608,0.5379347289714423,0.022051485531545238
1434,0.006400373644683982,0.023251268333970565,0.7704779068604465,0.015616506382251111,0.0020275516466454436,0.6930041613701581,0.02324987064579648
1435,0.00692563492608134,0.008660566491858165,0.7559226140316371,0.013567754162526594,0.0022543768648655266,0.6532715833766467,0.04232050780746625
1436,4.888382856508769,14.40362259291062,0.8963812974103453,0.013663527824066275,0.7576908830665662,0.9977142993564785,0.039839894471627744
1437,0.006400373644683982,0.23134001471075855,0.9169353957387383,0.015771404321181095,0.007033903247677153,1.6532194026684022,0.02252643154153241
1438,0.008364085868530517,0.014414857549269916,0.7032626103338436,0.015114402361015676,0.0017782873547979355,0.8391886479154793,0.017623779923211468
1439,0.006465854470068727,0.0066583359047662875,0.6583266621907979,0.015838585007200156,0.0018419362441170885,0.641338196266285,0.04011533698583769
1440,0.008364085868530517,0.014489451869311346,0.6604403140297324,0.015114402361015676,0.0017782873547979355,0.7144540721429287,0.01814445957414489
1441,0.006400373644683982,0.035378429525607935,0.6256624942033873,0.015616506382250886,0.0015890695760642632,0.7058793996740526,0.022600309247054685
1442,0.00692563492608134,0.004543929267246869,0.7344515476568524,0.013567754162501723,0.0018666413668463804,0.6280150445738961,0.044017468773015114
1443,0.00692563492608134,0.004499912876268898,0.7755029642667378,0.013567754162501723,0.0018135276068046277,0.6651193579522935,0.04404660570858892
1444,0.006465854470068727,0.006656165810412321,0.8069737342623421,0.015838585007200156,0.0020321759915938784,0.5931876272475125,0.03940841436376573
1445,0.007301920426342251,0.005594278832635679,0.7074115459281951,0.012345674392292637,0.002002490211464757,0.49128612292608503,0.04709827516389886
1446,0.006400373644683982,0.023995532526265444,0.7871148361317204,0.015616506382250886,0.0016912819179279066,0.3469580841181232,0.022944802728478392
1447,0.007301920426342251,0.005316896982085618,0.7483787085949607,0.012345674392292637,0.002002490211464757,0.33834177612765376,0.050858977344027265
1448,0.006400373644683982,0.024455309644623745,0.8239959861205398,0.015616506383964534,0.0016378573119200665,0.38258766864204274,0.021506300831474593
1449,0.00692563492608134,0.004966004121648779,0.7942005240103216,0.013567754162503411,0.0016481053259369384,0.4437524905149821,0.041185927800366985
1450,0.006465854470068727,0.00665354726660988,0.7494009893597758,0.015838585007200156,0.0018419362441170885,0.553205790603857,0.03980537097979056
1451,0.007301920426342251,0.005594278832635679,0.7778081635305234,0.01234567439229691,0.0021228193794185367,0.5418177420722579,0.04639575826833469
1452,0.008364085868530517,0.014549455316965791,0.7794206854042479,0.015114402361015676,0.002065850235692635,0.5833704891734492,0.020177797129442433
1453,0.008364085868530517,0.014551158110557984,0.760256141337931,0.015114402361037543,0.0017782873547979355,0.5520064766722951,0.019629159663688764
1454,0.00692563492608134,0.011290064593464643,0.7183294749354749,0.013567754162501723,0.0016979273914291772,0.6001768669230286,0.046155164064849805
1455,0.007301920426342251,0.005616628986263037,0.7989303127912456,0.012345674392398183,0.0025220124150140523,0.5847368999723639,0.051806768219007045
1456,0.00692563492608134,0.022738806275511107,0.7995771720689242,0.013567754162501723,0.0021350417823145502,1.262431661227424,0.045184002138491046
1457,0.006400373644683982,0.045687906683824275,0.7712655318211415,0.015616506382250886,0.002191434616115249,1.5571030557518473,0.026045549879266952
1458,0.006465854470068727,0.004416510579679317,0.8328816225714915,0.015838585007200156,0.0025704530136316777,1.5102830090910961,0.044312592089612364
1459,0.00692563492608134,0.017604089313511928,0.7393515617038209,0.013567754162501723,0.0016979273914291772,1.0001025728443744,0.04558328205705625
1460,0.006465854470068727,0.0046459861253711964,0.7222221574650417,0.015838585007200156,0.0019308650845550276,0.5464983737050855,0.04511765702978575
1461,0.007301920426342251,0.005316896982085618,0.6579765534793804,0.012345674392292637,0.0020598785237586114,0.48009964578815484,0.05475595168662015
1462,0.006465854470068727,0.0046459861253711964,0.7450136531809008,0.015838585007200156,0.0018541284373531201,0.5414888242703519,0.04595324423057583
1463,0.00692563492608134,0.004558499705214341,0.6862605434706988,0.013567754162501723,0.001602944967615901,0.573629359469869,0.04629439466533063
1464,0.008364085868530517,0.014550669371741891,0.7475505729748853,0.015114402361016578,0.002263193501610549,0.5430757694198242,0.019592431983931537
1465,0.008364085868530517,0.014616921942368804,0.7761822284478049,0.01511440236293394,0.0025078192769228944,0.5898157185858945,0.020607499586277337
1466,0.006465854470068727,0.004826662703803971,0.7143635421610284,0.015838585007200156,0.002107039679955711,0.5751698592755833,0.04390905468830518
1467,0.007301920426342251,0.005316896982085618,0.8095987232517128,0.012345674392292637,0.0023236925860143543,0.6149960864966132,0.05231529973595766
1468,0.006465854470068727,0.018664940628640218,0.6791804975623054,0.015838585007200156,0.0019168130819805114,0.3351862937024915,0.04153216885897555
1469,0.007301920426342251,0.005595044171732706,0.7348449307560866,0.01234567439239346,0.002441632590308032,0.3745055281383819,0.05067756251217354
1470,0.006400373644683982,0.03364209400847801,0.7323794027191607,0.015616506382250886,0.0016378573119200665,0.35478485195586845,0.023011403194810726
1471,0.006465854470068727,0.018664940628640218,0.6606975917527483,0.015838585007200156,0.0019168130819805114,0.33347581959379297,0.041302174737398674
1472,0.006400373644683982,0.031064554479079312,0.882829678041321,0.015616511695300865,0.002985201361696258,1.7392613331771385,0.06468652338923132
1473,0.00692563492608134,0.02418995889047789,0.7805689185150262,0.013567754213043503,0.0021730080836176707,0.8772615867332131,0.0424166783574481
1474,0.008364085868530517,0.00924815415190988,0.8610846335444097,0.015114402365817367,0.0017782873547979355,0.6869637226316485,0.01707334745798677
1475,0.006465854470068727,0.006094378329818854,0.7905743439128762,0.015838585007200156,0.00214758843296009,0.8230361221356406,0.039757787531982225
1476,0.00692563492608134,0.004527333847237035,0.6976744174183286,0.013567754162501723,0.0018468832912063437,0.6428035067473982,0.044968299317970424
1477,0.008364085868530517,0.014967520303752943,0.7799081431437461,0.015114402361015676,0.002263193501610549,0.6103978639142713,0.020330940732516255
1478,0.00692563492608134,0.008857869184795395,0.7098737248291624,0.013567754162501723,0.0017345859021882814,0.5895217944396128,0.0464246291056243
1479,0.006465854470068727,0.006769504203946724,0.7706342157683072,0.015838585007200156,0.002173605122584616,0.5140003408683314,0.04529443295514223
1480,0.006400373644683982,0.02840662372206392,0.8186806629739322,0.015616506382253254,0.0016184200862255293,0.6303700067666749,0.024383042066887496
1481,0.006400373644683982,0.030680885897132103,0.7109343789760563,0.015616506382250886,0.002148411269315924,0.5282657838415108,0.023732744021066576
1482,0.008364085868530517,0.015394521748461577,0.736054663625571,0.015114402361015902,0.0025078192769228944,0.7855260508009997,0.01651060759143816
1483,0.006465854470068727,0.007374828616730077,0.7010575996241664,0.015838585007200156,0.0018419362441170885,0.7690731098170968,0.04237567870257849
1484,0.006400373644683982,0.0350288714269113,0.6771688929530798,0.015616506382250886,0.0016912819179279066,0.7981485780181384,0.022817725023694346
1485,0.006465854470068727,0.005017423636161575,0.7776632987167876,0.015838585007200156,0.0020321759915938784,0.9401160862385346,0.042676658219652316
1486,0.006400373644683982,0.049077199162097095,0.7579171249955187,0.015616506382250886,0.002016115500974785,0.32675126092718204,0.02270553264396358
1487,0.008364085868530517,0.01161647637606685,0.7758715726435252,0.015114402361235691,0.001802733469128855,0.3565443514924954,0.018875743291056422
1488,0.006465854470068727,0.004753768331248003,0.8131905982236354,0.015838585007200156,0.0017638788587168856,0.9767219701532392,0.04091916683540876
1489,0.006465854470068727,0.004755510620155638,0.6794819430989678,0.015838585007200156,0.0022790592970512043,0.8647812176320566,0.04146965666152435
1490,0.00692563492608134,0.10262441051680633,0.7304799935743065,0.013567754162501723,0.001602944967615901,0.8790041470713716,0.04029823990752773
1491,0.008130253819308538,0.17605426698494536,0.8722021065213915,0.015838585016059732,0.0027936631590334384,1.1866549602357481,0.03780985479114912
1492,0.006465854470068727,0.020860593918312516,0.6555416958978384,0.015838585007200156,0.0017638788587168856,0.3096523471823707,0.043600910551693434
1493,0.007301920426342251,0.0063257414347197005,0.6838582006555843,0.012345674392292637,0.002541484190048456,0.30635808543256393,0.05162777199448685
1494,0.006465854470068727,0.021604241514894276,0.6667407773237416,0.015838585007200156,0.0019290047611646257,0.31951910782390763,0.041792358356006795
1495,0.008364085868530517,0.008786330393163833,0.7403410338796067,0.015114402365384322,0.0017782873547979355,0.3836533559620443,0.01941941782814949
1496,0.007301920426342251,0.005286534663882712,0.7300903561695745,0.012345674392292637,0.0021228193794185367,0.5542389377834027,0.05233324046225199
1497,0.00692563492608134,0.008026232337506817,0.7889529487821565,0.013567754162501723,0.0016481053259369384,0.6348274107704666,0.0450166598363727
1498,0.006465854470068727,0.0156032015402706,0.8215248524091415,0.015838585007200156,0.003138892097564457,1.437722154373639,0.04193422374162558
1499,0.007301920426342251,0.005316902493330653,0.8681317229251183,0.012345674392796421,0.0021968401282981683,0.7262979581394009,0.04750044249653929
1500,0.006400373644683982,0.02593903754692837,0.6747734130414371,0.015616506382250886,0.0017497832590898346,0.3313921581091014,0.022860232714855724
1501,0.008364085868530517,0.00781785934583202,0.773844297172314,0.01511440238149136,0.002004791223292581,0.37024503480275656,0.019097939914123268
1502,0.006400373644683982,0.02582773732264039,0.7204632325049958,0.015616506382250886,0.0018138427614254088,0.49321498637776034,0.023654554281782453
1503,0.007301920426342251,0.005316896982085618,0.7941402463459291,0.012345674392292637,0.0021228193794185367,0.5394573524074417,0.05241639109451234
1504,0.007301920426342251,0.005316902493330653,0.8208440494301465,0.012345674392292637,0.002236886618316833,1.1761071763815514,0.04541514087257719
1505,0.008364085868530517,0.009650746564246249,0.7762243700064884,0.015114402361015676,0.0016856905266756318,0.652956524762814,0.018008621260367143
1506,0.00692563492608134,0.00586938637832462,0.7011349186415766,0.013567754162501723,0.0017528915713089805,0.40324947199099964,0.04328396639514372
1507,0.006465854470068727,0.004387392305956525,0.7542875867182843,0.015838585007200156,0.0018419362441170885,0.30545439935539476,0.04246763547235095
1508,0.008364085868530517,0.012868904982839564,0.698840907869174,0.015114402494622384,0.0016796338393213373,0.3372378619834964,0.01915043563851613
1509,0.006465854470068727,0.01025353733068506,0.6298128425358073,0.015838585007200156,0.0017638788587168856,0.3105820181269392,0.04079088992284428
1510,0.006400373644683982,0.01879269352150257,0.8065671220972118,0.0156165063822519,0.0029162078703925255,0.535357480928123,0.02161683748918755
1511,0.006400373644683982,0.02352815730826438,0.8115505772328121,0.015616506382250886,0.0020509217366936915,0.9385757881695531,0.02016143159509792
1512,0.008364085868530517,0.008244122094043089,0.8038349096251858,0.015114402361123882,0.0017782873547979355,0.405848708022912,0.01800135807119279
1513,0.00692563492608134,0.003444733806395701,0.7483455759111757,0.013567754162504537,0.0017510466900059695,0.43583859608132935,0.04410892225293362
1514,0.00692563492608134,0.0034825733055371642,0.5537804689683876,0.013567754162501723,0.001602944967615901,0.3301617557865088,0.043326042792105966
1515,0.008364085868530517,0.007814386439229807,0.5930143716180508,0.015114402361015676,0.0017782873547979355,0.32219614971342436,0.018966015086616474
1516,0.006400373644683982,0.02812418226379198,0.5493234972925136,0.015616506382250886,0.0019866260798776024,0.24838529720028546,0.020403636639632468
1517,0.006400373644683982,0.023242366382910534,0.6009589771638737,0.015616506382250886,0.0016378573119200665,0.28615061241207346,0.021826065197262604
1518,0.006465854470068727,0.00457516056822647,0.583644024397293,0.015838585007200156,0.0018419362441170885,0.41938644279082327,0.0446359130035164
1519,0.008364085868530517,0.06058182733219975,0.5568273335773261,0.015114402361015676,0.0017782873547979355,0.4226277249322522,0.01953826176480099
1520,0.006465854470068727,0.020485602214697765,0.5294843913764731,0.015838585007200156,0.0028058497901852102,0.6206059873093718,0.04314954854376381
1521,0.006400373644683982,0.03723777761927496,0.7070574778711524,0.015616506382250886,0.0031947925914015086,0.7342596202732817,0.022101293493814348
1522,0.008364085868530517,0.07566159047421171,0.5882370760363096,0.015114402361015676,0.0019066706072024392,0.4386160920423348,0.019960328007791954
1523,0.006400373644683982,0.03392150945567905,0.6227575554777535,0.015616506382250886,0.0016967424408651003,0.4241606176172122,0.02437465134047385
1524,0.008364085868530517,0.015474270455392111,0.8318893460980441,0.015114402374543163,0.003028377944173893,0.5581583389212514,0.01857748745100738
1525,0.008364085868530517,0.014070902175517642,0.6802538451166426,0.015114402361015676,0.0016747508379144416,0.5545525417297392,0.019924541189747125
1526,0.006427940291459621,0.047177499319959244,1.0827852991593112,0.015616506382250886,0.0016184200862255293,0.3182695590268295,0.06036037768118184
1527,0.006400373644683982,0.027756724965397293,0.647014629687555,0.015616506382250886,0.0016912819179279066,0.33443739414245355,0.025149096831854244
1528,0.006400373644683982,0.026829430802897142,0.55567628207413,0.015616506382250886,0.0015890695760642632,0.4157657546408266,0.024430579031066994
1529,0.006400373644683982,0.030435322914760844,0.5006658248851352,0.015616506382250886,0.0015890695760642632,0.36091224191799626,0.024691859986982798
1530,0.008364085868530517,0.062218126808396945,0.5236251591948374,0.015114402361015676,0.002065850235692635,0.4453263068628768,0.017523670606239758
1531,0.008364085868530517,0.013979375305422526,0.6533771372276201,0.015114402361015676,0.002065850235692635,0.5098171485833766,0.019449411744894163
1532,0.007301920426342251,0.005834599580327841,0.7277079993108547,0.012345674392292637,0.002191848859788402,0.549373007894417,0.05231031640371446
1533,0.006400373644683982,0.026278455160494204,0.6397843565326669,0.015616506382250886,0.0019662553423095623,0.44843640569845183,0.025463376568575714
1534,3.0442790389265535,0.249704051166067,0.5773223349218972,0.015114402361015676,0.003989151590293816,0.25691082966582474,0.018971264816316696
1535,0.007301920426342251,0.005504718900972842,0.7620833223472137,0.012345674392292637,0.002570986695275096,0.23983113657911748,0.04692082804212746
1536,0.006400373644683982,0.03074617176215994,0.5693219655307911,0.015616506382250886,0.0016378573119200665,0.3875822322865518,0.024414217102908496
1537,0.006465854470068727,0.004572830703824645,0.5209146270604191,0.015838585007200156,0.0018419362441170885,0.4259736131226224,0.043950674797683574
1538,0.006400373644683982,0.02179620645611332,0.5917632299869771,0.015616506382250886,0.0024520972286588127,0.2552506604929219,0.01961461863841174
1539,0.007301920426342251,0.0052764638833879334,0.628863440051755,0.012345674392292637,0.0021228193794185367,0.304840042074016,0.04659903958727166
1540,0.007301920426342251,0.005316896982085618,0.6259749153100701,0.012345674392292637,0.0020598785237586114,0.39454467069470156,0.05383968195304496
1541,0.006400373644683982,0.02771128583996909,0.6462332021061395,0.015616506382250886,0.0015890695760642632,0.4929429366761506,0.023800428458960618
1542,0.007301920426342251,0.0053185316517897225,0.5209483585326395,0.012345674392292637,0.0022675545692209423,0.341503347862363,0.07916301381875736
1543,0.007542157757427925,0.005327102494115016,0.9284080259491208,0.012345674392293312,0.0023839671627336263,0.36427588192777555,0.07978035376776771
1544,0.006400373644683982,0.028645272294087698,0.541959247600817,0.015616506382250886,0.0028006707065583447,0.36166814681533455,0.0255981267864832
1545,0.006465854470068727,0.004646165344931455,0.5451394812493567,0.015838585007200156,0.0017760716633529623,0.3640733988698404,0.046710015754931944
1546,0.00692563492608134,0.004556482498511472,0.5565934345817657,0.013567754162501723,0.0016979273914291772,0.4719223997728072,0.05002116802616823
1547,0.006465854470068727,0.004400467931727848,0.8956662036714941,0.015838585007200156,0.0022102887289457713,0.49616237523456747,0.058299902432394295
1548,0.006400373644683982,0.031298769311636346,1.0247931041039764,0.015616506382250886,0.0016378573119200665,0.35291054624718393,0.06411696211379589
1549,0.00692563492608134,0.0235293207590368,1.0452675582305468,0.013567763060131341,0.001602944967615901,0.43691881990986975,0.0479972732734089
1550,0.008364085868530517,0.061045382302158724,0.5055399637857683,0.015114402361015676,0.0016747508379144416,0.36909709021903825,0.02053880661841394
1551,0.008364085868530517,0.0610852098737099,0.49147718206131247,0.015114402361015676,0.002065850235692635,0.3545640064521591,0.020682215051168965
1552,0.007301920426342251,0.005361417066447551,0.6284872344028877,0.012345674392292637,0.0020598785237586114,0.29119812453821814,0.047597658910582805
1553,0.008364085868530517,0.008265561558660671,0.6825208306802629,0.015114402361836903,0.0017782873547979355,0.38575706176089053,0.018154249251245525
1554,0.007794863262842895,0.0041497197689579195,0.6280412562202629,0.013567754162501723,0.002102603149986915,0.5272228072936643,0.042855288802974144
1555,0.007320958977858839,0.005834599580327841,0.7080743917326707,0.012345674392292637,0.002272547230473216,0.5050227125050505,0.05058240176292728
1556,0.01046651950531646,0.10644234360709676,0.5709389311525939,0.015114402361015676,0.0021436949252106596,0.24986487781158095,0.01908682226733602
1557,0.007473086883264573,0.005651462554822443,0.8913875235368945,0.012345674392292637,0.0031034019912706025,0.2401563069328878,0.04589338186345664
1558,0.006400373644683982,0.030271102054595204,0.5759949610108411,0.015616506382250886,0.0015890695760642632,0.3601297493413397,0.025689939793722652
1559,0.006465854470068727,0.004645628753149446,0.5206541975197738,0.015838585007200156,0.0017638788587168856,0.3786677862668188,0.044939203576985026
1560,0.006400373644683982,0.02961107669215734,0.5705113817041145,0.015616506382250886,0.0016378573119200665,0.41244573931199696,0.024994815320220694
1561,0.00692563492608134,0.004485127099205995,0.5247611251988942,0.013567754162501723,0.001602944967615901,0.4586699071410936,0.0450181934518776
1562,0.007301920426342251,0.005328926415500355,0.5434483592880458,0.012345674392292637,0.005823891152680429,0.24302781511289576,0.04694715760779823
1563,0.006400373644683982,0.032630593361740984,0.569991157907675,0.015616506382250886,0.00234817810922404,0.29228921252552914,0.021633950332803815
1564,0.00692563492608134,0.004885864647962112,0.5705261459511554,0.013567754162501723,0.001602944967615901,0.3373947100309773,0.04215299753914104
1565,0.007301920426342251,0.005595044171732706,0.6311059214994683,0.012345674392292637,0.002002490211464757,0.3093505209536138,0.04949289386630175
1566,0.008364085868530517,0.013149543615389874,0.62337074973826,0.015114402361015676,0.0016747508379144416,0.48237525963351857,0.019232233587310025
1567,0.007301920426342251,0.005316896982085618,0.6135534226435432,0.012345674392292637,0.002002490211464757,0.3931659792237352,0.05201883438598717
1568,0.007301920426342251,0.0053185316517897225,0.5960803836786338,0.012345674392292637,0.002002490211464757,0.36000221248433584,0.08476276370272344
1569,0.006465854470068727,0.01996333990312932,0.4959846123362733,0.015838585007200156,0.0017638788587168856,0.33120480020165366,0.04415070464169535
1570,0.008364085868530517,0.014088555496713168,0.6565559420757824,0.015114402361015676,0.0016747508379144416,0.5235207173162868,0.01961956777534192
1571,0.008364085868530517,0.014081313461619517,0.5917450650988041,0.015114402361015676,0.0016747508379144416,0.463096915943682,0.019818113193207268
1572,0.006400373644683982,0.034774575143130156,0.5360018096452075,0.015616506382250886,0.0015890695760642632,0.3684870227090059,0.02258034547909258
1573,0.006400373644683982,0.026305453012441107,0.7631627907795406,0.015616506382250886,0.0016912819179279066,0.4310309238222419,0.059156448006224105
1574,0.008364085868530517,0.014089541504173003,0.5705716926919948,0.015114402361015676,0.0016747508379144416,0.426441056573662,0.02063263532689412
1575,0.007301920426342251,0.005287840552751566,0.5424509835457704,0.012345674392292637,0.0020648675313760575,0.37545261893147586,0.05300694677928655
1576,0.006465854470068727,0.004386829061631708,0.579590670989966,0.015838585007200156,0.0017638788587168856,0.3789182246313112,0.0448696237366891
1577,0.00692563492608134,0.006760096007569053,0.583029380777328,0.013567754162501723,0.0016481053259369384,0.46915994915437526,0.045215316546529286
1578,0.007301920426342251,0.005316896982085618,0.6535843575682011,0.012345674392292637,0.0021228193794185367,0.528083584368416,0.05364654278658381
1579,0.007301920426342251,0.005317613983979496,0.6880485547789188,0.012345674392363113,0.002002490211464757,0.4543788435575097,0.09015910537999793
1580,0.006465854470068727,0.0044792325138344555,0.6477976629439995,0.015838585007200156,0.0019308650845550276,0.48457339414915745,0.045521283221789784
1581,0.007301920426342251,0.0053185316517897225,0.5100278146907338,0.012345674392292637,0.0020586359422102205,0.3306359747168813,0.05465343500042666
1582,0.006465854470068727,0.019647838103395033,1.175584533757687,0.015838585007200156,0.0018419362441170885,0.3450815226734263,0.05643961581150105
1583,0.00692563492608134,0.02082453338270573,0.532920114424822,0.013567754162501723,0.001602944967615901,0.40716661282676403,0.04967194620902579
1584,0.006465854470068727,0.01935869545238722,1.006502528278339,0.015838585007200156,0.0018387611335638815,0.308601681046805,0.0633071106724223
1585,0.007301920426342251,0.005316896982085618,0.601076464740871,0.012345674392292637,0.002002490211464757,0.38490697850092415,0.05288680113419194
1586,0.008364085868530517,0.012143906398869815,0.580338885828742,0.015114402361015676,0.0016747508379144416,0.43556251275185165,0.01994593333053481
1587,0.006400373644683982,0.02781783425362395,0.566250881529213,0.015616506382250886,0.0015890695760642632,0.38731590596883453,0.026276427151782702
1588,0.007301920426342251,0.005316896982085618,0.6719169151304815,0.012345674392292637,0.0020598785237586114,0.46096508910130296,0.053100901875425446
1589,0.006400373644683982,0.027284070854138042,0.6007682710439306,0.015616506382250886,0.0016378573119200665,0.4436522253834117,0.024426640843044297
1590,0.006465854470068727,0.019622402520884215,0.5324683179495766,0.015838585007200156,0.0017638788587168856,0.3553461719522129,0.04064837670310198
1591,0.006400373644683982,0.03130373889303764,0.5348983872207608,0.015616506382250886,0.0015890695760642632,0.3896667666674757,0.02255987280355638
1592,0.006465854470068727,0.021075615609373502,0.525510572839231,0.015838585007200156,0.0020321759915938784,0.24986156401858775,0.04086487944951624
1593,0.006400373644683982,0.02125068207308472,0.6189518356476458,0.015616506382250886,0.0016378573119200665,0.29660280208649986,0.022376612961402573
1594,0.008364085868530517,0.013178952455318667,0.7183255749531575,0.015114402361015902,0.002263193501610549,0.5451328833754471,0.02333019642945799
1595,0.006465854470068727,0.019609650198441263,0.8213450163112399,0.015838585007200156,0.0018419362441170885,0.34906885351589867,0.354328078136524
1596,0.006465854470068727,0.0045241426875432126,0.6356173162384107,0.015838585007200156,0.0018419362441170885,0.4750246081498469,0.045077374243405396
1597,0.00862325391284035,0.013454797990601024,1.2770253984674202,0.012345674413580459,0.0035802696511021753,0.4138583221525747,0.5698629868131616
1598,0.007301920426342251,0.005597794056106157,0.6251198178428031,0.012345674392292637,0.0021160225164437445,0.23729270963822163,0.04763762400271422
1599,0.00692563492608134,0.024627844320512796,0.5447584872443865,0.013567754162501723,0.0016481053259369384,0.30058347866274404,0.042304920193322305
1600,0.006400373644683982,0.023106949091550432,0.5871545605456759,0.015616506382250886,0.0016378573119200665,0.2608982373386,0.023136299710714688
1601,0.006465854470068727,0.02077965970368466,0.5324672500910268,0.015838585007200156,0.0017638788587168856,0.22494337453366198,0.04075772405917678
1602,0.00692563492608134,0.004410997303477458,0.550187841932822,0.013567754162501723,0.0016481053259369384,0.47851115706304415,0.04358004339024238
1603,0.006400373644683982,0.03074617176215994,0.5646878385758769,0.015616506382250886,0.0017497832590898346,0.4026905216156031,0.02387099167726398
1604,0.008364085868530517,0.09601845783392014,0.7606531920724339,0.015114402361015676,0.0034522699308636665,0.3140266305669796,0.01618958025932889
1605,0.00692563492608134,0.02459902768366822,0.5643288117420613,0.013567754162501723,0.001767148079804822,0.28903547710262445,0.041051839692943806
1606,0.008364085868530517,0.014055557527770253,0.6251986122375068,0.015114402361015676,0.0019066706072024392,0.4618718654056553,0.019626607826549815
1607,0.00692563492608134,0.004379468138546456,0.5907101342179506,0.013567754162501723,0.0016979273914291772,0.4906517343419236,0.044586146527822425
1608,0.00692563492608134,0.02095739062296199,0.49968324177221246,0.013567754162501723,0.0016703263035788222,0.4269912815439449,0.0411522451074902
1609,0.006400373644683982,0.03565316557564329,1.0128208358459552,0.015616506382250886,0.0016986859626868208,0.3441000374090859,0.023696515015951696
1610,0.00692563492608134,0.004524411445730845,0.5713267774954405,0.013567754162501723,0.0018225991042656626,0.48528641276801826,0.045909355640099445
1611,0.00692563492608134,0.0045659788523801995,0.551114214153658,0.013567754162501723,0.001636306696665678,0.455336481895175,0.046928308605710865
1612,0.006465854470068727,0.004553327732921526,0.5926212697313327,0.015838585007200156,0.0022790592970512043,0.4249858174728684,0.0451206033652625
1613,0.008364085868530517,0.06013188289449354,0.5859715289809527,0.01511440236103529,0.0017728898433949215,0.4264039984755498,0.019554860779751763
1614,0.008398001264131089,0.06531206665455189,1.29380221518476,0.01511549711471312,0.0018873838504151193,0.4564563573398976,0.024227890577427837
1615,0.008767707238410076,0.06612476484984499,1.1957527863013964,0.015114502112335546,0.002595209947010655,0.4798446333958717,0.019071433730690087
1616,0.006400373644683982,0.027217631515184845,0.5675587363418695,0.015616506382250886,0.0018839873058737753,0.41852947520267975,0.025254853838561558
1617,0.00692563492608134,0.005352817912884777,0.5823080799506182,0.013567754162501723,0.0016979273914291772,0.48340360640788005,0.05053376103917164
1618,0.008364085868530517,0.00833855527871821,0.6147724979871253,0.015114402361015676,0.0019066706072024392,0.36081632176828554,0.01801046168920405
1619,0.00692563492608134,0.020909418595828587,0.4941525375881507,0.013567754162501723,0.0018135276068046277,0.3569838799238213,0.04014967037588332
1620,0.007794863262842895,0.004152593758793481,0.6170009949307151,0.013567754162501723,0.0021519655482643467,0.5186715876031931,0.04235502725285615
1621,0.007513370629347186,0.004934215992449563,0.6120778312114045,0.013567754162501723,0.002257704358986956,0.5099048937872007,0.042375867079475514
1622,0.006400373644683982,0.02609857275299428,0.5580809850057524,0.015616506382250886,0.0015890695760642632,0.2078865512323802,0.022643224551676888
1623,0.007963336155596766,0.032942796270071975,0.5560173675600191,0.013567754162501723,0.00176114672647255,0.27726257212625566,0.04136543286438777
1624,0.008364085868530517,0.014054131834528201,0.6077880034582921,0.015114402361015676,0.0016747508379144416,0.4629534772583853,0.019980164803920553
1625,0.007301920426342251,0.0053174077912065834,0.5858943564009601,0.012345674392292637,0.002002490211464757,0.41165363886308,0.08027615763170898
1626,0.007301920426342251,0.005316896982085618,0.5822977039425442,0.012345674392292637,0.0020598785237586114,0.38634900499292446,0.05478587085807965
1627,0.006465854470068727,0.004575257268722596,0.5128262992711932,0.015838585007200156,0.0018419362441170885,0.3929269700662551,0.04506003067718823
1628,0.006465854470068727,0.015358076872919322,0.5370635234860786,0.015838585007200156,0.001995710507239643,0.28133024500823434,0.03846314908679639
1629,0.00692563492608134,0.024641447774485178,0.5301085306554678,0.013567754162501723,0.0016172029869923985,0.30367857443584956,0.041195663566767814
1630,0.006465854470068727,0.003945569469622236,0.5790081001033818,0.015838585007200156,0.0017638788587168856,0.30106352215393234,0.04125569009720673
1631,0.006465854470068727,0.006489504470831695,0.5888438477465304,0.015838585007200156,0.0017638788587168856,0.24734950006534057,0.043218124051834006
1632,0.007301920426342251,0.005316896982085618,0.6053672965409918,0.012345674392292637,0.0020598785237586114,0.3996865922787385,0.05125945482248327
1633,0.008364085868530517,0.014080051565820803,0.6098827331550508,0.015114402361015676,0.0016747508379144416,0.4533066441169258,0.019856767587487376
1634,0.00692563492608134,0.024364372775201495,0.5294851166279924,0.013567754162501723,0.001602944967615901,0.43642706484121097,0.0480086083913149
1635,0.00692563492608134,0.004379155561574287,0.569617992883065,0.013567754162501723,0.0017528915713089805,0.49573734845313683,0.04397087178418072
1636,0.008364085868530517,0.013478593716204301,0.601153280249554,0.015114402361015676,0.0016747508379144416,0.4545032933089777,0.01993145335686092
1637,0.006465854470068727,0.01973942564407861,0.5224074951383357,0.015838585007200156,0.0017638788587168856,0.3673714362144266,0.045139856113382476
1638,0.00692563492608134,0.021096870505329556,0.5224333873382411,0.013567754162501723,0.001765303222890677,0.4128195976361677,0.04705948123453446
1639,0.007414157463240927,0.005326567963147243,1.255371104687678,0.012348972286896706,0.0026577825183721044,0.41519292538569696,0.08744242266217811
1640,0.006465854470068727,0.0046444182734834355,0.547911118933015,0.015838585007200156,0.0017638788587168856,0.3518877379757641,0.05788081797039268
1641,0.007301920426342251,0.005328103267440879,0.5636391340704103,0.012345674392292637,0.0021789615087073385,0.40559831561199844,0.053006501338957325
1642,0.008364085868530517,0.014032445896947894,0.6328380828783936,0.015114402361015676,0.001802733469128855,0.4739788677752699,0.019817461259693855
1643,0.00692563492608134,0.006760096007569053,0.5924230630501645,0.013567754162501723,0.001602944967615901,0.47576116061550194,0.04545221780669878
1644,0.008364085868530517,0.023167660358562627,0.814055357786035,0.015114402386166475,0.0016747508379144416,0.5196801634371552,0.023227513036660475
1645,0.008364085868530517,0.013162937065232293,0.6515876938301162,0.015114402361015902,0.0016747508379144416,0.543032961145027,0.023017728935744785
1646,0.007301920426342251,0.005316896982085618,0.6559928920855562,0.012345674392292637,0.0020598785237586114,0.5537975693331566,0.05340847130076105
1647,0.006465854470068727,0.019739394988963613,0.5217601436221616,0.015838585007200156,0.0018165408989268543,0.35608616997343145,0.045520849215300245
1648,0.006400373644683982,0.031040901610478785,0.8240374086615642,0.015616506382250886,0.0015890695760642632,0.3290770323616813,0.05902061783236382
1649,0.007301920426342251,0.005289578377542601,1.06998651953308,0.012345682869545349,0.002002490211464757,0.4069083688251186,0.09054419130407217
1650,0.00692563492608134,0.004638870186827017,0.6127516685940265,0.013567754162501723,0.0016481053259369384,0.4551541923028985,0.0418892405626833
1651,0.006400373644683982,0.02778582656167795,0.6369451020504476,0.015616506382250886,0.0015890695760642632,0.35284079635969345,0.05848817264836663
1652,0.008364085868530517,0.012144067658941887,0.5696332663198557,0.015114402361015676,0.0016747508379144416,0.43143897825643246,0.01975774256896863
1653,0.007301920426342251,0.0053174077912065834,0.5612331857303774,0.012345674392292637,0.002002490211464757,0.3689851549542753,0.05214745281784433
1654,0.006400373644683982,0.027857455085924684,0.5483296225158746,0.015616506382250886,0.0016378573119200665,0.36429227515467966,0.026422069182582487
1655,0.006465854470068727,0.019736489827835362,0.4753031927369426,0.015838585007200156,0.0017638788587168856,0.3578087455621438,0.04561847738129513
1656,0.006400373644683982,0.03485583069210993,0.5169378028032281,0.015616506382250886,0.0016912819179279066,0.3845126134492208,0.022100070469994203
1657,0.007301920426342251,0.0053185316517897225,0.5283285161838334,0.012345674392292637,0.002002490211464757,0.39086091099647996,0.046860505109075926
1658,0.007301920426342251,0.005595554838793254,0.587960626226701,0.012345674392292637,0.0020648675313760575,0.3207658692838611,0.048614599925288
1659,0.00692563492608134,0.004896875089197129,0.6369029379629628,0.013567754162501723,0.001602944967615901,0.3605946552349723,0.043310023544808285
1660,0.008364085868530517,0.013174799514553356,0.6675337329289649,0.015114402361015676,0.0017831713807826242,0.5114905971708155,0.0233484182901085
1661,0.007301920426342251,0.0063257414347197005,0.6874084641985293,0.012345674392292637,0.0021968401282981683,0.5707645316967382,0.05238663926588373
1662,0.00692563492608134,0.005299319694475505,0.627397166163504,0.013567754162501723,0.0016481053259369384,0.5417197846899077,0.04493175082029509
1663,0.006400373644683982,0.026278274178688357,0.6510813578905615,0.015616506382250886,0.0018051142151378802,0.4874342116401899,0.0255453464204245
1664,0.006400373644683982,0.018795667095782585,0.5489952170099498,0.015616506382250886,0.0016912819179279066,0.21093563820160363,0.02219192977007038
1665,0.00692563492608134,0.004874923351387895,0.5529386467881275,0.013567754162501723,0.0016481053259369384,0.3098587214063306,0.04269502096585797
1666,0.006400373644683982,0.05951752371074973,0.7860585703291184,0.015616506382250886,0.0017575697067817072,0.18787739369218265,0.02252643772589874
1667,0.006400373644683982,0.02609112378102888,0.5983802826718857,0.015616506382250886,0.0018839873058737753,0.2105625623924277,0.02251931426918749
1668,0.007301920426342251,0.005316896982085618,0.6307008105162472,0.012345674392292637,0.002002490211464757,0.4044278199504389,0.05137476369624774
1669,0.008364085868530517,0.0134848106025866,0.5843725118117639,0.015114402361015676,0.0016747508379144416,0.44241400062813024,0.01909960392208078
1670,0.006465854470068727,0.004572830703824645,0.5180661572917625,0.015838585007200156,0.0017638788587168856,0.4197073987005848,0.04415152894141917
1671,0.007301920426342251,0.005316896982085618,0.5802774053344562,0.012345674392292637,0.002002490211464757,0.37793727845689135,0.05198967026043554
1672,0.006465854470068727,0.0039383443600105395,0.5686124228793052,0.015838585007200156,0.0018419362441170885,0.2725232401801411,0.04038762171249155
1673,0.008364085868530517,0.008007781363903916,0.6083282661666606,0.015114402361015676,0.0016747508379144416,0.3115797531928372,0.018076225989964088
1674,0.00692563492608134,0.0048486291270143185,0.6186514204077613,0.013567754162501723,0.001602944967615901,0.3464452512029609,0.042578308985980404
1675,0.008364085868530517,0.008103439993741163,0.6736205430899593,0.015114402361015676,0.0019066706072024392,0.3381348586795556,0.01837255529348708
1676,0.006400373644683982,0.028054618586441656,0.5757570910833946,0.015616506382250886,0.0017791307249549937,0.3485138061921498,0.025737888082743764
1677,0.008364085868530517,0.014069280492360033,0.6206534946827059,0.015114402361015676,0.0017831713807826242,0.4583452559915858,0.019551167819434227
1678,0.00692563492608134,0.004390980131820153,0.560697464152084,0.013567754162501723,0.001602944967615901,0.4863404105322575,0.04783498203883131
1679,0.007301920426342251,0.005316896982085618,0.6307675988261038,0.012345674392292637,0.002002490211464757,0.45629221176876544,0.052084649442003014
1680,0.006465854470068727,0.019711850183431176,0.6056662791690851,0.015838585007200156,0.0017638788587168856,0.31902569561671607,0.04396867885676343
1681,0.006465854470068727,0.019358511549668386,1.2045615677980241,0.015838585007200156,0.0017638788587168856,0.33342904385157474,0.37857332790993403
1682,0.006400373644683982,0.03499457471746213,0.6662654011288649,0.015616506382250886,0.0016378573119200665,0.35445774501672517,0.022821234058169496
1683,0.006465854470068727,0.01960951853302331,0.8643694525444986,0.015838585007200156,0.0017638788587168856,0.33366916062632546,0.04203978801977254
1684,0.008364085868530517,0.061616762262262724,0.5206315205501127,0.015114402361015676,0.0023612869689399463,0.3716259071016349,0.020966827135045645
1685,0.007301920426342251,0.0053185316517897225,0.5240829742762867,0.012345674392292637,0.0021789615087073385,0.33648223254486703,0.05333634685651361
1686,0.006465854470068727,0.004645738682691933,0.5382654339927612,0.015838585007200156,0.0017638788587168856,0.3858890678730348,0.04600903671642605
1687,0.007301920426342251,0.0053185316517897225,0.5350160424544402,0.012345674392292637,0.0020598785237586114,0.34234427038099813,0.05448366429502778
1688,0.00692563492608134,0.005708314799120655,0.585553599060911,0.013567754162501723,0.0016814657446351199,0.4916693725034869,0.04993915939787794
1689,0.007301920426342251,0.0053174077912065834,0.5697891186420779,0.012345674392292637,0.002002490211464757,0.3986021216658533,0.05471391351665694
1690,0.008364085868530517,0.012382381932417098,0.7850286050033152,0.015114402361435983,0.0017728898433949215,0.5326732019795231,0.023112950954131895
1691,0.00692563492608134,0.0037463061748791173,0.7767536002287092,0.01356776643886624,0.001854195687183587,0.5457553476062927,0.0490976377906579
1692,0.006465854470068727,0.019554791178152616,0.7292851839360509,0.015838585007200156,0.0018419362441170885,0.31790138694221726,0.058064860419578666
1693,0.008364085868530517,0.06730378990077071,0.5312711949352086,0.015114402361015676,0.0016747508379144416,0.409181681142684,0.02002252228137557
1694,0.007301920426342251,0.005328103267440879,1.2341325028777068,0.012605604435525082,0.002110110412277333,0.4883819158818769,0.04847123670477879
1695,0.008364085868530517,0.06577914168504954,1.1675317000401417,0.015114464298922724,0.0016747508379144416,0.44445054600231004,0.02422112726744963
1696,0.00692563492608134,0.02080900801692012,0.475656151076765,0.013567754162501723,0.001602944967615901,0.4156634835704254,0.045729136802773164
1697,0.006400373644683982,0.030435322914760844,0.4998461363227223,0.015616506382250886,0.0015890695760642632,0.35506899564896177,0.024959836490759883
1698,0.008364085868530517,0.077020014296812,0.491964430870751,0.015114402361015676,0.00285380394665804,0.34777281499577084,0.020687841454675917
1699,0.00692563492608134,0.02158155041480853,0.4793129575843487,0.013567754162501723,0.0018085045639367099,0.38076644557628897,0.05093255474080567
1700,0.00692563492608134,0.03179444984678969,0.5281122521995386,0.013567754162501723,0.0017121844440170677,0.2903422630967477,0.03891311224417972
1701,0.00692563492608134,0.004327036083266164,0.6143981809866287,0.013567754162501723,0.001602944967615901,0.34917785864379464,0.0416142815339646
1702,0.007301920426342251,0.005553217865924303,0.591551007039717,0.012345674392292637,0.0021228193794185367,0.30416061785845505,0.04767017234047283
1703,0.008364085868530517,0.008282135239835236,0.637457063741995,0.015114402361015676,0.0020707377251840318,0.35630770076173374,0.01929279249191107
1704,0.00692563492608134,0.004148132445838441,0.6231795359015562,0.013567754162501723,0.001778442035561114,0.5231290862506022,0.04369794001078749
1705,0.008364085868530517,0.014158526068717543,0.6664508556496823,0.015114402361015676,0.0016747508379144416,0.5149897888906528,0.02332261177643045
1706,0.008364085868530517,0.013176555812738437,0.6509658544163504,0.015114402361015676,0.0019565019126277818,0.49835712979172564,0.020152972757084223
1707,0.006465854470068727,0.004523870174251291,0.651636489895632,0.015838585007200156,0.00204436679281379,0.4770268197916048,0.044844709497583506
1708,0.006465854470068727,0.01979915416736553,0.57740803461134,0.015838585007200156,0.0017638788587168856,0.19843195298094882,0.04175742247000631
1709,0.0065379338946396125,0.01895942103467446,0.5755454615921115,0.015616506382250886,0.0021132355994746724,0.20917634182341466,0.022390204732216652
1710,0.009040454331245883,0.04362548847244107,0.5729804033904825,0.015114402361015676,0.0022802574064134207,0.24524397992572927,0.01897646929559113
1711,0.0069824286693885036,0.022023402272282843,0.5538385870772291,0.013567754162501723,0.0019363423090716146,0.27954894977811,0.041431403222987044
1712,0.00692563492608134,0.006758029726318135,0.5452212365499133,0.013567754162501723,0.001602944967615901,0.44550244241938874,0.04905317489796348
1713,0.006400373644683982,0.030271102054595204,0.5702576705226702,0.015616506382250886,0.0015890695760642632,0.3634777027181197,0.024775709769700303
1714,0.006400373644683982,0.02725546044666991,0.5752979505147964,0.015616506382250886,0.0016912819179279066,0.389754899586635,0.024742812891820152
1715,0.006465854470068727,0.004645628753149446,0.5215752997228449,0.015838585007200156,0.0018419362441170885,0.3883181047219326,0.044510617918274806
1716,0.008364085868530517,0.014087860494596906,0.5801209272925336,0.015114402361015676,0.0016747508379144416,0.4331918054471277,0.020693699853850965
1717,0.006400373644683982,0.028244833519883196,0.5822290792081269,0.015616506382250886,0.0015890695760642632,0.4152631853442991,0.02526132076926251
1718,0.006465854470068727,0.004646567255662735,0.527137326973587,0.015838585007200156,0.0017638788587168856,0.37008360582527317,0.046043944392478206
1719,0.007301920426342251,0.005317613983979496,0.5527292564045411,0.012345674392292637,0.002002490211464757,0.36381653101508443,0.05247147422644487
1720,0.006465854470068727,0.00778613741906131,0.5352556151390073,0.015838585007200156,0.0030149122303388494,0.4131859423319763,0.04222995015851287
1721,0.007301920426342251,0.005402525519545,0.5748205668773348,0.012345674392292637,0.009232331646501647,0.36964126177458073,0.046685036315316404
1722,0.007301920426342251,0.005402525519545,0.6077307101446431,0.012345674392292637,0.0024008057611682038,0.3034484849644025,0.048220514350502265
1723,0.008364085868530517,0.008839965943241533,0.5867539397005875,0.015114402361015676,0.0017782873547979355,0.3585974791962558,0.01791227102461779
1724,0.007301920426342251,0.005595044171732706,0.6042703354480871,0.012345674392292637,0.002002490211464757,0.3106533958401717,0.050494343309106494
1725,0.007301920426342251,0.005553217865924303,0.6068945485771647,0.012345674392292637,0.0021228193794185367,0.31152918403956914,0.04808886059252076
1726,0.008364085868530517,0.008024732235566597,0.6111191373972034,0.015114402361015676,0.0017728898433949215,0.3129064264233806,0.019188792944721558
1727,0.006400373644683982,0.02309987996903937,0.6208601354554732,0.015616506382250886,0.0017497832590898346,0.31855833688208546,0.022819509405029744
1728,0.007301920426342251,0.005316896982085618,0.6079877826139053,0.012345674392292637,0.0021968401282981683,0.42766863129539545,0.0826207709900256
1729,0.006465854470068727,0.0046463418446178115,0.5860382920255536,0.015838585007200156,0.0018419362441170885,0.38142309024957854,0.046037179588104014
1730,0.008364085868530517,0.01386380121766287,0.6195560892597838,0.015114402361015676,0.0017782873547979355,0.4711939327520857,0.019362340873443375
1731,0.008364085868530517,0.013148305657840321,0.6259107207680372,0.015114402361015676,0.0016747508379144416,0.4716713045705728,0.01967308744300714
1732,0.00692563492608134,0.02101373717667989,0.7396263246325205,0.013567754162514777,0.001602944967615901,0.4204672321761627,0.049789488080777225
1733,0.00692563492608134,0.021116307376830217,0.7080960500184237,0.013567754162501949,0.001602944967615901,0.40971537639623284,0.04849165825724071
1734,0.006465854470068727,0.01974101665709084,0.5803314944420889,0.015838585007200156,0.0018419362441170885,0.32868963216078734,0.056640072016121826
1735,0.007301920426342251,0.005289578377542601,0.5063102426947617,0.012345674392292637,0.0020598785237586114,0.34836317807803696,0.052461159136158925
1736,0.00692563492608134,0.0043785740821933716,0.5565609317568825,0.013567754162501723,0.001602944967615901,0.49930428780463765,0.04390572816254237
1737,0.00692563492608134,0.004378560559937681,0.5894257154680466,0.013567754162501723,0.001602944967615901,0.5320706815888918,0.043995661156189136
1738,0.00692563492608134,0.004524546241139012,0.6367308658984335,0.013567754162501723,0.0016172029869923985,0.5535292293201128,0.045075886647420176
1739,0.006465854470068727,0.00464609404182736,0.5877969226473975,0.015838585007200156,0.0018419362441170885,0.42430866247390125,0.04488547353537359
1740,0.006465854470068727,0.019712678731423555,0.5505651061419692,0.015838585007200156,0.0018387611335638815,0.35116698501485255,0.04004217940575988
1741,0.006400373644683982,0.03416906024584182,0.5240896939580844,0.015616506382250886,0.0015890695760642632,0.38486644893958794,0.022609181604913372
1742,0.006400373644683982,0.02634472766149085,0.8718196364949272,0.015616506382250886,0.0017552440272029842,0.45077421165995957,0.06043579225003374
1743,0.008364085868530517,0.012997475210057908,0.7623628972136268,0.01511440246082469,0.0017728898433949215,0.48890649732603936,0.02460983561352364
1744,0.00692563492608134,0.004524848523262113,0.5442202306674269,0.013567754162501723,0.001602944967615901,0.46291911077661096,0.045665430713136265
1745,0.00692563492608134,0.004524848523262113,0.5476848210922796,0.013567754162501723,0.0016172029869923985,0.4657369224328749,0.04570564366981855
1746,0.00692563492608134,0.02442691618435173,0.5262275098386533,0.013567754162501723,0.0016560688548505394,0.43621829312612637,0.0504335506326444
1747,0.00692563492608134,0.026763148229013507,0.5251521265082592,0.013567754162501723,0.0016560688548505394,0.4287828823242267,0.05033263606540359
1748,0.008364085868530517,0.013483551378328606,0.6084098561318004,0.015114402361015676,0.0016747508379144416,0.45759735276729685,0.019910913242766726
1749,0.008364085868530517,0.014054326992605655,0.5907787334558788,0.015114402361015676,0.0016747508379144416,0.4510193496103303,0.02000150787128325
1750,0.008364085868530517,0.020449717749417434,0.6111417717017857,0.015114402361015676,0.0017782873547979355,0.4589422937059039,0.02059915042892924
1751,0.00692563492608134,0.006751732069820733,0.5585171944094511,0.013567754162501723,0.001602944967615901,0.45587922179442275,0.04524901265176861
1752,0.007301920426342251,0.005316896982085618,0.6741623866572455,0.012345674392292637,0.0020598785237586114,0.5401667499004706,0.053917540099370324
1753,0.007301920426342251,0.005316896982085618,0.6118359543442022,0.012345674392292637,0.002191848859788402,0.47781030502974725,0.08274053088641979
1754,0.006400373644683982,0.027878831153303765,0.9043786297870829,0.015616506382250886,0.0016672068779845831,0.420979584320419,0.05935438502993167
1755,0.00692563492608134,0.004517097942700487,0.556578604623112,0.013567754162501723,0.001602944967615901,0.493062492880437,0.04806879878779872
1756,0.006465854470068727,0.006498516147805852,0.6190727701479953,0.015838585007200156,0.0018419362441170885,0.43433663801555844,0.04550907052579764
1757,0.006400373644683982,0.02772042247324581,0.638286777093797,0.015616506382250886,0.0016912819179279066,0.4900732149060673,0.025857104485065403
1758,0.00692563492608134,0.021924255619959237,0.6816086284298182,0.01356775416250285,0.0018999956081403055,0.425811358855449,0.051304945786716766
1759,0.00692563492608134,0.0253151754106091,0.6200535223209444,0.013567754162501723,0.0016560688548505394,0.452902000657447,0.04985489980345799
1760,0.008364085868530517,0.06450621425736079,0.9791544548333888,0.015114402560263666,0.0016747508379144416,0.406648464443822,0.2573886679614649
1761,0.006465854470068727,0.019647838103395033,1.0623927692119068,0.015838585007200156,0.0017638788587168856,0.33832025592012327,0.05693200976724885
1762,0.006465854470068727,0.019739394988963613,0.5797345298259765,0.015838585007200156,0.0017638788587168856,0.3240681575171318,0.05540608422902104
1763,0.00692563492608134,0.021105276274365155,0.656788022118818,0.013567754162501723,0.001602944967615901,0.41021048594426274,0.050096904980623885
1764,0.006465854470068727,0.004553791522232907,0.5728674568172885,0.015838585007200156,0.0017638788587168856,0.3555584422957278,0.044702269219889366
1765,0.008364085868530517,0.061223039661528235,0.5541714511570914,0.015114402361015676,0.0016747508379144416,0.40821189171710015,0.020191981194782285
1766,0.008364085868530517,0.061209717529737494,0.5372626547172961,0.015114402361015676,0.0019066706072024392,0.4036331440650174,0.019793807383224987
1767,0.006400373644683982,0.026341158005849002,0.646377498148111,0.015616506382250886,0.0017225416398595223,0.3710560300921215,0.060733896764528526
1768,0.007301920426342251,0.0053174077912065834,0.5622641057777573,0.012345674392292637,0.002002490211464757,0.37147336781606316,0.05181210497409369
1769,0.00692563492608134,0.0044800945746913835,0.5366702852857885,0.013567754162501723,0.001602944967615901,0.4738299194627588,0.04436766332555744
1770,0.008364085868530517,0.013528183595824453,0.5714098483116874,0.015114402361015676,0.0016747508379144416,0.4242641042645064,0.02039572526109215
1771,0.008364085868530517,0.012145311728018948,0.5712542365245811,0.015114402361015676,0.0016747508379144416,0.42703911428605,0.02019733058280907
1772,0.00692563492608134,0.004524848523262113,0.541848906009792,0.013567754162501723,0.0016172029869923985,0.47567116012521077,0.04501976344717263
1773,0.006465854470068727,0.0197010266749666,0.5323498502535903,0.015838585007200156,0.0017638788587168856,0.366055244469184,0.04558094478558455
1774,0.00692563492608134,0.004520856113189242,0.5370301116767234,0.013567754162501723,0.001602944967615901,0.46908747163625425,0.04508134475034394
1775,0.007301920426342251,0.005316896982085618,0.6173182187109981,0.012345674392292637,0.002002490211464757,0.41075744119949864,0.05290389008674804
1776,0.006465854470068727,0.019622402520884215,0.5289190571945116,0.015838585007200156,0.0018419362441170885,0.35335442634904857,0.04114967344761103
1777,0.008364085868530517,0.060142501845014386,0.6650634999199848,0.015114402361015676,0.0017782873547979355,0.4079972628256296,0.0187636567074972
1778,0.007301920426342251,0.0053185316517897225,0.5307039220766531,0.012345674392292637,0.002002490211464757,0.37565462623383394,0.04797014298904674
1779,0.00692563492608134,0.021450404124996495,0.5055665308887285,0.013567754162501723,0.001602944967615901,0.44182903988923167,0.04114814102793268
1780,0.007388018982871245,0.005703080252179144,0.7091319753059228,0.012345674392292637,0.0025765580773892687,0.2581589186063075,0.04617458118585467
1781,0.00692563492608134,0.004874843360427535,0.5696544259024389,0.013567754162501723,0.001602944967615901,0.3597541781216199,0.04304408237659609
1782,0.007301920426342251,0.005553217865924303,0.6392533553354097,0.012345674392292637,0.002002490211464757,0.3418262069705518,0.048821298974841824
1783,0.006400373644683982,0.05041825366157719,0.6016572935747421,0.015616506382250886,0.0016912819179279066,0.2909522352238052,0.022094638539077446
1784,0.007301920426342251,0.0063257414347197005,0.6214136038723265,0.012345674392292637,0.0023177815947302443,0.47649823863301305,0.08578436277882678
1785,0.006400373644683982,0.026278274178688357,0.6853751274603119,0.015616506382250886,0.0018247485993816352,0.5283139534906328,0.025537616164323356
1786,0.008364085868530517,0.06109357061295187,0.5627313605017085,0.015114402361015676,0.0016747508379144416,0.38803120493299703,0.02474220020447109
1787,0.008364085868530517,0.05942660955798507,0.5466601034777886,0.015114402361015676,0.0017782873547979355,0.4083559227168617,0.020127391200694296
1788,0.006465854470068727,0.004545911601617298,0.6577153783888452,0.015838585007200156,0.0018419362441170885,0.47612336656537635,0.05697127550201165
1789,0.00692563492608134,0.00534452793869293,0.6418928634098339,0.013567754162501723,0.001602944967615901,0.5882660684413996,0.044713644979260135
1790,0.007301920426342251,0.005461763164363987,0.601376713731229,0.012345674392292637,0.0023505805393244272,0.42804509691603737,0.08648202923524582
1791,0.007320958977858839,0.006324037354774544,0.9452008363386039,0.012345674392412681,0.002541484190048456,0.5326438820724926,0.08877476785669243
1792,0.006400373644683982,0.024951772693783663,0.5347487805637822,0.015616506382250886,0.0016912819179279066,0.20779180597528568,0.023277360258301582
1793,0.006400373644683982,0.026131380875632847,0.5595271715715422,0.015616506382250886,0.0015890695760642632,0.20197627458954184,0.022884403877513407
1794,0.007301920426342251,0.005555286816856021,0.5659464937139709,0.012345674392292637,0.002002490211464757,0.27765361862289545,0.04827078523130668
1795,0.00692563492608134,0.024715260295715028,0.5418882946363817,0.013567754162501723,0.0016481053259369384,0.29773012004945526,0.04287812655010017
1796,0.007301920426342251,0.005597794056106157,0.5661641656980883,0.012345674392292637,0.002183500756083086,0.2521469665137318,0.04840694576646887
1797,0.008364085868530517,0.056457425111319355,0.5637613930644627,0.015114402361015676,0.0018873838504151193,0.27533123740763554,0.018908215486710355
1798,0.006465854470068727,0.021056178313055587,0.5094723316661789,0.015838585007200156,0.0019308650845550276,0.23614748980376407,0.04081225507817112
1799,0.006400373644683982,0.023102935659093753,0.598776010418087,0.015616506382250886,0.0016433176329880795,0.2877741629416094,0.02309579800827621
1800,0.011422849835793464,0.10901053156486504,0.4979436436631637,0.01846797696077534,0.002763079450885547,0.2978974566956459,0.04075027280406551
1801,0.01087922792431959,0.04893610898605649,0.533373175363802,0.020728392235205853,0.002532993907850575,0.29315143660322646,0.044785449584844886
1802,0.011045796141028047,0.007899823027296407,0.5594860763898772,0.02037631948920142,0.0025408269897445337,0.22081413972353012,0.040149045901299224
1803,0.011045796141028047,0.007899823027296407,0.6165563836601863,0.02037631948920142,0.0025408269897445337,0.2774215259976926,0.041473528008954354
1804,0.011045796141028047,0.007899823027296407,0.5164972336543476,0.02037631948920142,0.0025408269897445337,0.2616257564287726,0.03942347289321316
1805,0.011045796141028047,0.007899823027296407,0.5254084057047272,0.020376319499347675,0.0025408269897445337,0.2895373098438839,0.04000521270600403
1806,0.011045796141028047,0.12244358942770064,0.47419411227193725,0.02037631950304366,0.0026530807829304687,0.2449724159360963,0.03915499459282052
1807,0.011045796141028047,0.12246383034079379,0.488875004509538,0.020376319510356993,0.0026530807829304687,0.252228820438419,0.04006163441364772
1808,0.01087922792431959,0.05509169055908588,0.5748159196539044,0.020728392235205628,0.002532993907850575,0.2922707782942416,0.04625790252436683
1809,0.01010164148077175,0.05897985061024555,0.6067487626340237,0.01990198253487454,0.002124828107463174,0.3575456835086186,0.038486420036070994
1810,0.01087922792431959,0.04893610898605649,0.5252400192734616,0.020728392235205628,0.002532993907850575,0.29016858711377713,0.04429653523119806
1811,0.011045796141028047,0.007899823027296407,0.5759629139855434,0.02037631948920142,0.0025408269897445337,0.30616634640408485,0.04114840928830375
1812,0.01010164148077175,0.05810635765643916,0.5657688020236106,0.01990198253487454,0.002124828107463174,0.29876271144892586,0.03828018693532538
1813,0.01087922792431959,0.05021660572445441,0.5180237869493638,0.020728392235205628,0.002532993907850575,0.2554567985872305,0.045021487896097466
1814,0.009333992125887603,0.1221004592662771,0.5499767433403449,0.020979886403037176,0.0038309766972433406,0.24746638462958867,0.04687716881976384
1815,0.011422849835793464,0.08560187936750968,0.6792409605847507,0.01846797693618004,0.002590782896123348,0.3671562450421363,0.04437836839072605
1816,0.009333992125887603,0.12433268549070703,0.5865107154437461,0.020979886403037176,0.0024070376763084995,0.24831686715915327,0.04538204142740556
1817,0.01623395433540491,0.3120315971795418,0.4790741324606498,0.01846797693619395,0.005962994242889071,0.2735965682262734,0.040701645518463316
1818,0.011422849835793464,0.0832597368293147,0.5367900492733453,0.018467976936229348,0.0030016212960292405,0.3038590051218444,0.04215849835909001
1819,0.011422849835793464,0.0832597368293147,0.5273865536116608,0.01846797693621442,0.002590782896123348,0.3000119493812066,0.04230155184305234
1820,0.009333992125887603,0.36421866995121727,0.4800554430623694,0.020979886403037176,0.0025178531093836055,0.25370701367955706,0.04358154235171569
1821,0.01087922792431959,0.04893610898605649,0.5045611667268062,0.020728392235205628,0.002532993907850575,0.2805231585691336,0.04370609788622179
1822,0.01087922792431959,0.050420874943666316,0.5630617796255513,0.020728392235205628,0.002846904501509516,0.2621109704628445,0.04617873564054365
1823,0.011422849835793464,0.08557504664059928,0.5731705448482197,0.018467976936180266,0.002590782896123348,0.31206124464553014,0.0433194828072261
1824,0.011422849835793464,0.10772613321717879,0.5228176838245918,0.018467976936319595,0.002590782896123348,0.30740341369021396,0.04123803726346157
1825,0.01087922792431959,0.04990228180365792,0.5018101096793119,0.020728392235229542,0.002532993907850575,0.27409796340533843,0.04364902338130875
1826,0.011422849835793464,0.08919477655557816,0.5553767327225877,0.018467976936180942,0.0030662821682054453,0.2599564301221825,0.04174975849672817
1827,0.01087922792431959,0.04682811495779686,0.6020060925444833,0.020728392235205628,0.004076021106540601,0.2688125705974641,0.04569991838359395
1828,0.011422849835793464,0.0832597368293147,0.514552183080852,0.01846797693657371,0.003213676003348825,0.29491232388541855,0.041227484011136586
1829,0.011045796141028047,0.007899823027296407,0.5285172531770913,0.02037631948920142,0.0025408269897445337,0.27104719652136255,0.03982834803177724
1830,0.009333992125887603,0.36411660324534273,0.4807321254587852,0.02097988913891904,0.0024070376763084995,0.2583121981542814,0.044258102093631284
1831,0.01087922792431959,0.20356061799796646,0.4755652313781967,0.020728392245210142,0.002532993907850575,0.2634493132411435,0.043124090507761524
1832,0.011422849835793464,0.08685408258489434,0.5922540236037295,0.018467976936181397,0.0030489800777470486,0.3069707806302799,0.04364149777348341
1833,0.01087922792431959,0.050420874943666316,0.600889656260803,0.020728392235205628,0.0028526490720897683,0.29751580717403603,0.045660487510161406
1834,0.011422849835793464,0.08332132452127294,0.5377799836830314,0.018467976936180717,0.002590782896123348,0.3038093449622502,0.04252733459565305
1835,0.011045796141028047,0.007899823027296407,0.5210066064045104,0.02037631948920142,0.0025408269897445337,0.2632890594014369,0.03981214788250227
1836,0.009333992125887603,0.12218318494282805,0.620023312094148,0.020979886405921692,0.0024070376763084995,0.3133536228587333,0.04714255741745134
1837,0.011045796141028047,0.007899823027296407,0.5736392854791101,0.02037631948920142,0.0025408269897445337,0.24926717006243998,0.04098978373886143
1838,0.011422849835793464,0.08560187936750968,0.5406789230833347,0.018467976936180266,0.002590782896123348,0.2681415742415324,0.0430276509550265
1839,0.011045796141028047,0.007899823027296407,0.6384393782547028,0.02037631948920142,0.0025408269897445337,0.33362399463747683,0.04234668181105809
1840,0.01087922792431959,0.045656510666726026,0.5652149518736572,0.020728392235205628,0.002532993907850575,0.24632216000326082,0.04471736747320589
1841,0.01087922792431959,0.049111438134283744,0.5603963653714322,0.020728392235205628,0.002532993907850575,0.2653082032620259,0.04504703707860698
1842,0.01087922792431959,0.05618426250832224,0.5298801210701817,0.020728392235205628,0.002532993907850575,0.2957157579044189,0.04441275953233236
1843,0.01087922792431959,0.054595475507375674,0.5217364454053769,0.020728392235205628,0.002532993907850575,0.290450014377167,0.04441848016497929
1844,0.011045796141028047,0.12246383034079379,0.48583272368775976,0.02037631948920142,0.0025408269897445337,0.24001261669399193,0.039432710482378105
1845,0.01010164148077175,0.058723093076179886,0.4937227729919672,0.01990198253487454,0.002124828107463174,0.24584511998908323,0.03689269985810336
1846,0.011422849835793464,0.08557619319073194,0.5603455881302236,0.018467976936180266,0.002590782896123348,0.2930779107614247,0.04307818609333132
1847,0.011422849835793464,0.08557619319073194,0.5582283309019559,0.01846797693618049,0.002590782896123348,0.27056941337797596,0.04263030281181472
1848,0.009333992125887603,0.11950778098545374,0.5101717804959556,0.020979891067083874,0.0024070376763084995,0.2795436558655385,0.04511922889814675
1849,0.011045796141028047,0.12244358942770064,0.4852026318530501,0.020376343429900627,0.0025984522368117835,0.24981238626136934,0.03786082873834313
1850,0.009333992125887603,0.11887668918710774,0.5270341991902087,0.020979886403037176,0.0024070376763084995,0.2786441349815051,0.04494855223733728
1851,0.01010164148077175,0.06302435089716103,0.4841472816008387,0.01990198253487454,0.002124828107463174,0.24849556189639505,0.03633666646324418
1852,0.009333992125887603,0.12857582165675435,0.5845039492532278,0.020979886403037176,0.0024070376763084995,0.24304590523425465,0.045070175108273776
1853,0.011422849835793464,0.08557619319073194,0.5581407635630292,0.018467976936180266,0.002590782896123348,0.28422858697928716,0.042769555259727726
1854,0.01087922792431959,0.04682811495779686,0.5630907069071522,0.020728392235205628,0.002532993907850575,0.24312107364375612,0.045099860988555465
1855,0.009333992125887603,0.12220975737027112,0.6517219026691216,0.020979886403037176,0.0024070376763084995,0.3248422790822739,0.04767627140862338
1856,0.01010164148077175,0.058723093076179886,0.5157721687967156,0.01990198253487454,0.002124828107463174,0.255338340414266,0.03619996449123286
1857,0.01010164148077175,0.058723093076179886,0.5145278233193966,0.01990198253487454,0.002124828107463174,0.25441559408911385,0.03657111440518338
1858,0.011045796141028047,0.007899823027296407,0.5000303992928933,0.02037631948920142,0.0025408269897445337,0.2498159200529023,0.03973254329367777
1859,0.011045796141028047,0.007899823027296407,0.5148829197315232,0.02037631948920142,0.0025408269897445337,0.2602286809136554,0.04062292476647419
1860,0.01010164148077175,0.05925491053218919,0.4854522718910229,0.01990198253487454,0.002124828107463174,0.23635494378673866,0.03664245792516607
1861,0.01087922792431959,0.3174015067304969,0.4880548214579158,0.02072839225382955,0.0032288190391463025,0.26546333294479674,0.04251034380392025
1862,0.009333992125887603,0.12683997535011704,0.516269857631518,0.02097988640310656,0.0025178531093836055,0.2813344376058997,0.045878687260437014
1863,0.011045796141028047,0.007899823027296407,0.5080384440032275,0.02037631948937693,0.0025408269897445337,0.2641955914787051,0.04047024330792034
1864,0.011422849835793464,0.08685408258489434,0.5945128974385278,0.018467976936180266,0.002590782896123348,0.2975494857520639,0.04372403213204932
1865,0.01087922792431959,0.050420874943666316,0.5356061527907491,0.020728392235205628,0.002532993907850575,0.25291589842070394,0.04580140338304498
1866,0.011045796141028047,0.007899823027296407,0.5706041543991303,0.02037631948920142,0.0025408269897445337,0.26660084379170756,0.041892846553988505
1867,0.009333992125887603,0.12218318494282805,0.612600301388511,0.020979886403037742,0.0024070376763084995,0.2956109376647537,0.04748665376253909
1868,0.01010164148077175,0.058723093076179886,0.5208193230012892,0.01990198253487454,0.002124828107463174,0.2598311381992036,0.037056922964330836
1869,0.009333992125887603,0.12616832463890112,0.5355301443218531,0.020979886403037176,0.0024070376763084995,0.2863929093839328,0.04504471482170952
1870,0.01010164148077175,0.058723093076179886,0.5313305770856344,0.01990198253487454,0.002124828107463174,0.2687018211092113,0.03701262632511475
1871,0.01087922792431959,0.048359707248323336,0.5268231834822072,0.020728392235205628,0.002532993907850575,0.28883137970285366,0.04511934357398115
1872,0.011422849835793464,0.08557619319073194,0.5770902588523948,0.01846797693618004,0.002590782896123348,0.2987704116779496,0.04357714017129968
1873,0.009333992125887603,0.12218318494282805,0.6013047183090813,0.02097988640303797,0.0024070376763084995,0.29174470389489277,0.04740201946771315
1874,0.011422849835793464,0.08559370993432772,0.5025716977468762,0.018467976936182753,0.002590782896123348,0.27495170613535713,0.04243583542272369
1875,0.01010164148077175,0.059039952994102786,0.5329955020175615,0.01990198253487454,0.002124828107463174,0.2547929330972852,0.03753447558373838
1876,0.011045796141028047,0.007899823027296407,0.542665710379881,0.02037631948920142,0.0025408269897445337,0.2152416277067317,0.040972219868792854
1877,0.01010164148077175,0.05897892441322981,0.5353244050029792,0.01990198253487454,0.002124828107463174,0.2182446677492433,0.038364287975564036
1878,0.011422849835793464,0.08557619319073194,0.6309366284214725,0.01846797693618004,0.002590782896123348,0.3281248464271227,0.0442081627316743
1879,0.01010164148077175,0.05897985061024555,0.6370447343509024,0.01990198253487454,0.002124828107463174,0.37660997783719136,0.039125505832040615
1880,0.009333992125887603,0.12210299436881997,0.5866671983598112,0.020979886403037176,0.0024070376763084995,0.25249297023934,0.04662535749091726
1881,0.01087922792431959,0.050420874943666316,0.5655927819584388,0.020728392235205628,0.002532993907850575,0.2708690650877199,0.045493080320431215
1882,0.011045796141028047,0.09601971469754934,0.49003220762089783,0.020376319489201645,0.0030504249542354844,0.23604730775781382,0.03928158703427194
1883,0.01087922792431959,0.05580779869316249,0.4994175405448428,0.020728392235205853,0.002532993907850575,0.2787704802719561,0.04281717363425575
1884,0.009333992125887603,0.12616832463890112,0.5496047911707348,0.020979886403037176,0.0024070376763084995,0.29765057107341425,0.04550226563551058
1885,0.01087922792431959,0.05618426250832224,0.5209742802745141,0.020728392235205628,0.002532993907850575,0.2916008108667557,0.044096613437949767
1886,0.009333992125887603,0.12616832463890112,0.5385180037634291,0.020979886403037176,0.0024070376763084995,0.2912967589304722,0.04504766344688488
1887,0.011045796141028047,0.007899823027296407,0.5225854287273082,0.02037631948920142,0.0025408269897445337,0.2652523919660982,0.039197684723792814
1888,0.011422849835793464,0.08339463257709817,0.5196039050958459,0.018467976936181848,0.002590782896123348,0.29899069840400005,0.042844978701114186
1889,0.009333992125887603,0.2933502142653236,0.4911496741066439,0.020979886403037176,0.0024070376763084995,0.2595078596665093,0.04447858412038444
1890,0.009333992125887603,0.11887668918710774,0.5152133171547689,0.020979886403037176,0.0024070376763084995,0.2721548853071581,0.04444144192881412
1891,0.011045796141028047,0.007899823027296407,0.5194518205851988,0.0203763194892089,0.0025408269897445337,0.2696981270173568,0.040857483835465495
1892,0.01010164148077175,0.05810635765643916,0.5844614503024168,0.01990198253487454,0.002124828107463174,0.30837748868803155,0.03879258427651477
1893,0.011422849835793464,0.08557619319073194,0.5961056900143393,0.01846797693618004,0.002590782896123348,0.30800653743439754,0.04361871177776304
1894,0.011045796141028047,0.007899823027296407,0.5909715916698378,0.02037631948920142,0.0025408269897445337,0.30343549893908717,0.04232944945703633
1895,0.009333992125887603,0.12373435940706963,0.5931185163291404,0.020979886403037176,0.0024070376763084995,0.29384332616571657,0.04633424072450388
1896,0.02277663484009189,0.10654477766079436,0.5172669899895089,0.01990198253487454,0.009276373628584519,0.27740222106352386,0.03592737748082252
1897,0.011422849835793464,0.10772638018939125,0.5245737327240966,0.01846797693670252,0.002590782896123348,0.3084136551884337,0.0416942928606261
1898,0.01010164148077175,0.058979581150994616,0.6375049843498239,0.01990198253487454,0.002124828107463174,0.36755146071256783,0.03878835892932578
1899,0.011045796141028047,0.007899823027296407,0.6756421828597526,0.02037631948920142,0.0025408269897445337,0.379959289053999,0.041869892284492234
1900,0.01087922792431959,0.056231070159133874,0.5049535436924131,0.020728392235205853,0.003944643794603123,0.2861927268328076,0.04243944178612162
1901,0.011045796141028047,0.007899823027296407,0.5152003826670861,0.02037631948920142,0.0026530807829304687,0.26223939776747845,0.03927003556127407
1902,0.01087922792431959,0.3174015067304969,0.49744614031621337,0.020728392719203875,0.003234841886562423,0.2740747607246581,0.04216502977635872
1903,0.011422849835793464,0.3075733101555506,0.49405602326601306,0.01847815456816547,0.002590782896123348,0.30185439497406064,0.04037644998513472
1904,0.011045796141028047,0.007899823027296407,0.5640783674600853,0.020376319489201645,0.0025408269897445337,0.25237704847718995,0.041598906509180494
1905,0.011422849835793464,0.08685615995766076,0.5859329233593604,0.018467976936180942,0.002763079450885547,0.30139569823083157,0.04353320389131516
1906,0.011045796141028047,0.007899823027296407,0.5395718372437588,0.02037631948920142,0.0025408269897445337,0.2754818053483732,0.04034236079437094
1907,0.009333992125887603,0.12616832463890112,0.5408870558757776,0.020979886403037176,0.0024070376763084995,0.29106381912043156,0.04494407802239991
1908,0.011422849835793464,0.08557619319073194,0.5934616642807274,0.01846797693618004,0.002590782896123348,0.31625001607696274,0.043168759953478505
1909,0.01010164148077175,0.05897985061024555,0.5575856059803429,0.01990198253487454,0.002124828107463174,0.25394720616548455,0.03771091672413205
1910,0.011045796141028047,0.007899823027296407,0.6171993117033618,0.02037631948920142,0.0025408269897445337,0.30041406086330763,0.041979283029607406
1911,0.01087922792431959,0.04954711694034212,0.6525060030210497,0.020728392235205628,0.002532993907850575,0.34551057524612916,0.04673074610332243
1912,0.009333992125887603,0.12857582165675435,0.585832996958677,0.020979886403037176,0.0024070376763084995,0.24367419101107704,0.045030223849719435
1913,0.01087922792431959,0.049111438134283744,0.5616044758991267,0.020728392235205628,0.002532993907850575,0.2533635547662772,0.04480775352669667
1914,0.01010164148077175,0.058723093076179886,0.5244690548640009,0.01990198253487454,0.002124828107463174,0.2628926612410793,0.03700265951437356
1915,0.009333992125887603,0.12616832463890112,0.5434588503081809,0.020979886403037176,0.0024070376763084995,0.29360581125393886,0.0454967009895278
1916,0.009333992125887603,0.11887668918710774,0.5119510050926146,0.020979886403037176,0.0024070376763084995,0.27043650479964154,0.04443109544442786
1917,0.01087922792431959,0.054866363346847385,0.48833079508182337,0.020728392235205853,0.002846904501509516,0.2725580684944372,0.043424584520174093
1918,0.009333992125887603,0.12210299436881997,0.5751796914332956,0.020979886403037176,0.0024070376763084995,0.2671831189219731,0.046844719622585684
1919,0.011045796141028047,0.007899823027296407,0.5617056620964369,0.02037631948920142,0.0025408269897445337,0.24186101217776698,0.04101777191218435
1920,0.01087922792431959,0.056558039719069655,0.49440394166272034,0.0207283922352572,0.002532993907850575,0.2689718233796363,0.04276619151850332
1921,0.01087922792431959,0.05581570786208921,0.49373660239081124,0.0207283922353523,0.002532993907850575,0.2695848407723558,0.04297816341298517
1922,0.01087922792431959,0.049820198171895876,0.49958322929925547,0.020728392235205628,0.002532993907850575,0.2723261040622017,0.044580140906515825
1923,0.01087922792431959,0.18784250706798727,0.4860975635286077,0.02072839224143748,0.002532993907850575,0.267131193670961,0.04374772139333029
1924,0.011422849835793464,0.08918291938602656,0.5473020355901957,0.018467976936180942,0.002590782896123348,0.25765979012536944,0.042761807949495384
1925,0.01087922792431959,0.050391827043596786,0.5582610894592123,0.020728392235205628,0.002532993907850575,0.26889756150663024,0.04543087636839094
1926,0.009333992125887603,0.12210299436881997,0.6418373834559185,0.020979886403037176,0.0024070376763084995,0.30924047014808304,0.04716424050634232
1927,0.011422849835793464,0.08919477655557816,0.6231088185878912,0.01846797693618004,0.0027032301528991344,0.3024436109081285,0.04300660774420628
1928,0.009333992125887603,0.12616832463890112,0.530907077659048,0.020979886403037176,0.0024070376763084995,0.2866072986985947,0.04440753964413641
1929,0.01010164148077175,0.058723093076179886,0.5085156499476148,0.01990198253487454,0.002124828107463174,0.250054068068204,0.035858411113161695
1930,0.012014278926781577,0.3066132551079366,0.47727831957589173,0.01846797884830866,0.006950014254820033,0.29054605025632874,0.04148685481897689
1931,0.009333992125887603,0.11944409106341304,0.513304184375769,0.020979886403534216,0.0024070376763084995,0.27615774005600174,0.045683085283810244
1932,0.01010164148077175,0.23811615987537638,0.4665540288519951,0.019901982535456438,0.002124828107463174,0.23146234614945188,0.035653727517129405
1933,0.01087922792431959,0.18811392206077823,0.48540664721938953,0.020728392235222742,0.002532993907850575,0.26883097330650374,0.044093776396201
1934,0.01087922792431959,0.048359707248323336,0.5001865180995473,0.020728392235206308,0.002532993907850575,0.27262067178535176,0.04471492540421255
1935,0.009333992125887603,0.11953374369301806,0.5297748014002952,0.020979886403040465,0.0024070376763084995,0.28703072530803586,0.04613332634925758
1936,0.011422849835793464,0.08560187936750968,0.5660210811944324,0.018467976936180266,0.002590782896123348,0.2937969751420663,0.04382289059950409
1937,0.011422849835793464,0.08559370993432772,0.5707151066458976,0.01846797693618004,0.002590782896123348,0.2997940794277997,0.04381177523687013
1938,0.009333992125887603,0.12218318494282805,0.6260717363494916,0.02097988640304477,0.0024070376763084995,0.3139241611331482,0.04748959174546659
1939,0.011422849835793464,0.08557619319073194,0.5986216888393424,0.01846797693618004,0.002590782896123348,0.3069779393729933,0.04369155934837621
1940,0.011422849835793464,0.08332132452127294,0.5327903105325418,0.018467976936180942,0.002590782896123348,0.3016124081474952,0.04244390862109351
1941,0.01010164148077175,0.058723093076179886,0.5251856988340022,0.01990198253487454,0.002124828107463174,0.2624458044649852,0.03682433851565368
1942,0.01087922792431959,0.05463713253811446,0.5345931408486742,0.020728392235205628,0.002532993907850575,0.2960972550022072,0.044633629928601454
1943,0.011045796141028047,0.007899823027296407,0.556034102598253,0.02037631948920142,0.0025408269897445337,0.2882346605000094,0.04090317031590563
1944,0.011422849835793464,0.08557619319073194,0.5818285440951484,0.01846797693618004,0.002590782896123348,0.3067700576220293,0.04313100791311764
1945,0.009333992125887603,0.12204787646043545,0.6003200676949791,0.020979886494776504,0.0024070376763084995,0.2919683286551077,0.047206781320598426
1946,0.009333992125887603,0.11789963747990499,0.5241642256860051,0.020979886403037176,0.0024070376763084995,0.2531225707023491,0.04566957680359785
1947,0.01087922792431959,0.048578436014927076,0.5385793860101628,0.020728392235205628,0.002532993907850575,0.27415019826939974,0.04532106420471668
1948,0.009333992125887603,0.12218318494282805,0.5649081944126197,0.020979886403659612,0.0024070376763084995,0.25355039922804473,0.04704341203978806
1949,0.01087922792431959,0.05085598375322311,0.5424600143213147,0.020728392235205628,0.003699807846313251,0.24951889024139343,0.046064977266253124
1950,0.011045796141028047,0.007899823027296407,0.6347012297000186,0.02037631948920142,0.0025408269897445337,0.3154235449477165,0.0422626726112886
1951,0.01010164148077175,0.058979581150994616,0.6045228872453516,0.01990198253487454,0.002124828107463174,0.3071454221041229,0.038865010369985985
1952,0.01087922792431959,0.050032398752426335,0.5657510540742693,0.020728392235205628,0.002532993907850575,0.2492668362156344,0.04540738055615535
1953,0.011045796141028047,0.007899823027296407,0.5744736672256681,0.02037631948920142,0.0025408269897445337,0.24068676952660054,0.0410499543990085
1954,0.012310094137746874,0.12244358942770064,0.48066495677661286,0.02037631948920142,0.003205998183281248,0.23055648127703307,0.03883134764368849
1955,0.011422849835793464,0.0833629254990018,0.4996720394016162,0.018467976936344475,0.00301341872098983,0.28592622788000327,0.04120268851155501
1956,0.01010164148077175,0.058723093076179886,0.5197376641522281,0.01990198253487454,0.002124828107463174,0.2587374678274383,0.03649977498040148
1957,0.011045796141028047,0.007899823027296407,0.5178057175842963,0.02037631948920142,0.0025408269897445337,0.26337772822396305,0.03940266348072513
1958,0.011422849835793464,0.0832597368293147,0.5285641422002285,0.018467976936205825,0.002590782896123348,0.3004727239114729,0.042340316359894714
1959,0.01010164148077175,0.058723093076179886,0.516317974113283,0.01990198253487454,0.002124828107463174,0.2558159543826829,0.03635256555521805
1960,0.011422849835793464,0.08351906708789658,0.4925556685722887,0.018467976936185015,0.002590782896123348,0.28805312356872304,0.04196648944989585
1961,0.011045796141028047,0.12244358942770064,0.47920419498733313,0.02037631948920142,0.0026530807829304687,0.2371613201487061,0.039353411212393226
1962,0.011422849835793464,0.08332132452127294,0.5208324078126264,0.018467976936181397,0.002590782896123348,0.29667516112321973,0.04222071276879554
1963,0.009333992125887603,0.11883995875330128,0.5158616629609978,0.020979886403037176,0.0024070376763084995,0.27516738560307813,0.044734601349463346
1964,0.011422849835793464,0.08557619319073194,0.5824643029213141,0.01846797693618004,0.002590782896123348,0.2984142135219557,0.0436377456556277
1965,0.01010164148077175,0.05810635765643916,0.5688956986091419,0.01990198253487454,0.002124828107463174,0.27751914827953617,0.03879620693016369
1966,0.009333992125887603,0.12364236828156865,0.5847603868615465,0.020979886403037176,0.0024070376763084995,0.2932125509511157,0.046127612877385996
1967,0.009333992125887603,0.12364236828156865,0.5937852726241017,0.020979886403037176,0.0027705168494087766,0.30175540930919176,0.04633804942006106
1968,0.01010164148077175,0.18752726180136142,0.47651143207274294,0.01990198253499674,0.002124828107463174,0.2426279359291116,0.034995616659329154
1969,0.01623395433540491,0.30780083940647945,0.48435292187939555,0.01846818655528412,0.003396243051240076,0.2971316866605761,0.04003386010560077
1970,0.009333992125887603,0.11952473764127836,0.5294774697525483,0.020979886407991033,0.0024070376763084995,0.2860868753605979,0.04529852615576912
1971,0.01087922792431959,0.05581570786208921,0.49665770751485266,0.020728392235229997,0.002532993907850575,0.26986585379741695,0.04294013879122018
1972,0.01010164148077175,0.058979581150994616,0.5486079758016017,0.01990198253487454,0.002124828107463174,0.2272643585359456,0.03780506906723423
1973,0.011045796141028047,0.007899823027296407,0.5581167453262753,0.02037631948920142,0.0025408269897445337,0.21844197093219475,0.040375821111538444
1974,0.011422849835793464,0.08557619319073194,0.6141946653685556,0.01846797693618004,0.002590782896123348,0.3078596141729149,0.04322152096340084
1975,0.011422849835793464,0.08919477655557816,0.6067818344689399,0.01846797693618004,0.0027032301528991344,0.29157317424560864,0.0429120302817724
1976,0.01087922792431959,0.05618426250832224,0.5080759467259435,0.020728392235205628,0.002532993907850575,0.28545622930979847,0.043340143863661265
1977,0.009333992125887603,0.12616832463890112,0.5328264427240355,0.020979886403037176,0.0024070376763084995,0.2883348829950273,0.04435876376979859
1978,0.01010164148077175,0.058723093076179886,0.5297353731758513,0.01990198253487454,0.002124828107463174,0.26674463327516507,0.036734097032007536
1979,0.009333992125887603,0.12616832463890112,0.5339729273444318,0.020979886403037176,0.0024070376763084995,0.2870944704300525,0.04475705100926008
1980,0.009333992125887603,0.36411660324534273,0.4824557936271109,0.020979968820739256,0.0024070376763084995,0.25612651013131366,0.04391941090198479
1981,0.01010164148077175,0.23811615987537638,0.4671396754613809,0.019901982536010363,0.002124828107463174,0.23199691439824754,0.0355527264156236
1982,0.011422849835793464,0.3075733101555506,0.4862872039872153,0.018469345368889976,0.002763079450885547,0.29766188952173694,0.040460110151680335
1983,0.011422849835793464,0.3065851125220818,0.4792608788694129,0.01846798172771091,0.002763079450885547,0.291632092106502,0.041074017733959384
1984,0.01010164148077175,0.0589397092373543,0.555826336742372,0.01990198253487454,0.002124828107463174,0.269484780096796,0.03849257300832194
1985,0.011045796141028047,0.007899823027296407,0.5324794633762332,0.020376319489203345,0.0026582976508354355,0.24161105676844497,0.04143794281200742
1986,0.01010164148077175,0.05806685876690757,0.5799798969639962,0.01990198253487454,0.002124828107463174,0.31938621663754724,0.03827087662896056
1987,0.009333992125887603,0.12218318494282805,0.6071281542777017,0.020979886465063335,0.0024070376763084995,0.29687763353304686,0.04709485725391666
1988,0.01010164148077175,0.058723093076179886,0.5267154354520364,0.01990198253487454,0.002124828107463174,0.2638614307284683,0.03679133377740875
1989,0.011045796141028047,0.007899823027296407,0.565858811873353,0.02037631948920142,0.0025408269897445337,0.2962339202638796,0.04089561263237166
1990,0.011422849835793464,0.08332132452127294,0.5348089292671924,0.018467976936184335,0.002590782896123348,0.3026941667473185,0.0423767817111944
1991,0.01087922792431959,0.05463713253811446,0.5291728688966981,0.020728392235205628,0.002532993907850575,0.2945621916825038,0.044254086310423234
1992,0.01010164148077175,0.05897985061024555,0.5842152202829811,0.01990198253487454,0.002124828107463174,0.32619346873105864,0.038429428604465035
1993,0.011045796141028047,0.007899823027296407,0.5957394905004472,0.02037631948920142,0.0025408269897445337,0.2808170233099798,0.0417162882191115
1994,0.01010164148077175,0.05897985061024555,0.5623391284922155,0.01990198253487454,0.002124828107463174,0.2538372883527886,0.03793807541551858
1995,0.009333992125887603,0.12210299436881997,0.5888653735230647,0.020979886403037176,0.0024070376763084995,0.27410955802448955,0.04698577227873635
1996,0.01087922792431959,0.050420874943666316,0.5627145490428823,0.020728392235205628,0.002532993907850575,0.2606559163977563,0.04545280740124604
1997,0.011422849835793464,0.08557619319073194,0.5923013009744028,0.01846797693618004,0.002590782896123348,0.3052459101936685,0.044034718846230114
1998,0.011045796141028047,0.007899823027296407,0.6249566582034495,0.02037631948920142,0.0025408269897445337,0.3014004911295441,0.04171598147813942
1999,0.011422849835793464,0.08557619319073194,0.6395566179884651,0.01846797693618004,0.002590782896123348,0.333831854402296,0.04433472997517209
2000,0.009333992125887603,0.12201085304281609,0.587454394564462,0.020979886403037176,0.0024070376763084995,0.2623413629679143,0.04563254900366016
2001,0.009333992125887603,0.12201085304281609,0.5756336501278597,0.020979886403037176,0.0024070376763084995,0.24186593939906134,0.04537442319695915
2002,0.011422849835793464,0.08557619319073194,0.5661255549730806,0.01846797693618049,0.002590782896123348,0.2820382195090332,0.04273205524651815
2003,0.011045796141028047,0.007899823027296407,0.5629224623402436,0.02037631948920142,0.0025408269897445337,0.2436529610541331,0.04097121146405308
2004,0.01087922792431959,0.05618426250832224,0.5289511104578344,0.020728392235205628,0.002532993907850575,0.29536219179844675,0.04437495810569309
2005,0.01010164148077175,0.058723093076179886,0.5244506963646348,0.01990198253487454,0.002124828107463174,0.26239330312593595,0.03665991556033307
2006,0.011045796141028047,0.007899823027296407,0.5294531908773417,0.02037631948920142,0.0025408269897445337,0.27198728250578696,0.04027736727471824
2007,0.009333992125887603,0.12616832463890112,0.5397364923592949,0.020979886403037176,0.0024070376763084995,0.29150849741460055,0.04512465578856851
2008,0.01010164148077175,0.17464260029741147,0.4787252698806546,0.01990198253487454,0.002124828107463174,0.23264067339201883,0.035690249990924273
2009,0.01087922792431959,0.054510805566536244,0.48940737494022246,0.020728392235205853,0.002532993907850575,0.2734365213032741,0.04370840829318939
2010,0.01010164148077175,0.058723093076179886,0.5003467493270812,0.01990198253487454,0.002124828107463174,0.25741545947997496,0.03673987194864981
2011,0.011045796141028047,0.007899823027296407,0.5075229834043882,0.020376319490006244,0.0025408269897445337,0.26715199319811306,0.040127306793119044
2012,0.01010164148077175,0.05897985061024555,0.5626266360408839,0.01990198253487454,0.002124828107463174,0.27749186641734763,0.03821545419709048
2013,0.009333992125887603,0.12364236828156865,0.5784133557160602,0.020979886403037176,0.0024070376763084995,0.283143273686462,0.04610216687780194
2014,0.01010164148077175,0.06783011030630531,0.5628230612863707,0.01990198253487454,0.002124828107463174,0.23235991851128407,0.03764298232738444
2015,0.01010164148077175,0.058843166249010266,0.5628109606063607,0.01990198253487454,0.002124828107463174,0.23366448345955915,0.03763023864587083
2016,0.01010164148077175,0.05748977495063894,0.48498690118604443,0.01990198253487522,0.002124828107463174,0.24931452387395953,0.03542652918162819
2017,0.011665990656428421,0.05601251747387527,0.5052518623543854,0.020728392237473147,0.002846904501509516,0.2785924252303209,0.0437487181445256
2018,0.01010164148077175,0.06915562230934962,0.4883000077064238,0.019901982534874994,0.0022796391026369575,0.2532241526871879,0.0354056362955908
2019,0.010446345053675104,0.1738488839984132,0.4773217003670861,0.019901982534880767,0.002124828107463174,0.2461775541220113,0.035749962998359586
2020,0.009333992125887603,0.11952988317875266,0.5127302841112175,0.020979886403037176,0.0024070376763084995,0.26987543667742,0.04493682309155217
2021,0.011045796141028047,0.007899823027296407,0.5121463514458323,0.02037631948920142,0.0025408269897445337,0.2505083075691729,0.04010591384605868
2022,0.01087922792431959,0.04827535626889207,0.504246062860868,0.020728392242476426,0.002532993907850575,0.2804645118859927,0.04403040230504787
2023,0.011422849835793464,0.08487925716320607,0.5126478005236881,0.01846797693757514,0.002590782896123348,0.30205760881211446,0.042120083918482126
2024,0.01087922792431959,0.04548566367053182,0.5500384976562874,0.020728392235205628,0.002532993907850575,0.2395189256689016,0.04496522031990821
2025,0.01010164148077175,0.058979581150994616,0.5638956457805344,0.01990198253487454,0.002124828107463174,0.24991332138001926,0.037914973258554176
2026,0.009333992125887603,0.12210299436881997,0.5697510600778087,0.020979886403037176,0.0024070376763084995,0.25802763114747623,0.04621086055661411
2027,0.01087922792431959,0.050420874943666316,0.5813570057481183,0.020728392235205628,0.002532993907850575,0.28417550883343873,0.04571025764267779
2028,0.009333992125887603,0.12866736008669227,0.5825981847786136,0.020979886403037176,0.0024070376763084995,0.2409864610281781,0.045752538375552466
2029,0.011422849835793464,0.08918291938602656,0.6174777175938561,0.01846797693618004,0.002590782896123348,0.2968525611839752,0.04373444338027693
2030,0.01010164148077175,0.05897916098154587,0.609499968485803,0.01990198253487454,0.002124828107463174,0.3080034359138966,0.039056946800961556
2031,0.011422849835793464,0.08557504664059928,0.6289485906153691,0.01846797693618004,0.002590782896123348,0.3211540820116897,0.04424660549665239
2032,0.01010164148077175,0.058723093076179886,0.5236246588014085,0.01990198253487454,0.002124828107463174,0.2616273645236171,0.03643185339596378
2033,0.01010164148077175,0.058723093076179886,0.5196287665364141,0.01990198253487454,0.002124828107463174,0.2584422195941657,0.03631823880439764
2034,0.01087922792431959,0.05618426250832224,0.5190318773968751,0.020728392235205628,0.002532993907850575,0.2900296848032557,0.04410451059435355
2035,0.01010164148077175,0.058723093076179886,0.5162853290403494,0.01990198253487454,0.002124828107463174,0.25584956656856506,0.03665412780140934
2036,0.011045796141028047,0.007899823027296407,0.5016004360219612,0.02037631948920142,0.0025408269897445337,0.25033442729577715,0.03973334895928722
2037,0.011045796141028047,0.12246383034079379,0.4887252800213113,0.02037631948920142,0.0025408269897445337,0.24249463279298733,0.03971421978403679
2038,0.01010164148077175,0.058723093076179886,0.5046098571561625,0.01990198253487454,0.002124828107463174,0.24679933413043845,0.03652130870040597
2039,0.01010164148077175,0.058723093076179886,0.5051452681271075,0.01990198253487454,0.002124828107463174,0.2475105284462049,0.0367550389381861
2040,0.01087922792431959,0.05429337067920776,0.4885870809142917,0.020728392235205628,0.002532993907850575,0.26984808652016123,0.04410393461695925
2041,0.01087922792431959,0.05429337067920776,0.48697353478793565,0.020728392235205628,0.002532993907850575,0.270635615078889,0.04345287070203651
2042,0.011422849835793464,0.30654754117122357,0.4845906319009843,0.018468138888366282,0.002763079450885547,0.29617316115538234,0.040786522798750086
2043,0.01087922792431959,0.3174015067304969,0.4957573635126812,0.020728392612204164,0.003234841886562423,0.2683504134220399,0.042224696011238266
2044,0.011422849835793464,0.08339463257709817,0.5072614673335398,0.018467976941765978,0.002590782896123348,0.2946075257112835,0.04257093730073064
2045,0.01087922792431959,0.06077355828832906,0.4916672932787777,0.020728392235323394,0.002532993907850575,0.2700218415077994,0.044527511133948275
2046,0.01010164148077175,0.05898514399483081,0.5210474552366275,0.01990198253487454,0.002124828107463174,0.2655718523682454,0.03760440936149308
2047,0.009333992125887603,0.1194989382386426,0.5450148720671938,0.020979886403037176,0.0024070376763084995,0.2947579862411393,0.046360873572846364
2048,0.01010164148077175,0.058979581150994616,0.5803696412251854,0.01990198253487454,0.002124828107463174,0.28480039138140756,0.03884243397383948
2049,0.011422849835793464,0.09153798314263376,0.6000055701535503,0.018467976936180266,0.002763079450885547,0.29858472965526806,0.04344601721603894
2050,0.01087922792431959,0.049111438134283744,0.551899701350967,0.020728392235205628,0.002532993907850575,0.2631017728351192,0.046140551795587924
2051,0.009333992125887603,0.12233994141203554,0.5717092745059669,0.020979886403447483,0.0024070376763084995,0.26445030833275074,0.047307064532137066
2052,0.011422849835793464,0.08557619319073194,0.5686628950989119,0.01846797693618004,0.002590782896123348,0.29492817462642995,0.04365094564233819
2053,0.009333992125887603,0.12218318494282805,0.5887011285774123,0.02097988640303865,0.0024070376763084995,0.2790605819778698,0.04724845615905351
2054,0.01010164148077175,0.05810635765643916,0.5734829071409492,0.01990198253487454,0.002124828107463174,0.2945151691334839,0.038702535965850667
2055,0.011045796141028047,0.007899823027296407,0.5874610228460801,0.02037631948920142,0.0025408269897445337,0.28438234268823037,0.041877989224748495
2056,0.009333992125887603,0.11952988317875266,0.5444944546986906,0.020979886403037176,0.0024070376763084995,0.29157598031246484,0.04580494777030528
2057,0.011045796141028047,0.007899823027296407,0.533291732354926,0.02037631948920142,0.0025408269897445337,0.27163500431086707,0.04053534225218217
2058,0.009333992125887603,0.12616832463890112,0.542690929384699,0.020979886403037176,0.0024070376763084995,0.2928579331160227,0.04515104947161328
2059,0.01087922792431959,0.05463713253811446,0.5156348362556644,0.020728392235205628,0.002532993907850575,0.2870809818636004,0.044023811336868966
2060,0.01010164148077175,0.058723093076179886,0.5239619933275662,0.01990198253487454,0.002124828107463174,0.26292610481593864,0.037075247763038846
2061,0.009333992125887603,0.12616832463890112,0.5543736402608156,0.020979886403037176,0.0024070376763084995,0.3015209635093094,0.0454353017683757
2062,0.011045796141028047,0.007899823027296407,0.5335835026072672,0.02037631948920142,0.0025408269897445337,0.27121057170093976,0.040646874662371206
2063,0.01087922792431959,0.048359707248323336,0.5551200031739937,0.020728392235205628,0.002532993907850575,0.3069539195588441,0.045346191163127735
2064,0.011045796141028047,0.007899823027296407,0.582576853968836,0.02037631948920142,0.0025408269897445337,0.28151873980056524,0.041843892377408085
2065,0.01010164148077175,0.05897985061024555,0.575068974160254,0.01990198253487454,0.002124828107463174,0.2940389924745679,0.038795850868700556
2066,0.01087922792431959,0.050420874943666316,0.5865820935132754,0.020728392235205628,0.002532993907850575,0.28840689479531173,0.046366501889257755
2067,0.011045796141028047,0.007899823027296407,0.6169130392728636,0.02037631948920142,0.0025408269897445337,0.3214697231250414,0.04200784213571533
2068,0.01010164148077175,0.059039952994102786,0.5022006766917279,0.01990198253487454,0.002124828107463174,0.22534043624783884,0.037218378586024815
2069,0.01087922792431959,0.054510805566536244,0.49006144842424765,0.020728392235205628,0.002532993907850575,0.2582678912784576,0.043225917642197235
2070,0.011422849835793464,0.08559370993432772,0.5327120965673264,0.018467976936181397,0.002590782896123348,0.28911642225322626,0.0426748885483917
2071,0.01010164148077175,0.059039952994102786,0.5043056837284057,0.01990198253487454,0.002124828107463174,0.2369565135196643,0.03613881475937988
2072,0.011422849835793464,0.08836198529457522,0.5423556065928613,0.018467976936180942,0.002590782896123348,0.25757853250536517,0.0432372247117445
2073,0.011045796141028047,0.007899823027296407,0.5436490659261306,0.02037631948920142,0.0025408269897445337,0.2134708879340571,0.041060718730693675
2074,0.01010164148077175,0.05897892441322981,0.5276764140223598,0.01990198253487454,0.002124828107463174,0.2173187765221264,0.038215957141925744
2075,0.011422849835793464,0.08557619319073194,0.5783814338285066,0.01846797693618004,0.002590782896123348,0.2917228632936822,0.043643362091257965
2076,0.011045796141028047,0.007899823027296407,0.6480857515942019,0.02037631948920142,0.0025408269897445337,0.3517347177243797,0.042407952771588715
2077,0.01010164148077175,0.058979581150994616,0.5529680269508469,0.01990198253487454,0.002124828107463174,0.23962695013733518,0.037765384611017194
2078,0.009333992125887603,0.12210299436881997,0.6297563488332014,0.020979886403037176,0.0024070376763084995,0.28993843664171354,0.04705647586721419
2079,0.01087922792431959,0.049111438134283744,0.6619560543385895,0.020728392235205628,0.002532993907850575,0.3539685813615452,0.04676547844780045
2080,0.01087922792431959,0.050420874943666316,0.5699034038798939,0.020728392235205628,0.002532993907850575,0.25258815913629157,0.045447985961139185
2081,0.01087922792431959,0.045656510666726026,0.5669195293539404,0.020728392235205628,0.002532993907850575,0.24854086742404308,0.045627667308933396
2082,0.011422849835793464,0.08557619319073194,0.569354479382089,0.018467976936180266,0.002590782896123348,0.2888930998398563,0.04311183702677232
2083,0.009333992125887603,0.12210299436881997,0.5867887641007691,0.020979886403037176,0.0024070376763084995,0.2711401282129312,0.04613556982880479
2084,0.01010164148077175,0.059039952994102786,0.5080705038097846,0.01990198253487454,0.002124828107463174,0.23741465545204937,0.03693453261569323
2085,0.009333992125887603,0.126764611932123,0.5173484591554951,0.020979886403037176,0.0027705168494087766,0.2728343518517678,0.043676676463846015
2086,0.009333992125887603,0.1268367535538488,0.5146219211030485,0.020979886403037176,0.0024070376763084995,0.2770791037201739,0.04345363216496834
2087,0.009333992125887603,0.12521862882516782,0.521472735062045,0.020979886403037176,0.0024070376763084995,0.28128552921586797,0.04366393130957771
2088,0.01087922792431959,0.05463713253811446,0.5286133152157163,0.020728392235205628,0.002532993907850575,0.2940159894360482,0.044588503248843024
2089,0.01010164148077175,0.058723093076179886,0.5249100668772492,0.01990198253487454,0.002124828107463174,0.2631317001856782,0.03694210406619458
2090,0.011422849835793464,0.0832597368293147,0.5354221199527291,0.018467976936197568,0.002590782896123348,0.3034155491378509,0.04245293003436325
2091,0.011045796141028047,0.007899823027296407,0.5281828957720479,0.02037631948920142,0.0025408269897445337,0.27100196219794037,0.03976599436152005
2092,0.01087922792431959,0.05618426250832224,0.5201420766363579,0.020728392235205628,0.002532993907850575,0.29024435180056135,0.04415812573471485
2093,0.011045796141028047,0.007899823027296407,0.54014209159885,0.02037631948920142,0.0025408269897445337,0.27987467612939676,0.040323454383292594
2094,0.011045796141028047,0.007899823027296407,0.5256519844846584,0.02037631948920142,0.0025408269897445337,0.26835959732843245,0.03955016790942807
2095,0.011422849835793464,0.0832597368293147,0.5256950008133753,0.01846797693625728,0.002590782896123348,0.29910733529294414,0.04191408233797418
2096,0.011045796141028047,0.007899823027296407,0.5060465953286761,0.02037631948920448,0.0025408269897445337,0.2596036360723183,0.04051159418979184
2097,0.01087922792431959,0.05429337067920776,0.4920983471142791,0.020728392235205628,0.002532993907850575,0.27066347281796393,0.04436284025155032
2098,0.01010164148077175,0.05898514399483081,0.48821830242028114,0.01990198253487454,0.002124828107463174,0.23712172699013512,0.03645644282392819
2099,0.011422849835793464,0.08339463257709817,0.5147261490599548,0.018467976936181622,0.002590782896123348,0.295430183656841,0.042611930510668035
2100,0.011045796141028047,0.007899823027296407,0.5175887379831499,0.02037631948920244,0.0025408269897445337,0.2689270586376369,0.040869593422788265
2101,0.01010164148077175,0.05898430680807386,0.5013392933250692,0.01990198253487454,0.002124828107463174,0.24299199465621704,0.03666001315734841
2102,0.011422849835793464,0.08339463257709817,0.5097115323392359,0.01846797693618739,0.002590782896123348,0.2912532029347463,0.042346569740942294
2103,0.011045796141028047,0.007899823027296407,0.5174449416036091,0.02037631948920142,0.0025408269897445337,0.26032513302297217,0.040580011134556226
2104,0.011422849835793464,0.08557619319073194,0.5924469495344816,0.01846797693618004,0.002590782896123348,0.30714394129589573,0.043635418192857336
2105,0.009333992125887603,0.12218318494282805,0.6032522690929246,0.02097988640305146,0.0024070376763084995,0.294838711196712,0.04744287430304585
2106,0.011045796141028047,0.007899823027296407,0.5814714768522801,0.02037631948920142,0.0025408269897445337,0.27815775454084285,0.04180176570209134
2107,0.011045796141028047,0.007899823027296407,0.5960745313466523,0.02037631948920142,0.0025408269897445337,0.2910175697743191,0.041919011539179346
2108,0.011045796141028047,0.007899823027296407,0.5744022730461151,0.02037631948920142,0.0025516944333389964,0.27864049055094714,0.0421350856311815
2109,0.011422849835793464,0.08557619319073194,0.5702433959999901,0.018467976936180266,0.0026388130636974955,0.3014182592425864,0.0438588001455613
2110,0.009333992125887603,0.12364236828156865,0.5922215048671252,0.020979886403037176,0.0027705168494087766,0.3054561910528874,0.04626889070443505
2111,0.011045796141028047,0.007899823027296407,0.5804268211573097,0.02037631948920142,0.0026530807829304687,0.2812477764567723,0.041437610250668055
