Row,bagging,gradient_boosting,logistic_regression,mlp,random_forest,svc_linear,svc_rbf
1,0.11181134606421217,-0.751476897374592,0.359584558020767,-0.29824972889284374,4.099438670494708,0.8624478348731444,4.014583504370994
2,0.2053015729109984,-0.23737338990739693,0.7737503365125418,-0.10013867611439806,0.4420928832210901,-0.010116900543214182,-1.104951980101742
3,0.09828705918486477,-0.5343723520106888,-0.26731204381913626,0.12153670178310415,-0.07144626731058341,0.5797668692202163,0.3493310056249558
4,-0.7198162298824449,-0.6563872668125434,1.2647342311566026,-0.5541862048772828,0.818676014779453,1.7900041013850287,-0.27953667695669204
5,-0.23942102344506255,-0.5267167621550497,1.48403644391973,-0.4370424381024933,0.2825799896985617,0.975139105039054,-0.6222239246345781
6,0.15554054479667118,-0.8076985332921975,-0.7139543340888773,-0.15020516722558444,0.524178505857961,0.50986986771121,-1.178555867740261
7,0.10800750349788486,-0.6414412007823685,1.1499752891123733,5.338409145095209,0.5987137400955062,0.7724668505607301,4.014583717369224
8,0.11181134606421217,-0.8035253952328472,1.4962595295130297,-0.37822409348630465,-0.29277998768363944,-1.0968410074481538,-0.6856079910790278
9,0.09828705918486477,-0.5610484472916162,-0.9777178274159425,0.12153452450408023,0.37313511112930026,0.26185392711306527,0.2712766064162104
10,-0.22071544236072574,-0.5525334299870884,-0.434885685146859,0.19027290429089733,-0.19992108572201317,1.6611835909692254,-0.7469768724932161
11,-0.6203258537379068,0.28002397753215397,0.8966989475128035,-0.19474476773469948,-0.3637175891724094,0.8494499344455664,-0.7665584312434846
12,-0.4822827040577075,-0.8116715010137812,1.036268079611091,-0.17367743445767644,-0.19334612856706584,0.6098745732073333,-0.04889381766451058
13,0.11181134606421217,-0.8013566457918093,-0.8297383851343936,-0.37822409351764463,0.09535801943445886,-0.7230134423688203,-0.32315441431938857
14,-0.48780628675041,-0.615395637724272,0.8705687926025107,-0.45899256233127467,3.4866492449168933,1.4090386755810906,-0.08669177880504836
15,0.11181134606421217,-0.8070513872433095,1.814571167988767,-0.3777093445204534,0.8969367944598824,1.5198158225223046,0.024946230678862095
16,-0.22071544236072574,-0.21397313821130032,-0.14623601659050503,0.19026111305343524,0.5383868716388439,-0.3241432342928425,-0.8563794414951102
17,-0.23942102344506255,-0.5286287558809449,1.3789128752906719,-0.4370423529582798,-0.24652581414078736,1.4018092531760336,-0.4549442633971616
18,-0.1384959226282411,-0.285874431671899,0.028559138118319824,-0.26279236386232885,3.7471183070182006,0.3414417295023012,-0.955216936809489
19,-0.4822827040577075,-0.24534490230899011,0.5853310781971107,-0.17367743452930698,1.3100310105393622,1.7711408871048413,-1.5509988308573273
20,-0.30605422096986157,-0.7385334231611801,1.3410385945742644,-0.47459723602864945,-0.2378637178726551,0.022047690788444402,-0.5691787849197323
21,0.024783905548897374,-0.7762563568342394,1.375561144734663,-0.9356253531789193,0.42005343081972174,1.413906264979673,-0.6081118196553726
22,0.18567001090857085,-0.4645885115517021,1.00424639545493,5.338409145095209,4.4735203986965795,0.6286542854834399,-1.08934787195221
23,0.10800750349788486,-0.7296874383417044,0.12993385177256037,-0.15020516732059536,0.044032756983102175,0.42510337075868065,-1.0174788682500284
24,-0.6203258537379068,0.007102655084533509,0.22062278186281525,-0.20059906213573336,-0.5047548853278527,0.5598029005578162,-0.8723158085059578
25,0.11181134606421217,-0.8014306011057403,0.8091727335858119,-0.37822409349011943,0.012711847115816717,1.0896469400611444,0.3593135000255798
26,0.09828705918486477,-0.5516832051683033,1.7875134356264102,0.1215345308369562,4.473520260156179,0.29288922630814057,0.2558062701969297
27,0.26630314322806536,-0.5207126107894632,-0.3953431173273872,0.12153452588206251,0.8537515716207984,1.2893660714681983,0.06306943209225598
28,0.10800750349788486,-0.7074726759118656,-0.7183558081643316,-0.15020456096975407,0.06518110848014398,-0.9284295076151949,1.6182054844194802
29,0.15554054479667118,-0.5963855084884239,0.8084295863878499,-0.1501938904325275,0.49147713122048936,0.3003396459955152,-1.04896556040436
30,3.3695132888242503,-0.3458558491029428,0.3691716458130759,5.311483946436984,0.8036672890725292,0.09108708956176909,-0.17992956549105085
31,-0.7198162298824449,-0.6943590056144725,1.5312977607450398,-0.5542657933060613,1.2583083007059577,1.7296149504349925,-0.5622972042303785
32,0.024783905548897374,-0.7798243805645697,1.3534383980706224,-0.9511136302501908,-0.16170095273607427,0.28909716709544897,-1.0234466585183817
33,0.2053015729109984,-0.1525115359119912,0.2765244497859286,5.338409145095209,1.0952997178912451,0.46651294132316823,4.014583749650959
34,-0.23942102344506255,-0.5267167621550497,1.578208116174833,-0.43704243809755217,0.12775986546267656,0.6965213488843259,-0.7823912529375001
35,0.3828390920911838,-0.6936770347493799,-0.6180775382566361,-0.16881931488073718,-0.13143917400091443,-0.6565667843293518,-0.672236091470245
36,0.024783905548897374,-0.7718427415439849,1.0508592882319459,-0.951096665589576,0.05990299042258497,0.5392201790630731,-0.5902279748672765
37,0.3828390920911838,-0.7777509503985173,-0.19024391544602254,-0.16881931488524832,-0.07696501512767719,-1.073520748591293,-0.4039768293267969
38,-0.03863056041703136,0.18381255599586382,1.8901180210695456,0.21907943366203517,0.039578889626516005,0.22747895926508693,-0.002556470301272238
39,0.09828705918486477,1.5204330192839326,0.4482056597680584,5.337422598301275,0.2777395311377674,1.4825896732341413,4.014583576528505
40,-0.23942102344506255,-0.5288378493071827,0.955064198519823,5.331423030623081,0.04934755167895536,0.5374324274134442,-0.5705357549617839
41,0.024783905548897374,-0.7739461087120336,0.9421907034648707,-0.9511136341274056,-0.09266782406151601,0.7828784914535822,-0.32861366998760305
42,-0.22071544236072574,-0.6471956013186186,-1.12702774132705,0.1902562886691329,-0.1316564295516992,-1.731979775998321,-1.7922433453492774
43,0.7874136532082918,-0.45716648087784567,-0.12358218877415894,0.12179588836767956,0.2718740786379138,1.6281521947231095,0.2074078526943169
44,0.09828705918486477,-0.5603724328528567,-0.3549344230819137,0.12153452447518451,-0.1469715882803954,0.8605818173993789,0.5446669562705898
45,4.768285676021856,-0.6816752400337495,-0.540600585713288,5.338409145095209,0.6645626614240893,0.18357678662596236,4.014583768710467
46,-0.7198162298824449,-0.6735462623451058,1.0900554178941675,-0.5543614438015596,-0.17147258968718193,1.0382900430459205,-0.4860677191972517
47,0.10800750349788486,-0.766015831867087,-0.9521399024207428,-0.15020516732059536,0.028939358902542355,1.3505853280732596,-1.0007682543118899
48,0.3828390920911838,-0.7712191026893892,-0.31796402387619277,-0.16881928916206454,-0.011248770109509493,1.5497921597516826,0.17679735749563052
49,-0.22071544236072574,-0.5874230649772658,-0.6113766592005945,0.19025629139319938,-0.024134899291651593,-0.603208711086668,-0.9686126731624508
50,0.10800750349788486,-0.7666229675060557,-0.8340698190965455,-0.15020516732059536,-0.1074326025811243,0.019668185458791954,0.10712108507033974
51,0.11181134606421217,-0.7985222071090383,-0.049790397818987586,-0.37822409351764463,0.5063238680177651,1.657774720712894,-1.6034612038659193
52,0.11181134606421217,-0.8036207595021704,0.9925525536114976,-0.3782240922829954,-0.2600509360807181,-1.4258424673937917,-1.2405881439986575
53,0.36877101544474933,-0.7598162472732458,1.549583043122719,-0.14077062654009398,0.560185233070181,0.6372655436808576,0.8986163388325286
54,0.09828705918486477,-0.5598887818222142,-0.860067217227493,0.12153452447523591,0.6094674120285902,0.034422747935811064,4.014583616239842
55,-0.22071544236072574,-0.5420364023345612,-1.0134610112771534,0.19025628890720264,0.6045957331063175,-2.3237370408771603,-0.45651176305851426
56,0.13310126405503567,-0.5600422922290854,-1.331064747807548,0.12153452447518451,-0.11611297465859349,-0.9841358762672824,-0.11984264875759443
57,0.09828705918486477,0.6995201592756238,0.16092160084985646,1.5603788646764511,0.3933098661757445,1.3049017065310264,4.014583595796123
58,0.11181134606421217,-0.24776527036572607,-0.4215433664732073,-0.37808643623032967,1.259686785267248,0.632774491859753,0.02245345776262135
59,0.7005230698094855,2.2523818735354344,0.9997279123641359,5.338409145095209,4.461127013180283,1.190895016748718,4.0145836370200785
60,0.05174980980398152,-0.30133231163887264,-0.8425907492785807,0.3893593978672406,-0.36345853034377135,-0.22673009288009366,-0.5646698233621361
61,0.09828705918486477,-0.5592104230588031,-0.30007074343506,0.141410778713838,1.4531424773678014,0.8288516823395549,0.57920082440869
62,0.3828390920911838,-0.7770123927934434,-1.2408475874661629,-0.16881931416955037,-0.11926435321984978,-0.40088185436866913,-1.051297599387424
63,0.10800750349788486,-0.7678365094270729,-0.9566736966010754,-0.15020516732035094,0.7002288012345476,1.1342389428067825,-1.0411024350176163
64,0.10800750349788486,-0.7595957800593839,1.3770061296572402,5.3384091450951505,1.7559906859247219,1.1169962584529536,4.014583651452238
65,-0.22071544236072574,-0.6155207673706381,-1.004705950903555,0.19025628877481768,-0.20238150322832035,0.698824938788123,-0.8016236641221322
66,-0.30605422096986157,-0.6576408232489679,1.3810796384348154,-0.47459705291211146,0.42672486609525245,1.1213677602874972,-0.37522689242890217
67,0.024783905548897374,-0.7729304618425523,1.388440681450059,-0.9511136341101079,-0.0757842766733102,1.0027368380824808,-0.4242834596709955
68,-0.1384959226282411,-0.1490422167984314,-0.4547020785332586,-0.26279236386232885,-0.2690138283095785,0.5563369849122647,-0.8479069164834028
69,-0.39452868789336654,-0.5784712074691908,-0.8976612123512614,-0.6190901198046362,-0.34938201805303243,-0.19391853162142791,0.38929378408931664
70,1.5654294455438402,-0.22512735860816116,1.740647587552372,0.7369308181604891,2.2501754675290746,1.6061830583270684,-0.9026473217857119
71,-0.4822827040577075,-0.8110886289762553,1.0163726069493808,-0.1736670514644228,-0.22081872327365723,0.6187349205337772,-0.9793803366935232
72,-0.1213516631665428,1.891284598462622,-1.3339832623128853,0.18182104966637871,2.3994986412038273,-0.3750711283251483,4.014582745500499
73,0.3828390920911838,-0.7756922897586975,-0.7914905227909358,-0.16881931488505839,2.8154104864249123,1.0920430012675728,1.0969430325162002
74,0.42592100440095043,1.5210587353670944,1.8359568042441998,-0.15020516710305756,0.8559958455217312,0.8342833453277606,0.23193828634231017
75,0.024783905548897374,-0.7758590802569234,0.9820724716241559,-0.951108203667624,0.11317628701267778,0.4984968266505787,-0.6165972203039954
76,-0.28545743838983173,0.6839954882750012,-1.2061469547381234,0.1622598167497609,1.7038290507967782,-0.048995750313674306,-0.1406705378073907
77,0.05174980980398152,0.013230744790275332,-0.8337640541758201,0.6466371105437342,4.458583847719042,0.2691609449065399,4.014579313858332
78,-0.7198162298824449,-0.6534027562461523,0.8810624267697441,-0.5543614357608312,0.014014021628214352,0.5973441915168163,-0.6121493232576011
79,-0.6036568666429524,-0.6831820838117414,-0.20822348602872204,-0.17332163501795167,0.8798463157569147,0.6125898668829598,0.11756254170042049
80,0.09828705918486477,-0.5600453779400544,-1.106879581886361,0.12153452447518451,-0.00696743621995336,0.7617732085089635,0.07157851507850702
81,-0.22071544236072574,-0.5834685416194397,-0.9804515687845105,0.19025629447016454,0.07430399278818442,-2.056023636466202,-0.563830369223071
82,-0.7198162298824449,-0.6745837459456538,1.0783516629949073,-0.5543614475873979,-0.24694987316613876,1.2807744635386005,-0.2079326535970077
83,-0.48780628675041,-0.6778549173588793,0.9240273157868085,-0.4588076803290309,-0.5690662525174237,-0.24663098836229946,0.2716225693313157
84,0.04590655218478546,0.005790319430889025,-0.9814135526998847,0.14153982791446182,0.37399888368288586,-0.5092669147416338,-0.20970003851920302
85,-0.23942102344506255,-0.5284560180091366,1.0841099916945771,-0.4370424381038075,-0.2102793533200338,1.053001119651289,-0.46050098358279873
86,0.09828705918486477,-0.5600453779400544,-1.299266735766485,0.12153452447518451,0.05815216524476883,1.0073221984014038,0.08547861375801596
87,-0.22071544236072574,0.341119184515917,0.10751438629599994,0.20429128203832142,1.6627742302832207,2.166795404572549,4.014583639477714
88,-0.30605422096986157,-0.8018648181592796,1.3559187031168363,-0.47459723822449706,0.018917039919068374,1.5933706112234136,-0.3312023188836968
89,-0.22071544236072574,-0.6172610095815175,0.42524180793749256,0.25105705423290603,0.04632201194558169,1.0858374370648018,-0.8165927357572064
90,-0.7198162298824449,-0.6365579114835239,0.6985576047000074,-0.5543612118009494,0.7349679107291024,0.43554261762025603,-0.5533049898947076
91,6.077428544224205,2.7093218330128517,-0.3133503627839429,-0.17332075542474962,4.473520641839773,2.800090529357875,4.014583897483004
92,0.36877101544474933,-0.28404010829196064,1.1311401418078038,5.338409145095209,3.1925732010294063,0.39758300158298693,-1.0247773442143853
93,-0.30605422096986157,0.3050327054135597,1.1493446278547876,-0.47450384905232007,2.485002874936834,0.19451087932515773,-0.8838602806610402
94,0.09828705918486477,-0.5598887818222142,-0.6687250856618142,0.12153452447526146,0.24644472450003188,-1.722320584488606,0.9040855090132428
95,4.809734330516962,0.37260427114721506,2.0254778671763534,5.338409145095209,2.5177722510443266,1.7846038071405936,4.014583571740565
96,-0.22071544236072574,-0.13495788895748598,0.03366181228320407,0.19245563152788725,2.0720708412708237,0.738226379373766,-1.0125340381226078
97,0.11181134606421217,-0.7969607086501493,-0.6771792178891545,-0.37822409351674047,-0.027008023039105496,-0.24162837763117434,0.03660121988810445
98,-0.28545743838983173,1.1606741527224589,-0.9891131788263918,0.743485997509201,-0.4923422303616255,0.337375265222038,-0.45764026787154216
99,0.04590655218478546,2.434942415756278,-0.8597668214752685,0.13077608127561227,-0.2694727466673216,0.4733610920740788,-0.5343147476350779
100,0.11181134606421217,-0.8006114979263824,-0.5688286027576536,-0.378220448266435,-0.13083702162545122,-0.8900124239206557,-0.13693760871830044
101,-0.22071544236072574,-0.5788811965633883,-0.520917889035752,0.19025683613629,3.01509082424041,-0.3218307639751357,4.014583693420444
102,0.10800750349788486,-0.773285337578042,-0.804635763683135,-0.15020516513010487,-0.1074326025811243,0.7564444968241798,-1.0836645713411737
103,0.3828390920911838,-0.6870611712219524,0.38875566760615143,-0.16881926179770995,-0.1376183957084495,-0.9490147857364933,-0.2987552700840261
104,0.10800750349788486,-0.5928909810819618,-0.10126181981789843,-0.15020515611859547,3.0086519010621062,-0.16956461665328923,4.014583709487983
105,-0.6203258537379068,0.6810762161440903,-0.006391725275391709,-0.20059906213573336,-0.6721379852907343,0.913174009472922,-0.7087388025872929
106,0.3828390920911838,-0.7740276910829983,-0.5577152232663103,-0.16881931488511318,-0.1376183957084495,0.6208041302779211,-0.10820716605012241
107,0.11181134606421217,-0.7954124245153069,-0.48303062795907803,-0.3782240917196901,0.042155348483412194,0.25606606159215417,-0.06887927090245623
108,-0.4822827040577075,-0.8114093166367042,1.4412523962901616,-0.09608979002166165,0.12618009031448219,1.473050341094688,0.1654588773339583
109,-0.48780628675041,-0.6338866516433812,0.979557648160866,-0.458883045455605,0.25902066848301075,0.61598796722446,-0.11225113874036027
110,-0.3847803256659395,-0.4644504317675959,0.14892469216093734,-0.6190901197874346,2.4004346292648173,1.0961218806011073,0.3272089671042455
111,0.3828390920911838,-0.7831009330661187,0.6922682510367564,-0.16881817905931595,-0.04614457635004995,1.0558916427455627,0.07880915295260586
112,-0.22071544236072574,-0.6075061828463195,-0.04008769162371157,0.19185720527416475,1.1896513743929449,1.7910955696831183,-0.8055488638883433
113,0.11181134606421217,-0.7901814404670252,-0.48823953231275846,-0.3782240935176166,0.8255395122557282,-0.5803056894635702,0.0549673500735807
114,0.10800750349788486,-0.7698631186180142,-1.0116657481939673,-0.15020511484225346,0.7002288012345476,0.4953727916424426,-1.092024261371711
115,0.3828390920911838,-0.7830146158728832,0.9551872939583221,-0.16881931488505839,1.0136375295458848,1.2475906087850654,4.014583685781296
116,5.455576745615566,0.009868914667427637,2.1516267608794752,5.338409127038683,4.4732889659421335,2.05445150751759,4.014583524281561
117,0.6023061941700126,-0.3222667471546286,0.4172779714989739,-0.4584079503439875,3.2150210884817443,0.7090613240522203,-0.3083596093649733
118,-0.4822827040577075,-0.8123892979207191,1.0985912476241504,-0.17367743437608843,-0.047790470674282964,0.6963384164339841,-1.4558798342657924
119,0.3828390920911838,-0.7769283164908827,-0.4647082727644787,-0.1688193107537282,-0.14931977945242877,0.9751857823110394,0.3324101125711304
120,-0.23942102344506255,-0.5295046718379508,0.6812009087571768,-0.4370424381038075,0.33610657718134745,0.03623792155846228,-0.7072506378259037
121,-0.7198162298824449,-0.6509423029592096,0.9594311755359521,-0.5543608686415492,-0.42609844498198035,0.6109532998621409,-0.38787895884184
122,-0.23942102344506255,-0.52962469097256,1.3798021617046985,-0.4369823613673215,-0.062331317466829676,0.4538463128991574,-0.47930043465090416
123,0.04590655218478546,-0.5629589723561061,-0.6393229538150493,0.13076640037255213,2.1205522826248875,0.019552848145895158,-0.27146190604161147
124,-0.22071544236072574,-0.10763552273127885,0.2266111886351028,0.21907694881167178,0.6023917702659194,2.007683904175231,-0.756785445108235
125,0.024783905548897374,-0.7861843786056115,1.060659741169358,-0.9510137999699189,1.7002508121191087,2.049241710039778,-0.4860512664938946
126,-0.7198162298824449,-0.6764478303540276,1.0978814939754362,-0.5521405550920608,0.02070483968582662,0.7535322059969631,-0.47143639955315064
127,0.10800750349788486,-0.660729251115646,0.17167949255588466,0.16366632583065177,0.028939358902542355,0.16357249785074726,-1.0247929343592648
128,0.10800750349788486,-0.7695357313918189,-0.05274268482388075,-0.15020516732059536,1.346304379156299,1.1414283176998778,-1.3963200612933193
129,0.10800750349788486,-0.7514131562507281,0.2821538359859921,-0.15020516731943048,0.40993509991508886,0.2861335316842551,-1.0495546753307083
130,-0.7198162298824449,-0.6570522993371481,0.9858305271622033,-0.5543464134168585,1.0633787803611021,1.1879422302737275,-0.3868452957111282
131,0.3828390920911838,-0.6918241454516604,-0.5812909174025996,-0.16881929470057444,1.2481457944345251,0.49093734616033957,1.1400749629574087
132,-0.22071544236072574,-0.6374890835095226,-1.4984845204211086,0.19025630498589446,0.13015091620793784,-1.2841062698960857,-1.0767648809572434
133,0.09828705918486477,-0.5498973672020065,-0.2329324977319639,0.12153452447518451,1.8490711100248798,1.0935045151122704,4.014583637688227
134,6.077428544224205,2.7093089446969003,0.8153821301146884,-0.009283109878520459,4.086677127723623,1.6495513716546526,4.014583897465862
135,-0.1384959226282411,-0.23514520757717766,-0.2893310916225714,-0.26279236386232885,-0.1904277354837317,-0.013683120806247931,-0.9848339001225906
136,-0.4822827040577075,-0.8117664115726027,1.3646634927095904,-0.1728525329170561,-0.11052848148100096,1.2219866742451977,0.1824586177653436
137,0.10800750349788486,-0.8056934932484416,-0.522929388610383,-0.15020516732059536,0.15439059804813357,1.1941728417859823,-0.8749704446543969
138,-0.48780628675041,-0.5689329831221485,0.9700952484943659,5.338409145095209,-0.36145463712248754,0.5924989970114097,4.0145836826471974
139,0.15554054479667118,-0.5612913813303583,-0.05023605253961173,-0.14924046607882652,1.5304594581128421,0.7674489125019517,-1.1208531675737228
140,0.3828390920911838,-0.7769376507448652,-0.5214559136890734,-0.16881901471862,0.0789996412159737,0.5045398000412386,0.16156875763460235
141,0.07345188331799592,-0.5631499257059678,-1.197403683270139,0.4125414467808288,0.20984959109568554,-0.3763029869945899,4.014579780600072
142,3.423262531467369,0.76746299632149,1.8848440393198826,5.338409145083686,0.3525405457085011,1.1025596685811547,-0.8885487449533107
143,-0.39452868789336654,-0.5806389679904401,1.0190176838828138,-0.6163623740149309,2.81542042124019,2.088684981630569,4.014583707999094
144,-0.23942102344506255,-0.529299057095144,1.0964712038919853,-0.43701284409157376,0.30864534151191503,0.9418599854073071,-0.688508941358571
145,-0.4822827040577075,-0.8359943328270044,1.4153118260566382,-0.16308379231388087,0.26644920718495196,0.3508360464535852,-0.16078263547577648
146,-0.4822827040577075,-0.811833219315227,1.5971725618873824,-0.17367646982825452,-0.4732721913501935,0.3674932457948965,-0.34464190807036593
147,0.11181134606421217,-0.7962540187905625,-0.8127618496609743,-0.37822409351764463,0.16837491791982817,-0.8697797690650041,-0.17172494552140452
148,2.034071969792379,1.3942769810928037,1.317698298453184,5.264892029957099,4.473520641839773,2.50018935029533,4.014583897480213
149,0.3828390920911838,-0.7834237902928963,0.6578510088463588,-0.16881147871339067,0.5279358803892408,-0.21864404931154316,0.14411998641198612
150,-0.6203258537379068,0.3936189624813097,0.21174423935630962,-0.20059906213573336,4.233549078376815,1.3440755507643662,-0.6648491120679061
151,0.24803320619682911,-0.8044649790113226,0.256009453606656,-0.27134151959821595,4.473520122880284,2.020085308698646,4.014583440799346
152,0.6261164726178217,-0.781222033069612,0.36560853873887295,-0.16881931488524832,0.6132478196860016,1.187533410948035,-0.0237904364310976
153,-0.23942102344506255,-0.5267164683098454,1.1905634060715866,-0.4370424379993218,0.30080566961027044,0.10807722971660075,-0.44679232284172693
154,-0.4822827040577075,-0.8121438919953008,1.3540974593988613,-0.17367743452917092,3.095260853442737,1.0416827995504252,4.014583549218333
155,-0.39452868789336654,-0.5784712074691908,0.8182746414426656,-0.5655838676845977,-0.34431324827354065,0.14484580546529138,0.5808205392077969
156,-0.22071544236072574,-0.5730236685386795,-0.06987307337394254,0.19025739696479635,0.8414287444513814,1.7219910008374042,-0.72768763564586
157,0.5144214629869145,-0.4550541463879673,1.0811847411664455,0.19056107313080797,1.9195004641494986,0.33475483622661234,4.01150988566826
158,-0.22071544236072574,-0.6189515869464102,-0.9799011292808569,0.19025628965234026,-0.270414137757707,1.0028495893925709,-0.7586547602910424
159,-0.30605422096986157,-0.7868404841408938,0.9438390893114054,-0.474597247416362,0.44041089692489954,-0.8937556906412245,-1.0073735374371304
160,-0.4822827040577075,-0.8121920725726598,1.252939274309785,-0.17367743448218756,-0.11916291292992208,0.7420254300825936,-0.5999503831998267
161,0.09828705918486477,-0.561279804338355,-1.2291508961613862,0.12153452447518451,0.14938577385417023,-0.6624417055027475,-0.18116972095227554
162,-0.7198162298824449,-0.6871153152243888,1.3701357506497474,-0.5543392783533396,-0.07952558675506727,1.7475012703178814,-0.7382376699789494
163,-0.22071544236072574,-0.5848701215958834,0.1756638502658477,0.1902619448656261,-0.058690672728764826,0.1385597171261372,-1.081740123542875
164,-0.22071544236072574,-0.6149014953173269,-0.8469092837861406,0.1902562886455746,0.06362194719982453,-1.8220088772973648,-1.027298055414542
165,-0.4822827040577075,-0.8118276652885683,1.0584599754926525,-0.17367731213640616,2.4932697696961097,-0.45495459156806134,-0.3001572917406865
166,-0.48780628675041,-0.5888030903998938,-0.45451692236474855,-0.458992719656795,-0.25029467464574784,0.5815967346629604,0.2281405185270044
167,-0.22071544236072574,-0.5658328411574547,0.35339021489814304,0.19226611728747495,0.43446538733814366,-0.04977568659680053,-0.8341190424547567
168,-0.4822827040577075,-0.8125042686682331,1.3651851651695048,-0.17367743452925188,-0.11916291292992208,1.2955892090580483,-0.9181544953743939
169,0.024783905548897374,-0.7753194224129129,1.153075438196761,-0.9511136341195996,0.04890495875889557,0.30463830996583635,-0.5563764469149942
170,0.024783905548897374,-0.7778491465131873,1.0370389796476311,-0.9511136318368595,0.6064915864615337,1.074260121995039,-0.22803351355165397
171,-0.30605422096986157,-0.77495035660703,1.4713150515315616,-0.47459724738464243,0.42672486609525245,1.101282261973128,-0.4222549451569477
172,-0.22071544236072574,-0.6087398599588885,-0.42828369258788723,0.19025769285453567,-0.06026841451764981,0.8933465972638795,-0.6908942971793978
173,0.3828390920911838,-0.7720097649789162,-1.015273826897146,-0.16881931488524832,0.6664001431145267,0.13469928030432257,-0.35977741446250944
174,0.11181134606421217,-0.7822029404832629,-0.9081036905536333,-0.37822409351764463,-0.021965834193175188,-1.1688626127036363,-0.3565940721010987
175,0.024783905548897374,-0.7762061697338448,1.5241802088567737,-0.9503604251968648,-0.3034641851020994,0.8549064177976927,-0.7824425783780069
176,0.09828705918486477,-0.5592104230588031,-0.3068569923914504,0.1215345245324369,2.9795005292438734,1.541695826681705,0.5718720977218401
177,0.3828390920911838,-0.7845887368609665,0.15675267821045957,-0.1688193148785629,0.32252320914009536,0.865496061418308,-0.8947651753786918
178,0.09828705918486477,2.473249553289271,0.8072425825222538,0.169064013104369,0.643777365186556,-0.055411771816433704,0.19744102544752246
179,0.3828390920911838,-0.7810476452431564,0.2001746595657266,-0.16881931488524832,2.7013280374973623,1.1066969623798268,0.013861401364510641
180,-0.23942102344506255,-0.5271006742853991,1.45914826851215,-0.43703006990449,-0.32660373278991206,1.0119504568197977,-0.8208751800080997
181,-0.22071544236072574,-0.6047847928557865,1.8189679524316609,0.1903224912979072,-0.12676966015460883,-0.592350909167021,-0.675884032055519
182,0.11181134606421217,-0.8029868711773269,0.4536705657578676,-0.3765927017448701,2.066549896731034,0.08478428426710836,0.07246646659994839
183,0.05174980980398152,2.2860771299426337,-1.2366998928078066,0.3895350478138259,1.3230912323679642,-1.3260261294491515,-0.24654826112680178
184,-0.4822827040577075,-0.8116008223134665,1.157447066840622,-0.17367743451594875,0.6559335670902346,0.5417510308047006,-0.5790433155561171
185,-0.23942102344506255,-0.5271006742853991,1.45914826851215,-0.43703006990449,-0.32660373278991206,1.0119504568197977,-0.8208751800080997
186,-0.7198162298824449,-0.6449966608601746,1.171084916115233,-0.5467868399181796,2.013519646059464,1.7587540398311345,-0.5438833984887688
187,-0.09030358755764198,2.70769933246574,1.1907485581557755,0.22419948804498302,0.3068493774896486,1.7431245851230865,-1.0204471446249952
188,-0.6036568666429524,-0.567946976785397,0.8535356616100145,-0.15999156501330022,-0.29289602277774107,0.49708072160347605,-0.16709679699855223
189,-0.6203258537379068,0.7305179538479719,-0.017652627912932935,-0.20059906213573336,2.545974123214927,0.8638501960924929,-1.1156824015138394
190,0.11181134606421217,-0.7917879948854908,0.27403856012316513,-0.3781728097264044,1.794081205137808,1.6121748546447028,0.2558596177283727
191,0.3828390920911838,-0.7770421400845607,-1.1027937590579124,-0.16881931488524832,-0.20117563290267804,-0.4382234255631693,-0.24651611590154357
192,-0.4822827040577075,-0.8118384049460402,1.2028068462100159,-0.17329295988154683,-0.047039516139265755,0.8137078058394688,-0.0910024688920239
193,-0.7198162298824449,-0.659264455083381,1.3146723420988378,5.338409145095062,0.8471780863407041,1.1738858543866932,4.014583838143586
194,0.11181134606421217,-0.8035320603386119,-1.1244232310610753,-0.37822409351764463,0.1870728093922383,0.8170500407345087,-0.5194556400143178
195,-0.22003429649561032,-0.6306088801030905,0.20867896603487623,-0.458992719422991,2.932499616059369,0.837724528711366,0.017382193380693127
196,0.024783905548897374,-0.7851973391830693,0.9532799210487498,-0.9511136271158529,0.459816392552773,1.258070689423304,-0.3133718879946309
197,0.11181134606421217,-0.7986323010522839,-0.16978175498953427,-0.3780636460177842,0.9013030635208183,0.9794714107901766,0.14187991969292804
198,-0.39452868789336654,-0.5783835989612134,-1.428879531850676,-0.6190901198046362,-0.4143466365882997,-0.7153482497408548,0.27053146638824666
199,0.04590655218478546,2.1011878619694606,-0.6236225486535342,0.13108076616391356,4.431359300634646,0.0019432358042793165,-0.2591903392148327
200,0.09828705918486477,-0.5310860357609076,-0.5690097496754103,0.12153452495113065,0.5148280058597717,1.1379771825519813,0.43233932930291147
201,0.24715511535086676,-0.46993986986210484,0.7843892761669958,-0.6187942999738485,4.460754120124908,2.482427895231421,4.0145837672603335
202,-0.1384959226282411,-0.12377791776575507,-0.18760709760648714,-0.26279236386232885,-0.6261227830251187,0.5310999972462002,-0.9323885824829461
203,5.741321771855173,2.5764281775389004,-1.2531654255313656,0.30176470515441156,4.067301838048403,-1.2392435876620636,-0.050527520000273995
204,-0.6203258537379068,0.4187953054532042,0.815949486935066,-0.20059906182975892,-0.4748348557654367,1.3909380782206047,-0.7124556830002079
205,0.10800750349788486,-0.8067288782713099,-1.2004553852931301,-0.15020516547233678,2.145494760094705,1.153525760394618,-1.0027778613649991
206,-0.39452868789336654,-0.5636405915075935,0.7052518774920369,-0.3388551649442174,0.05526456269651174,1.9242925080433102,4.014583708035768
207,-0.6036568666429524,-0.6335675882207833,0.11413898802973035,-0.17332163501795167,-0.03447412645313318,-0.7551041868080922,0.2971960921337357
208,0.6261164726178217,-0.7764605571869944,-0.46840971198762793,-0.16859993588445552,1.3316594615376758,1.1516651270971139,0.18168522909308302
209,0.3828390920911838,-0.7739368887326843,0.15523487746469053,-0.16881931488519444,-0.16998243160851448,0.9919490657521803,0.2348689837506143
210,0.10800750349788486,-0.7525416469089287,0.1572133922212904,-0.150205167315503,-0.14504180867038605,0.945605239216864,-0.9063029345970836
211,-0.1384959226282411,-0.3791934080831175,-0.42843794789772355,-0.26279236386232885,-0.5829738463087414,-1.1688966018558447,-0.8839356460005715
212,0.09828705918486477,-0.5310860357609076,1.8372946557789493,0.12153452807582939,0.20815900007362093,0.07213040061702226,0.9483359805683904
213,0.024783905548897374,-0.7755244648294765,1.2934142767467784,-0.9511136341238462,0.034446759770033177,0.4059665918730421,-0.7788680740651434
214,0.3828390920911838,-0.7863342242386512,1.780462948865755,5.338409145095209,0.35446917272786416,1.52150394132805,4.014583534296072
215,0.11181134606421217,-0.8015845746832059,1.318803269313929,-0.3782237820248986,0.042155348483412194,0.7717056317291683,-1.1881190750632613
216,1.292128497037581,2.5316325779705187,0.9461745519866841,0.6996969204811984,1.361131236779013,1.6212984211550718,0.3822064363070353
217,0.3828390920911838,-0.7151703205268032,0.7933238539782114,5.338409145095209,0.0739996850270726,0.5578564873165712,-0.16051686621086145
218,0.024783905548897374,-0.7764257590685112,1.6223328001565664,-0.9511130651028983,1.853433908389552,1.0370263935479487,4.014583556028653
219,1.0944182691974869,1.7701281957691035,1.7062557929291202,0.1215363004742658,0.6543700240198113,1.5108875038119227,-0.3505078957657053
220,-0.7198162298824449,-0.674058058939891,0.900524581689533,-0.5543354183002157,-0.4182452086668477,0.13373120438758035,-0.44842473445825753
221,-0.7198162298824449,-0.6279922923539949,1.0645121244414104,-0.49412557993855766,-0.3033292259790655,0.4002031478525557,4.014583832619244
222,0.024783905548897374,-0.7799715255724675,1.3855338253046632,-0.9511136341267818,0.3504607480148988,1.2739561388581995,-0.5071414744821691
223,0.13310126405503567,-0.5490437141719982,0.4370213015610035,0.1215345245446118,4.2082650599657985,1.4573620814020725,0.6087340125465633
224,0.09828705918486477,0.7023778642769978,1.1249025370359906,0.1215353126184892,1.0078821428809266,0.9721869543895163,0.2580636614689421
225,-0.1384959226282411,-0.3341961203509663,0.7438588266297056,-0.2627690761726217,-0.6261227830251187,0.284488009315572,-0.9806371619357064
226,-0.6203258537379068,0.38720750253928815,-0.5090425596081469,-0.20059906213573336,2.209904167045796,1.3586035022727219,-0.7000788473512257
227,0.11181134606421217,-0.8025739046792444,1.6223936709323579,-0.37822409326825057,-0.21164109092254058,-1.2444157180858066,0.49745296143558865
228,0.10800750349788486,-0.794326931227478,-0.10908874806032641,-0.15020516732059536,0.6688488704340878,-0.12882368902234215,1.3796053915820068
229,-0.7198162298824449,-0.6297640673740178,0.9717169213413376,-0.5543614500991848,0.8065977930961402,1.325675298026449,-0.7767341647638528
230,5.914476314891816,0.6473981967425791,-0.4783889287518,-0.458992719656795,0.7219197868065603,-0.29139955608365103,-0.014855619646251369
231,0.024783905548897374,-0.6937268779764217,0.9396315801002015,-0.9489731694416316,2.3636882016922813,1.073016864522231,-0.8358361449569504
232,5.611169290825828,2.6427708084625428,1.3151468007817066,5.338409145095209,4.472125464800579,1.5159425032275926,0.06471832975177987
233,6.077428544224205,2.7092861655572134,-0.5070503547233599,5.338352678429653,4.382572907311233,2.1764201770467086,4.014583677301084
234,-0.4822827040577075,-0.8106977264422105,0.9128889827435144,-0.17367743345460612,1.5856800084429576,-1.0598105122767714,-0.2918339851297977
235,0.3828390920911838,-0.7757451567423522,1.0071496001644153,-0.1688189710214609,0.8270229911270065,1.5115288063968866,-0.22412103103807798
236,0.2053015729109984,-0.6743084109592818,0.20780433704842158,5.338409145095192,0.6688488704340878,0.8281885364288574,4.014583716421585
237,0.10800750349788486,-0.769121355074691,-0.9624704298545934,-0.15020516704317463,0.1596621183355463,-0.18301457463423523,-1.194942149719275
238,-0.22071544236072574,-0.5953319203957932,0.17518748370515286,0.19026808070613224,0.33664223051383707,0.42091918514881166,-0.2811035291367426
239,0.11181134606421217,-0.8022677584825803,-0.25347477525541806,-0.37822409351764463,0.6367428338621989,1.2861843499920949,4.014583419480724
240,0.10800750349788486,-0.7775147092478342,0.033164287439892595,-0.15020516732059536,1.3929751881341477,0.624467037214626,-0.14072303092370528
241,4.796354949640725,2.4398073231847635,0.4979234850989087,4.377452436079527,3.6629992781520957,1.378233703117254,-0.13740215349842091
242,-0.7198162298824449,-0.6578254885405929,1.4213278882397342,-0.52104020381473,0.9379895204608506,1.95108388009059,4.01458380856425
243,1.4077802632281886,-0.4183553541737686,0.36268210005054163,0.12266306442579657,1.1480988122320412,2.1521054437158353,0.39048278719308194
244,-0.7198162298824449,-0.6878492613351727,1.0544286744969618,-0.5543614402241102,-0.25146097355370434,1.145044792667087,0.0425349834240154
245,-0.22071544236072574,-0.6071850760408458,-1.262882184491014,0.19025628864717045,0.007861646765980463,0.6850284631849934,-0.8914464040713371
246,0.04590655218478546,-0.029217925791110797,-1.0963065836337542,0.13076639078249888,0.31990307047501265,-0.16417402711834395,-0.2183004065742946
247,0.4905695881073565,-0.665381468053231,1.0041962779011289,0.43790423157905395,1.5259795466658668,0.6103609997301832,-0.4310322220045495
248,0.3828390920911838,-0.7843166836153352,0.12050206087598736,-0.16824805590696934,-0.07976488144292286,-1.5448030574154796,4.01458361045767
249,0.3828390920911838,-0.7833962280784271,0.7001555754643772,-0.16880586382926738,0.3463310011106572,1.321313105324251,4.014583664770535
250,0.024783905548897374,-0.7849400646384461,1.2883480651952792,-0.7237646917224968,1.252214523140767,0.8413141226832033,-0.23463561585778583
251,0.024783905548897374,-0.784519075388015,0.8152685206964505,-0.9511136341274056,2.519628703373484,0.6778925293892987,-0.26344290858828295
252,-0.23942102344506255,-0.5271006742853991,1.241993426386895,-0.43704243810335036,0.13300778158276855,-0.05514543818293462,-0.7792251439631033
253,-0.4822827040577075,-0.8132115342308924,1.3167860471290358,-0.17367743451673776,1.172558509652764,0.4870095284014045,4.0145835984291445
254,1.5210691782424006,-0.35377069866130917,2.053461447671828,5.338409145084265,2.409130731766711,2.3144649714212693,-0.12328628676600867
255,0.11181134606421217,-0.799848289031552,-0.7454688502288973,-0.37822409351764463,0.2678928989085401,0.3189827635566754,0.2848012289837222
256,-0.23942102344506255,-0.5284560180091366,1.8160220687134565,-0.4365465448561818,0.5808826907953972,1.5941849451104133,4.014583435411347
257,-0.23942102344506255,-0.5288381405481309,1.221604015391048,-0.4370424381038075,0.18467108779019784,0.6122105850585372,-0.7323451858958456
258,-0.39452868789336654,-0.5783362683060299,0.34028671950717776,-0.6190901198046362,4.467553671817,1.2705933180585582,0.3424236477764128
259,0.024783905548897374,-0.7863293799209717,1.5005990655701398,-0.9510783262308433,1.3589943783027767,1.7169191188149506,-0.3550853310249581
260,-0.6203258537379068,1.4642940806849838,0.06266187038084026,-0.20059906213573336,-0.5107866061868477,0.6774086452921098,-0.7964947922235359
261,-0.23942102344506255,-0.5303590964304049,1.6305485460344822,-0.00788577241570226,0.8328813410392762,2.047513209751491,-0.09232539307306553
262,-0.23942102344506255,-0.5284557255335852,1.3571841730916534,-0.43704222903101725,0.0015633134676835741,0.40014281476141533,-0.2555307678718392
263,0.09828705918486477,-0.5343723520106888,-0.47442912833174555,0.12153452448437947,0.022033079708428962,-0.578095933088646,0.18999672102335993
264,0.05174980980398152,2.689494396496769,-0.37222556435886006,0.38967861404253457,0.16738555108281042,0.26497216621457115,4.014581123807714
265,-0.22071544236072574,-0.5773487019668057,1.7846499794498876,1.205242271435112,2.4958901216130407,1.798324553747545,4.014583543484864
266,0.04590655218478546,2.298002634238739,-0.2493147603235435,0.508696399682315,-0.11074002135050035,0.6266107600397003,-0.1628335310564647
267,-0.1213516631665428,1.2422319324526618,-0.7864558469155254,0.18182212950450624,2.1110957055127018,-0.8987226228128634,4.014583385468648
268,-0.4822827040577075,-0.8099107963627952,1.073688926353984,-0.17367739428918202,-0.2545096616884918,0.4736122159961079,-0.14859740999112167
269,0.1404547485839582,-0.6212226634837991,-1.0250990632091759,-0.15020516732056827,0.5885083071929111,-0.9250897965225248,-1.3874085697822813
270,0.11181134606421217,-0.8014306011057403,-0.5703539384944397,-0.3782240935067365,0.018256986740262302,1.3899437832338057,0.1835392333621074
271,-0.6036568666429524,-0.498439796679663,0.22265025055420673,-0.17332163501795167,3.729522936793532,1.3978726620936588,0.23435131478421284
272,-0.22071544236072574,-0.5390230922971734,-0.48547682730175795,0.19026578548882495,0.3751970483264477,-0.8470808338232645,4.014583613408667
273,0.10800750349788486,-0.7971174616181876,-0.610474724804592,-0.1502051673205141,-0.012365332349209423,-0.22917304863181204,1.5075441119786608
274,-0.22071544236072574,0.3488568124294721,0.33720099369743967,0.2696994274991604,0.9745491665372009,1.3915550689344078,-0.7109111960379466
275,0.09828705918486477,-0.5333506625062036,-0.440638523160506,0.12279722382093843,0.563071995013054,-1.034412010225972,0.2780259025466727
276,0.11181134606421217,-0.7652050510458525,0.3160602156317943,-0.3782240932321344,0.7072066004555282,0.7645102889505525,-0.025486869196802302
277,-0.28545743838983173,1.990957152526149,-0.7294648101285396,0.206460514647534,4.012453368322176,0.49975143646646747,4.014583897478641
278,0.11181134606421217,-0.8224945775380227,0.023635345288017775,-0.3782240935176166,0.2068312439359138,-0.8206451146722392,-1.2448622798324607
279,0.6933805439731576,-0.7405071534484181,0.5342104597024256,-0.15013579310570305,3.22177325074173,1.352874472762851,-0.9726430126773924
280,0.04590655218478546,0.8970974274558705,-0.5240382654966822,0.13076639075134944,0.38777742365850226,0.08372548553739986,-0.11275256660204352
281,0.13310126405503567,-0.5607189658799077,-0.9709286984811378,0.12660834160519713,0.12173280178953894,-1.8463946252013903,-0.8063465650797581
282,3.0152200003372363,0.23954459666094882,1.77987925742623,-0.15012349763029673,0.47722080408769213,1.2794853837192164,-1.1721165533052103
283,0.09828705918486477,-0.5594425284899345,-0.7672737355373506,0.12153452447698293,-0.13090652244969647,0.4839680199767249,-1.0713514657020575
284,0.11181134606421217,-0.7222466352062096,-0.9141393397491799,-0.37822409351764463,-0.04728299491850187,-0.5562549849223373,-1.4654480255317364
285,0.9228110688548181,-0.7638751372330033,-0.894310742902612,-0.15020516705717749,-0.0610788259924347,1.676531093951803,4.014583746204062
286,-0.6203258537379068,0.5180010858110037,0.2409179066130472,-0.20059906213573336,-0.5738731382430734,-0.2002839698319701,-0.6385705013492412
287,0.09828705918486477,-0.5333506625062036,0.1754973829440673,5.338409145095209,0.03987372078737297,-0.957444385439405,4.014583614608707
288,0.11181134606421217,-0.7858406509492892,0.15445807038056272,-0.37822401482024764,1.739384869355281,0.6533762183449039,-0.17001429377847121
289,0.11181134606421217,-0.7984284502179237,-0.676237174050971,-0.3782240935176166,-0.12351917578079152,-1.8076255846960603,-0.7558122256150203
290,0.3828390920911838,-0.7771060593826877,-1.289461049512548,-0.16881931488418842,0.0707789813007228,-0.31742864367431034,-0.09977100980534431
291,0.11181134606421217,-0.7723625218682697,-0.9096730834882966,-0.3782240935176166,-0.08976659456713552,0.40925158290757374,-1.4711995493429086
292,-0.28545743838983173,1.7513481152239085,-0.5712203915876632,0.2108396657062896,0.6770778082215315,-0.277808344522981,4.014583294549344
293,0.10800750349788486,-0.7712442331922659,-0.7248433052290727,-0.1502051673199723,-0.1074326025811243,0.9620319562588426,-1.1108926356276387
294,0.10800750349788486,-0.7977234259168606,-0.9317554392927894,-0.15020492014377224,-0.09831886800183245,0.3752522462713565,-1.0493147062203452
295,-0.39452868789336654,-0.56249155238968,0.5619540748726796,-0.6190897570003235,0.6359654768337943,0.1664657051047385,0.5309537914693068
296,0.9516360301198087,-0.7623976416883036,-0.8133269558623537,-0.1688193148785078,1.216070840003683,-0.6790085435549416,0.8707453651360393
297,0.09828705918486477,-0.5598887818222142,0.0630122031374082,0.12153452450125483,0.03998560735984689,-1.4919543352500928,0.16220048584229585
298,-0.7198162298824449,-0.6875117306113333,1.6566159700206016,-0.5525186728403688,0.12801143809365467,1.8065162789659333,4.014583817893408
299,6.077128565696249,2.6467424188985236,0.6176521588698013,5.259883640066654,4.2426690569898335,0.8699891437671259,4.0145837141355285
300,-0.4822827040577075,-0.8103106976130884,1.2039334696037027,-0.17328072639814956,0.7610180198795319,0.22131732939890492,0.0665956550960079
301,0.2053015729109984,-0.18507558682595435,-0.008265332065191493,-0.14915342516899452,-0.09099449620548873,0.2750408896682825,-1.0792422661013312
302,5.04848777534341,2.707518242040371,1.8289669930724328,-0.16876523687735556,4.406217199467997,0.38277929948705514,1.6538122606545322
303,-0.1213516631665428,2.1994472210411944,-0.5651838646024447,0.18182080586827587,0.8307531441386506,-0.5724949749051427,0.09055921202950273
304,0.1404547485839582,-0.6858660446129976,0.4517676226938021,-0.15020516731173872,0.6482586065504403,-0.546929198159872,1.6294905256181864
305,0.024783905548897374,-0.7765104095606011,1.4657134818169022,-0.9511136339690697,0.39529907975559964,0.6964525994351236,-0.462005544766076
306,-0.04394987948295022,2.6996060963750477,-1.5212300162946986,-0.26279236386232885,0.07702834761402998,-0.9419221662616327,-0.6160523084478665
307,6.076845528571128,2.491199275926464,0.6974096131443496,-0.14164058531218743,4.473520641837627,1.742992554832846,4.014583733772313
308,0.28083358788079144,0.5130151659405424,1.94825005593884,-0.37664804192675855,1.5641477047487582,1.8046488964517708,0.7158494017806486
309,-0.22071544236072574,-0.5261292241022839,-0.18848101137295045,0.19026939136331325,0.584982969188327,-1.8289110330381524,-0.9068772891946483
310,0.9516360301198087,-0.7623976416883036,-0.8133269558623537,-0.1688193148785078,1.216070840003683,-0.6790085435549416,0.8707453651360393
311,-0.28545743838983173,1.2364589519528297,-0.8594741737143979,0.16425942084436784,-0.41867757436928055,-0.30485351947221023,-0.15445810933137993
312,-0.22071544236072574,-0.6265465617678394,-0.6087143321612377,0.1902562886786071,-0.24247779018073862,-0.6771817213633003,-0.5206141110562678
313,0.2573722735906384,-0.7944475627769295,-0.24905025889313673,-0.15020516732059536,0.21837302817572712,-2.1606508917024554,-1.4503326046478795
314,0.6259142079389433,-0.7736504557013044,-0.03691673702819246,-0.1670975950223897,0.011701299125254621,0.924468309729072,1.3423987022741033
315,0.09828705918486477,-0.534023000196043,0.010300252255367986,0.12153452447580142,0.675518719997076,-1.7386081868753942,4.0145836086286035
316,6.077428544224205,2.70932735320748,0.3391586834972385,5.338404823490358,4.473520641825715,-0.04472792035802256,-0.8599881419523645
317,0.09828705918486477,0.6979069121063177,-0.14992971142547024,0.12174397134855296,0.716913447118214,0.9605648175990598,0.32944385841150425
318,0.10800750349788486,-0.6787120790209507,-0.35179497118027997,-0.15020516732059536,0.41381725800973684,-0.7675032774766483,-0.6683568985239098
319,6.077428531504407,2.7082705527078534,1.9346746658582745,5.338409145095209,3.8894701088535455,1.416936387252284,0.8166018662762814
320,-0.4822827040577075,-0.8111334065647211,1.3068350202770007,-0.17367725269728143,0.3678021138869248,1.5010935664106064,0.0712585601134634
321,-0.22071544236072574,-0.6019937177162442,0.11206401543685424,0.19585322570013194,0.31799807812460773,2.0581111504932874,-0.7714747290576229
322,0.4558710060564231,-0.7836729757389288,-0.07746704979777079,-0.1687424211926375,0.3850367925099531,1.3878701586711069,-0.33556289690533353
323,0.04590655218478546,-0.18678565850022394,-1.0784025013288512,0.13076639074806784,0.8405539053321985,-0.16511419828659518,-0.2516533324770585
324,0.11181134606421217,-0.7924488576878834,-0.6135758158134298,-0.3782240935043344,0.26513570515326285,0.17943617517721608,0.09606399840938806
325,-0.23942102344506255,-0.5303590964304049,1.1129589224425545,-0.4370424378525898,-0.1665845796368382,0.5168221398500907,-0.3661329669491754
326,0.10800750349788486,-0.7565891481873731,0.3095795378741824,5.338409144898955,0.5631517476201042,0.3539573623551314,-1.0746368243796418
327,0.09828705918486477,-0.5610484472916162,1.3946391946952386,3.186167962957419,1.12801153341431,0.16899773490058978,1.0724454070678016
328,-0.23942102344506255,-0.5310232274966633,1.1784606297810454,-0.4370421993398939,1.1139950425181655,1.3811812332297912,4.014583724335082
329,0.17755807688564704,-0.7913704021623462,0.2280983950809998,-0.3774582627056895,3.2207401197773753,1.5497661151969522,4.0145836009766995
330,3.004383219831918,2.547695969451221,1.074513105276002,5.338408739709339,4.473520641822116,2.392813379628627,3.943487094527502
331,0.05174980980398152,2.286179913923026,-1.1094456633569276,0.38935934854704246,-0.39265584977736007,-0.5111153034660713,-0.38877736031860033
332,6.076917762614185,2.7090836874851183,1.8934525329704137,5.338409145095209,4.473520641839773,1.7292964623834768,4.014583546419955
333,0.09828705918486477,-0.5321156495317649,-0.9556000820970508,0.12153453298582596,1.9027959477435192,1.797173069611395,0.48917297625118633
334,-0.22071544236072574,-0.5419970038289751,1.9135205822309322,0.1923864804081853,1.9211203416464333,-0.29947632785468076,4.014583636072876
335,-0.30605422096986157,-0.7553907993971539,1.1742897827143721,-0.47457607357518605,1.4004321066887708,0.7713897976505745,-0.8655545122675582
336,-0.1213516631665428,1.942829038009612,-0.3487252589395346,0.18182207458108307,-0.26915589360777015,0.4363922266907769,0.11020193455121181
337,0.10800750349788486,-0.775115763728367,-0.850237312246018,-0.15020516731989103,-0.14516315503685656,0.7220653310532835,-1.1325839501096386
338,0.09828705918486477,-0.5523735680901455,-0.553348333373054,0.12391926605275895,1.2447046193442015,0.08978774741562184,4.014583593899002
339,-0.23942102344506255,-0.53407308169947,1.095782364541694,-0.4370424381008374,3.2885879877113053,0.8599368474715461,-0.3700945075462839
340,-0.1213516631665428,1.325217619355266,-0.7940306823397592,0.182641590088688,-0.24751302533289773,0.5958201140902889,-0.08739522177858829
341,0.11181134606421217,-0.7996188940930679,-0.7033396626630978,-0.37822409350385355,-0.14611623011002092,-0.856728695092585,0.2540284166215276
342,0.11181134606421217,-0.8084497950696788,1.6757769926385502,-0.3782240935086861,-0.07958860033003876,-1.4333721313670982,-0.49556929109132497
343,-0.39452868789336654,-0.5663523819066362,0.02790128113530863,-0.6190901198046362,0.627966149929029,0.2680783434717191,0.5933048697381664
344,0.09828705918486477,0.698040918418495,-0.322665072090405,0.12153578642001023,0.7955383326762068,-1.7657331135338437,0.3252472722660556
345,6.077428544224205,2.7093273512272176,-0.07769765128606457,5.338409145095209,4.473520641839773,0.19263218404864427,4.006230881287457
346,5.19099468705589,2.4975673042037303,1.9298947775751365,0.5905798536193267,2.8413413209572904,1.1291834615487644,0.01948130418127228
347,0.3828390920911838,-0.7840725930361596,0.3049191390643309,-0.16881882521601038,0.32853107178762037,-0.4158554769128232,1.1660187856650672
348,6.077428544173845,2.7088544775499757,1.0163200498346223,5.338409145095143,4.473520641618754,0.9885340843426127,-0.38396899311720056
349,0.11181134606421217,-0.7072255214777087,0.12194729202181928,-0.37075949909374223,1.8249498519288296,1.384626913168421,0.14859573794485229
350,-0.6203258537379068,0.4424246213121278,0.4591361029182331,-0.20059906213570627,-0.46744876336900226,0.2735833960233498,-0.5866081705426307
351,-0.22071544236072574,0.6129997838170061,-0.8855254825354384,0.19025948792030936,0.297103790215371,-0.0067764066143374034,-0.9522458370907733
352,0.3828390920911838,-0.6894446427895793,-0.7327504566314063,-0.16881931485638402,1.2737304177383129,-1.2752363408543728,0.19496860357997875
353,1.3795632449247637,-0.7050237107784002,-0.8953217028252387,-0.16881931488223206,0.1813167753591264,-0.9239026242902565,4.01458366400234
354,0.7874136532082918,-0.5030241177288859,0.8159152461668409,0.1219159661637004,0.3364987516594027,1.6416158125166889,-0.899626997802709
355,0.15554054479667118,-0.4975325951152192,-0.09289837663047376,-0.15020516074471094,0.27691730632649636,0.16411493540568906,-1.043734615183634
356,-0.4822827040577075,-0.8106969177210193,1.1763368882282794,-0.17363611480639185,1.1502994369053468,1.0924842703317699,-0.10156355829704553
357,0.07345188331799592,-0.5471375837609916,-0.6018331112822396,0.41156026410985314,0.4641065802408915,0.06472401158948843,-0.21479844141997048
358,0.09828705918486477,-0.4590971803464353,1.8497165175380865,0.14326115056933303,0.2332974091786044,1.328007581927203,0.5817494355732029
359,-0.39452868789336654,-0.5658724304698731,-0.45181382552783345,-0.6190901198043998,0.9036482925029109,0.6664173832649773,0.13075496026284533
360,0.3828390920911838,-0.7703157786298394,0.5938644615470545,-0.16881685016145861,3.1382628739915805,0.9863272368830507,0.1350808700439538
361,-0.22071544236072574,-0.6196304293091266,-1.2120429711981962,0.19025629156512713,-0.28410279026385576,-0.9050347302746086,-1.207297013177643
362,-0.6036568666429524,-0.5072872209533373,-0.18015839039204917,-0.17332163501795167,0.13092197859091073,-0.16476540316194208,0.11869842140240626
363,-0.7198162298824449,-0.6453187657651179,0.9026373320245916,-0.5543332689191587,0.08520511544981461,0.693886076168308,-0.6210657757859878
364,0.5144214629869145,1.3274356391834516,0.0844436181414034,2.782012461132211,4.324282332109872,0.9414439561931196,4.0145836403954975
365,-0.23942102344506255,-0.5267167621550497,1.5151733095463866,0.717317771980241,-0.13518264570724112,1.0256944590765247,4.014582854217527
366,0.10800750349788486,-0.7977791416654748,0.01868178629604139,-0.1502051673199994,0.6025125515351247,0.21754125519000836,-1.1607763068014265
367,-0.30605422096986157,-0.81548178818329,1.4023686472149213,-0.4745972473103038,0.011548387109584165,1.1539095395751808,-0.6135876780671626
368,0.024783905548897374,-0.7763124291017521,1.354552581919687,-0.9511097051697869,1.1622734749732444,0.49752790717981893,-0.35823188669457673
369,-0.23942102344506255,-0.5267164683098454,1.1288424337967164,-0.4365533644243066,0.047776360483704185,0.9875957711048866,-0.1495912943160876
370,-0.7198162298824449,-0.6586714504564775,1.1508381892483823,-0.5543614313063606,3.840528259590049,1.9147591402053052,-0.2521760291943608
371,1.2013963573282307,-0.1222137224527259,1.7144800977455286,-0.3762190656336363,0.7620932113610112,0.35447808200640807,1.3326218620391805
372,-0.7198162298824449,-0.6739199141951481,1.0974254567812003,-0.5531320581034033,1.4156203823784617,0.37216476453736336,-0.6395865163441977
373,0.09828705918486477,-0.5492803511312495,-0.41295581788746066,0.1215345245223421,0.0004266160467199743,-1.2433653406842688,-0.39935568159719254
374,-0.22071544236072574,-0.5417880667056657,0.11541048237720893,0.2172687022376002,1.6451294692932563,1.0501633946667739,4.014583755012474
375,0.09828705918486477,-0.5603693501508421,-0.33884041558951394,0.12153452448114312,2.9027557991533124,0.4680663799011114,0.5619022372644451
376,-0.4822827040577075,-0.8121260501808906,1.3521333125738328,-0.1736774345291977,-0.03782881581335993,0.808939791658809,-0.3936649399898922
377,0.4558710060564231,-0.7767051536451329,0.43919483547692956,-0.16851579547491125,4.43210671011806,0.8820351321477171,4.014583735392956
378,0.3828390920911838,-0.6923565393806684,-1.3612032630818096,-0.16881931488524832,-0.06206613099728236,-1.2327080179443048,-0.5345668516759206
379,0.3828390920911838,-0.7845020236308968,-0.1678049536598249,-0.16881931488073718,-0.10806893339634285,-1.2511338051078924,-1.1223449056346295
380,4.257444071538139,2.6142659769268835,0.5599890887726379,0.23496877683533546,1.545524445411757,1.0853112328648242,-0.8572762315156301
381,-0.23942102344506255,-0.529504963146211,1.073633234148834,-0.43703817614140045,0.016079954430036177,1.8446316385791017,-0.3704071988921867
382,-0.22071544236072574,-0.6021567938971758,-0.14219095507308752,0.1903069201231603,-0.07437176566828016,0.23274408688615397,-1.062213674126502
383,0.45564539247104846,-0.7763175068031333,-0.8693132580677975,-0.16881931488524832,3.877797523967336,0.5564086901148702,0.005232545641102432
384,-0.19395398774836758,2.2040219851368295,-0.03432558969801574,-0.17332163501795167,2.863587020098927,1.0017467524422972,0.2842325105158168
385,-0.22071544236072574,-0.4590375578364479,0.28676905811861453,0.19580727168990003,1.168797207527236,1.7755727300563349,4.014583773855516
386,0.3995659431614133,1.776865033137485,2.0041509611008332,0.12153823286684702,0.2115183003755908,1.4279711445784868,4.0145835322499694
387,0.3290619953786252,-0.47413389157620073,0.8733002859837028,0.12153452551065473,1.153780461521369,-0.30365772758586274,0.17447878489722474
388,-0.48780628675041,-0.21184841072840827,-0.2458008926795544,-0.458992719656795,-0.5141654568531299,0.6178498549908157,0.23954188852401062
389,-0.6203258537379068,0.6061264757687991,0.018470267289866848,-0.20059906213573336,0.5862196197939297,0.4406373546241356,-0.7731637702556523
390,0.024783905548897374,-0.7735633125505298,1.612008144232853,-0.9219478961848525,0.22212235251265774,0.9981420328721694,-0.6980902313011146
391,-0.1213516631665428,2.427938647710766,-0.7612457073377437,0.18182080617480875,0.5328775474368515,-0.3967057031519521,0.08202278494052763
392,0.07345188331799592,-0.5627480710644067,-0.7979990930473334,0.4072880453336664,-0.15028808444130007,-0.24709229341319372,-0.19057703894907976
393,-0.22071544236072574,-0.5900346857019385,-1.1185684824451012,0.19025630661658474,0.5004160353187322,-1.481771956028234,-0.9862784836937071
394,-0.7198162298824449,-0.6736113050216007,1.476023139936589,-0.5543599192683565,1.1165698523077716,1.4809515889539198,-0.6794498900343466
395,0.11181134606421217,-0.787389484692187,0.25958392929355795,-0.37795090226536543,0.42236044965094627,0.14517215637206868,-0.04600156876634623
396,0.05174980980398152,1.6689248612911682,-0.5939663062699015,0.3893593607977939,0.3540823978785313,0.2782537835998556,-0.31939371662565724
397,1.5479683086474272,-0.6456051054101748,0.8200540111727372,-0.16305071613726133,4.47218445611766,1.0592317568086196,4.014583761536484
398,0.13310126405503567,-0.5600422922290854,-0.9367666630018413,0.12153452447518451,0.37313511112930026,-0.2935944039397859,0.1543202741945931
399,0.1203278114576966,-0.6844179306115089,-0.6470913250912645,-0.17332163501795167,0.8409849400358446,-0.9906781548531973,0.14311776554646982
400,0.11181134606421217,-0.8090078711002952,-1.3460444268846705,-0.3782240935175877,0.8491706026071069,-0.6151843881749602,-0.031627200208293405
401,-0.7198162298824449,-0.6765603883939391,1.482698467170595,-0.017552403044344248,0.03495657067363341,1.3961549526070582,-0.2854601522908691
402,0.11181134606421217,-0.6382604582132304,0.07542236717024145,-0.2718156215435096,-0.27604637637500357,-0.0026293261588110177,0.1611579532434477
403,0.024783905548897374,-0.7842787912724647,0.9926480887091663,-0.9478476512687588,4.020001698974091,0.893611696172082,-0.3197979353599411
404,3.4084311595101937,1.8154351662127723,-1.2643679963092802,5.338409145095209,4.473287331700192,-0.7240342811205852,4.014583897482662
405,0.3828390920911838,-0.7760528291482999,-0.5939116636461449,-0.16881931488522153,-0.06387996566134126,0.7763507756878202,-0.0613486278205113
406,-0.7198162298824449,-0.661040726551805,1.3083968503820673,-0.5543614442106951,2.5564285076745454,2.091261843663699,4.014583858511373
407,0.09828705918486477,-0.5603724328528567,-1.0058378592082196,0.12153452447518451,0.3076652822011343,-0.35749459671892153,0.24846529626535513
408,0.024783905548897374,-0.7809048587404213,0.7030362861517578,-0.9511136340591502,4.461144459876858,1.213762875237649,-0.6011410963313919
409,0.11181134606421217,-0.8071296158614027,-0.04388227577759064,-0.3782164998916942,0.6377372447275774,1.4336760369746477,0.03959368985526461
410,1.081989412861042,-0.7774961842308308,0.41488146158036393,-0.1688193148850042,3.1495654051283095,2.099813751513438,0.0028817323593029517
411,-0.22071544236072574,-0.6347711520044271,1.6325077974446633,0.1902562959227973,-0.30448360668456076,-1.2648229462307459,-0.852114328026074
412,-0.7198162298824449,-0.6246482972330307,1.1473122450766353,-0.20782770972219825,4.39709237771777,1.9499092738526291,4.014583831494798
413,0.6228737060574252,-0.5542299622113467,0.24842063605002473,5.338409145095209,4.4735036867861835,1.027834846551305,-0.9433850352513841
414,0.024783905548897374,-0.7763051703667194,1.545451496715438,-0.9511136341265313,0.07518585099238052,1.093437526632116,-0.6011469170379379
415,-0.39452868789336654,-0.56249155238968,-0.08474031389003184,-0.6190901198046362,0.19930896218584393,0.47091819292582937,0.26366283948898356
416,0.6809482556331968,-0.126704847713093,0.7639055829571318,-0.21739847106674032,1.4310463362345887,1.3430964784176889,4.014583475668931
417,-0.4822827040577075,-0.8112140696309839,1.4333699375824542,-0.1735432208684625,-0.22879754586088266,1.9822597172905558,0.07262958473841329
418,-0.30605422096986157,-0.7818217191752079,0.7520231343767335,-0.4745972474164482,0.1213527234486165,0.7746069897640446,-0.5876857658126486
419,1.3551103491589003,1.56493061198105,0.8507915174048108,-0.2005917377569187,4.46563403403609,2.0938873581263304,4.014583897476686
420,-0.6203258537379068,0.25410798429978265,-0.17682734717913617,-0.20059906213573336,-0.6354288941152958,-0.33781361792753944,-0.6897042686003295
421,-0.28545743838983173,0.05359271533365925,-1.3105490853497457,0.16226002936833622,-0.44023120661158766,-0.49853021008344645,-0.08107056721598768
422,0.05174980980398152,-0.6244308379500525,-1.3177538625313914,0.38936286703256073,-0.30750505097262276,-0.30294162776274114,-0.3367551982462681
423,0.09828705918486477,0.11487890232511519,1.8368422340642452,0.20410610430438172,-0.1490812629138894,0.09588588047271387,0.14063307000688174
424,-0.23942102344506255,-0.5303590964304049,1.303556453186978,-0.43704243809672405,-0.15687835440150213,1.3046184913002192,-0.9915257750777496
425,-0.4822827040577075,-0.8112424978227433,1.8178812696232767,5.338409144809357,4.473512908540007,1.2105892990987743,4.014583521223366
426,0.3828390920911838,-0.7738130635125149,-0.7206929316523963,-0.16881931014745533,0.5615164955351494,0.604664119530713,-0.09566276928674768
427,0.09828705918486477,-0.5343723520106888,-1.011222330871493,0.12153453407926772,0.19621782842524085,0.09716511606312907,0.200038730781949
428,0.11181134606421217,-0.7957158832885699,-0.3387617856658157,-0.378224093515977,-0.0601318483092802,-1.976602894736584,-1.0328973015688563
429,-0.22071544236072574,-0.5874542055549115,-0.20948836976097002,0.2013432548777886,1.3117210330997768,0.25703000156028954,-0.8313840315838319
430,0.11181134606421217,-0.805415887848712,-0.7965101330897505,-0.3782240935136036,1.839426993412142,0.5766294860094601,0.1307760117684689
431,-0.6203258537379068,1.5906330110053035,0.8322658816618305,-0.20059900085308988,2.9300837432461546,1.4828097117503454,-0.6564622335864633
432,0.3828390920911838,-0.6862496740134504,-0.611291654016813,-0.16881931488524832,-0.07976488144292286,-1.3101871478111098,0.5796672569234901
433,0.11181134606421217,-0.8077051671547715,-1.092765671644043,-0.37822409351756,0.20458567071419165,-2.3287143615836006,-0.27880381215684685
434,0.3828390920911838,-0.7746984749629883,-0.2923245033531542,-0.16881931488524832,-0.1912144114921447,0.17869719772090661,-0.12970504960618162
435,-0.22071544236072574,-0.21689210301965955,0.218027260617989,0.6071681924511994,0.22328046139088886,-1.4571478021343778,-1.335810128313522
436,-0.4822827040577075,-0.8068262586351822,1.3201796813882711,-0.17365367676897592,0.2200017035487118,0.1367391949930519,-0.9945507414362655
437,0.3828390920911838,-0.767098386179515,-0.14398813490932352,-0.16881931488497712,0.10157939906717087,-1.301178939875158,4.014583645465603
438,0.11181134606421217,-0.7903983429242294,-0.3579720860128337,-0.3782240935112295,0.4865394436853805,1.3115779523440385,0.09269937341492561
439,0.11181134606421217,-0.7930856342044679,0.2932202521586507,-0.3782217529792248,-0.010829253202584136,-1.4572218554319845,-0.15078840455907686
440,0.10800750349788486,-0.7810777486795735,0.2714168631104035,-0.15016382336410553,0.29254393532100925,0.36910468293728976,-0.9823459931860045
441,0.09828705918486477,-0.5329208893148654,-0.12243716902369835,0.12221329806997135,0.630790229708733,-1.1700973040011111,0.3609844986894919
442,0.10800750349788486,-0.778633353436962,-0.627743164530827,-0.1502051673041824,0.1272745587241082,-0.288186542006562,0.10567960965501183
443,0.3828390920911838,-0.7765917721306497,-0.7995716908698866,-0.16881931488524832,0.7383806822388979,1.2904778587196388,0.24267115270618334
444,0.07345188331799592,-0.5584244850973162,-0.9486519804200602,0.42064614945561,-0.29408053915323434,-0.1959663211946623,-0.19440513768983883
445,0.3828390920911838,-0.7769889334376415,-1.3099567144902484,-0.16881931011560092,0.33573203234571514,1.2994146012619694,0.19303143668318834
446,-0.22071544236072574,-0.6409607130777345,0.9309115798141462,0.19025699136027485,0.5452058361497852,-2.0019223079364132,-0.2575099152663884
447,0.10800750349788486,-0.6413676113835918,0.6876170318251119,-0.14930326126663288,0.14975700862148927,0.39580877349873567,4.014583645256693
448,-0.30605422096986157,-0.7222313910423908,1.1936980679297882,-0.4745972474164482,0.03667958316480853,1.5972875139909546,-0.5380605343209741
449,6.077428543736896,2.709318695131621,2.099489722514109,-0.458992719656795,4.473520641839773,1.8587350341569837,0.12216893052475444
450,0.11181134606421217,-0.7825678533491871,0.2954634315010048,-0.3709340533787876,1.0530293002059303,0.8377585446061392,-0.6922498113800096
451,0.11181134606421217,-0.6129660716205906,0.3079465807289903,-0.36937456218467324,-0.02833061357126609,-0.9574149447101495,-0.10229266257897089
452,0.3828390920911838,-0.7773446662133726,-1.1945419409376419,-0.16881931465066,-0.1912144114921447,0.6593090913792462,0.022416486705874237
453,0.10800750349788486,-0.7880850507340201,-0.8230437170690208,-0.15020516732059536,0.10834620832875762,-1.090772545045505,-1.1878944343845348
454,0.576589258107685,0.4461147166256721,1.9170815514456059,0.23792848545385029,2.7658198268489915,0.6763795961612575,4.014583616918745
455,0.3828390920911838,-0.7846099016471731,0.35702039272509195,-0.16881913183989755,0.2583062048195865,-0.23774197163795327,-0.6606279294417502
456,-0.22071544236072574,-0.5967169057555212,1.740271939074131,0.19027233823384274,0.09998236569685881,-0.8905892905426092,0.009917992330598003
457,0.6228737060574252,-0.7854842206120478,0.16353967521004387,-0.15020514203175703,4.457445822610626,1.6255513023721309,-1.0862721328261011
458,0.09828705918486477,-0.559043571187773,0.10464791340197264,0.1215345345901196,-0.04739848625297061,-1.3439689002419892,-1.0400718651018612
459,0.10800750349788486,-0.7849443606127083,-1.1923917718056096,-0.15020516732059536,-0.21397408597546633,-0.7942304387624879,-0.7917098734500797
460,0.024783905548897374,-0.7759982271940198,1.2251314374761757,-0.9510875531435324,0.6593921541940918,0.511604858773164,-0.4653218866661967
461,-0.22071544236072574,-0.6009758603581977,-0.9336548451928747,0.19025628941419542,-0.30448360668456076,0.6018341597658118,-1.4606509249001893
462,-0.6203258537379068,0.20968325655092795,-0.21268620922515427,-0.20059906213573336,-0.38299249415541065,-0.9603210660353393,-0.7140385740976306
463,-0.30605422096986157,-0.8159714624531744,1.1953691372294317,-0.474596949641502,2.0675854014002737,0.9666639993747315,-0.034163080283630985
464,0.09828705918486477,-0.5418917834520544,-0.9889891718946581,0.12153452447521067,0.07754330387390244,-0.13681954073637181,0.06167958115282693
465,-0.22071544236072574,-0.2927849210432764,-0.737978934109474,0.1902588621699502,0.41998213768786274,-2.4597557660714577,-1.4520639819069552
466,0.09828705918486477,-0.5594425284899345,-0.14993774958932815,0.12153452505420462,-0.08296707889134734,0.22670962815443316,-0.03519837543562983
467,0.11181134606421217,-0.03632267438024761,0.5325976116940203,0.40453057981825835,-0.2293939785391954,0.6512582937257365,-0.18624727997824186
468,0.3828390920911838,-0.7192249917336396,0.5801814107574341,-0.16859158469205923,-0.13230063625544097,1.0529956006443988,-0.15828947971188173
469,-0.28545743838983173,-0.2686560173185087,-1.2654792743656071,0.16225983812608133,-0.20646431756314063,-0.529035553527698,-0.1685124457256735
470,0.05174980980398152,1.534422060470709,-1.1003963301188824,0.3912309090619772,-0.3890348884300638,-1.2177170243290492,-0.250126307570151
471,-0.22071544236072574,-0.6119928084656593,-0.9581971511780278,0.19025629016396853,-0.06744343276680931,-1.256810744382287,-1.156895635428047
472,-0.6036568666429524,-0.05628009973766564,0.056312388772991176,-0.17332163501795167,-0.06703383038570832,0.7892334427408456,0.2721782340295161
473,6.064482679990718,-0.5836901888411737,0.8399398565085442,-0.5187368866273396,4.473500572046982,2.15700975621074,-0.31042173188124067
474,0.10800750349788486,-0.7749374272809899,1.6065032484330262,-0.15020516699133657,0.1847096929445549,0.46328026135863387,-1.1340434885000121
475,-0.22071544236072574,-0.6372952235600031,0.7369804001271711,0.19025628866295263,-0.13805776888325727,-0.899272243757184,-1.8518767783297507
476,-0.4822827040577075,-0.8048253731576346,1.6628886193470211,-0.17359401915058179,3.727497759853913,0.9738980770486184,4.014583665992497
477,-0.7198162298824449,-0.645076411441489,0.8712522731595589,-0.5438566511884381,2.464830336672578,0.8982995862019987,4.014583852032697
478,0.11181134606421217,-0.802186316860953,-0.5199326939177492,-0.37822409351764463,-0.20299624400089836,-0.7050646591855289,-1.4660528368603247
479,0.10800750349788486,-0.7849443606127083,-0.6066053744895855,-0.15020514138954344,-0.21397408597546633,-0.561703836994421,-1.4321618941061711
480,0.3290619953786252,-0.375376756784267,1.4743218875137627,0.12153472558326582,1.1310159977050367,-0.13545464566095822,1.0807129189106632
481,0.09828705918486477,-0.559043571187773,-0.38897342009471303,0.12153452465277195,0.23830360387758248,-1.112183750870494,0.8480613289788917
482,0.09828705918486477,-0.5612767206761553,-0.844920330403156,0.12153452447916616,4.464081056023462,-1.430606128288168,0.7962733557943641
483,-0.22071544236072574,-0.5980165887171658,-0.6546777459437461,0.1902562940310112,-0.18034497915451292,1.6347529718030276,-0.7910256717312665
484,-0.30605422096986157,-0.3779637435873661,1.3398259986618604,-0.4745972471701963,2.3482621295560926,1.6708052249270635,-0.19418574297545366
485,0.024783905548897374,-0.780830225463527,1.0105352677590234,-0.9300364928123172,-0.09266782406151601,1.2653217488495274,-1.648662959949791
486,-0.22071544236072574,-0.5930352956040695,-0.7098095150414931,0.1902581984588331,-0.12801086772546733,1.4435393999883992,-0.8607058131299117
487,0.10800750349788486,-0.6264358173478624,0.369548251598607,-0.15010876656832767,-0.09831886800183245,0.18778836086658815,-1.1140194382724493
488,-0.48780628675041,-0.6813290803301393,1.0979923079684284,0.5259305321569118,1.208977136041121,0.8144348906591989,4.014583689453969
489,0.11181134606421217,-0.7959419012215345,0.5085934303872742,-0.37820126969941353,0.6015301196549306,1.3876198428008346,4.01458346095532
490,0.3118347198004541,-0.7501477210822391,-0.33400517650845896,-0.15020516729854916,0.5999242164626518,0.5627344685757948,1.4580858284234322
491,-0.23942102344506255,-0.5291227522844034,1.0515873741310144,-0.4370424381038075,0.2327946165445415,1.7546629608313702,-0.17704784229430962
492,1.0506842994282808,1.3302616654872252,0.12536777498296844,5.337986892486615,1.1874904071321946,-0.19121819982963173,-0.8877751449175485
493,-0.30605422096986157,-0.8045737739023275,1.1347696383023411,-0.4745972472466058,0.558493352207172,1.515248623101831,-1.2476326787560963
494,0.10800750349788486,-0.7657360826118589,-0.17138512745747428,-0.15020516732059536,-0.1830739060209905,-1.1221379916615168,-1.0804836975792171
495,0.3828390920911838,-0.7736120713833532,0.6073928028702977,-0.16858488914483255,0.12481626015860618,-1.0295291488188147,4.014583607860728
496,6.077428544224146,1.3817326233804657,1.9368121349968004,1.5324217847815504,4.317277525972526,1.8829897765704393,-0.6669065161260661
497,-0.1213516631665428,2.073042226916906,-0.8852723698408492,0.18481442521199207,-0.42115171967225307,-0.20379532735591763,0.1704595287509962
498,6.07730731361967,0.21734703483536758,1.5741873439542238,-0.020502612936791332,2.3111549630948915,-0.20178841419885973,1.301588563863825
499,0.08621803414595429,2.7093273532074797,-1.451964935627997,0.4833644240383047,-0.10151293762128348,-1.3484957942390838,0.265753325822365
500,0.4271545671803649,1.0360495349440926,-0.7825543980777195,0.3930394418936921,1.0947598691757348,-1.3497563780766249,0.3491864593744214
501,0.08621803414595429,2.197666506975716,-1.0555640707322966,0.4204721749049774,-0.4251672270001595,-1.1738648958303093,0.3307185794783708
502,0.2581520347311274,1.3071859654548559,-0.8461236566110613,0.30176470515441156,-0.5143503711788425,-1.1626587361488874,0.060665431425621016
503,0.08621803414595429,2.177637434183532,-0.28216990986418694,0.4204721749049774,-0.3887719696191312,-0.807409158094019,0.4129525001570892
504,0.4626971350936148,-0.4430839156788403,-0.902651533830236,0.35436697416032714,-0.3471280462308235,-1.6130782352218087,0.13372679370108412
505,0.4626971350936148,-0.4430839156788403,-1.1554825111381912,0.35436697416032714,-0.38345502303437656,-1.2834283622426068,0.14680364183227618
506,0.4271545671803649,1.2148432444014,-1.5735947622573352,0.3930394418936921,-0.2893789252591777,-1.3239763446145016,0.25023491329744996
507,0.2581520347311274,1.2880961090812175,-1.0974774621614658,0.30176470515441156,-0.5143503711788425,-1.486900272552724,0.027754696028554286
508,0.07345188331799592,-0.5584244850973162,-1.002660043275601,0.4072455708628661,0.024521148527184282,-0.15046508033594494,-0.20645203785632882
509,0.05174980980398152,-0.7118149576053399,-0.9901639595299973,0.3895359840875182,-0.2590522245684366,-0.15780707145483738,-0.31482294207016354
510,-0.28545743838983173,-0.03777860473917936,-1.1103844290684164,0.16547002879067088,0.6439479563553853,-0.22665996887721282,-0.021374138929565984
511,-0.28545743838983173,-0.13200215845412838,-1.4772451381374423,0.1628115519902466,-0.003982969171592212,-1.1365906474487057,-0.08984972099950866
512,-0.28545743838983173,-0.13200215845412838,-1.5378323097057516,0.16229479223571913,0.14903088191916392,-1.1597471655815383,-0.06142998595170827
513,-0.1213516631665428,1.233175578225474,-1.2420299764965574,0.1818208078660697,-0.3863020049006337,-0.846776603908098,0.12318870532011676
514,-0.1213516631665428,1.5648817851366172,-0.9107560744430817,0.18182375757382793,-0.42934119426421585,-0.3696538854853021,0.02767086183616572
515,-0.1213516631665428,0.2652714927672657,-0.8875301180454473,0.18182080586956975,-0.38902235981318634,-0.5281246015179522,0.08710210061437582
516,-0.1213516631665428,1.022229533873398,-0.9580447193027386,0.18211484831761887,-0.3863020049006337,-0.4877105637283441,-0.03533550015370723
517,-0.1213516631665428,0.800498022333803,-0.5681505517022403,0.18182085698159386,-0.28688184829024677,0.07211265117972956,-0.028713678904585233
518,0.04590655218478546,-0.7835747657716089,-0.590232707912912,0.13086435358913262,-0.07968548347753775,0.10050446411610066,-0.3277092303872704
519,-0.28545743838983173,0.8752826500971922,-0.8402982861857996,0.16249970504568903,-0.23123382378848933,0.0975777378274225,-0.11941969031076374
520,-0.1213516631665428,1.761095278979988,-0.9373231919757705,0.18182080586827587,-0.16942252939955288,-1.2549547428073846,0.08548328465591631
521,0.07345188331799592,-0.535015195728063,-1.2887268388210418,0.40745382472395086,-0.2797426118873929,-0.9053235477856653,-0.146342269238042
522,0.07345188331799592,-0.535015195728063,-1.2073732985741659,0.40724853423086216,-0.30983350213097044,-0.890007706940974,-0.14069187876725817
523,0.05174980980398152,1.3428178755299807,-0.7982367269449839,0.3893593571802182,-0.36769975582263087,-0.38715254769207214,-0.3095249235931056
524,0.05174980980398152,1.5344389753543,-1.0362435512444408,0.389360003298294,-0.4013716886132662,-0.4377896032996971,-0.4566783087087733
525,6.077428544224205,2.7093273531994093,-0.7938778179182558,1.1638119232688897,1.6488417159668585,0.07662907740582706,-0.2752772252240004
526,0.07345188331799592,-0.535015195728063,-1.1737431755848684,0.4074270890465157,-0.31991965322930327,-0.2243898762918414,-0.25858340242259537
527,0.07345188331799592,-0.535015195728063,-1.1935436822504353,0.40724976153183745,-0.3214504002586615,-0.26789197749330496,-0.2775170978715394
528,0.04590655218478546,2.434942415756278,-1.072629412032761,0.13076878335304107,-0.2831994637481465,-0.2580511200519133,-0.2949132089495218
529,-0.28545743838983173,-0.6653633094768955,-1.1443206532400756,0.16225981834586992,-0.42466953094930937,0.038077944553311316,-0.27849642196573565
530,0.05174980980398152,-0.11416269315098315,-1.1308237383770197,0.3893593485470178,-0.27249262844665734,-0.17791612574079696,-0.45727704360955174
531,-0.28545743838983173,0.032200975990713865,-0.45122060125779995,0.1622602829359059,-0.4017055865909497,0.4363664629660527,-0.332097886196414
532,0.05174980980398152,0.6181341652212288,-1.1916107572036603,5.139961501661971,0.5526254587320252,-0.293585722206062,-0.20514564850937686
533,6.077428544224203,2.709327352367004,-1.048444681159759,0.19530469693290572,1.4061597537060722,-0.6469833268978809,0.12049077416597952
534,-0.28545743838983173,0.23544078120255832,-1.1823644198740195,0.16226003422119245,0.24646471625150465,-0.35085719947439187,0.05918337828394057
535,0.07345188331799592,-0.5631499257059678,-1.1299131463447216,0.40724545122307126,-0.1727790591905047,-0.6624354788933432,-0.07652981040082141
536,-0.28545743838983173,-0.39296447226268444,-1.0851008727166591,0.16229546855652222,-0.020096912371254688,-0.5902120359894287,4.014583390874961
537,0.04590655218478546,-0.5611124407769348,-1.1408177739862413,0.13078251318742745,-0.04177508937921606,-0.4867568699383648,-0.08832454299882596
538,0.07345188331799592,-0.5346172170475078,-0.660272335275574,0.40728083536780346,-0.30721786553944147,-0.20173973586175722,-0.3248310374359137
539,0.04590655218478546,0.688214027812459,-0.6882865784580668,0.1349290054704627,-0.20526137797839242,-0.09835481235796209,-0.31459000436705775
540,0.07345188331799592,-0.5346172695273055,-0.9843643078509805,0.4072456705215091,-0.31824578385326213,-0.4669940013784952,-0.27929061859293103
541,-0.1213516631665428,0.9880335814255469,-1.0406058976204116,0.18183636440296036,-0.4255023330010815,0.014643846444746658,0.08323682172612717
542,-0.28545743838983173,0.8418733208391266,-0.9968550819669594,0.162261523079024,-0.48189758329864296,0.058117643183621864,-0.17474616442142088
543,-0.28545743838983173,0.8418733208391266,-1.10693198580279,0.1624007112438185,-0.4843739408410476,0.0063289835842104784,-0.16519200617326973
544,-0.28545743838983173,0.89170728047049,-1.0700275512858368,0.1622602478389944,0.07753931817078583,-0.7208394365333026,-0.12069835698121495
545,0.04590655218478546,-0.3345945843434724,-1.1050590277814794,0.13076639785336866,0.058982629101020374,-0.6578091269121964,-0.28092287850479913
546,0.04590655218478546,-0.7160737014667319,-0.9736144600897875,0.13076640989348626,0.13512824969425616,-0.3828190100818832,-0.14154070682811348
547,0.05174980980398152,1.414506324733376,-0.7176228432591648,0.39522336025150384,-0.3890348884300638,0.16532770906138633,-0.2578558910607372
548,0.04590655218478546,0.4922099685480721,-0.5396340841453227,0.13077853610410384,-0.24300854446073047,0.1649444934415264,-0.21757182846782605
549,-0.1213516631665428,1.2398788287139302,-0.9685580596002404,0.18877348551686526,-0.4043076170330781,-0.10437328079704924,0.1959794966921639
550,6.077428544224205,2.709327353207412,1.1115812483657994,5.338409145095209,4.473520641839773,1.9010424835506723,-0.12448926381456772
551,-0.28545743838983173,-0.06308387322102214,-1.4598976780101605,0.16225983881079392,0.7005783744278273,-0.6735288247887502,-0.1294408935835311
552,0.07345188331799592,-0.5631499257059678,-0.7393352619870099,0.4072454510488479,-0.04215426181314569,-1.3219021683078662,-0.25917527765775417
553,-0.1213516631665428,-0.5655627124308276,-0.6251270500498953,0.19438169616664092,-0.3330097832558852,-0.08779149493519003,0.2047294602117742
554,0.07345188331799592,-0.38980765932238504,-0.6814890935102171,0.4072798843179828,-0.24862711232290166,-0.13299631687942132,-0.024442389499952578
555,-0.1213516631665428,0.04742353976953633,-0.7022219438391988,5.338409145095209,0.9220224140285304,1.0666590833046676,0.18268842082631706
556,0.04590655218478546,0.8118623338109264,-0.7704262236443945,0.13076690690571333,-0.2651213106565706,-0.2707836284099843,-0.053006021473710835
557,-0.1213516631665428,0.680118673951045,-0.4840982420747741,0.18182080586827587,-0.3453518239017656,-0.21691452116564405,0.2938002971035255
558,-0.28545743838983173,-0.5181835924578957,-0.8504425042386651,0.162259822701464,-0.4791908896629852,-0.6447700458582942,-0.03053531829962123
559,0.07345188331799592,-0.5467340683966664,-1.164421140131016,0.40724544890735037,-0.3214504002586615,-0.5500197761605148,-0.19107438618275333
560,6.012655635577385,2.5740104274049833,-0.9074736796138009,0.13127400184618035,0.02867920415534142,0.3539876735205463,-0.28216928471230585
561,-0.28545743838983173,-0.372648767922603,-0.8327552328248315,0.21723793814037923,-0.4217780848653987,-0.13087199264206725,-0.15649483227671868
562,-0.1213516631665428,0.1937082980094153,-1.0052432644784903,0.18182080586827587,-0.42934119426421585,-0.8573300461775519,0.08833719555015096
563,0.04590655218478546,-0.5579561204395073,-1.2753390243803355,0.13076726877449651,-0.23606530541479687,-0.8046711041353328,-0.2242235692484983
564,-0.28545743838983173,0.30159296793961776,-0.9087210139484623,0.16225981568607037,-0.44079062961466164,-0.611971478962958,-0.12082030911073924
565,6.077428544224205,2.7090319485219045,-1.0422831891672528,5.122556297001841,4.323103131304001,0.043230186179012225,-0.14693141376414576
566,0.05174980980398152,-0.7247569420391474,-1.0334312979598193,0.38956232660310913,-0.4013716886132662,-0.1785804437564619,-0.3626845953794405
567,-0.1213516631665428,1.4013836892574876,-0.8313474273858108,0.18184168299909725,-0.42115171967225307,-0.3339671387475145,-0.049270379563756524
568,6.077428544224205,2.7093273532066173,0.2724994090943979,5.338409145095209,4.473520641839773,-0.5233374706762951,0.15045815062761533
569,0.05174980980398152,-0.39247484395474314,-1.584746704041414,0.3893593999498773,-0.29392018525811897,-1.240778625476014,-0.3506222618536988
570,0.07345188331799592,-0.5631499257059678,-1.486044550748564,0.40724556929807065,-0.2923291711043458,-0.847321435486481,-0.14797069263190374
571,-0.1213516631665428,1.0084485638583471,-1.083052032722147,0.18182080586827587,-0.4011058913843663,-0.5407734144860545,0.13685948175779075
572,0.05174980980398152,2.0688778508912007,-1.2498511812498758,0.4169326112671284,-0.3789901762921728,-0.7090310729293542,-0.373541290463501
573,0.07345188331799592,-0.5631468499210025,-1.1664978934673425,0.40724544863187123,-0.3023822375153127,-0.47259192852550297,-0.2747751523965022
574,-0.28545743838983173,-0.6979344901214661,-0.701687925076898,0.1625601108591855,-0.4923422303616255,-0.12180217022750776,-0.20002714317504125
575,-0.28545743838983173,-0.43908828722852733,-0.7560508641562688,0.16226452694884722,-0.4637719423355884,-0.1669523933631654,-0.06627692620527459
576,-0.1213516631665428,-0.09876381393793342,-0.59180290301574,0.18182080586827587,-0.42115171967225307,0.1952818836543008,0.12444336941411531
577,-0.28545743838983173,0.13300786839358764,-0.9229896464773663,0.16225981760483,-0.4906079267400179,0.16846784058295625,-0.3448107208438264
578,-0.28545743838983173,-0.5464872322643283,-0.8425938870208665,0.2682635593595225,-0.46647052219550333,0.36986984162105707,-0.3044122044864458
579,-0.1213516631665428,0.8827674969036033,-0.931260224609509,0.20900465976563376,-0.4255023330010815,0.031622094200570806,-0.10972544123825176
580,0.04590655218478546,1.8980809191352523,-0.8245563782109211,0.16353626532617993,-0.1898001798988666,-0.16668892872109103,-0.11635607824779254
581,0.04590655218478546,1.8980809191352523,-0.8808998957602292,0.6123768529028796,-0.22008190617863815,-0.15590641506679315,-0.10430496539884784
582,0.07345188331799592,-0.5627481240552817,-0.9929823585950073,0.4072454486838672,-0.30983350213097044,-0.42934576124388507,-0.13239442667562737
583,-0.28545743838983173,-0.6456994632436497,-1.2359597197334113,0.16225985585106062,-0.13137735131233252,-0.685811029854975,0.003443588627019963
584,0.05174980980398152,-0.5991120986608447,-1.5459287681296963,0.389698191552588,-0.2795607373205736,-1.2357626768846908,-0.2645174410295696
585,-0.28545743838983173,0.13175276450819498,-0.9917633119086061,0.16226506053496315,-0.28630256672755083,-0.6784038212243667,-0.1535033043229292
586,0.04590655218478546,-0.7063048245427842,-0.9097872088446408,0.13111280957468688,-0.13323242812806665,-0.2793472481955367,-0.12762492498272246
587,0.05174980980398152,1.0819420995176066,-0.6171918571646798,0.3956928876634888,-0.39265584977736007,-0.3426204711023866,-0.459258552556253
588,0.07345188331799592,-0.5225737593703013,-0.8163336729432628,0.40724550889383143,-0.3164154685395514,-0.5282807291068703,-0.22082646766505112
589,-0.1213516631665428,-0.03189842620716231,-0.4218587732722844,0.18182080586827587,-0.2619977122827594,0.05655018096386395,0.07991503289079634
590,0.07345188331799592,-0.5225737593703013,-0.7081969132732459,0.40724544873765545,-0.283756339803883,-0.24083564871627555,-0.13901791287975454
591,-0.1213516631665428,-0.6801878163710624,-1.0737500683771013,0.1818208067418439,-0.4255023330010815,-0.6315611874262835,0.188203892628074
592,0.05174980980398152,-0.6675814433979034,-0.9738581697413636,0.38935946695555196,-0.36769975582263087,-0.19718736318371627,-0.3726460713707759
593,0.05174980980398152,-0.2336063247980071,-1.0534523303682415,0.3893593485621631,-0.3692277028620366,-0.39928208915195834,-0.28180909174696595
594,-0.28545743838983173,-0.21952311519149595,-0.9585915069236498,0.16227996623317562,-0.4923422303616255,-0.5151330951693146,-0.30258473602216157
595,0.07345188331799592,-0.5631468499210025,-1.2996333846959547,0.4072454561002539,-0.2508438788212665,-0.5504298286191048,-0.22195975428374057
596,0.04590655218478546,-0.7264944814098033,-1.001140096938279,0.13076639612328747,-0.2831994637481465,-0.39927268844002767,-0.2453337703981329
597,0.07345188331799592,-0.5467340683966664,-1.0414868801366701,0.40736082903446635,-0.2968947907646406,-0.18177638915935107,-0.23557683502780968
598,0.05174980980398152,2.0191857522943133,-0.8566340647200593,0.3893615691877396,-0.3692277028620366,-0.03145780848001732,-0.23612650713186095
599,0.07345188331799592,-0.5627480710644067,-0.9314358333555939,0.42189632717388675,-0.2632535779159165,-0.20488685624859268,-0.0957702385395218
600,0.05174980980398152,0.03797681526280794,-0.7173561871858426,0.38953697596796283,-0.3658058604722632,0.22872922185863123,-0.25613110380894966
601,0.05174980980398152,0.9082079218164948,-1.0368639680835354,0.3893593497399681,-0.3998373083444416,0.2966738603757031,-0.5537187005038229
602,-0.28545743838983173,0.2830683931054532,-1.0612059133898022,0.16226726990932516,-0.46946620268164835,0.13002751696705073,-0.310592563903441
603,-0.28545743838983173,0.9844169512625184,-1.2284599049774447,0.16226056312210888,-0.4843739408410476,0.06271024399724016,-0.21672101682406014
604,0.04590655218478546,2.515076920692409,-1.1338540569713482,0.13076673212546788,-0.2831994637481465,-0.4494684070754271,-0.2489713134966436
605,-0.1213516631665428,1.3535775834304096,-0.9957580879247396,0.18186563806967876,-0.3691488515146389,-0.40357007776409903,0.09972839915695546
606,0.05174980980398152,1.292797502567154,-1.1886433082481707,0.3893826683964731,-0.3998373083444416,-0.7771394607420341,-0.3404683907189333
607,-0.1213516631665428,0.56069314391121,-0.5584200667421919,0.1818395878511182,-0.42934119426421585,0.4298441791545347,0.09793021649051838
608,-0.1213516631665428,1.9272526117303994,-0.8359860800636515,0.18182151699419621,-0.3330097832558852,-0.17929264263406902,0.11285264485690613
609,0.07345188331799592,-0.5225737593703013,-0.720532063412752,0.40726582891793756,-0.2535067720077921,0.03849412955198117,-0.17567543455394866
610,0.04590655218478546,-0.1593670434380698,-0.8442598504450446,0.1307670916881555,-0.22687869787187223,-0.11633878417988469,-0.29458473743858005
611,0.04590655218478546,-0.4229135597261036,-1.554260792159057,0.13076702765008094,-0.04357414845670263,-1.163008389417711,-0.15030375566263118
612,0.04590655218478546,-0.20012083791299745,-0.9170988618140464,0.1307663951815389,-0.1898001798988666,-0.4401750255001525,-0.1867715331555022
613,0.04590655218478546,-0.42872327437948576,-0.5937593158547088,0.1307668212524664,-0.12037408296734063,0.057065074495403156,-0.21230836963278268
614,0.07345188331799592,-0.5631499257059678,-1.2921814282047792,0.407245450253409,-0.31991965322930327,-0.2688256755407426,-0.2578148220277222
615,-0.1213516631665428,1.745975960430754,-0.9884583095734044,0.1818208184358258,-0.4162216839334876,-0.5680835727578635,0.04398405805251646
616,0.07345188331799592,-0.5346172695273055,-1.1434617777747667,0.40724578897871083,-0.3214504002586615,-0.20081919942799853,-0.28039574300797543
617,0.05174980980398152,-0.6769009179269556,-1.118449878929578,0.3893593485840662,-0.06686364200280188,0.006051552812954289,4.014576683376916
618,0.05174980980398152,-0.5897491461441967,-1.28758633680178,0.38941026210189994,-0.31300724408936076,-0.470108401521129,-0.29526761388545575
619,0.05174980980398152,-0.6574346878457413,-1.4938486903114248,0.38935936122007797,-0.3692277028620366,-1.1146065845294963,-0.24373996210509477
620,-0.28545743838983173,-0.588251708969903,-0.6445037312639104,0.16225981568752307,-0.30593375008976664,-0.4499981370245203,-0.4184341744373535
621,0.05174980980398152,1.230544651889795,-0.9888825825744243,0.3893593488640651,-0.39793530280120043,0.05751926575622909,-0.35346772226003603
622,0.04590655218478546,-0.09800061692392058,-1.1283306700486253,0.13077461566071982,0.7024540929498632,-0.5202869894774582,-0.10159618521221586
623,-0.1213516631665428,0.19855477749259454,-0.579885577307445,0.1818218391610742,-0.42934119426421585,0.1866452543530481,0.09407438421513487
624,0.05174980980398152,-0.8268067542087515,-1.2537597416110855,0.3893593485470911,0.19774916405576312,-0.5871365735729835,-0.5848347927805145
625,0.05174980980398152,-0.2534744286868629,-0.595162372622112,0.38967536951489484,-0.36054946001073573,-0.19491974711709098,-0.44083110523295405
626,-0.1213516631665428,1.1495991619283343,-0.6801263277943924,0.18182080586827587,-0.4106357653341485,-0.4573704483820434,0.2559724304391313
627,0.05174980980398152,-0.5993144380173167,-0.9860437319700218,0.38936403936814273,-0.4013716886132662,-0.1928850887314691,-0.31624245011619906
628,0.07345188331799592,-0.38980765932238504,-0.8176989226300527,0.40724544863007894,-0.24381307131449761,-0.4858813841897866,-0.1948787965393585
629,0.07345188331799592,-0.5467379751888627,-0.9072982678534848,0.40724544864572354,-0.31991965322930327,-0.439792126077335,-0.27877378736263775
630,0.05174980980398152,-0.45188799799559476,-1.1750234545743867,0.3893607487575721,-0.39265584977736007,-0.5575224736876045,-0.2474128824728551
631,-0.28545743838983173,-0.45076912914830886,-1.0246087501640984,0.16225981568607037,-0.44439796949725213,-0.4823687582941005,-0.18853028400604266
632,0.04590655218478546,-0.26478632205916147,-0.5743443472301589,0.13082514720413965,-0.24933375655076692,0.09405772421881732,-0.2153074580475733
633,-0.1213516631665428,-0.46996847652258694,-0.9693512209019816,0.18182573432282217,-0.3967736255732024,0.12249215448235297,-0.007280078129951629
634,-0.1213516631665428,0.5287786627261795,-0.8632935538370484,0.18182080586827587,-0.280326534262089,-0.5475478529808689,0.1392869361783858
635,-0.28545743838983173,-0.3744779492759129,-1.1906185702016343,0.16225990609067606,0.38785980563413747,-0.7874403214002652,-0.12300085036075632
636,-0.28545743838983173,-0.1384102695279023,-1.1047500141335593,0.162266015741742,-0.39492255299108064,-0.7075246068373201,-0.08752874319207102
637,0.07345188331799592,-0.4748619951101245,-0.7279069521715055,0.4072454486370541,-0.13630494757720527,-0.3448596041544519,-0.20739154245027927
638,0.07345188331799592,-0.5631468499210025,-1.2950412647540333,0.40724545161796966,-0.2508438788212665,-0.5485555949317192,-0.22020616986552818
639,-0.1213516631665428,0.06743075899092696,-1.1072366841272447,0.1818215344873085,-0.42934119426421585,-0.7044479302416233,-0.005122173054150838
640,0.07345188331799592,-0.5627481240552817,-1.0644401207740597,5.338403595798168,-0.27662794365399795,-0.39485135398502746,-0.13534879728109683
641,-0.28545743838983173,-0.7654027814417425,-1.044224192042439,0.16226208816836718,-0.4887119989220416,0.12175310803062848,-0.4111524518075467
642,0.05174980980398152,1.292797502567154,-1.232352171786254,0.3893664202539759,-0.39793530280120043,-0.9127568297521647,-0.32981039575499527
643,-0.28545743838983173,-0.5152039145267215,-0.9289683748982369,0.16242030467623536,-0.4923422303616255,-0.2622787425628642,-0.06460628341856015
644,0.07345188331799592,-0.5583651216028085,-1.0161172599472685,0.4072454486305629,-0.18885859655390144,-0.5697561276390519,-0.26605728445500104
645,-0.1213516631665428,0.456969975450357,-0.842146998300954,0.18184114807534438,-0.40492856443757724,-0.42410580885696814,-0.08727156804421365
646,0.07345188331799592,-0.5627450486942058,-1.3941081070157746,0.40724544863158063,-0.30721786553944147,-1.1051469838546115,-0.20982133689855434
647,0.04590655218478546,-0.43816046148181426,-1.447823056864773,0.13076639079765093,-0.19594435082078795,-1.0476566773927405,-0.13360228558119133
648,0.05174980980398152,-0.38527118177710623,-1.5031258666070049,0.38935946574500163,-0.3262632371117338,-1.0829259425100353,-0.2967542942481435
649,0.07345188331799592,-0.5627481240552817,-1.2949055187958742,0.4072476175380859,-0.18998224084421989,-0.953508158839564,-0.13500613551657148
650,0.07345188331799592,-0.535015195728063,-1.0021816333241564,0.40724664397922133,-0.3214504002586615,-0.21151549551733748,-0.31804761932666414
651,0.05174980980398152,-0.5854057942446194,-0.8067743964626088,0.38935934854704246,-0.3658058604722632,-0.19223770732855294,-0.36152473668912255
652,0.05174980980398152,-0.5645034846361594,-0.8945624060857136,0.3893593733993586,-0.30489359246173975,-0.31125092563740836,-0.48385528014582996
653,0.07345188331799592,-0.5346172695273055,-0.619811946875936,0.41078140650979555,-0.28687200914304695,0.09947407210674084,-0.29790767320103667
654,0.05174980980398152,-0.7032922266967394,-0.754160058078215,0.3893594671628161,-0.31300724408936076,-0.11369416516829799,-0.43131325922174957
655,-0.28545743838983173,-0.28726669268999994,-0.9169392360285796,0.16234233643636353,-0.4906079267400179,-0.0072873691170201125,-0.1414652813096768
656,-0.28545743838983173,0.3334810642632058,-1.3962189309695223,0.1622598157052536,-0.38926666515877045,-0.6945730619991302,-0.021885114324159228
657,0.04590655218478546,-0.7834477988019627,-1.1323730493842934,0.1307816781321598,-0.27404994445426173,-0.8669210997370185,-0.12007072390327608
658,0.04590655218478546,-0.46635226785375833,-1.1347534924114602,0.13296980087886123,-0.2788387837933015,-0.8904489225514625,-0.08808158213572916
659,-0.28545743838983173,0.30483104807629674,-1.102603757171722,0.16225983274857753,-0.4768838474756469,-0.6853892147605672,-0.31747708338914443
660,0.07345188331799592,-0.535015195728063,-1.1039097686288872,0.4072477574425798,-0.31824578385326213,-0.040710424498307064,-0.3037246888730672
661,0.04590655218478546,-0.29506995490468363,-0.9686330429895313,0.1307663907470424,-0.24933375655076692,-0.07180722797699536,-0.419827617748746
662,0.05174980980398152,1.2931236897256297,-0.9594477296607389,0.3893593516648584,-0.4013716886132662,-0.5630948420329512,-0.32635909421529913
663,0.04590655218478546,2.4458752727718474,-1.1062223510748548,0.1307675622416037,-0.2788387837933015,-0.34831895501144333,-0.27582099592243325
664,0.05174980980398152,1.5344389753543,-1.0362435512444408,0.389360003298294,-0.4013716886132662,-0.4377896032996971,-0.4566783087087733
665,-0.28545743838983173,-0.7689958666722866,-1.6380615258261229,0.16234595588672082,-0.3418065835728764,-1.2277565020243957,-0.0760312711942478
666,-0.28545743838983173,-0.6516735009516504,-1.417119447959949,0.1622598158290405,-0.2329877924724118,-0.963945147098095,-0.0034553639090360824
667,-0.1213516631665428,0.83691310319621,-0.5097275350413848,0.18182080586913876,-0.42934119426421585,0.27770444773541714,0.11386385195084504
668,0.04590655218478546,0.12537998131785494,-1.199879970529159,0.13079250048369878,-0.07290598512706768,-0.41143190035582555,-0.06154630891931763
669,-0.1213516631665428,1.0067289209782067,-1.2454320267357448,0.18182143630146538,0.14605610956161502,-0.8223323646408399,0.13580293656843193
670,-0.1213516631665428,2.0190059030829732,-0.9883142273892362,0.2271324715798494,-0.3050272648385737,-0.40236898053138404,0.025854062132568346
671,0.05174980980398152,0.14105839993411382,-1.0734860279280285,0.3893593693048517,-0.029141377679783552,-0.341411774465481,-0.1738445672554653
672,0.07345188331799592,-0.5627481240552817,-1.4140732694069111,0.4077262049441908,-0.31824578385326213,-0.7536262675580688,-0.13350675519071362
673,0.07345188331799592,-0.5627481240552817,-1.2274950122120294,5.338409112412575,-0.02826859554143904,-0.4002639072225522,-0.04004531028936434
674,0.04590655218478546,-0.7525184514229887,-1.0522945649725335,0.1307810704525191,-0.2033833191671046,-0.3677004310678162,-0.22533520921077918
675,0.07345188331799592,-0.5346172695273055,-0.800302088014758,0.407251532093234,-0.27812163769564896,-0.36420814501133597,-0.3218795745494585
676,0.04590655218478546,2.59955752954238,-0.9776025698157398,0.13077525224523745,-0.25509523443008786,-0.32422427544822496,-0.23074034535759563
677,-0.1213516631665428,1.0076681746853946,-1.158602931647671,0.18182730389092636,-0.42934119426421585,-0.45503629013667524,0.14660330209691225
678,-0.1213516631665428,1.2196213118380477,-0.9386555077628126,0.181820960550808,-0.4255023330010815,-0.03420144820073445,0.10193621889421672
679,-0.28545743838983173,-0.00034153100684885287,-1.137811046948385,0.16227589380265867,-0.38938082928057627,-0.007873861238980304,-0.19939621419749318
680,0.04590655218478546,-0.6620629928038376,-1.3388181368064798,0.13076639076957808,0.13892585715869712,-0.93783406714381,-0.22069117153282905
681,0.04590655218478546,-0.6274888718787509,-0.8408357786763946,0.13076706135705077,-0.1936645161678176,-0.19218421878962652,-0.2974482874329444
682,0.07345188331799592,-0.5627481240552817,-1.3578619003888335,0.407245595131949,-0.2318813435488797,-1.0871337142131363,-0.15756993440662773
683,-0.28545743838983173,-0.48529711746878784,-0.6588784731325859,0.16320837940940258,-0.4923422303616255,-0.060131728333644524,-0.12133671777453968
684,0.05174980980398152,0.8787765114488124,-0.546917707868476,0.3893593551101994,-0.4013716886132662,0.006122991827774522,-0.3224322042582158
685,0.07345188331799592,-0.5627481240552817,-1.260197110544408,0.4072454636943758,-0.3039079702377665,-0.5999752769141206,-0.14930128193654216
686,-0.28545743838983173,-0.4173327190836002,-1.1349349709089673,0.16969347696392012,1.396366321888986,-0.48773049480862596,-0.06109976214372588
687,0.07783209891829225,0.007763836964343853,-1.301075433445479,0.13076639074729884,0.31697113097766294,-0.7419012635912233,-0.09190255619499962
688,0.04590655218478546,-0.8607616267735754,-1.2750399883538495,0.13076669947440878,-0.20526137797839242,-1.140939915262831,-0.1683367553539791
689,0.07345188331799592,-0.48945104957472385,-0.6811335337753129,0.4087463841339561,-0.23600818596826867,-0.25799547050446364,-0.08225751214321232
690,0.07345188331799592,-0.38980765932238504,-0.9449120819866349,0.40724547017137297,-0.2777550091163469,-0.5047446855552828,-0.1675574419603132
691,0.05174980980398152,-0.3085409723031397,-0.6170993744824044,0.389363007293757,-0.2522841953249818,-0.2633457183199346,-0.18966169211029696
692,-0.1213516631665428,1.1495991619283343,-0.6854214863364159,0.18182080586827587,-0.4106357653341485,-0.4639984745766646,0.25331100425241915
693,0.07345188331799592,-0.5627481240552817,-1.025901231074928,0.40724784589977087,0.08875722904074468,-0.23602393560165913,-0.028862836884566246
694,0.07345188331799592,-0.5627481240552817,-1.2059717355858182,4.729722435533113,-0.11996977825601203,-0.3582900564256231,-0.05285358203809154
695,0.07345188331799592,-0.5467380279005406,-1.1187371524423828,0.4072454522174607,-0.3214504002586615,-0.48087934739099986,-0.20289728525380882
696,0.07345188331799592,-0.5627481240552817,-1.0458331182134846,0.4072454487863575,-0.2091423959127145,-0.3696963757447406,-0.18807638173044305
697,-0.1213516631665428,2.0103866414189304,-0.8759924150865966,0.19987970779118047,-0.40492856443757724,-0.29184912096134863,-0.10809757299123474
698,0.05174980980398152,-0.6666222991864044,-1.0459975601203149,0.3893593485987004,-0.39793530280120043,-1.3345896038350944,-0.27853588016865005
699,0.04590655218478546,-0.17455104013464762,-0.8135880925935451,0.13076639074701718,-0.2694727466673216,-0.5942992074736818,-0.22246611052038448
700,-0.1213516631665428,0.7075475570672237,-0.9005565574499,0.18182080586827587,-0.42115171967225307,-0.6447847824502132,0.11015653824398154
701,0.05174980980398152,-0.6616561020663544,-1.1457090263640695,0.3893593490520035,-0.3692277028620366,-0.44405724399907703,-0.36136612218271763
702,-0.1213516631665428,0.5620513375207408,-1.0020060721422819,0.1818696117540986,-0.42934119426421585,-0.4547016818364911,0.12866797544818442
703,0.05174980980398152,-0.6424424636835154,-0.8270758989423712,0.3893601675939633,-0.39793530280120043,-0.08929628892288123,-0.45549707571330944
704,-0.28545743838983173,0.10979479332899296,-1.3371498461072409,0.1694057337360918,-0.3067994168350291,-0.9657519704733563,-0.011440808506607099
705,-0.1213516631665428,2.0190059029436656,-1.0527455771634298,0.18182128274771547,-0.20069601287599012,-0.9299474441054969,-0.2430391260292544
706,0.05174980980398152,-0.2053527330043968,-1.324076838842259,0.3893610885408644,-0.17397088123055868,-0.7878015635597347,-0.2531430007142053
707,-0.28545743838983173,-0.42761957936291234,-1.2480453572274564,0.16225981568757356,-0.4843739408410476,-0.6817305544835269,-0.06974985616716696
708,-0.1213516631665428,0.9662856618794897,-0.8979565878582146,0.18182080586827587,-0.4162216839334876,-0.2648577556503828,0.16901270963492532
709,0.05174980980398152,0.8217639669291297,-0.6201647273356673,0.38935934854930326,-0.4013716886132662,-0.1197480491312431,-0.2389523749562565
710,0.04590655218478546,-0.688011727939017,-0.7748774004478624,0.1307669948583753,-0.2831994637481465,-0.09565721381394149,-0.14133447051561188
711,-0.1213516631665428,1.0286319836919153,-0.6295222576877995,0.1818208330823195,-0.42934119426421585,0.21412022038989328,0.14325717969146948
712,-0.1213516631665428,0.7243982003393122,-0.5617292427858851,0.18182080588121668,-0.42115171967225307,0.25506788653410245,0.07549880077393514
713,-0.1213516631665428,1.024247784201595,-0.8629609302766391,0.18182080587028024,-0.42934119426421585,0.17229980368246964,-0.08659929457167885
714,-0.1213516631665428,0.8119148193889125,-1.048635161390959,0.18943802640650773,-0.36426297496403864,-0.33273237024860414,0.04628982710983542
715,-0.28545743838983173,-0.762683418970734,-1.2362485885051289,0.1671465388173494,-0.4906079267400179,-0.7611703117937246,-0.27724565781681776
716,-0.28545743838983173,1.403858793454267,-0.8335040768127217,0.16226674985438,-0.4414603072490277,-0.4318465574488845,-0.04474329688995288
717,0.04590655218478546,-0.09326717820758401,-1.047688012644181,0.13076639079211375,-0.2651213106565706,-0.5349806823142048,-0.1630879868705943
718,0.07345188331799592,-0.5467340683966664,-1.099460764531137,0.4072454486894607,-0.31991965322930327,-0.5104852765901939,-0.17208589934051266
719,-0.1213516631665428,0.816060292734326,-1.2475745287736166,0.18182080586827587,-0.3691488515146389,-0.8859606841253347,0.14445558967448346
720,0.07345188331799592,-0.5627481240552817,-1.621536069014718,0.40724578693401275,-0.2815603930777379,-1.3528313390652327,-0.21080869271744118
721,0.07345188331799592,-0.5583651216028085,-1.1764194257790517,0.4072566964055963,-0.16439235772643981,-0.8080267193002476,-0.25224075633316
722,0.04590655218478546,-0.7236252871045288,-0.7778930143205625,0.13077007267451232,-0.25509523443008786,-0.11879216219509707,-0.13933913654266694
723,0.04590655218478546,-0.7982674780224454,-0.6487052003476332,0.13076641915517162,-0.16871852025015388,-0.1211154500895196,-0.11133208480686418
724,0.04590655218478546,-0.8179412986892165,-0.6168472493097514,0.13077687605293978,-0.23606530541479687,0.038853993536165914,-0.17614156276106066
725,0.05174980980398152,0.2825322844422343,-0.5936133877166394,0.38936487876280823,-0.2810717958271869,-0.33784353266946554,-0.5407376366373422
726,-0.1213516631665428,1.295054880672939,-0.529076417398343,0.18182080586835161,-0.37983147035401593,0.11904359438130675,0.08163080696211641
727,0.07345188331799592,-0.4838592416726767,-1.2302506845749144,0.40724816272950515,-0.2160412424929582,-0.5955886009245538,-0.1778322233495228
728,0.04590655218478546,-0.6724414718269248,-0.9044882401990051,0.13076654103796614,-0.23119551360499815,-0.24186324268187206,-0.24870360780746395
729,0.05174980980398152,-0.6431616901880878,-1.1646581801674838,0.38935936194771503,-0.3692277028620366,-0.4367620539304503,-0.30795988434130533
730,0.07345188331799592,-0.5627450486942058,-0.9535571229352153,0.407245448630103,-0.3214504002586615,-0.5414949952226936,-0.23590720913794938
731,-0.28545743838983173,-0.011732759411808404,-1.162283005532446,0.1625808977143771,-0.4866394583375768,-0.6113666559058002,-0.11743826315759451
732,-0.1213516631665428,0.6404094715907757,-0.9010531223817958,0.1818210989081427,-0.29798511073074807,-0.4371016961725195,0.2300629945145671
733,-0.28545743838983173,-0.0027933482798138854,-1.0234562026487437,0.2017603466240227,-0.4866394583375768,-0.23871310658790934,-0.15351817518389504
734,0.05174980980398152,0.03797681526280794,-0.7277299186546096,0.38938255909410996,-0.36769975582263087,0.2026629609073077,-0.2389821088508526
735,0.07345188331799592,-0.5225737593703013,-0.6513974864072148,0.40762710587345125,-0.3214504002586615,0.13108162085527716,-0.23362638823259999
736,0.05174980980398152,0.4309947395451562,-0.7285256076511037,0.3893644695211202,-0.3890348884300638,0.12922666276716915,-0.16109433157962083
737,0.04590655218478546,-0.2785550139525884,-0.999990419090579,0.130766390748094,-0.2788387837933015,-0.019939601784117984,-0.44025735727085474
738,0.05174980980398152,-0.40420224166976226,-1.1644926426627835,0.3893593485477474,-0.3692277028620366,-0.01645390181334729,-0.5991834051640939
739,0.04590655218478546,-0.18678565850022394,-1.0530487657572978,0.13076639076139962,-0.22868907647099013,-0.2610880071974395,-0.2534604833698432
740,0.04590655218478546,2.515076920692409,-1.1452724530561675,0.13076713409542107,-0.2831994637481465,-0.46956757065858484,-0.23868679618422547
741,0.04590655218478546,-0.771927724973881,-1.0795260412449312,0.1307804586195128,-0.2543750223317473,-0.36289565799925344,-0.20588841344252465
742,0.04590655218478546,2.515076920692409,-1.170488098756807,0.1307920162084189,-0.2831994637481465,-0.5087660332027277,-0.2220697254185759
743,0.04590655218478546,-0.4791712757829037,-0.5764909944758762,0.13109530746486314,-0.2694727466673216,0.565817506168173,-0.18837194104081872
744,-0.28545743838983173,0.8910665410296955,-0.9514374888005657,0.18149243983877833,-0.3814812928890316,-0.1808913620710342,-0.08196053258418935
745,0.05174980980398152,0.03797681526280794,-0.6496313977201685,0.3893733698008969,-0.36345853034377135,0.23199853023503156,-0.20925720060407466
746,0.024783905548897374,-0.7773367076452394,1.5636278365969802,-0.9511131791763323,-0.12732716975349373,1.464886175995373,-0.28018951340769577
747,-0.23942102344506255,-0.5267167621550497,1.5463585704672846,-0.4271751598109333,-0.3195857038423823,1.2790377135980948,-0.4386021405657261
748,-0.30605422096986157,-0.7183884496343,1.6060551223183528,-0.4741457328728768,0.4099520240161429,1.6046946946823692,-0.43785745136344956
749,-0.4822827040577075,-0.8117800157606849,1.2303496916734178,-0.17364073836019614,-0.2669204888523647,1.4108909033817103,0.1262370950246433
750,0.024783905548897374,-0.7762701601911858,1.649513509470243,-0.9511114114976758,0.420146633153786,1.4893132851981057,-0.2812018663856442
751,-0.4822827040577075,-0.8105492614772086,1.3960912095214915,-0.17143977409151204,0.5219962135874444,1.589915589398527,0.20059351758317237
752,-0.23942102344506255,-0.5284557255335852,0.9636051849209909,-0.4369630642701601,0.2997275592233403,0.881461464821003,-0.448360440821208
753,-0.30605422096986157,-0.7747169950158307,1.4418670358360492,-0.4731973438207141,-0.05764297900309207,1.44481531371995,-0.3359048815422826
754,0.024783905548897374,-0.7762693334302436,1.3163819085179762,-0.9511136321643032,0.1992110533047586,1.3143673472998014,-0.22306322739754858
755,-0.30605422096986157,-0.7868890618806513,1.0873878293709252,-0.4745972458845575,-0.23506206009862457,0.29875969443129147,-0.4426158459076618
756,-0.30605422096986157,-0.8045508343932887,1.3088532544848137,-0.47459702260876896,-0.2378637178726551,1.0059440984650434,-0.4922018658906158
757,-0.4822827040577075,-0.8113294288620885,0.9158725134900274,-0.17367743451826126,-0.23319261754376722,-0.2569452770508681,-0.40179407192064753
758,-0.30605422096986157,-0.7159170386789396,1.0425083743129901,-0.4745972474164482,-0.24341648843840674,0.6772494734805222,-0.6421756186445495
759,0.024783905548897374,-0.7761620773328376,1.475160324766747,-0.9486502169295675,-0.2991162551328662,1.0479904706365373,-0.6652375681363872
760,-0.30605422096986157,-0.8102424674048735,1.2655780117415405,-0.4745972462741948,-0.25249607499281834,0.0931771554448522,-0.5451939718243474
761,0.024783905548897374,-0.7772469174474244,0.8488168502064184,-0.9511136341274056,0.1166559399945841,-0.4304385639010134,-1.4127678675231838
762,-0.7198162298824449,-0.659027917860875,1.0560323697466918,-0.5538617366760757,-0.4182452086668477,-0.2430007297869486,-0.43195609012619735
763,-0.23942102344506255,-0.5267167621550497,1.4793279170643983,-0.4369561818118526,0.3128482261568659,0.9065673236774833,-0.7709055064682659
764,-0.30605422096986157,-0.774782559938448,1.4936633355819415,-0.4744738021923082,-0.3385898534280769,0.5317837650890158,-0.8726031672350495
765,-0.23942102344506255,-0.5271006742853991,1.45914826851215,-0.43703006990449,-0.32660373278991206,1.0119504568197977,-0.8208751800080997
766,-0.23942102344506255,-0.5284557255335852,1.0825339491893728,-0.4370424381037509,-0.2091175703607194,0.01252990212076838,-0.3184452314413116
767,0.024783905548897374,-0.7849369139883416,1.217245693779383,-0.949883967787644,0.5288572810399728,0.8504795814476949,-0.269878994591877
768,-0.7198162298824449,-0.7003254625019495,1.0366762523633417,-0.537508086055557,-0.40219091405385204,1.2482292791207654,-0.37669704573420526
769,0.024783905548897374,-0.7851893397146043,0.9822107321533268,-0.9511126483256023,0.24581432711334775,1.1634946820191667,-0.30607992141381524
770,-0.30605422096986157,-0.7749316201083882,1.3605229714788156,-0.4745972468541501,-0.12483087882698644,1.1133179103613067,-0.3812088318550932
771,0.024783905548897374,-0.041181990592107205,1.193402164855265,-0.951113633491752,-0.14233526957456358,1.0621508711213188,-0.513185695291454
772,-0.30605422096986157,-0.7688669842286123,1.059898569066575,-0.4745972473598241,0.18067827052781646,0.06591607125292248,-0.7790519040536136
773,-0.7198162298824449,-0.6963818048382092,1.0319939108189542,-0.5542138841491805,-0.41880745875362924,0.9570704629311845,-0.766403543115692
774,-0.4822827040577075,-0.8117726285679048,1.0023761602221335,-0.17366835562467073,-0.4650478990804973,0.0955645257499867,0.07911555993259489
775,-0.23942102344506255,-0.5267164683098454,0.9987867528664112,-0.43704099975313376,-0.14733357001672806,0.6330065041767283,-0.2723395635316386
776,-0.30605422096986157,-0.8006964963411287,1.6190357951100391,-0.4745972339620671,0.7229391730283429,1.8708209757814491,-0.5288888833979495
777,-0.4822827040577075,-0.8117664115726027,1.4045913200906315,-0.16130018833654064,-0.42469568276858183,1.4320909053645787,0.21998417482464325
778,-0.4822827040577075,-0.811761944892116,1.1430316084259529,-0.17330883440791162,-0.28320911347822614,0.6755255597826386,0.04858462188140762
779,-0.30605422096986157,-0.8147907819521847,1.2194874623887173,-0.4745972474163331,-0.2979483599397011,0.9696328983009112,-0.47278172379360067
780,0.024783905548897374,-0.7827931280560134,1.0676100544468308,-0.9509350405332324,0.19547224484726503,0.7170970853803929,-0.4563711031136346
781,-0.4822827040577075,-0.8117793043731623,1.3353670770405197,-0.17339562250090568,-0.42469568276858183,1.1048548977258263,0.15038653257452167
782,-0.4822827040577075,-0.8111989798104561,1.014023407028178,-0.17032999359482123,0.30338708667721004,1.5363075637461348,0.050130886238010396
783,6.077428544224205,2.7093273532074797,1.2472427399502721,5.338384235314761,4.473520641839773,0.33959302415500175,-0.08358521277879406
784,0.024783905548897374,-0.7855678557163566,0.996984058675246,-0.9443492854169466,1.1269765919066683,1.5184205111951319,-0.41555967789502785
785,6.077428544224205,2.7093273532005346,1.7436096511830739,5.338409145095209,4.473520641839773,0.21983391964406906,4.01458347656735
786,-0.23942102344506255,-0.5300972865886631,1.049741318964889,-0.4370418406893221,0.07587730160629187,-0.17333796204328047,-0.4296283810414448
787,6.077428544224205,2.7093273508905646,1.2955236056998791,1.5957893598642086,4.473520641839773,1.1111854931319805,-0.2068844525610261
788,-0.23942102344506255,-0.5291154423672444,0.9749203765033195,-0.43704229379517173,-0.24867569585114319,0.003522517150756494,-0.43638894211747525
789,-0.4822827040577075,-0.8120925690130475,1.440801445585442,-0.16417606712102656,-0.4732721913501935,1.38466062515821,0.13976180894433993
790,3.332441821458442,-0.7665509011970277,1.223207797284737,5.338409145095209,0.9735771896201412,0.5666586640671064,-0.4264494561500811
791,-0.4822827040577075,-0.8110172632407839,1.5529016589715121,-0.1736739821909846,-0.30869116079813813,0.291757417318359,-0.10984053434654917
792,-0.30605422096986157,-0.7851338565132093,1.4048159316438393,-0.4740874280869557,0.005025258584290359,0.809763025829453,-0.9481385711662736
793,-0.7198162298824449,-0.6769676293631023,1.0765558696739903,-0.553983907804321,-0.1385923380443224,0.47088559889230575,-0.35304054500963455
794,-0.23942102344506255,-0.5267164683098454,1.1002108719466634,-0.43677742586560075,-0.030411499879737125,1.9144988491469122,-0.381991370752662
795,-0.7198162298824449,-0.6452511732476724,0.7880873747152458,-0.5214790278509926,-0.14867504489567324,-0.08707736683684486,-0.44419969414481497
796,-0.30605422096986157,-0.8039655589053241,1.3677370043472223,-0.4745965575343925,-0.24194644136072385,1.8980857306706078,-0.3983520370531553
797,-0.30605422096986157,-0.7913537410525476,1.0563121189459839,-0.4745972474162179,-0.3352300054378321,0.5974251129234062,-1.8027610960846037
798,0.024783905548897374,-0.7773549123536269,1.3688137324051775,-0.9511132793463761,1.0150477980683428,1.5240931397121478,-0.4918684748287309
799,-0.4822827040577075,-0.8252061442087414,1.2988326991286727,-0.15417028814728911,-0.4341907388899907,1.357651109402922,0.0007207810837841581
800,-0.4822827040577075,-0.8084293293198574,1.1259336115069223,-0.17347776240458165,0.48173990013874296,-1.5104797863745396,-0.36610196795593464
801,0.024783905548897374,-0.7738027976136279,1.3314323182755983,-0.9511126289826848,0.022610003264958003,1.0512659476627817,-0.6066866388205782
802,-0.7198162298824449,-0.6391384403106879,0.688032079997085,-0.5213297477514723,0.11100375600629454,0.08804347374939632,-0.40174430651945353
803,-0.30605422096986157,-0.43726377346017364,0.8710556826407468,5.338409145095209,-0.15905212522583698,0.8789008509117677,-0.5389174564980964
804,-0.7198162298824449,-0.6573638982668885,1.348201105524481,-0.5543181432737934,-0.36967899818728994,1.9803632474999497,-0.17674509288123696
805,-0.4822827040577075,-0.8127233996779542,1.4488033008800472,-0.17367736581194168,-0.3763319630149433,1.6301837043887084,0.15971731580624654
806,-0.4822827040577075,-0.8119992722947516,1.6485278380801658,-0.17367224244471982,-0.4409346422068726,0.9848575914009773,-0.0137423472897901
807,-0.30605422096986157,-0.7744346521250824,1.5822202801059233,-0.4745361973540672,-0.33708988352088415,0.8817072326277129,-0.5324464635192514
808,-0.7198162298824449,-0.7129364760524635,1.5440796322430521,-0.5517321630619064,0.04811008913145659,1.8029317276869787,-0.3109189434721959
809,-0.30605422096986157,-0.7748650671577825,1.271371487558528,-0.47459724741641957,-0.12703635624637544,1.3066431970612284,-0.3545994441797207
810,-0.4822827040577075,-0.8117020381980152,1.06260880806737,-0.17367727727579493,-0.35073892086005737,0.6228737608237529,0.05657586791508793
811,0.024783905548897374,-0.679438925841742,1.0717690800534627,-0.9511136341254701,-0.1362036654467021,0.9502334744594261,-0.2810174051847835
812,0.024783905548897374,-0.7763261320701175,1.2721583347643244,-0.951113632960947,0.01759316995831428,1.2542588647465582,-0.27175191994468273
813,-0.30605422096986157,-0.7748650671577825,1.267873709593468,-0.4745972474157294,-0.3385898534280769,1.2625665674761783,-0.3802316912077245
814,6.077428544224205,2.709327353129981,1.0262703385971401,5.338409145095209,4.473520641839773,-0.44479381887649744,-1.1391824853661245
815,-0.30605422096986157,-0.7752612304689307,1.4080660179005065,-0.4736639591308699,-0.2401236637066459,1.3933021327571786,-0.3741440027498498
816,-0.4822827040577075,-0.8109014949655649,1.4086821462795995,-0.17034054084000608,0.07811514601769064,1.5207237949286112,0.1700700034016951
817,-0.4822827040577075,-0.8123474630379554,1.286470981382359,-0.17367737937752745,-0.4732721913501935,0.9706215220339282,0.034885697641038715
818,-0.30605422096986157,-0.8006194036458929,1.3166362401133103,-0.47289862323195153,-0.12881519875121142,0.8870201431168173,-0.7113869727099059
819,0.024783905548897374,-0.7764621077566634,1.2874143037092298,-0.9511096411623948,0.04965982552224565,0.8304217235193827,-0.3742289622593266
820,0.024783905548897374,-0.7764177798481369,1.276310622576828,-0.951087608048493,-0.1856454420428234,1.441510601881209,-0.19633134610888703
821,-0.23942102344506255,-0.5286287558809449,0.8995505722948991,-0.4370424375503581,-0.06503465898282092,0.08973987699910389,-0.8953985254523101
822,-0.4822827040577075,-0.811663686170037,1.0686286040931778,-0.17367742197862443,-0.22408581747252046,0.20499338777960946,-0.9980968190314912
823,-0.30605422096986157,-0.7150478877714282,1.01717391306714,-0.4745972474164482,-0.2938160349616399,0.6626964003445216,-0.6981481623240616
824,-0.4822827040577075,-0.8349949773268834,1.0072176119208651,-0.1736772304861609,-0.2975336546232084,-0.07365218564053658,-0.08621733104287277
825,0.024783905548897374,-0.7762061697338448,1.5241802088567737,-0.9503604251968648,-0.3034641851020994,0.8549064177976927,-0.7824425783780069
826,-0.7198162298824449,-0.6766840959151326,1.0155854287526236,-0.5543614482045444,-0.07552500576902992,0.14444210002426597,-0.05525914992341965
827,-0.30605422096986157,-0.7935324457000302,0.8504021084607586,-0.4745972474164482,-0.24194644136072385,-0.6928139431032355,-1.1937094715291483
828,0.024783905548897374,-0.7854078595687758,0.7169822556795499,-0.9511136341273742,-0.03012131065427714,-0.5740747284332465,-0.9388000511127921
829,0.024783905548897374,-0.7756213905139797,1.090026073735976,-0.9511136340472545,-0.24226219141503494,0.26081191222100375,-0.41027594381854343
830,-0.30605422096986157,-0.7167270630590356,1.1135488536083127,-0.47459724731711916,-0.3352300054378321,0.39288072734733737,-0.4985951571090311
831,-0.4822827040577075,-0.811833219315227,1.5971725618873824,-0.17367646982825452,-0.4732721913501935,0.3674932457948965,-0.34464190807036593
832,-0.4822827040577075,-0.811833219315227,1.5971725618873824,-0.17367646982825452,-0.4732721913501935,0.3674932457948965,-0.34464190807036593
833,-0.4822827040577075,-0.811833219315227,1.5971725618873824,-0.17367646982825452,-0.4732721913501935,0.3674932457948965,-0.34464190807036593
834,-0.4822827040577075,-0.811833219315227,1.5971725618873824,-0.17367646982825452,-0.4732721913501935,0.3674932457948965,-0.34464190807036593
835,-0.30605422096986157,-0.774782559938448,1.4936633355819415,-0.4744738021923082,-0.3385898534280769,0.5317837650890158,-0.8726031672350495
836,0.024783905548897374,-0.775977032398804,0.92987037924259,-0.9511136340745439,-0.10856365617273202,0.4347145388132594,-0.3465017928387985
837,-0.30605422096986157,-0.7963437144579245,1.0334362481334445,-0.4745971563988937,-0.12209673950714682,0.24186099046121787,-0.8588543678712189
838,-0.7198162298824449,-0.6593599603585087,1.24171491299201,-0.5154502677896535,-0.07952558675506727,0.6819681087018502,-0.2995407617347259
839,-0.7198162298824449,-0.6882003910920242,1.354232709804413,-0.5530315378451034,-0.1385923380443224,0.9472021568178758,-0.28335655653001784
840,-0.7198162298824449,-0.6585784393910258,1.0543365210770916,-0.27654190582712307,0.25397551374650656,0.8485349850778552,-0.4595982322855347
841,-0.4822827040577075,-0.8117132665757566,1.06507097113013,-0.17334026199257563,-0.4566512645417593,0.746022066459054,0.06306214968524362
842,-0.7198162298824449,-0.6862928026550033,1.168439789442237,-0.5524135601602194,-0.2797336286110457,0.8837217926358604,-0.4928063815134833
843,-0.23942102344506255,-0.5284560180091366,1.0067444472187834,-0.43703373250597166,-0.2733833564759673,1.3156003074457574,-0.37281540045287564
844,0.024783905548897374,-0.7764137076550479,1.26474627391517,-0.9511136247317603,-0.15961697374318126,1.3431692190096596,-0.3377333009343392
845,-0.23942102344506255,-0.5284557255335852,0.9827465408810051,-0.4370424381038075,-0.25558845313177136,-0.15711662070981142,-0.3472278656347475
846,-0.4822827040577075,-0.8116971999536821,0.9860846485183923,-0.1736770997849336,-0.4435198676594498,0.4952306879047212,0.05817230592207417
847,-0.23942102344506255,-0.5283018838751299,0.9950668654240125,-0.43704243791057423,0.6624261091594321,-0.4851353723844682,-0.3450139101704082
848,0.024783905548897374,-0.7841473078575294,0.8731196156811348,-0.9477965557137332,-0.12559342927659678,0.5924473856849157,-0.32210337425409147
849,-0.7198162298824449,-0.7144287730450106,1.2559489439019613,2.9506863315916405,-0.4416236201741039,1.273032848084976,-0.34427339929034073
850,-0.23942102344506255,-0.5284529776243122,1.1840514192965743,-0.4370002347570757,-0.01373851941515999,0.9048569470768297,-0.5827510892297869
851,-0.30605422096986157,-0.7545248543086976,1.2230873595137137,-0.4745971473315209,-0.15615899336468053,1.2867103156416484,-0.4006043829696039
852,-0.23942102344506255,-0.5273863252006449,1.0064705667450473,-0.4370242820928103,-0.08354169468422838,0.8052936510928449,-0.44584833957311204
853,-0.30605422096986157,-0.7166991197697183,1.0458056812176897,-0.4744473003492886,0.023970133937570307,0.5357859657938364,-0.5019775165254363
854,0.024783905548897374,-0.7746301077432698,1.5857985826430905,5.3384090592052065,0.7511028627658597,0.8351819243448044,-0.5236244438609553
855,-0.4822827040577075,-0.8117664115726027,1.4287236969355115,-0.1505723494836263,-0.42469568276858183,1.5700156038632274,0.21889220301648535
856,-0.23942102344506255,-0.5284560180091366,1.2716018853574946,-0.43704243809620935,-0.21285009282510906,1.5533754816063137,-0.26408267685402703
857,-0.7198162298824449,-0.673842229367773,1.0942286840067894,-0.5514330773334749,-0.3728408910307976,0.44851505792899266,-0.22612467692402652
858,0.024783905548897374,-0.6928265668541134,1.5035266085942256,-0.9511129144487975,0.31755098653763086,1.317106446149612,-0.27087022880422157
859,-0.23942102344506255,-0.5284560180091366,1.273142349287213,-0.43704243810372195,0.009491617202986542,1.1428258145765453,-0.3300751754138943
860,-0.23942102344506255,-0.52962469097256,1.0382206192756644,-0.43704243810123705,-0.01416205724936007,-0.012099550647176603,-0.42718684304602905
861,-0.7198162298824449,-0.6585518441160804,1.0756488946613254,-0.38502720897946985,-0.43421264364133444,0.7945703837112879,-0.38760503534542023
862,-0.30605422096986157,-0.5766177557688213,1.2272300031468473,-0.47459724740399595,-0.04423964589919298,1.3208317853109799,-0.3650058985462773
863,-0.30605422096986157,-0.7819415390595216,1.0456072005873034,-0.4745972474164482,-0.24194644136072385,0.7774965675555635,-0.6416450748663226
864,-0.4822827040577075,-0.8114225395181449,1.1268855163304987,-0.1731161181841789,-0.4116515238985333,0.6570762842417696,-0.022550260706371873
865,0.024783905548897374,-0.7768289684879192,1.1773615636156667,-0.9509846975790329,0.18146775637817825,1.4482592977379973,-0.21155947636197667
866,-0.23942102344506255,-0.5300337490383993,1.225763497831835,-0.4370424381038075,0.159864884733981,1.2878904515597824,-0.375683374655194
867,6.077428544224205,2.7093273531939177,1.3466775988691722,-0.4700091937856977,4.473520641839773,1.310752351832426,-0.3607512268281479
868,-0.7198162298824449,-0.665510468428259,1.036337126920891,-0.437296658800882,-0.13399227958578358,-0.19118539370221455,-0.2711767767664976
869,0.024783905548897374,-0.7759925376548358,1.1252607836104505,-0.9395360375186899,0.13124547681584978,0.996226145438953,-0.34419717776931374
870,-0.4822827040577075,-0.8115458210554657,1.3473561508806378,-0.17367690593403934,-0.0760679750524711,1.2423046657188859,0.05083964596761218
871,0.024783905548897374,-0.7845605381392948,0.8570221789099327,-0.9511136341268751,0.10836797569542578,-0.04298037927243163,-0.8458327617231624
872,-0.7198162298824449,-0.687320299882122,1.4238559991578252,4.817602735475348,-0.3876327214338852,1.017390611184992,-0.06018288247645871
873,0.024783905548897374,-0.7763426385663988,1.5654983081198954,-0.9506724280667735,-0.19341807715451503,1.1198381012050318,-0.26759691362203075
874,0.024783905548897374,-0.776476057690701,1.013262428190348,-0.9511136337313635,-0.03940055394186676,-0.3530219557403108,-1.0574943800173122
875,-0.30605422096986157,-0.7776005274434323,1.0374635927079952,-0.47457785378861644,0.5642201418775482,0.4137385545936362,-0.48056288873767783
876,1.7050056420434134,-0.47042910627861934,1.5562656355637305,-0.4739528850342571,1.3761517957996292,1.1011892728487933,-0.5107788077824047
877,-0.30605422096986157,-0.24819596725070125,1.5237312579103048,-0.4025299743830954,0.24831269365774547,0.8417842620213567,-0.7966496792920784
878,-0.30605422096986157,-0.7591514078969785,1.3033817902899247,-0.47138624290856923,-0.3385898534280769,0.6239096414945617,-0.5609557490772206
879,0.024783905548897374,-0.7758560338116589,0.9625141827890913,-0.9511136341270312,1.0472233506058326,1.0127982476962147,-0.3551202509406238
880,-0.4822827040577075,-0.8117600642687404,0.962392491239278,-0.17367743413946093,-0.059218202439990396,1.6444317254791119,-0.06864892125717956
881,0.024783905548897374,-0.7827376276294995,0.952180239629324,-0.9511136340573397,0.2893391753631086,1.7516468361620114,-0.4807034140094214
882,0.024783905548897374,-0.7807819981212045,0.6683932799199489,-0.9510983208840116,1.3223398128994337,0.8685347304368458,4.014583452008717
883,-0.30605422096986157,-0.8073770484044986,1.4769262177352005,-0.4744587965822405,-0.1890568934395339,1.4966057223720322,-0.41966575765720315
884,-0.23942102344506255,-0.5267164683098454,1.2390535893846126,-0.43704239743755374,-0.21448062349654243,0.3170121133602875,-0.5022346519819283
885,-0.23942102344506255,-0.5267164683098454,1.261818111549058,-0.43704156603162964,-0.21448062349654243,0.629799703757775,-0.4449094989010386
886,-0.4822827040577075,-0.8102164602766919,1.326021992943815,-0.17367223345442578,-0.4165532405897319,0.52402507361159,-0.17176034077213578
887,-0.30605422096986157,-0.7566156232833439,1.1671415616268916,-0.47459723602979925,-0.2612300331146873,1.3548443359938316,-0.45424677205258884
888,-0.23942102344506255,-0.5284529776243122,1.0273709243643494,-0.4370424375496153,-0.25701799101729494,1.2459820167983024,-0.6292866955612629
889,-0.30605422096986157,-0.7699148658165555,0.9318550652673259,-0.47459603953871654,0.3600232741822261,-0.826746539657436,-0.8271973718338456
890,-0.4822827040577075,-0.8115969294425732,0.997037571242548,-0.1736685924905244,-0.19945582541330342,-0.5482571466154377,-0.276626256990259
891,-0.30605422096986157,-0.7762151687265278,1.1481962156955012,-0.4745972414898993,0.09091327821828554,0.33767952783663574,-0.9386886441302754
892,-0.23942102344506255,-0.5284557255335852,1.0529176126660427,-0.43704243809149657,-0.14206523450674866,0.581194136848682,-0.16018904006072854
893,6.077428544224205,2.443020502260683,1.425274935567384,-0.9510685906953874,4.473520641836248,1.4871057038037427,-0.3501154411702413
894,-0.30605422096986157,-0.8061150580080618,1.5798595054210738,5.286267317073446,-0.3016020511276626,1.4996516625152423,-0.35606869567446797
895,-0.7198162298824449,-0.6580605518736213,1.3785810731026724,-0.5540670894008503,-0.3491502883503039,1.8705176203049578,-0.1797726843200981
896,0.024783905548897374,-0.7761764848829333,1.574911661270376,-0.6954974025279258,-0.3034641851020994,0.89147637186755,-0.6648498252201767
897,-0.4822827040577075,-0.8119992722947516,1.6049623010158205,-0.17367589623827293,-0.4732721913501935,0.474919189006776,-0.272809695287072
898,0.024783905548897374,-0.7856726855846948,0.9935368213371283,-0.9511136305047905,0.14826039014630044,1.0167769507355,-0.3489553445644656
899,0.024783905548897374,-0.7763152768425805,1.2459626451688137,-0.9511136334881919,0.04455978839351957,1.319239359688431,-0.26029482018378874
900,0.024783905548897374,-0.7763152768425805,1.2080776663349024,-0.9511136227250384,-0.0237569905183634,1.427650629846344,-0.26855034514269227
901,-0.30605422096986157,-0.7438983974364041,1.2674737395921216,-0.47459724741607384,0.16612939780676253,0.6684291952302457,-0.4801163530366288
902,-0.4822827040577075,-0.8117960716109915,1.3372598803343738,-0.1698465888612283,-0.22895552940546238,1.6573728913687582,0.12981395918470687
903,-0.4822827040577075,-0.8108835566027336,0.9916579940993797,-0.17367743452930698,-0.33947193949126964,1.7147350428498183,-0.12642763607336158
904,-0.23942102344506255,-0.5284557255335852,1.1294940868350878,-0.4370424381037786,0.15748905733154037,0.43156091670110447,-0.6986720179158906
905,-0.30605422096986157,-0.7747518843748977,1.3084135880106458,-0.4745972473882654,-0.33292406458381674,1.2690052981061268,-0.381071726898122
906,6.077428544224205,2.7093273530651767,1.3826266807553176,5.338409145095209,4.175773061539901,1.221684391847767,-0.20958881420556486
907,-0.4822827040577075,-0.8117723530808533,1.4278359177358024,-0.14750935416739355,-0.42087887425745935,1.5261476113168502,0.21515657871716218
908,0.024783905548897374,-0.7752130210625495,1.2284223998638055,-0.9510916982761446,-0.11832516158848257,0.6753803585767179,-0.4358800034641947
909,-0.30605422096986157,-0.8075766745487176,1.3464679014665595,-0.3954387238345964,-0.3385898534280769,0.8894221202457904,-0.688464882414915
910,-0.4822827040577075,-0.8131680908680096,1.30738611239688,-0.17367690201939945,-0.4732721913501935,0.9849546813214246,0.025349171669064037
911,-0.30605422096986157,-0.7985501256823591,0.9427844549799552,-0.4745971882762867,0.34963862759858066,0.08730258187041737,-0.6674833724300715
912,-0.30605422096986157,-0.7505151151721748,1.0455696227266362,-0.4745972474164482,-0.3385898534280769,0.40155632526845736,-0.5480677492489912
913,-0.4822827040577075,-0.811727971870756,1.2938657833332594,-0.17367734397450513,0.0703448042074984,0.5261243199746486,0.034945952505060045
914,-0.23942102344506255,-0.5284560180091366,1.3805262044582096,-0.4370423758231756,-0.12601586046199242,1.2388041127334264,-0.22266079387892163
915,-0.30605422096986157,-0.7754994573460768,1.4745397645374747,-0.474428071128901,-0.3385898534280769,0.5765022309934306,-0.8281090499714719
916,-0.23942102344506255,-0.5284557255335852,0.7506418728409465,-0.4370424330157916,-0.0675074128815828,-1.1711763888433306,-1.173020465182789
917,0.024783905548897374,-0.7761442861012167,1.0610978238413222,-0.9511136340658637,0.19353323901237432,-0.15170903227084703,-1.1104325091007838
918,-0.23942102344506255,-0.5284557255335852,0.940542584980235,-0.4370424381038075,-0.16216323086694506,-0.9614051096160788,-1.1286680546270897
919,-0.30605422096986157,-0.7196761922454301,1.1085703293131157,-0.47459724741639064,-0.13024981060028384,0.17216743536204593,-0.5043019184369708
920,-0.7198162298824449,-0.6762783570240752,1.1480596688454352,-0.5541979836270317,-0.42047802382800137,-0.12497630915590623,-0.4620519896232906
921,-0.7198162298824449,-0.6882116094503156,1.4476204750738633,-0.5536756135578969,-0.46075199418661067,0.7827090368102398,-0.6213122665910686
922,-0.7198162298824449,-0.6883216733897957,1.4310155873236698,-0.5542200786295907,-0.46075199418661067,0.7990310839132753,-0.6877358845836737
923,-0.23942102344506255,-0.5271006742853991,1.45914826851215,-0.43703006990449,-0.32660373278991206,1.0119504568197977,-0.8208751800080997
924,-0.23942102344506255,-0.5271006742853991,1.45914826851215,-0.43703006990449,-0.32660373278991206,1.0119504568197977,-0.8208751800080997
925,-0.7198162298824449,-0.6715526961031116,1.0339517786909591,-0.5530436561270439,-0.38689938674026747,0.39620693656353,-0.23474702876892656
926,-0.7198162298824449,-0.6745456172725214,1.0827985257983748,-0.5461890673198423,-0.3463555061671822,0.4767836714101852,-0.27502476970394446
927,-0.30605422096986157,-0.7182738321898213,1.0197887279280964,-0.4728535907548431,0.3520927067509156,-0.046887486918442536,-0.40988557244846846
928,-0.30605422096986157,-0.7566134079307594,1.1039866798923672,-0.31737963969088034,-0.23130562006489577,1.262737375576578,-0.3573746206822995
929,-0.4822827040577075,-0.8119099468152972,0.9904922652520305,-0.17253063063697088,-0.44581953858793816,1.0241857915515913,-0.018005619023290752
930,-0.30605422096986157,-0.7748219331327502,1.3143585540100309,-0.47459724740597997,0.08449640460258961,1.0471132542128108,-0.39965628764362693
931,-0.30605422096986157,-0.7477039883542103,1.0036697110251946,-0.4745972474164482,-0.33708988352088415,0.1581200084127721,-0.5564907048121898
932,0.024783905548897374,-0.6912353423220757,0.9324412357574726,-0.9511136341274056,-0.28896215835444256,0.5986827153724261,-0.35499933317971494
933,-0.23942102344506255,-0.52962469097256,1.0670519056301115,-0.43691122957320505,-0.07492662506181363,0.12473290101312985,-0.3590358007483545
934,-0.30605422096986157,-0.8004713581333929,1.3289863055719484,-0.47390577857522787,-0.08965258421234637,0.9565829737846384,-0.46876622318077227
935,0.024783905548897374,-0.7769099552946076,1.0727606883282363,-0.9511136341272189,-0.24123410318228009,1.1294200022407823,-0.6796228139667698
936,-0.7198162298824449,-0.7119145940540366,1.003184458975765,-0.552804286158065,-0.46075199418661067,0.4018781555470874,-0.2848887649385986
937,-0.30605422096986157,-0.7151130657540697,1.0691567734836875,-0.4745972458684813,0.008893733682117365,0.9348787300281521,-0.4101706654494028
938,-0.23942102344506255,-0.5267164683098454,1.0830300439831766,-0.4370424378975494,-0.09934007441766708,0.10473289052956931,-0.27762144894083823
939,-0.7198162298824449,-0.6453108853502609,0.9782522166620566,-0.5531757790935182,-0.20047054244275692,-0.17118739856016382,-0.39043958334924944
940,-0.30605422096986157,-0.8017581815382505,1.6066512578096797,-0.47459643962905607,-0.12703635624637544,1.7989307768279357,-0.4639901044409272
941,-0.7198162298824449,-0.6875874104996559,1.3543833590559728,-0.5003125200072913,-0.38689938674026747,1.385168568812751,-0.14319666883977852
942,-0.23942102344506255,-0.5284560180091366,1.285952773737764,-0.437042438094096,-0.2832734420332702,1.327953336511318,-0.21707545828908936
943,-0.4822827040577075,-0.811761944892116,1.1413879819109172,-0.17366395129679488,-0.2604965955760877,0.966351252765351,-0.0040496575688186666
944,0.024783905548897374,-0.7768270232067366,1.396031003614674,-0.9511136260470001,0.3308004011602024,1.5276137772352563,-0.41256631878999045
945,-0.23942102344506255,-0.5284560180091366,1.3396015344348742,-0.4370424381036077,-0.1259366811187789,1.474458441084847,-0.4090795127330571
946,-0.4822827040577075,-0.8115524777408215,1.3232417511709034,-0.17255166872078695,-0.29923188878156304,0.9045064584191876,0.05032969024715289
947,-0.30605422096986157,-0.7566134079307594,1.0294246065660226,-0.4745971745802837,-0.3352300054378321,1.1386784381378945,-0.5167537478785943
948,-0.23942102344506255,-0.528573360800184,0.972633115990944,-0.4367796174824595,-0.12263570939851269,1.7544640326679692,-0.31924146232426664
949,-0.23942102344506255,-0.5304013447336184,1.106709318389722,-0.43704243809855203,-0.3234074668351173,-0.024108778457965416,-0.5852472108706501
950,-0.4822827040577075,-0.8132420127117311,0.970713911578785,-0.17276674134699874,0.6282664432212393,-0.0061826541948598965,-0.0658119466437482
951,0.024783905548897374,-0.7771570070033378,1.141765398864067,-0.9502374703406303,-0.011595744809215628,1.5083347213643965,-0.272976569166607
952,6.077428544224205,-0.05980404856787029,1.4364514383838591,5.338409145095201,2.3767511728452186,0.6132122147345712,-0.6416664027514649
953,6.077428544224205,2.21007961428969,1.601853746865561,5.338409145095209,3.3643264634767376,1.3499635479183094,0.0220448509579328
954,6.077428544224205,2.709327353145663,1.2872157652791887,0.7694622810401618,1.5743384559611762,0.6999725008083328,-0.3992281286188335
955,-0.30605422096986157,-0.7890883032518773,1.1790463321957607,-0.47459724736937187,0.08353830379923431,0.5227989859962282,-0.6146792070530459
956,-0.4822827040577075,-0.8120855535972387,0.7277089386835965,-0.17367493763881126,-0.1394683066905999,-0.36176473131128406,-1.2851416471543065
957,0.024783905548897374,-0.7765827126915165,1.4071233055492494,-0.9511032913827936,-0.03281574040712366,1.4500020720990545,-0.2148535617539596
958,-0.4822827040577075,-0.8117584864298426,0.9460564401649343,-0.06768981764903413,-0.4165532405897319,-0.9800823326620447,-0.648079222305019
959,-0.7198162298824449,-0.6878893181405512,1.4049110368450006,-0.5540862626780251,-0.15336745226864487,0.6556477839330003,-0.6854618818084692
960,0.024783905548897374,-0.7688830535437277,1.2232542318649553,-0.95110340665925,0.022487956068131882,0.8151878839678988,-0.7002879219225789
961,-0.4822827040577075,-0.8091689558645058,1.377681251695772,-0.17353173129089589,-0.3404719576014545,0.7242306378450285,-0.3091242906607072
962,-0.4822827040577075,-0.8123103435042901,1.5418330239042988,-0.17323209757302202,-0.20584897666661597,1.4209358831799932,0.09978779003908766
963,-0.7198162298824449,-0.644819778032988,1.0857202989384933,-0.404111853074585,0.20118716758283434,1.685783728513981,-0.3151734571685514
964,-0.7198162298824449,-0.6593316304818763,0.9630919912435374,-0.5543605518418814,-0.18304423076024506,1.6013970520099847,-0.3782183752498815
965,-0.30605422096986157,-0.7953280484522948,0.8165459325696913,-0.47459724703834266,-0.23158931028862528,0.20367786821846995,-0.533867091014287
966,-0.23942102344506255,-0.5316744600217285,0.8748294605828504,-0.43704243809603815,-0.003723421860410021,-0.20196731859755837,-0.38038094372242937
967,-0.4822827040577075,-0.8115879660660587,1.658521890520031,-0.17367743452609588,-0.21739048471496977,2.088401557680583,0.08886796767138179
968,-0.30605422096986157,-0.7961461464541211,0.8037866067306684,-0.47459724741639064,-0.12881519875121142,0.4457625306855615,-1.4990935433287138
969,-0.23942102344506255,-0.5284557255335852,0.9588783239296208,-0.4370424381038075,-0.32660373278991206,0.4835819801730399,-1.0154805470508548
970,-0.7198162298824449,-0.6899252561910323,1.109377584899345,-0.5511867782947287,-0.19006821257097034,0.653530954500811,-0.4902126596811139
971,-0.23942102344506255,-0.5284529776243122,1.1432876890906927,-0.4370424381036644,-0.31123423653813903,1.1896070979894424,-0.658886606729364
972,-0.7198162298824449,-0.7007290790870937,1.0100275883834253,-0.553101060268579,-0.40710801386720724,1.2570189732531152,-0.577396256355221
973,-0.7198162298824449,-0.6724976485017309,1.1496112020447202,-0.5434514331210417,0.05928463576603633,-0.026130757179390895,-0.5358438300106636
974,-0.23942102344506255,-0.5283018838751299,1.2504829874395127,-0.43704121918691435,-0.30206306484905066,0.45076643771783836,-0.6405286651903261
975,-0.7198162298824449,-0.6403686459789344,0.6796290443951514,-0.5107839407804479,0.47266392254288647,0.32115848535479247,-0.4082353564760953
976,-0.23942102344506255,-0.5284557255335852,0.6641941094448955,-0.4370413101261904,0.1155744280298463,0.4564737183550222,-0.3205791632588296
977,0.024783905548897374,-0.7812982306528193,0.866866465636421,-0.9511136341274056,-0.15901263339389443,1.366208356747687,-0.4304946599398019
978,-0.23942102344506255,-0.5267167621550497,1.2045268819589567,-0.4370424380966665,-0.28923442791874165,1.0648373334670094,-0.5924813789970054
979,-0.23942102344506255,-0.5267167621550497,1.1360976308008919,-0.43704205672129043,0.1601215150690892,1.2488156920249023,-0.4711140649462919
980,0.024783905548897374,-0.7763606351938611,1.225866930907102,-0.9511136314306697,-0.17037688188886152,1.6974778642302246,-0.4798922994497782
981,0.024783905548897374,-0.7768774194291495,1.3532039762782424,-0.9511136341274056,-0.14610301936499595,1.5766401184386896,-0.4609264753988637
982,-0.4822827040577075,-0.8123338722852141,1.3217789949122174,-0.17367743449766684,-0.4732721913501935,1.1380299569346413,-0.5238900580729395
983,-0.4822827040577075,-0.8120181964142863,1.1568454615570665,-0.17367743289005158,-0.06749480031854048,1.1637710365681102,-0.033371470724891585
984,-0.23942102344506255,-0.5284560180091366,1.0868530517265065,-0.4370424381038075,-0.07545981938829191,1.0564070118658284,-0.5947959545667899
985,-0.7198162298824449,-0.6852927807948231,1.3144679971301154,-0.554359827924272,-0.30420887720220613,1.6459244849112897,-0.3363938672572863
986,-0.7198162298824449,-0.6843725481443783,1.0780971620505666,-0.5543034352269335,-0.2819030550719436,1.723272172369758,-0.37399124192927435
987,-0.4822827040577075,-0.811670584760997,1.2771143608467865,-0.17367500333632743,-0.23861919442790086,-0.16964135030759986,-0.06408704039871152
988,-0.7198162298824449,-0.6593816658501906,1.090891443253724,-0.5543411458962143,0.04200663899765617,0.6559468586316222,-0.2481179139255868
989,-0.23942102344506255,-0.5284560180091366,1.2672065511815627,-0.4370424381034079,-0.02580681676460943,1.2464446328010925,-0.6106035456881046
990,-0.30605422096986157,-0.7293620429575427,1.020538681671504,-0.4745972474164482,0.1758019530462346,1.1819151209032037,-0.611609666911937
991,-0.4822827040577075,-0.8122209853247783,1.149765879354793,-0.17367743452908874,-0.12678901837998358,0.8547696453837149,-0.3802405842960016
992,-0.4822827040577075,-0.8117132665757566,0.9607958198197786,-0.1736774345288166,-0.4341907388899907,0.6394359217310496,-1.0429924294532866
993,-0.7198162298824449,-0.6715616098214888,0.9767632327365003,-0.55436145112678,-0.39855344625108136,0.8991207017551847,-0.48624562430246
994,-0.23942102344506255,-0.5284557255335852,0.9971021049714504,-0.4370424381038075,0.001601550797127439,0.4801915312863946,-0.3720885260612355
995,-0.7198162298824449,-0.6747259719124298,1.162833913613369,-0.5543614467560278,-0.3463555061671822,1.0811958503169834,-0.2932275009765094
996,-0.4822827040577075,-0.8122874181694063,1.4335555419760182,-0.17367743452275053,-0.3658155523009856,1.2388022448720508,-0.7089082638139643
997,-0.4822827040577075,-0.8111022733107518,1.0652024216410865,-0.17367743452917092,-0.16192015225589884,0.6685528025626508,-1.303227124095314
998,-0.23942102344506255,-0.5283018838751299,1.0520040426766597,-0.4370421449830801,0.12309637850809187,0.99778817377441,-0.48585406134051523
999,-0.23942102344506255,-0.5284560180091366,1.0605671639773437,-0.437042438103379,-0.0448822865276825,1.1016547607336433,-0.3225345239693479
1000,-0.7198162298824449,-0.6867946575857315,1.089581860514091,-0.5543614518357535,-0.4571486263684771,1.258028326963785,-0.30304100273474455
1001,-0.4822827040577075,-0.8098572318332808,0.6745557757588295,-0.17367743405934316,-0.1548746839702647,-1.199039605634476,-0.07335162430718055
1002,-0.30605422096986157,-0.8153937469336188,1.2809081919777268,-0.47459724739476494,-0.2401236637066459,1.2726198271359317,-0.494059286540394
1003,-0.23942102344506255,-0.5284560180091366,1.0786604386165775,-0.4370424381038075,-0.019232950815047275,0.8432985039039929,-0.936429771839407
1004,-0.7198162298824449,-0.632411481997859,0.6450149821385591,-0.5543609623646263,-0.1388400669951204,0.16796171116612038,-0.42686072969863725
1005,-0.23942102344506255,-0.5300936218389426,1.2862351860958268,-0.43704243810112253,0.12647931785505595,1.4022612549347238,-0.49862497681058193
1006,-0.7198162298824449,-0.6746624826229521,0.7694488185382831,-0.554361450840974,-0.216716458030289,-0.1535093047050078,-0.5191966001645316
1007,0.024783905548897374,-0.7767755799803245,1.4235584973391875,-0.9511136333395047,-0.02558867816562997,1.2136095028437583,-0.4600884696066668
1008,-0.30605422096986157,-0.800760838131633,1.2635005042802354,-0.4745972474164482,0.16612939780676253,0.872182634972564,-0.16877286339236006
1009,-0.4822827040577075,-0.8111751365742725,0.7908139803259968,-0.17367743452854506,-0.35073892086005737,0.04263416617515845,-0.09381374469502919
1010,0.024783905548897374,-0.7765753267589671,1.1686868921272286,-0.9511136341274056,-0.2622160531883519,1.5333092449591021,-0.39302034654403434
1011,-0.4822827040577075,-0.8117022465926214,0.6512965917189143,-0.17367743452927897,-0.28676241778658984,-0.6627644625147271,-0.1912928306632804
1012,-0.23942102344506255,-0.5267167621550497,1.2589398921658876,-0.43702515772756756,-0.2908918817044119,1.4002553593395202,-0.35352048138429154
1013,-0.7198162298824449,-0.6609938090054365,0.7688855074203624,-0.5543614507724247,-0.37838105875775874,-0.25168464508604127,-0.23436339070138826
1014,-0.30605422096986157,-0.8092647018419735,1.7303978483274032,-0.47459722523760073,-0.3352300054378321,1.1320987183318163,-1.0401060029221396
1015,0.024783905548897374,-0.7835650689649145,1.0931226604056907,-0.9511136341273436,-0.17548756860842318,1.194666021548702,-0.8520519795011624
1016,0.024783905548897374,-0.7764134598100886,1.1803074998866756,-0.9149171456811982,-0.11360530766222678,1.6987066468044951,-0.5197957103725889
1017,-0.4822827040577075,-0.8123133858137541,1.067633614293718,-0.1736774345281369,0.11143973236994041,1.6456760282313068,-0.46599775350540584
1018,-0.7198162298824449,-0.6880664237227909,0.9774631206505282,-0.5543148087496904,-0.08428432061995693,1.2786130516131404,-1.1952771833842541
1019,-0.23942102344506255,-0.5282098451430467,1.253263084578803,-0.437042435018989,-0.19413417178650003,1.2235282248241441,-0.2780692078879495
1020,-0.23942102344506255,-0.5286287558809449,1.3313369407235565,-0.4370424008031236,-0.23552213280970116,0.6807549253301842,-0.5896192496581907
1021,-0.23942102344506255,-0.5286287558809449,1.4298862477631868,-0.43667773350543987,-0.16816853775962518,0.7182724597130635,-0.40576555159355737
1022,-0.7198162298824449,-0.6763957254634084,1.122268160543643,-0.5543614509441187,-0.3445169627059979,0.3345197855066053,-0.6707957486538704
1023,-0.30605422096986157,-0.6690965252121599,0.9519988259833567,-0.4745972474164482,0.19588756624521275,1.1200439700354643,-0.5450910348715416
1024,0.024783905548897374,-0.7762391338799473,1.1920795450255617,-0.9511136341274056,-0.2469839286202277,1.384223772422416,-0.5401627301128513
1025,-0.23942102344506255,-0.5267167621550497,1.2400989593058387,-0.4370424381037786,-0.32660373278991206,1.1523134226398482,-0.4571470946770164
1026,-0.4822827040577075,-0.8107822349961791,0.6059708015810493,-0.17367743451820708,-0.3512246799551123,-0.9244316643238695,-1.7619802984253887
1027,-0.30605422096986157,-0.8096915020602644,1.0154753559145062,-0.4745971084883645,-0.09284118748155898,0.9696225721888578,-1.4241435992448732
1028,-0.7198162298824449,-0.6434915802972534,0.8415298401594824,-0.5543613798720645,-0.17331671836425727,0.6106238343246613,-1.7712242833461171
1029,-0.23942102344506255,-0.5267164683098454,0.9703697465100372,-0.4370424381038075,-0.19413417178650003,0.5704906121188098,-1.0656599179196524
1030,-0.7198162298824449,-0.6595271291526457,0.9330694991050877,-0.5543614499748918,-0.09000778916493343,1.0266783557080543,-0.04552441961240656
1031,-0.30605422096986157,-0.8159850210131113,1.251151883383102,-0.47459709364395464,-0.24341648843840674,0.7265034109212221,-0.23107855497659632
1032,-0.4822827040577075,-0.8127587277242105,0.6221392247885811,-0.17367743404788985,-0.4116515238985333,0.6721455623595921,-0.1417313345558848
1033,-0.23942102344506255,-0.5291194186539868,0.6773090517818946,-0.4370424381038075,-0.24919397884299627,0.7225030302056129,-0.38360871189947476
1034,0.024783905548897374,-0.7769401868390152,1.51570954994626,-0.9511136329813992,1.0173493990490172,1.025347342267894,-0.5733486485872762
1035,-0.30605422096986157,-0.8153218406616827,1.4791727690529355,-0.4745972474164482,-0.12881519875121142,1.2284525643873094,-0.6217362136600086
1036,-0.30605422096986157,-0.7946972134339879,1.0748993116743124,-0.4745972474164482,0.16105219249754749,1.1117107477611576,-0.6069117065546986
1037,-0.23942102344506255,-0.5284560180091366,0.8409013208417434,-0.4370424381038075,-0.29240759045220566,0.7689759147115133,-0.5359383955699986
1038,-0.4822827040577075,-0.8122857098951014,1.2134780093080062,-0.17367743452772835,-0.16312918416435004,1.2169354577843616,-0.08774210300172273
1039,0.024783905548897374,-0.784867744661292,0.79692234062306,-0.9511136341274056,0.624455631090033,0.4195835400373823,-1.099153942942037
1040,4.083335826624428,2.70885858833863,1.0211680511727492,5.338409145095203,4.472882959375998,1.081091378156984,-0.4166063403648617
1041,-0.30605422096986157,-0.8160902545973523,1.2898637074656734,-0.4745972453929741,0.16105219249754749,1.3817217968153008,-0.24840605830183182
1042,-0.30605422096986157,-0.8073567701544723,1.1923646587616525,-0.4745972474000275,-0.13024981060028384,1.5045571345964341,-0.3393013704620378
1043,-0.7198162298824449,-0.6759443305420029,1.12835323958936,-0.554361451808771,0.30206241153874475,0.8938308770764217,-0.1526011945211155
1044,-0.23942102344506255,-0.5267164683098454,1.0398986792505016,-0.43704243799775117,-0.18900205624105765,0.08559769680098685,-0.3306691397696221
1045,6.075939423752681,2.706430272809352,0.6905657123741448,-0.47349313444986457,3.515082478329148,1.0166363678287507,-0.8378521858457956
1046,-0.23942102344506255,-0.5267167621550497,1.2674148226858197,-0.4370424381030936,-0.17337577957912467,1.0120685497851505,-0.5444163863873963
1047,-0.23942102344506255,-0.5267167621550497,0.9594333360551376,-0.4370424275616462,0.1064235082873601,0.9154581063823257,-0.6947984726725859
1048,-0.23942102344506255,-0.5284560180091366,1.4486645709991155,-0.43704243801174697,-0.15386099387427515,0.8676686977987753,-0.3240691815217643
1049,0.024783905548897374,-0.7764410574329879,1.458581647119267,-0.9511136339070287,-0.20248306323287465,1.1115119034648708,-0.2773421311327353
1050,-0.30605422096986157,-0.8060844043632502,1.2244232968689372,-0.4745972474164482,0.3460624720110085,1.2704136674243816,-0.6013914249499153
1051,-0.7198162298824449,-0.6596330430937468,1.1453725745068188,-0.5543614494740741,-0.2534326282121013,1.153781051157239,-0.6437550203995689
1052,0.024783905548897374,-0.7763620842688918,1.14129435229871,-0.9511136341274056,-0.12797780163640263,1.2873353184555634,-0.4238935113345487
1053,-0.7198162298824449,-0.6874999098112138,1.2179442581880655,-0.5543614469559289,-0.14341260212089912,1.620431731458711,-0.38389219114469647
1054,-0.30605422096986157,-0.7811644585881743,0.9373940811445451,-0.4745972474164482,0.3121672856809585,1.3066534895637008,-0.6698433341818266
1055,-0.4822827040577075,-0.8122817812441934,1.3966508811211962,-0.1736774345223962,-0.42087887425745935,1.1875356375236101,-0.6077434590333916
1056,-0.7198162298824449,-0.6871108263212399,1.1420361076769223,-0.5543614519057608,-0.42047802382800137,1.460221524054029,-0.12796325189491634
1057,0.024783905548897374,-0.7763549131713856,1.4389850870366279,-0.9511136341274056,0.10210591816426659,1.1740915052640957,-0.6621875276653774
1058,-0.30605422096986157,-0.817231692942259,1.0705500898564697,-0.47459724741046677,-0.3385898534280769,0.8796914788507688,-0.14428120980710027
1059,-0.30605422096986157,-0.7016640367324938,0.9465128563106968,-0.4745966732401451,0.1398166558592348,1.443135835334922,-0.9487674875417569
1060,-0.4822827040577075,-0.8118704289074614,1.0112577038852324,-0.17367743434733307,-0.1644727683648575,0.30751870020856886,-0.87612290283374
1061,-0.7198162298824449,-0.6436910896619121,0.926825255005036,-0.5543614390169159,-0.42252064200617573,0.6440756515207071,-1.1313360563086898
1062,0.024783905548897374,-0.7829491248373717,0.9876392759952372,-0.9511136341274056,-0.19005811176194815,1.3517648659399373,-0.35651178138418754
1063,-0.30605422096986157,-0.7940247436688124,1.0342254764998435,-0.4745972474043127,0.5572705229011917,0.8264515902126547,-0.06485389653351607
1064,-0.7198162298824449,-0.6653134556970259,0.8822078565383323,-0.5543614519121488,-0.07384088964025304,1.1993112491798847,-0.3995239112266289
1065,-0.23942102344506255,-0.5267167621550497,1.2655841392410618,-0.43704243810320814,-0.2159717092273958,1.1886247252913944,-0.6506729458038712
1066,-0.30605422096986157,-0.7733061683950888,1.3694154026262206,-0.4745972474164482,-0.12881519875121142,1.7922791834622014,-0.5547748905243359
1067,-0.4822827040577075,-0.8121736995334978,1.417702273121103,-0.17367743428092602,-0.4165532405897319,1.1044735818609073,-0.6949445930473062
1068,-0.7198162298824449,-0.7000386744564658,0.9827821422791831,-0.5543614510356243,0.2674832117926131,1.7916321028293307,-0.39529606344964563
1069,0.024783905548897374,-0.7763606085416315,1.2337855821413923,-0.9498373123633485,0.28667030400137866,1.7192852746927896,-0.4832069895009378
1070,-0.4822827040577075,-0.8125842091330856,1.1529673698364276,-0.17367743452895265,0.11169133895793926,0.307830034462121,-0.4258728624177801
1071,-0.4822827040577075,-0.8123058540006032,1.3307387313586594,-0.17367743442845782,-0.4566512645417593,1.0409327368700292,-0.5895667641984995
1072,0.024783905548897374,-0.771406907629788,0.9429930898923382,-0.9511136341176641,0.07103807746014329,0.9155879260138661,-0.377567723314556
1073,-0.23942102344506255,-0.5284560180091366,1.0059018771885115,0.008246799913490891,-0.1340047186599848,1.3755752307911797,-0.6240836709728479
1074,0.024783905548897374,-0.7728376534174991,1.2104194472720091,-0.9511136341239084,0.12243805301338247,1.2436556020221112,-0.3822722254391834
1075,-0.7198162298824449,-0.6749792602445727,1.2720566812104772,-0.5543614326899456,-0.4550914151009496,1.1468643903740874,-0.3553144174922118
1076,-0.23942102344506255,-0.5300337490383993,0.9654375541879128,-0.4370424381027221,0.327091594683261,0.42239143527004075,-0.8452121358642921
1077,-0.7198162298824449,-0.6736371474725433,0.9671207535276758,-0.5517422026746541,-0.42609844498198035,1.138353074727359,-0.04426304513207768
1078,-0.30605422096986157,-0.734808914829826,0.963885867361241,-0.47458315902009907,0.5916648835127021,1.0194469583924768,4.0145838216782135
1079,-0.30605422096986157,-0.8172454748148732,1.1952595630523575,-0.474597247415758,0.003632362445971496,0.9861542830045941,-0.10430910341272756
1080,0.024783905548897374,-0.782942286211942,0.9806811349977795,-0.9511136341274056,0.04965982552224565,1.168019315623846,-0.4158063279831104
1081,-0.30605422096986157,-0.7936471553523929,0.662124269390892,-0.4745972474164482,0.07273790448757791,0.4732197117378465,-0.753140389260634
1082,-0.23942102344506255,-0.5300936218389426,1.2065034857580241,-0.4370424381037786,-0.15386099387427515,0.7853198890994384,-0.4092820672382743
1083,-0.23942102344506255,-0.5284557255335852,0.7848917557545809,-0.4370424381037509,-0.05969936281213473,0.13819931346301256,-0.6708459708938802
1084,-0.4822827040577075,-0.8134562975839967,1.577575982004894,-0.17367743452612389,-0.36153916034875994,1.3360793593216962,-0.14313415527268594
1085,-0.4822827040577075,-0.810999965623311,1.1969018720580948,-0.17367743452930698,-0.17936559583494277,1.6162077611412342,-0.5373305442778471
1086,0.024783905548897374,-0.7838879836148728,0.5080240102558166,-0.9511136341274056,0.4413069255384263,-0.17935496497947603,-0.8306433248396701
1087,-0.30605422096986157,-0.8073540390508196,1.2715375041618293,-0.47459723461670617,-0.2401236637066459,1.4018557447939592,-0.16490278290938928
1088,-0.23942102344506255,-0.5267164683098454,0.669865288264739,-0.43687934449836285,-0.2091175703607194,-0.4833338781415908,-0.4421566620841808
1089,0.024783905548897374,-0.7722311209532995,1.2689982813088638,-0.9510467414215048,-0.2991162551328662,1.081071567388868,-0.46901040784641107
1090,-0.30605422096986157,-0.8070148173676636,1.0146709964188911,5.338409145095209,-0.2378637178726551,1.2483283869511927,-0.3374633492852325
1091,-0.30605422096986157,-0.7735921220930425,1.232354827759771,-0.47459724719277135,-0.12209673950714682,1.7486181086838526,-0.2793806892830153
1092,-0.4822827040577075,-0.8108960861628195,0.9365313419614112,-0.17367743452487158,-0.0639583457690858,0.9546066526741649,-1.3748712477033018
1093,-0.30605422096986157,-0.7737574735362122,1.315985357445829,-0.4745972474164482,-0.2401236637066459,1.1341044015918673,-0.7183005211814779
1094,-0.30605422096986157,-0.7373511679822473,1.30927740788484,-0.47459724706060097,-0.07722051773571928,0.8172397352310867,-0.6089213651127197
1095,-0.23942102344506255,-0.5267164683098454,1.2264984446437917,-0.4370424380884686,-0.2191406085425728,0.46103064026628954,-0.7131469464368855
1096,-0.7198162298824449,-0.6867946575857315,1.2190814515243127,-0.5543614068690838,-0.46075199418661067,1.1658554567204833,-0.613807751728497
1097,-0.30605422096986157,-0.7921232886857501,0.7508125606608648,-0.4743492528081033,0.008893733682117365,-0.07440649500201196,-1.0553174765594322
1098,-0.7198162298824449,-0.6394712757325772,0.868656061208168,-0.5543614472568154,-0.39855344625108136,0.44082853555368134,-0.9945934267418043
1099,-0.23942102344506255,-0.5271006742853991,1.186595007624999,-0.43626332434322057,-0.2159717092273958,1.0184149847969028,-0.35248659586403197
1100,-0.4822827040577075,-0.8124281085329289,0.7918856615832489,-0.17367743445003117,-0.45448734704292276,-0.7677762987205692,-0.017708237375489516
1101,-0.4822827040577075,-0.8127089088806361,1.6620414252485727,-0.17367696089195206,-0.35120263754489767,0.731692536362926,-0.10423706252949731
1102,6.077428544224205,2.7092683210097466,1.2125871348700084,-0.9484234370740802,4.473520641839773,1.342077587368524,-0.25036976993651444
1103,0.024783905548897374,-0.7770753104101,1.299533831627342,-0.9511136341274056,-0.10302807392386784,0.8133130103826185,-0.8021471283021607
1104,-0.4822827040577075,-0.8127829286475152,1.2792592498750726,-0.1736774325284443,0.7744469059319352,1.4201381274696574,-0.024080644884332997
1105,-0.7198162298824449,-0.6285985602267667,0.7331658054227176,-0.5543611504174023,-0.41521527018626936,0.5291411008769223,-1.1778683170339457
1106,0.024783905548897374,-0.7768998096455008,1.2713034513208197,-0.951113361946826,0.7517012735584669,1.1961968553116598,-0.23149472422497092
1107,-0.23942102344506255,-0.5267167621550497,1.375821040908021,-0.4370386911411024,-0.07183773021072709,1.4272263146353341,-0.8183467930092894
1108,0.024783905548897374,-0.7770737384337714,0.9991317180729119,-0.9511136008505233,0.17936179733908245,0.9887408604240079,-0.5008907430775179
1109,-0.30605422096986157,-0.7227923442401473,0.7062991284694605,-0.4745972474164482,-0.12209673950714682,1.3713737372549366,-0.6152805914040415
1110,-0.4822827040577075,-0.8122217572435,1.3483710506740054,-0.1736774335949833,-0.22081872327365723,0.8730481018729084,-0.5177757732489836
1111,-0.30605422096986157,-0.8070931485027918,0.9477958371297102,-0.47459724728459457,-0.13024981060028384,0.9504526104064766,-0.3104573678408908
1112,-0.4822827040577075,-0.8134119254754081,1.086548041519069,-0.17367743452911583,-0.17253078164089725,1.001923823158418,-0.6079055166777834
1113,-0.30605422096986157,-0.8070995429049583,1.0173862168472154,-0.4745972311524451,-0.12703635624637544,0.954180664027677,-0.2988783111211395
1114,-0.7198162298824449,-0.6591386892658253,0.8648501029105341,-0.5543614514488732,0.45054696272817457,1.1422175955525695,-0.6356614251987767
1115,-0.7198162298824449,-0.6870510139669644,1.2308601369320822,-0.5543614407801457,-0.2915720373308814,1.6385330018962065,-0.41533167261343923
1116,-0.7198162298824449,-0.6602666490167824,0.856210152887843,-0.5543613698923,-0.36964979546023086,0.9506979593504147,-0.9178010033170867
1117,-0.7198162298824449,-0.6874062154299266,1.0836614050417621,-0.5543614513682188,-0.3425071423100323,1.365817430885746,-0.17214273404274483
1118,0.024783905548897374,-0.7763886046950496,1.2857116488253197,-0.9511136341250952,0.2922234484194563,0.985170390350759,-0.4907426339145209
1119,6.07742222633799,2.6546186821148527,0.7591483444185394,0.12752719625028805,4.472939683391428,1.0254912759772934,-1.2789705930174515
1120,0.024783905548897374,-0.7776349417527408,0.9708278670556294,-0.9509804867682974,0.04757716298955547,1.1725493569487233,-1.678174517594161
1121,-0.7198162298824449,-0.6580088399125174,0.8057226156305203,-0.554361445197891,-0.021735039899432144,0.9398939972912159,-0.695241924126479
1122,0.024783905548897374,-0.7851325785457183,0.7906375949901555,5.338409145095209,1.4754940734723283,0.3655492147941538,-0.2464326003909864
1123,-0.4822827040577075,-0.8123351911382336,1.393670459118764,-0.17367743452917092,-0.4732721913501935,1.243149995919487,-0.6073957264318552
1124,-0.23942102344506255,-0.5284560180091366,1.036978331964594,-0.437042383037642,0.739693483335083,1.3120166562471542,-0.35782000563630467
1125,-0.30605422096986157,-0.773353893328089,1.3366445963630202,-0.4745972474164482,-0.24194644136072385,1.8121459374662123,-0.5690172643312589
1126,-0.7198162298824449,-0.686207755053478,1.3116937446692938,-0.5543595709136812,-0.30420887720220613,1.6186474969022677,-0.36798600957925254
1127,-0.7198162298824449,-0.6886129484948644,1.2290670005944795,-0.554361209645852,-0.46075199418661067,1.0875857620398168,-0.2841053920645229
1128,-0.23942102344506255,-0.5284560180091366,1.208560469288143,-0.4370424381038075,0.6613310750290818,1.5781212410320724,-0.8990368550769554
1129,-0.4822827040577075,-0.8117878000322781,1.350700433306979,-0.17367743346415543,-0.12845379070763457,1.6853388542676335,0.03774050394817744
1130,-0.7198162298824449,-0.6850648630107736,1.2871783140366755,-0.5543594998661827,-0.2568861134718028,1.6390006626189058,-0.3847835560684596
1131,-0.30605422096986157,-0.7931419856953592,0.9439945219778771,-0.4745960248774384,-0.04514413173561505,0.9687240361142002,-0.7136858594719471
1132,0.024783905548897374,-0.7757491501101074,1.3158776867861857,-0.9511103286110869,-0.11603812772618156,0.6855215194514984,-0.25216834140921257
1133,0.024783905548897374,-0.7835323080950375,1.2392076002668149,-0.9511136341230033,0.037307478422574376,0.9729114622617436,-0.9991663501346207
1134,-0.7198162298824449,-0.6865506583785463,1.2317421034500993,-0.5543603101124358,-0.3025424489449427,1.336100773819383,-0.6547299380377677
1135,-0.7198162298824449,-0.6743512703400718,1.1474402196504907,-0.5543614484459246,-0.3089260024331881,0.314269097517677,-0.44070910827399806
1136,-0.7198162298824449,-0.6763603590049913,1.1018690449647073,-0.5543614517934863,-0.3463555061671822,0.45716343692358324,-0.7301160277912389
1137,-0.4822827040577075,-0.811620442641323,1.105663573105756,-0.17367743452930698,-0.4001267655693596,0.9326130224684936,-0.9091115593942428
1138,-0.23942102344506255,-0.5284557255335852,0.8344651239249014,-0.43704243809489607,0.12731911772757,0.41816550596016533,-0.6481800960440278
1139,-0.23942102344506255,-0.5284557255335852,1.0891836597521096,-0.4370424381038075,-0.08592714711065544,0.8594332294166048,-0.6847567843545737
1140,-0.23942102344506255,-0.527666024523117,1.1956586302977923,-0.4370424381038075,-0.1978549180924835,1.0756238212555391,-0.6241832645074235
1141,0.024783905548897374,-0.7759812294814422,1.2541861226540183,-0.9511136341274056,-0.24226219141503494,1.0956425295713108,-0.44653173392211476
1142,-0.4822827040577075,-0.811858851759939,1.0743845934250331,-0.17367743452927897,-0.04474892157407851,0.8439403055861738,-1.048848825884784
1143,-0.4822827040577075,-0.8125193885829267,1.3552633188427654,-0.17367743452930698,-0.35332550173267396,1.8297796273481999,-0.6812149887100192
1144,-0.4822827040577075,-0.8113780404552187,1.1727393408336144,-0.17367714435212234,-0.36958890188769733,1.2538136189142852,-0.49192838553786955
1145,-0.7198162298824449,-0.6879970275994246,0.998359572026089,-0.5543614508393695,-0.2534326282121013,1.226217382996477,-0.41170608626630056
1146,0.024783905548897374,-0.782013976445843,0.5405673184222123,-0.9511136341274056,-0.20432069353242807,-0.5752357012692572,-0.6753801790588055
1147,-0.30605422096986157,-0.817403545190902,1.2032119679074686,-0.4745972474164482,-0.24194644136072385,1.3100500057813906,-0.31447518507826056
1148,-0.7198162298824449,-0.6605020307505617,0.8515095551249198,-0.5543614500925043,-0.13584105904167026,0.04182638052817614,-0.5205205500903117
1149,-0.30605422096986157,-0.794253265615929,0.6495659812831391,-0.4745972474164482,0.003632362445971496,-0.15602827055452115,-0.8556714752996617
1150,0.024783905548897374,-0.7765418030968311,1.1697774844991984,-0.9511136341232216,0.4200499015399131,1.4869568666819573,-0.40592100843690837
1151,-0.30605422096986157,-0.7624242801567322,1.2826560127370525,-0.4745972474164482,-0.24194644136072385,0.3464425590220377,-0.665372808354807
1152,-0.23942102344506255,-0.5295657576659397,1.3933952356330204,-0.4370424381036933,-0.017188436137307837,1.1977754517237817,-0.340936571502038
1153,-0.7198162298824449,-0.6741547563630236,1.134827677842642,-0.5543614446551277,-0.42609844498198035,1.05630709035779,-0.38566628053754093
1154,0.024783905548897374,-0.7768119329616644,1.0144040432010377,-0.9511136335523261,0.009076706563489134,1.205962127354283,-0.3400313448082926
1155,-0.30605422096986157,-0.8007933902746133,1.2182942830736518,-0.4745972474164482,-0.09141767139770438,1.2103920780758675,-0.5367380978359046
1156,-0.7198162298824449,-0.6613962589526029,0.8557024853736833,-0.554361451747806,-0.249305720620206,0.3930860687595581,-0.4249959515080694
1157,-0.4822827040577075,-0.8120953363048058,1.249114169732013,-0.17367743039036196,-0.4566512645417593,1.4731524399109384,-0.49773671252068397
1158,-0.23942102344506255,-0.5284557255335852,0.7930698961579179,-0.4370424381038075,0.1150446442609793,-0.7557515390990007,-0.4854354366399736
1159,-0.30605422096986157,-0.8150112768109934,1.3601702870388974,-0.47459724354877414,-0.3385898534280769,1.1513370002418652,-0.5069345189460793
1160,-0.23942102344506255,-0.5284560180091366,1.0833342007459663,-0.4370424381038075,-0.255513351653173,1.1471000784540835,-0.7569737277579612
1161,-0.7198162298824449,-0.6843802909389999,1.0794409686007023,-0.5543185358792754,-0.1840000604532072,1.7259288205010974,-0.37779711823384865
1162,0.024783905548897374,-0.7776347252765106,1.2703624563435927,-0.9511136338311857,0.30500960345097544,1.3238476602699385,-0.32570686642158453
1163,-0.7198162298824449,-0.627624223624038,0.8126629777596388,-0.554361451907074,0.22143390362042,0.9873317371952558,-1.0907842205749319
1164,-0.23942102344506255,-0.5267591803208248,1.2852118086178794,-0.4370424201706849,-0.1276127234959635,1.6809156610546612,-0.9739277998701992
1165,-0.7198162298824449,-0.6765824806022133,1.2054016068143707,-0.5543614507895183,-0.3885954411786708,0.5631367314629614,-1.427849340955127
1166,0.024783905548897374,-0.7738135918467819,1.2919397076294945,-0.9511136341156967,-0.19866653547556615,0.4843497789427484,-0.6338104648409326
1167,0.024783905548897374,-0.7742742741978172,1.2576806806908398,-0.9511136341266874,-0.2833413888423048,0.5388174052283144,-0.579433160285511
1168,0.024783905548897374,-0.7718558713615551,1.009148880307987,-0.9511136341274056,-0.12352287061847851,0.9268207236895816,-0.37116706289133283
1169,-0.7198162298824449,-0.6853090160832009,1.1461757618912718,-0.5543614518412079,-0.31256505916551663,1.711907835514235,-0.49823368648628147
1170,-0.30605422096986157,-0.7958479663141106,1.132760039210091,-0.4745972474164482,0.003632362445971496,1.3150434463790674,-0.5118239159379698
1171,0.024783905548897374,-0.7855420910248136,0.6759589758992919,-0.9511136341273122,0.3871280756257157,0.44305110396386926,-1.2613528709980346
1172,-0.23942102344506255,-0.5284557255335852,0.798532910738272,-0.4370424381038075,-0.1779003948585631,0.32855151223849655,-1.116144751881839
1173,0.024783905548897374,-0.7831944273538983,0.8570013386727366,-0.9511136341274056,-0.3034641851020994,0.5747625016406404,-1.360002819242275
1174,-0.4822827040577075,-0.81096413078641,1.0903821875379744,-0.17367743125441487,0.5970716488922886,0.7327611504586862,-0.5599958677270898
1175,-0.7198162298824449,-0.6881103316239863,1.0752150402625713,-0.5543614417375882,0.04554542626160126,1.0321085943918036,0.0164248211434846
1176,-0.30605422096986157,-0.8159924994465229,1.2138352865640594,-0.4745966749187293,-0.24341648843840674,0.7680041974804394,-0.15569189516146392
1177,-0.23942102344506255,-0.529122459741237,0.7467324028820439,-0.43704242012086936,0.13126540930547262,0.6220571142483725,-1.6801476035213094
1178,-0.23942102344506255,-0.5291194186539868,0.6320578415605594,-0.4370424381038075,-0.183311163800466,0.6982702202520241,-0.525781386526795
1179,-0.4822827040577075,-0.8123799125828706,1.5350069462965645,-0.1736771402228079,-0.4732721913501935,0.9536635009200546,0.076178681035273
1180,-0.7198162298824449,-0.673348382584737,1.1726535425792606,-0.5543614406747552,-0.29872925975764303,1.6583572465682013,-0.40058767861178357
1181,-0.23942102344506255,-0.5284560180091366,1.205862355062418,-0.4370424381038075,0.17763726168905086,0.5894042147560314,-0.6965941048159044
1182,0.024783905548897374,-0.783098511251614,0.8759321580724164,-0.9511136341274056,-0.2469839286202277,1.0253754513796691,-0.5357180930065385
1183,-0.23942102344506255,-0.5267167621550497,1.2803448654015324,-0.4370424380991803,0.2920512693167671,1.6350189714661663,-0.36619458346954065
1184,-0.23942102344506255,-0.5273863252006449,0.8742065222772484,-0.4370424381038075,0.01930042582052499,0.6046990837567595,-1.6049890477947812
1185,-0.7198162298824449,-0.6818511099441262,0.9780632622783029,-0.5542684508039276,-0.3636788892545282,1.0576842927797325,-0.34675183144112
1186,-0.23942102344506255,-0.5267167621550497,1.4157874812697258,-0.4370420933468699,-0.07183773021072709,1.501254819262335,-0.8690788925829548
1187,-0.4822827040577075,-0.8119425068527955,1.1606996774856229,-0.17367743449744982,-0.30345261534777135,1.3470930626886348,-0.7250007348112456
1188,-0.4822827040577075,-0.8121736995334978,1.425855458611038,-0.1736774341793162,-0.45448734704292276,1.2810910659452595,-0.6212450989924708
1189,-0.23942102344506255,-0.5292306461460797,0.7373900946290294,-0.4370424381038075,-0.08002941893872831,0.3397276596146655,-0.4829039362110032
1190,6.077428544224205,2.709327353062311,0.7403299327018653,3.757882922954558,4.4732824683402574,0.9175871579595699,-0.6280095918777886
1191,0.024783905548897374,-0.776228553892087,1.2450949711357222,-0.9511136341274056,0.08893762728902484,1.031556692455748,-0.5376669724776133
1192,-0.7198162298824449,-0.6596610370366678,0.949560407304302,-0.5543614051462246,-0.2568861134718028,0.8588918018498719,-0.8546777473093933
1193,-0.7198162298824449,-0.6856305633097955,1.3258923546688222,-0.5543614366351094,-0.3473608978440129,1.4103492329708789,-0.3955889058024512
1194,-0.23942102344506255,-0.5284560180091366,1.3939683588249199,-0.4370424378999204,-0.2506419311707251,0.7988142931055758,-0.3195050551352599
1195,-0.30605422096986157,-0.8061870338306224,1.2571457249043274,-0.47459724741555637,0.3460624720110085,1.3883605325190838,-0.615522806882823
1196,-0.23942102344506255,-0.5267167621550497,1.0739344848999965,-0.43703698944608027,-0.120889040275177,1.3504076498273012,-0.5949209340562831
1197,-0.4822827040577075,-0.8122957820601314,1.3442602567703406,-0.1736774345022925,-0.4732721913501935,1.3001304942743714,-1.0100662221871437
1198,-0.30605422096986157,-0.8161477659270845,1.2362665769041858,-0.4745972410725687,-0.3385898534280769,1.3895281843286396,-0.09639665997532545
1199,-0.4822827040577075,-0.8116677991533121,0.8590968772018253,-0.17367743452903456,-0.46009692558342785,0.6570152911667635,-0.06946511066083284
1200,-0.4822827040577075,-0.8122217572435,1.3343717386234748,-0.17367743452930698,-0.4732721913501935,1.258272827851155,-0.37233552590629015
1201,0.024783905548897374,-0.7768622584555851,1.0332840539015211,-0.9511110809451506,0.018559133030109597,0.8867529336619371,-0.14673826505132503
1202,-0.30605422096986157,-0.8172121037231035,1.3229462496868931,-0.4745972474164482,0.003632362445971496,1.0865887750039984,-0.33647239547229785
1203,-0.7198162298824449,-0.6877065679333829,1.0566722197558822,-0.5543614365645185,-0.42252064200617573,1.220332611189893,-0.16863137527067323
1204,-0.30605422096986157,-0.732167998654729,0.896909545287615,-0.47459724518761487,0.2446762973558176,1.4032081708534867,-1.2169826480850647
1205,0.024783905548897374,-0.7776508946449361,0.9687111526632372,-0.951113615940733,-0.16847705235177346,0.9317633203295487,-1.104197836112076
1206,-0.4822827040577075,-0.8108985976032964,0.8779141806598793,-0.1736774345244092,-0.42087887425745935,0.23153246955306664,-1.766639161439122
1207,0.024783905548897374,-0.7829491248373717,0.9532058820252863,-0.9511136341274056,0.1166559399945841,1.1873588717623276,-0.41161531385505523
1208,-0.7198162298824449,-0.6873520796793761,1.195151401671573,-0.5543548134578843,0.04200663899765617,1.3662908250886905,-0.09792774001645757
1209,-0.30605422096986157,-0.7748964509623477,1.1364613559370769,-0.4745972474163041,-0.12483087882698644,1.1448631877194209,-0.47266373381945287
1210,-0.1384959226282411,-0.07446051736179213,0.1087452581562162,-0.26279236386232885,-0.47370379073056046,0.30232337407167914,-0.8521027796436144
1211,-0.1384959226282411,-0.0765620236165219,0.7389039136683203,-0.2627923638479427,-0.34838168990774576,0.7329536072561641,-0.8971142856468518
1212,-0.1384959226282411,-0.14303453606041294,0.39822994444722876,-0.2627923638617756,-0.6225549908876122,0.17138923042101167,-0.8644950167156891
1213,-0.1384959226282411,-0.01772545843520951,0.6144505990275434,-0.2627915660247853,-0.5844207160695911,0.3217992599290725,-1.1417864460041058
1214,-0.48780628675041,-0.24632890257223194,0.1180920607924808,-0.458992719656795,-0.40596798845762566,0.9194901817626044,0.29831577293736045
1215,-0.6203258537379068,0.5573556117016389,0.28109894981487266,-0.20059906213573336,-0.2998744760786205,1.0061706743632983,-0.6876052691312284
1216,-0.1384959226282411,-0.46474976383150285,0.06568571775139638,-0.26279236386232885,-0.5331957574707871,0.21090903780382794,-1.0531583890252596
1217,-0.6203258537379068,0.6987999408358968,0.15046647167677088,-0.20059906213573336,-0.6545826663397545,0.028569114974697513,-0.7767786291335792
1218,-0.48780628675041,0.2862115308257649,0.4282870287021992,-0.45896003606309993,-0.5277852791400486,0.8372232168603647,0.11012625844334158
1219,-0.39452868789336654,-0.5624912586265872,0.3349615794542132,-0.6190901197484884,-0.49302244512500304,1.860162442306092,0.3869684170013804
1220,-0.6036568666429524,-0.6147581445336546,0.08067745653970367,-0.17332163501795167,-0.6054045763041742,-0.9244615725023139,0.171188862606334
1221,-0.6036568666429524,-0.5653539855570279,0.1247897640381322,-0.17332163501795167,-0.5682042237764571,-0.7020758594514658,0.008276336318399889
1222,-0.1384959226282411,-0.3492387902775413,0.4023752625664116,-0.26279236308659404,-0.6181552498752897,0.6859777713508379,-1.0579405522103507
1223,-0.6036568666429524,-0.588611784783611,0.41654159646814204,-0.17332163501792458,-0.2861573809725953,1.1030259762951344,0.08681497548496436
1224,-0.39452868789336654,-0.5784709120952971,0.40770527415428043,-0.6190901198046362,-0.5351079447444912,0.8020335408101485,0.46085430817699025
1225,-0.1384959226282411,-0.28076214658889537,0.6514225614178991,-0.2627923631546758,-0.5844207160695911,-0.5255734410669844,-0.9018255278565841
1226,-0.6203258537379068,0.11210344794802608,0.7835265771263166,-0.20021802185453674,-0.6882229463716223,-0.6278130634433842,-0.9650381242285251
1227,-0.5965676344010886,-0.6515729948604798,0.05267639373156256,-0.17332163501795167,0.403936713077867,0.9080832522563242,-0.05476381742090915
1228,5.942477699166107,2.5517003308286053,1.0194913731995519,5.338409145095209,4.473520641839773,2.306073593512054,1.538452099964008
1229,-0.6036568666429524,-0.6275218590054223,-0.2443027325113217,-0.17332163501795167,-0.49383565089163695,-0.22712636795394103,0.2636851198861095
1230,-0.6203258537379068,0.6811441372124818,0.2156393411451677,-0.20059906213573336,-0.6882229463716223,0.7944553129355619,-0.7044329954217211
1231,-0.6036568666429524,-0.6145771556937084,0.732581714807786,-0.17332163501063455,-0.5032165865207847,-0.8005546285143451,0.30001477210945077
1232,-0.39452868789336654,-0.5635994760185398,0.0609544242884899,-0.6190901198046362,-0.49302244512500304,0.9751192959052393,0.4488271642741424
1233,-0.1384959226282411,-0.10203239574658857,0.45041314716818626,-0.26278992976243404,-0.6600082686291677,0.21735130555131754,-0.8795401940944417
1234,-0.1384959226282411,-0.4041186671604495,-0.11423200756045673,-0.26279236386232885,-0.6584050310654195,-0.9693912178482033,-0.9069430770522925
1235,-0.6036568666429524,-0.6146283130643352,0.7120997328331933,-0.17332163332410208,-0.3056092367482325,0.03967797883048426,0.15443115434963448
1236,-0.6203258537379068,0.11210344794802608,0.8332123575160642,-0.19455659952811696,-0.6882229463716223,-0.6047454789541352,-0.965148465233714
1237,-0.48780628675041,-0.5645043184928429,-0.20896200612665547,-0.458992719656766,-0.592919433616197,-0.7783736261291295,0.12099760562399593
1238,-0.6036568666429524,-0.535287187632977,0.2919653168075973,-0.17332163501795167,-0.5070969718295592,0.4881443995647516,-0.01993081019494767
1239,-0.6203258537379068,0.0680552998135451,0.2580578765208637,-0.20059906213570627,-0.09643556769903949,0.0383641880242688,-0.6713386943422534
1240,-0.48780628675041,-0.4274109075036522,0.27537296500132863,-0.458992719656795,-0.6458851654142596,0.43369189629744037,0.1944817978094564
1241,6.077428544213178,2.709327352856684,1.0545393071456428,5.338409145095209,4.473520641839522,1.0853493967784142,-1.0253787817903988
1242,-0.39452868789336654,-0.5635994760185398,-0.25169200045821144,-0.6190901198046362,-0.5133996520286542,0.23983752420701474,0.39682518938925426
1243,-0.1384959226282411,-0.12390255877630979,-0.5747428413481849,-0.26279236386232885,-0.6261227830251187,0.4644086798000352,-0.9248826991173361
1244,-0.39452868789336654,-0.5788571165747457,0.22181838813530178,-0.6190901198046362,-0.5351079447444912,-0.024099372082317036,0.6017879615970149
1245,-0.6036568666429524,-0.5074934465626789,0.04609744468287706,-0.17332163501795167,-0.5400783844530163,-0.08122684515378156,0.12324182026995975
1246,-0.6203258537379068,0.2773863652367023,0.37792932033859133,-0.20059906213573336,-0.5651839498837632,-0.8305681415763492,-0.6455155392180737
1247,-0.1384959226282411,-0.26035917706492756,0.6225723652821643,-0.26279236380913046,-0.6261227830251187,-0.5517654075459126,-0.9447931274180551
1248,-0.6036568666429524,-0.5075179802953371,0.5932863677792425,-0.17332163501795167,-0.6054045763041742,0.2206742308823323,0.09464396904081919
1249,-0.39452868789336654,-0.5784712074691908,0.3064992091498367,-0.6190901198045768,-0.38325101701535025,-0.2675444197266715,0.5726539286138295
1250,-0.1384959226282411,0.03899150496393803,0.07035770941963768,-0.2627923638571275,-0.6261227830251187,-0.02802573914755302,-0.8231849099018061
1251,-0.6203258537379068,0.9884371779756401,0.43442427734286815,-0.20059906213524112,-0.37389389170034426,1.9065663538251905,-0.523395416225045
1252,-0.48780628675041,0.11803042802163863,0.16036129835923757,-0.458992719656766,-0.27877223692832637,0.9499205588379956,0.2742283405298999
1253,-0.48780628675041,-0.5977196316695117,0.15865896759075707,-0.458992719656795,-0.6836431414288081,0.2094513061193516,0.35412160693454203
1254,-0.1384959226282411,-0.17656219389325553,-0.24859195041152526,-0.26279236386232885,-0.5844207160695911,-0.020695461834905556,-0.6155462061582231
1255,-0.39452868789336654,-0.5784712074691908,0.37498353289562647,-0.6190901198042225,-0.4914377908409871,-0.9976598126918269,0.5115943188239448
1256,-0.1384959226282411,-0.40358386882883707,0.5628608364824196,-0.2627923638575705,-0.6181552498752897,-0.616870259774752,-0.9265284272120623
1257,-0.39452868789336654,-0.5652425829408839,-0.1428213084032353,-0.6190901198046362,-0.11375886721067485,-0.7691312658309999,0.44706675493673464
1258,-0.39452868789336654,-0.5651502396526089,0.21984345407592046,-0.6190901198043998,-0.5171594679782711,-0.6594726279695636,0.42883274601013666
1259,-0.1384959226282411,0.11200560616511984,0.606794817900143,-0.2627837001807798,-0.584553949000082,0.7824056641855093,-0.9786438918418021
1260,-0.48780628675041,-0.29841488539796335,0.6691896630803328,-0.458992719656766,-0.4885631700684885,1.40370593552512,0.20040556616484595
1261,-0.6203258537379068,0.40325664574057846,-0.030626045305712165,-0.20059906213573336,-0.6145386632723359,0.14569730089373834,-0.5801631200497211
1262,-0.1384959226282411,-0.07958056913253887,0.5316969036370309,-0.2627923638318145,-0.6261227830251187,0.2957627606582083,-0.8262791364191419
1263,-0.39452868789336654,-0.5788571165747457,0.7984516064384402,-0.6190901179715192,-0.5149910398525547,0.4329468141145524,0.6175183042397131
1264,-0.6036568666429524,-0.49720803572393557,0.5656793855637229,-0.17332163473452367,-0.6054045763041742,0.9268590618283119,0.22504549536486798
1265,-0.1384959226282411,-0.08837546344591644,-0.011504213128116612,-0.26279236386232885,-0.5844207160695911,0.6418685187126664,-0.9511310555709913
1266,-0.48780628675041,-0.5275972365085648,0.4236909144650752,-0.4589927196376674,-0.5690662525174237,-0.3499310536310762,0.2562145949420367
1267,-0.6036568666429524,-0.6087994406893259,0.5977537071906805,-0.17332163501795167,-0.4654081869069062,1.3390167719547756,0.16780823520775345
1268,-0.19395398774836758,1.9507112294872297,0.85948032480724,-0.17332064424813784,-0.07913367653715557,1.2712465045009367,0.0694776463863415
1269,-0.6203258537379068,0.9892443759331293,0.2088711356509195,-0.20059906213573336,-0.47845499270886854,-0.08489518375419813,-0.5383803504932076
1270,-0.39452868789336654,-0.563599769893307,-0.16128932317596625,-0.6190901198046362,-0.11375886721067485,-0.1668330405822827,0.6171463869945454
1271,-0.1384959226282411,0.1820031542077036,0.3379316370161445,-0.26279236386232885,-0.6261227830251187,0.09753548819628967,-0.8133386027177868
1272,-0.48780628675041,-0.26269940084908167,0.6538758528779911,-0.458992719656795,-0.6297575191659648,0.8471912204483308,0.215349501316176
1273,-0.1384959226282411,-0.2342292301159122,-0.12578051236123403,-0.2627922842570285,-0.582840655689907,-0.22840761866632978,-0.8728173904267768
1274,-0.48780628675041,-0.6289389146979497,0.4703312648974087,-0.45708263889330136,-0.6836431414288081,0.27140376032810415,0.28045830230967456
1275,-0.6203258537379068,0.6199944394425079,0.1518354826004722,-0.20059906213573336,-0.5588567025629231,0.30354372114417183,-0.7467015605746762
1276,-0.6203258537379068,0.4093583592406996,-0.04965534207793493,-0.20059906213573336,-0.6545826663397545,-1.2545982570028038,-0.6902994378963135
1277,-0.6036568666429524,-0.5497029362334037,-0.4718140028295494,-0.17332163501795167,-0.5766006179299277,-1.3210059666558414,0.20940926670407006
1278,-0.6036568666429524,0.46868706612486244,0.32589267260360805,-0.17332163501795167,-0.2227207061395637,1.1275074644784815,0.2141700815465405
1279,-0.6036568666429524,-0.1649901586696405,0.18930933657479462,-0.17332163501795167,-0.5682042237764571,-0.7116588952042544,0.22698053419341796
1280,-0.1384959226282411,-0.07512110423397352,0.8760848996492561,-0.2627889201563267,-0.2558680135504174,0.8612147797368316,-0.9489420463248763
1281,-0.6036568666429524,-0.6180582749461775,0.31804266609535575,-0.17332163501795167,-0.27193889360038126,0.5540359331330008,0.29218548755970203
1282,-0.6036568666429524,-0.6149116563546027,0.44645260678187465,-0.17332163501795167,-0.5439882106574421,0.7229687913845971,0.06071513993099914
1283,-0.39452868789336654,-0.563599769893307,0.6721775638617147,-0.619084587078736,-0.34784096591719504,0.7008052229117249,0.2578276233072836
1284,-0.6036568666429524,-0.49418252982736427,-0.17751910679822222,-0.17332163501795167,-0.4654081869069062,-0.2286760141673671,0.17160718874919043
1285,-0.48780628675041,-0.4263754631126853,0.28417964271582863,-0.45899271965622146,-0.6037978588602848,0.3673511491431454,0.16271041287377927
1286,-0.48780628675041,0.014489110877446124,0.31581550670626335,-0.458992719656795,-0.5690662525174237,0.4071039520840058,0.18201435924122616
1287,0.4531112223958892,2.696606383812434,0.9857572022175308,5.338409145095209,-0.3003153950920185,0.35260809110660074,4.014583509021253
1288,-0.39452868789336654,-0.5652422889005527,0.6448631657453312,-0.6190901197336479,-0.44287815324539614,1.3178178441448878,0.5189537176330462
1289,-0.6036568666429524,-0.5894735352136453,0.10162594602991896,-0.17332163501795167,-0.4231785432995296,0.40394893839454377,0.09903370503182184
1290,-0.39452868789336654,-0.5784712074691908,-0.2732212338358593,-0.6190901198046362,-0.5351079447444912,-1.2719074946140208,0.5297719552531828
1291,-0.39452868789336654,-0.5784712074691908,0.2372298973584737,-0.6190901198046362,-0.5149910398525547,-0.9581378973176004,0.5656571192667842
1292,-0.6203258537379068,0.23873645042085317,0.23647940286586508,-0.20059906213573336,-0.6145386632723359,-0.8540262562368189,-0.7130110759938078
1293,-0.6203258537379068,0.24555150322033303,0.23193012017812892,-0.20059906213573336,-0.634207878995974,-0.8520206635821683,-0.7097960374907268
1294,-0.39452868789336654,-0.5784709120952971,0.6386808647583687,-0.6190901198046064,-0.49302244512500304,0.4310878895808797,0.5258644828785038
1295,-0.1384959226282411,-0.40556858198767093,0.3802690212188169,-0.26279236386219,-0.1871020135495759,0.1593181701357362,-0.8820901773740182
1296,-0.48780628675041,-0.2084153384098273,-0.07858030825923919,-0.458992719656795,-0.668765764423493,0.70780591310405,0.22964430668721636
1297,-0.39452868789336654,-0.5635994760185398,0.010538039886511249,-0.6190901198046362,-0.5351079447444912,0.8165128627039914,0.4811893903800293
1298,-0.6203258537379068,0.11210344794802608,0.7520730835148451,-0.20053196423940697,-0.6545826663397545,-0.6407560360583794,-0.9646385973343445
1299,-0.39452868789336654,-0.5783351013441177,0.7233653569746745,-0.6190899441712334,-0.5351079447444912,-0.5160936818711548,-0.018613937695546156
1300,-0.39452868789336654,-0.5639834277301805,0.10266226844493065,-0.6190901198046362,-0.27905153713063274,0.6005700899637879,0.3191827399617973
1301,-0.6203258537379068,0.15058558591536397,0.28798521676396033,-0.20059906213573336,-0.5088199189703382,0.8129519572785767,-0.9043618218182576
1302,-0.39452868789336654,-0.5759672998168318,0.5950533110822138,-0.6190901103559554,0.2798417157895472,1.495937319060751,0.13099743656529644
1303,-0.39452868789336654,-0.5737786453120275,0.2722892841911602,-0.6190901198045473,0.8199952403130499,0.31478246426627815,0.36789316261740546
1304,-0.39452868789336654,-0.5690986440552014,-0.20248373041546908,-0.6190901198046362,-0.31046865119010075,0.017311958215412742,0.5455561214828587
1305,-0.6203258537379068,0.3779202933556494,-0.48012361289854977,-0.20059906213573336,-0.4344202786600174,-0.356644142446511,-0.6897236284878447
1306,-0.6203258537379068,0.9375423277912341,0.850988474817204,-0.2005381993742974,-0.4436332501956147,0.2377997242564306,-0.7967485672025175
1307,-0.1384959226282411,-0.41298578434634453,0.2797909262871694,-0.26279236386232885,-0.15801296111835453,0.2159962383300574,-1.0836709654226955
1308,-0.39452868789336654,-0.5784712074691908,0.45731470037753014,-0.6190901198031309,-0.44287815324539614,-0.9533758382055905,0.5254566066432611
1309,-0.6036568666429524,-0.6167495645239948,0.7744529603180774,-0.17332163491553218,-0.5032165865207847,-0.7699152628513659,0.2857563202742028
1310,-0.22003429649561032,2.707712727377758,0.8581922066605049,-0.4589915517471662,-0.44818204148854124,1.1914848505130107,0.2553257453091591
1311,-0.6036568666429524,-0.6234318326320591,0.9051999888500031,-0.17332162343186394,0.03602860611702939,2.229098991907199,0.12387464592479203
1312,-0.6203258537379068,0.4102468084304699,0.3739028673030933,-0.20059906213573336,-0.6545826663397545,0.03750041436903284,-0.6308208246942417
1313,-0.6036568666429524,-0.5293069377622069,0.49887764263795786,-0.17332163501795167,-0.5766006179299277,0.0043658504784048,0.27900771401119695
1314,-0.39452868789336654,-0.5784712074691908,0.19576552038682601,-0.6190901198046362,-0.5335103758435967,-1.0622141575483275,0.5010698185906863
1315,-0.39452868789336654,-0.5784712074691908,0.6582499132279654,-0.6190901169422826,-0.5351079447444912,-0.8230169519126278,0.4780709716705239
1316,-0.39452868789336654,-0.563599769893307,0.3473291787299651,-0.6190901198023047,-0.3676871701149117,0.2545916390333824,0.5137988807409911
1317,-0.1384959226282411,-0.08846971600882703,0.9793034362114074,-0.19069630315689323,-0.5331957574707871,0.42241714760963917,-0.9070665138904362
1318,-0.48780628675041,-0.5973838911207322,0.6695068199904696,-0.4589927195274044,-0.6524032224791885,-0.2970290555017964,0.0760441408332562
1319,-0.48780628675041,-0.6300047428077894,0.5284150237189199,-0.45899271957621207,-0.668765764423493,-0.38900757692736193,-0.045214460656507485
1320,-0.6036568666429524,-0.5630785457420483,0.20240831293320655,-0.17332163501795167,-0.5766006179299277,0.006715520864898758,0.07147337649166746
1321,-0.6036568666429524,-0.4222594076856869,0.28470685669477447,-0.17332163501795167,-0.6054045763041742,-0.13051147211956496,0.236244583368128
1322,-0.6203258537379068,0.26511861044467855,0.27059217736873364,-0.20059906213573336,-0.6108193289216963,0.7381007806599004,-0.746666686307615
1323,-0.39452868789336654,-0.5635994760185398,0.5399178859684179,-0.6190901195316605,-0.4360300831365611,1.307944461534043,0.33732400470264073
1324,-0.39452868789336654,-0.5652833627512485,0.49520894536866705,-0.6190901198043998,-0.06982467998782516,1.5300060448704738,0.5154941866145609
1325,-0.6036568666429524,-0.48912008689772973,0.04776090821305549,-0.17332163501795167,-0.5400783844530163,0.6936588423353058,0.00314155434146556
1326,-0.6203258537379068,0.5574224426983084,-0.013386760423342891,-0.20059906213573336,-0.6545826663397545,0.7738370713941557,-0.719046569639522
1327,-0.6036568666429524,-0.6087051503607721,-0.17403942000369663,-0.17332163501795167,-0.6308247626021036,0.6379038627742406,0.11851824952552424
1328,-0.6203258537379068,0.41678030929540405,0.4784276332545835,-0.20059906213554218,-0.6354288941152958,0.1607245667505639,-0.6197685017097756
1329,-0.39452868789336654,-0.5248712514819579,0.5628957526271986,-0.6190901176926711,-0.5351079447444912,0.12414868006281908,0.5759055680619282
1330,-0.39452868789336654,-0.5636405915075935,0.47997087973745794,-0.6190901181677244,-0.5535219721642053,0.04708088916995925,0.4305737144329546
1331,-0.48780628675041,-0.4290179675141449,0.4320595523021991,-0.4589927168680392,-0.6513214262636524,0.42412659654803964,0.16194185347766687
1332,-0.39452868789336654,-0.5737789402128346,-0.14481738256970794,-0.6190901198046362,-0.4956739932861184,-1.2399297914368836,0.5136098186133122
1333,-0.6203258537379068,0.43520562844404725,-0.01653244848062481,-0.20059906213573336,-0.47276807626387,-1.0835976917773908,-0.6158587720458056
1334,-0.6036568666429524,-0.5336159181120828,0.4931899021633313,-0.17332163501795167,-0.5070969718295592,0.07068003597120877,0.17179431299643846
1335,-0.6203258537379068,0.32895363015801876,0.6037880548454823,-0.2005990620589252,-0.6545826663397545,0.18528353731406244,-0.7018783675415533
1336,-0.48780628675041,-0.37088905375931697,0.09511940462708751,-0.458992719656795,-0.6124493627607729,0.1588544083446801,0.2902984507425748
1337,-0.6036568666429524,-0.6228146097845124,-0.5379769032645888,-0.17332163501795167,-0.588328516413587,-0.3522029179075887,0.29119501837331435
1338,-0.1384959226282411,-0.15461742426248673,0.24733153985699702,-0.26279236386232885,-0.5717093116905771,0.8574444803799975,-0.8757479543780944
1339,-0.6036568666429524,-0.610767145586102,0.41112602346611293,-0.17332163501795167,-0.10465038482153288,1.14164304317832,0.19258672530950402
1340,-0.6036568666429524,-0.6112953064163117,0.05469933810507857,-0.17332163501795167,-0.6054045763041742,-0.1597844249264176,0.32736967996027055
1341,-0.39452868789336654,-0.5784712074691908,0.4617393791422958,-0.6190901198046362,-0.18154139812127068,0.15080040775907746,0.6068018808660064
1342,-0.1384959226282411,-0.10134397118944703,0.2787400149650415,-0.2627923638623008,-0.5844207160695911,0.11606300024133391,-0.8420108321633086
1343,-0.48780628675041,-0.6290290347968434,0.061481101670500284,-0.458992719656795,-0.6100039920876705,0.22589906970183934,0.3138737100884226
1344,-0.1384959226282411,-0.39791028613403256,-0.1868973564478066,-0.26279236385618676,-0.6600082686291677,-0.8716274447142143,-0.8472311882966058
1345,-0.1384959226282411,-0.2143403629001316,0.5493024312569708,-0.2627923083352978,-0.6600082686291677,-0.5782091467611888,-0.8621119596765815
1346,-0.6036568666429524,-0.6632023434041595,0.8174427300481718,-0.1733216349937136,-0.41454314927603964,1.4496282203586839,0.04306237682327815
1347,0.9472441112606915,2.6640986270604934,0.9470879590947364,-0.17313593629238322,1.4195344680056388,1.8445087993247062,0.21030835526311703
1348,-0.39452868789336654,-0.5784712074691908,-0.06655269703865291,-0.6190901198046362,-0.49302244512500304,0.35976557264079223,0.6363964932803016
1349,-0.1384959226282411,-0.10184686059473333,-0.08642209333083756,-0.26279236386232885,-0.6600082686291677,-0.045575840802479416,-0.7935624811446769
1350,-0.48780628675041,-0.6203242592412065,0.2900635543729589,-0.458992719656795,-0.6297575191659648,0.35119545300797034,0.33040935441185676
1351,-0.39452868789336654,-0.5788571165747457,0.7708896242545985,-0.6190901195765065,-0.49302244512500304,0.4600293727822345,0.6222658779310274
1352,-0.1384959226282411,-0.08267673142484043,0.37039235368890366,-0.26279236337513195,-0.5331957574707871,0.77327357542996,-0.9997988390264281
1353,-0.6203258537379068,0.5709988494849985,0.4662730257351622,-0.2005990607972911,-0.6545826663397545,0.8493409148282668,-0.7211709924156888
1354,-0.6036568666429524,-0.5504236212678443,-0.2937258471517817,-0.17332163501795167,-0.5271247105485637,-1.266718539843123,0.2384996622287364
1355,-0.48780628675041,-0.603668205893036,-0.32577100928206265,-0.458992719656795,-0.606240150911216,-0.6716094739280097,0.3093691517506208
1356,-0.6036568666429524,-0.6439518156669111,0.2241400842085629,-0.17332163501795167,-0.6308247626021036,0.8678001693400127,0.15544826124416994
1357,-0.6036568666429524,-0.7043848786880356,-0.35639751998898267,-0.17332163501795167,-0.6308247626021036,0.5387863218973615,0.1406834109512727
1358,-0.48780628675041,-0.5567657261629545,-0.2788285050245756,-0.458992719656795,-0.6726484277558441,-0.559945638738857,0.26513902991161653
1359,-0.6203258537379068,0.5638365512760332,-0.08539985327676844,-0.20059906213573336,-0.6545826663397545,-0.8914072365861159,-0.6578721991867392
1360,-0.1384959226282411,-0.10261623591082265,0.1333361123716184,-0.26279236386232885,-0.6261227830251187,0.05932962982532392,-0.8176178807691367
1361,-0.39452868789336654,-0.563599769893307,-0.18552369185468004,-0.6190901198046362,-0.46904208967269395,-0.35238342483517804,0.6014262392344792
1362,-0.1384959226282411,-0.1346201856627882,0.4260264432426326,-0.26279236386232885,0.1512636902223518,1.8019599093272936,-0.5808167170623061
1363,-0.6036568666429524,-0.043000995893755486,0.36290433975086345,-0.17332163501795167,-0.4215072796582511,1.7070687786217522,0.3404934452119746
1364,-0.48780628675041,-0.5887098855381011,0.2763437273197091,-0.45899262486232667,-0.5690662525174237,0.21901192562092697,0.3387057771731096
1365,-0.6036568666429524,-0.6202767288732226,0.4398108955411415,-0.17332163501795167,-0.5070969718295592,-0.22991953499388434,0.22191524340717558
1366,-0.1384959226282411,-0.4083372008310896,0.7319051661613903,-0.2627923638605304,-0.6225549908876122,0.9452790169751979,-1.0131569362688038
1367,-0.6203258537379068,0.6199944394425079,0.6264201662823727,-0.20059905346709714,-0.5588567025629231,0.6158567115838294,-0.7660673629080915
1368,-0.6203258537379068,0.3590279324475564,-0.08642998040003899,-0.20059906213573336,-0.6354288941152958,-1.0750838943086116,-0.6844193839148263
1369,-0.48780628675041,-0.5059872017560658,-0.48332098243058885,-0.4589927196564511,-0.6836431414288081,-0.690425946969559,0.2685461582741904
1370,-0.6203258537379068,0.4276634995932683,0.6028401788343883,-0.2005990608456345,-0.6145386632723359,0.8957808841459174,-0.7073102148189271
1371,-0.6036568666429524,-0.3326590695457596,0.7744169940171325,-0.17332163487276966,-0.3997898861992813,1.7005611962016092,0.08280524973410833
1372,-0.6036568666429524,-0.6146345832046047,0.5647470648032483,-0.17332163501596579,-0.41454314927603964,-0.5594891858035496,0.22590679698438929
1373,-0.6036568666429524,-0.6184829889726202,0.26507124358315204,-0.17332163501795167,-0.23070659623940473,-0.6018191742774769,0.21482137021736913
1374,-0.1384959226282411,-0.07648781614265387,0.6681086838500108,-0.26279236386232885,-0.5145652152197144,0.6558920421037121,-0.8695929414198238
1375,-0.6036568666429524,-0.6306379805130573,0.6009160449968373,-0.17332163501795167,-0.5288409239732658,0.5760998273517446,0.24702388480068146
1376,-0.6203258537379068,0.4326129520398732,0.658887635246638,-0.20059905972000772,-0.6156021009771454,0.5351247252613701,-0.6429166368564804
1377,-0.6203258537379068,0.42109776858722836,0.5604738845567584,-0.20059906213502315,-0.6721379852907343,0.3933840227658295,-0.6008781459010205
1378,-0.48780628675041,-0.6100808436903106,0.6570186326350452,-0.4589927196527801,-0.592919433616197,0.3789525216660014,0.2991621267288385
1379,-0.1384959226282411,-0.14141789052072865,0.34234165937553934,-0.2627923638623008,-0.5331957574707871,0.36136602581087024,-0.9224008897685106
1380,-0.39452868789336654,-0.563599769893307,0.2138205267895125,-0.6190901021863549,-0.4143466365882997,1.0840361847416422,-0.045686527823267015
1381,-0.3181982028872129,2.709327353178671,0.840072011049217,-0.45898197703067034,-0.592919433616197,1.0418389849477876,-0.044187944536901426
1382,-0.48780628675041,-0.21686710741498455,0.20827786582385618,-0.458992719656795,-0.47816493023010365,0.8934887630302886,0.2964229636728731
1383,-0.48780628675041,-0.24560181366777695,0.13777446318539732,-0.458992719656795,-0.3598505489744547,1.0061665133646374,0.24486284808711575
1384,-0.1384959226282411,-0.33700168362417193,0.48607656512152186,-0.2627923633732787,-0.39030238473385864,0.053745738848782636,-0.9197800615126451
1385,-0.48780628675041,-0.4237923227200729,0.5810978051593632,-0.45899271964675775,-0.5171319060958784,0.5358414421143715,0.15022263701894012
1386,-0.6203258537379068,0.6898771428759858,-0.06252437032436461,-0.20059906213573336,-0.6527917689362599,-0.09501563822160886,-0.78016215093623
1387,-0.1384959226282411,-0.4562871147485111,0.32719310407296515,-0.26279236386232885,-0.5331957574707871,0.18284321942563414,-1.0812525585521997
1388,-0.48780628675041,0.056975723000972665,0.011970288334638318,-0.458992719656795,-0.5690662525174237,0.34236785265209996,0.13893049587741468
1389,-0.6036568666429524,-0.6098528052638007,0.17520909277087246,-0.17332163501795167,-0.5439882106574421,-0.10178781117640283,0.11736449002180636
1390,-0.6203258537379068,0.5952831885954544,0.6264266071593886,-0.200599060342813,-0.5087377523838693,1.2203783161660438,-0.6406837099832756
1391,-0.48780628675041,0.32119445922334805,0.4124967902402501,-0.45899271965670846,-0.5711390701790796,1.141916728237994,0.20875892450712277
1392,-0.6203258537379068,0.2780769740430906,0.40902732019949695,-0.20059906213570627,-0.40386257245370505,1.7631971785924738,-0.8709304651576641
1393,-0.48780628675041,-0.2921232095127888,0.5417371040959411,-0.458992719656795,-0.48267889895635635,1.363572222442075,0.18383200870916608
1394,-0.48780628675041,-0.5976668971930841,0.10160370380686552,-0.45899271965665184,-0.6524032224791885,-0.6141220463851385,0.1835283834390255
1395,-0.6036568666429524,-0.6145151492671411,0.004780601517871665,-0.17332163501795167,-0.6054045763041742,-0.9920418540332945,0.23307248684060006
1396,-0.48780628675041,-0.4709624184976231,0.1455105136164415,-0.458992719656795,-0.5776648222295709,0.7365783803997358,-0.1037282159866904
1397,-0.6203258537379068,0.2450639457288491,0.18609462194290707,-0.20059906213573336,-0.4767255121895146,0.5801840952016244,-0.8171777214168704
1398,-0.1384959226282411,-0.3414885041195903,0.7279361682487173,-0.2627917275986714,-0.4301561119022036,0.5556241670989068,-0.906602966775987
1399,-0.6036568666429524,-0.49105071643956416,0.6254815493232635,-0.17332163501656453,-0.3912177335423222,0.6084810027344411,0.20840314228514017
1400,-0.39452868789336654,-0.5784709120952971,0.06769785733914535,-0.6190901198046362,-0.46746476586419383,0.18461818293018983,0.47242770507693216
1401,-0.6203258537379068,0.23185387768542262,0.6733894592695717,-0.20059899520917626,-0.6354288941152958,0.7358265793833293,-0.7657026806940204
1402,-0.6203258537379068,0.6806873163372786,-0.03218550550441349,-0.20059906213573336,-0.6882229463716223,0.6767755664243955,-0.6900449198917189
1403,-0.1384959226282411,-0.12197405451496751,0.04165279213817703,-0.26279236386232885,-0.5527823314729273,0.7149063476999113,-0.9252765033518049
1404,-0.48780628675041,-0.6738399427449021,0.14929001689995686,-0.4589927196335088,-0.6726484277558441,-0.5694268636470908,0.30862813941667405
1405,-0.48780628675041,-0.6738162954747537,0.45671102219050425,-0.45899271570403827,-0.6414770440117092,-0.3868430291758632,0.28621381712824306
1406,-0.1384959226282411,-0.35620220778247974,0.9244966539478654,-0.26270685257697635,-0.6600082686291677,-0.38226420184675775,-1.1365380469179245
1407,-0.48780628675041,-0.6338866516433812,0.7111261494671531,-0.4589927139407158,-0.6524032224791885,-0.32521374226244826,-0.19351485357053982
1408,-0.39452868789336654,-0.5656264569267176,0.07398204174986835,-0.6190901198045768,-0.2625799812427454,0.8738691478650702,0.2807040327243805
1409,-0.48780628675041,-0.14518686076520468,8.564952462011455e-05,-0.458992719656795,-0.5321993411673431,0.5552389930190423,0.044381097424193376
1410,-0.6036568666429524,0.10497873587582188,0.8733254401627991,-0.17325332401233468,1.0673861634483262,1.5443672363837038,0.15929651515386023
1411,1.5009855142075912,2.7080614220278845,0.9732760089308343,-0.45896121406230794,3.181796336494751,1.003917088972818,-0.18856970005163567
1412,-0.39452868789336654,-0.5663523819066362,0.02370374723569855,-0.6190901198046362,-0.09310055242729669,0.4237290166636305,0.6181579610560657
1413,-0.6036568666429524,-0.616410131948138,0.27401578504758983,-0.17332163501795167,-0.489739980314747,0.507382758538195,0.22265298838436268
1414,-0.39452868789336654,-0.5784709120952971,0.36443370265768416,-0.6190901198046362,-0.5351079447444912,0.6793650645599671,0.42560197011721707
1415,-0.39452868789336654,-0.5784709120952971,0.32132568066110023,-0.6190901198046362,-0.5535219721642053,0.6749399500421929,0.45525424687066446
1416,-0.6203258537379068,0.2112716803625023,0.07953682930481011,-0.20059906213573336,-0.6327287943085409,-1.041428769111677,-0.6838157536545056
1417,-0.39452868789336654,-0.5784712074691908,0.4959289021343392,-0.619078283471285,-0.5335103758435967,-0.9299771348107732,0.4217558422855751
1418,-0.48780628675041,-0.27373381753442083,-0.20576572852421246,-0.458992719656795,-0.6726484277558441,0.8467901387684175,0.25309192040243844
1419,-0.6203258537379068,0.5581220826466706,0.0631474985697719,-0.20059906213573336,-0.6545826663397545,1.015185764473174,-0.6279872139052015
1420,-0.6203258537379068,0.34726257084932105,0.4092357499339037,-0.20059906213570627,-0.6545826663397545,0.17336539495686437,-0.6563355736733236
1421,-0.6036568666429524,-0.5082324736210485,0.3853299705945542,-0.17332163501795167,-0.5439882106574421,-0.09906522991458337,0.31593099694413806
1422,-0.48780628675041,-0.5553121119847456,-0.24036313266725745,-0.4589927196567374,-0.6037978588602848,-0.7450756553212756,0.2813266909526164
1423,-0.6203258537379068,0.4100478214455306,-0.1188129015022256,-0.20059906213573336,-0.6882229463716223,-1.2406634151689027,-0.6872730088120348
1424,-0.39452868789336654,-0.563599769893307,0.586576485278618,-0.6190832713475315,-0.4143466365882997,1.2398308486581209,0.056251530382405344
1425,-0.1384959226282411,-0.16917125014362155,0.7124092037306494,-0.26260109181687363,-0.6584050310654195,1.06265366486534,-1.2780084012564368
1426,-0.6203258537379068,0.2953567773573616,0.7801690804732794,-0.20043441732920314,-0.6864202382074377,-0.6346153447526262,-0.7617158403964608
1427,-0.6203258537379068,0.11210344794802608,0.7670318832126747,-0.20044666832884064,-0.6882229463716223,-0.6358433079231929,-0.9650721784825513
1428,-0.6203258537379068,0.11096558943916197,0.0030928504521771007,-0.20059906213573336,-0.6145386632723359,-1.1103703753158614,-0.7847895944423106
1429,-0.48780628675041,-0.546445250954391,0.2496080870794939,-0.45899271965670846,-0.592919433616197,-0.5045274313223944,0.16888515952055508
1430,-0.39452868789336654,-0.563599769893307,0.5536605353448613,-0.6190900208995236,-0.46746476586419383,0.1853811869334002,0.37785453421632165
1431,-0.1384959226282411,-0.08746293384144606,0.7929292927440371,-0.26090954388614873,-0.6600082686291677,0.3745691947838902,-0.9866696047185879
1432,-0.6036568666429524,-0.590219808501769,0.01725069849413598,-0.17332163501795167,-0.4654081869069062,0.5994998242541482,0.19049586991830794
1433,-0.6203258537379068,0.1545132625683095,0.31528745799006846,-0.20059906213567918,-0.3235827367944563,-0.05491907608713351,-0.7232087942282576
1434,-0.6203258537379068,0.24862918285471627,0.29737764816358975,-0.20059906213570627,-0.545472137691552,0.43829582874632583,-0.6611988579012584
1435,-0.48780628675041,-0.4043458508498352,0.22441174445729925,-0.45899271965358296,-0.4732077582388971,0.32417434231748443,0.21538628833902812
1436,6.077428544224205,2.70932735320748,0.8555552732995119,-0.4466373304934687,4.473520641839771,1.1115871090030298,0.11223590949810076
1437,-0.6203258537379068,2.5908729848392715,0.9356963001092679,-0.18155845971385234,0.8265678335236346,1.8879298614549722,-0.6985264323578094
1438,-0.1384959226282411,-0.12719392503994928,-0.05654868473599194,-0.26279236386232885,-0.6261227830251187,0.8002260784725727,-0.9602045926586158
1439,-0.6036568666429524,-0.5074043380800894,-0.31935925650835606,-0.17332163501795167,-0.6054045763041742,0.2883815967752505,0.12383864390035272
1440,-0.1384959226282411,-0.12377791776575507,-0.3064827495465832,-0.26279236386232885,-0.6261227830251187,0.496848982936037,-0.9316765166001341
1441,-0.6203258537379068,0.6806873163372786,-0.5252481989651772,-0.20059906213573336,-0.6882229463716223,0.4736892456375104,-0.6946996988859049
1442,-0.48780628675041,-0.6201764653971983,0.11316110839461979,-0.458992719656795,-0.5973859155308421,0.24755035020756802,0.2842384549090872
1443,-0.48780628675041,-0.6225681871840227,0.3221232783685026,-0.458992719656795,-0.6146412246603686,0.35900227260101175,0.28540872142187523
1444,-0.6036568666429524,-0.5075179802953371,0.47210893416316974,-0.17332163501795167,-0.5439882106574421,0.13627099302192933,0.09398443890532908
1445,-0.39452868789336654,-0.5636405915075935,-0.03339695858032997,-0.6190901198046362,-0.5535219721642053,-0.2319700343022826,0.40579148500312734
1446,-0.6203258537379068,0.27777529674082996,0.3784528376538491,-0.20059906213573336,-0.6545826663397545,-0.8919849950024998,-0.6769001677927811
1447,-0.39452868789336654,-0.5784712074691908,0.1858234488304088,-0.6190901198046362,-0.5535219721642053,-0.9377838625302868,0.5483573002947734
1448,-0.6203258537379068,0.29559740616844726,0.549794968500061,-0.20059906192469534,-0.6721379852907343,-0.7110145988794766,-0.7517150297511462
1449,-0.48780628675041,-0.5973344185258749,0.41225192942803407,-0.4589927196565653,-0.668765764423493,-0.4290589076036753,0.16858071131592559
1450,-0.6036568666429524,-0.5076551123167793,0.19108391812901487,-0.17332163501795167,-0.6054045763041742,-0.00017012317596479015,0.11077898746035718
1451,-0.39452868789336654,-0.5636405915075935,0.3333999961571162,-0.619090119804075,-0.5149910398525547,-0.04085396720364579,0.37845829707846296
1452,-0.1384959226282411,-0.1210332595200758,0.34126034701293595,-0.26279236386232885,-0.5331957574707871,0.10366062126414471,-0.8219640628998978
1453,-0.1384959226282411,-0.12095541206654972,0.246338588510477,-0.2627923638596177,-0.6261227830251187,-0.004415354766875221,-0.8513033557218537
1454,-0.48780628675041,-0.2742918578014282,0.026671231635507595,-0.458992719656795,-0.6524032224791885,0.15914723627928468,0.369045616456029
1455,-0.39452868789336654,-0.562448702686098,0.43457563749619377,-0.619090119790621,-0.38929907564783595,0.1082334202212644,0.5833118754145816
1456,-0.48780628675041,0.22834532344540623,0.4376140461766376,-0.458992719656795,-0.5110940889820602,1.5010373988785315,0.33078058845379854
1457,-0.6203258537379068,0.9847256364609134,0.3012711787908116,-0.20059906213573336,-0.4931539844761177,1.8079308364202322,-0.5199460232499978
1458,-0.6036568666429524,-0.6271050245664053,0.589429817226517,-0.17332163501795167,-0.37426724813459,1.765826567779246,0.29607343151748816
1459,-0.48780628675041,0.01502996143129126,0.13893927062813,-0.458992719656795,-0.6524032224791885,1.1157559035193543,0.34656541783035955
1460,-0.6036568666429524,-0.614638000029613,0.04779272331566942,-0.17332163501795167,-0.5766006179299277,-0.024030910920994734,0.32815059197227325
1461,-0.39452868789336654,-0.5784712074691908,-0.3214972356939836,-0.6190901198046362,-0.5351079447444912,-0.2767627080476392,0.689645060625794
1462,-0.6036568666429524,-0.614638000029613,0.16843748446002105,-0.17332163501795167,-0.6014456891788,-0.042041536175697246,0.36112549934254606
1463,-0.48780628675041,-0.6193851518197098,-0.15334354729636462,-0.458992719656795,-0.6836431414288081,0.07073868304625414,0.3744959153262927
1464,-0.1384959226282411,-0.12097775574732561,0.18155476330528109,-0.26279236386221805,-0.47042029351108716,-0.036318350247146754,-0.8532743386518342
1465,-0.1384959226282411,-0.11795059206753258,0.32545103269689574,-0.2627923636233365,-0.3937123749625333,0.1251337675585262,-0.7991195368244077
1466,-0.6036568666429524,-0.6048569231293868,0.004993590955555719,-0.17332163501795167,-0.5200267639539161,0.07598302874925433,0.2798805584469706
1467,-0.39452868789336654,-0.5784712074691908,0.4842421672212126,-0.6190901198046362,-0.45133590532503254,0.2067379201165978,0.6019081683260474
1468,-0.6036568666429524,0.060645470997591856,-0.19458331494323255,-0.17332163501795167,-0.5811409864233238,-0.9547636156189716,0.18293065044801585
1469,-0.39452868789336654,-0.563599769893307,0.11523927281702426,-0.6190901197912404,-0.4143466365882997,-0.7509167131821899,0.5416226016516659
1470,-0.6203258537379068,0.6241141405267747,0.10218933745983082,-0.20059906213573336,-0.6721379852907343,-0.8510875632419106,-0.6734674661643555
1471,-0.6036568666429524,0.060645470997591856,-0.30491899043429144,-0.17332163501795167,-0.5811409864233238,-0.9640147525636574,0.17340507353189993
1472,-0.6203258537379068,0.5370251943149527,0.8011715891967025,-0.20059840786188285,-0.24748099522657524,1.9529686555849286,1.0221256698250876
1473,-0.48780628675041,0.2853287266392583,0.34684355363328173,-0.4589927131293272,-0.49900874466924927,0.8817544053591299,0.21932506407495256
1474,-0.1384959226282411,-0.37477092832420145,0.7112316705279106,-0.26279236326408795,-0.6261227830251187,0.4214299505687712,-0.9905577765739033
1475,-0.6036568666429524,-0.5370811153693986,0.3950085568082734,-0.17332163501795167,-0.5070969718295592,0.7641907807115256,0.1087699527887721
1476,-0.48780628675041,-0.621077997924973,-0.0880195607281249,-0.458992719656795,-0.6037978588602848,0.2928158273348614,0.3222223945863495
1477,-0.1384959226282411,-0.10198839775504391,0.3436319913256627,-0.26279236386232885,-0.47042029351108716,0.1921021756558417,-0.8138088875092412
1478,-0.48780628675041,-0.3943816405108288,-0.019742858430720316,-0.458992719656795,-0.6403976246393678,0.12415981911453687,0.3795860208846404
1479,-0.6036568666429524,-0.5015884369517718,0.2981507853588169,-0.17332163501795167,-0.49881893447025066,-0.14385325874125007,0.33515366346765074
1480,-0.6203258537379068,0.4431661194400435,0.5257876191409008,-0.20059906213543321,-0.6785401876069435,0.2548355409600909,-0.603375622663395
1481,-0.6203258537379068,0.5237354473377314,-0.013880409800678659,-0.20059906213573336,-0.5068349460552777,-0.09037745643327386,-0.6364630583223791
1482,-0.1384959226282411,-0.08267673142484043,0.12162057228283862,-0.2627923638623008,-0.3937123749625333,0.6769655915053645,-1.0217982509407024
1483,-0.6036568666429524,-0.4701153374646377,-0.06892691155088702,-0.17332163501795167,-0.6054045763041742,0.6370648844065667,0.2176464199799691
1484,-0.6203258537379068,0.6694303611368249,-0.20640266627899168,-0.20059906213573336,-0.6545826663397545,0.7068866431692281,-0.683457565585737
1485,-0.6036568666429524,-0.5945630556290085,0.3326927206851598,-0.17332163501795167,-0.5439882106574421,1.0066638151618295,0.22995059800197412
1486,-0.6203258537379068,1.0737991524229427,0.23452517342646417,-0.20059906213573336,-0.5491438487905121,-1.00070866927075,-0.6892551545487395
1487,-0.1384959226282411,-0.25855435949934197,0.3239296195345977,-0.26279236383491295,-0.6181552498752897,-0.8419843971893246,-0.8919098047380246
1488,-0.6036568666429524,-0.6087994406893259,0.5007531910464184,-0.17332163501795167,-0.6308247626021036,1.0743362696110403,0.15748490662098633
1489,-0.6036568666429524,-0.6087051503607721,-0.19281606415996808,-0.17332163501795167,-0.4654081869069062,0.8555419454421977,0.18034415533862977
1490,-0.48780628675041,1.9859720951521072,0.09209507493374909,-0.458992719656795,-0.6836431414288081,0.8853755820763958,0.13152248489454885
1491,-0.19395398774836758,2.4578506943503244,0.7576340974768049,-0.1733216339325517,-0.3056092367482325,1.402926323415709,0.025551368057501873
1492,-0.6036568666429524,0.15247351850125535,-0.33640618370932557,-0.17332163501795167,-0.6308247626021036,-1.096396780331857,0.26746385761105
1493,-0.39452868789336654,-0.5248712514819579,-0.16727425113615182,-0.6190901198046362,-0.38325101701535025,-1.115235564819645,0.57673999890856
1494,-0.6036568666429524,0.18280404704188558,-0.2684106528928695,-0.17332163501795167,-0.5772014724933141,-1.0407576088582322,0.19367581771818554
1495,-0.1384959226282411,-0.39799058807188664,0.14411644154407532,-0.2627923633180332,-0.6261227830251187,-0.7058018414123874,-0.8625708068514876
1496,-0.39452868789336654,-0.5800988962735123,0.09001997428638468,-0.6190901198046362,-0.5149910398525547,0.0034795781526615315,0.6025622284118943
1497,-0.48780628675041,-0.4366117248065534,0.38726206383558376,-0.458992719656795,-0.668765764423493,0.2685444221544903,0.32414302070755363
1498,-0.6036568666429524,-0.07329017846980482,0.5386617684567303,-0.17332163501795167,-0.20135831605846938,1.6960567215816837,0.19952067249107291
1499,-0.39452868789336654,-0.5784709120952971,0.7407479411249821,-0.6190901197377194,-0.4914377908409871,0.5283106447141743,0.42133805270706165
1500,-0.6203258537379068,0.3521712672214398,-0.22053706090574682,-0.20059906213573336,-0.6354288941152958,-0.975329239345285,-0.6812629955364248
1501,-0.1384959226282411,-0.4472880273164299,0.3139801586410272,-0.2627923613112913,-0.5527823314729273,-0.7722165836220043,-0.8798959688459905
1502,-0.6203258537379068,0.34797664640162845,0.03826790381942928,-0.20059906213573336,-0.6145386632723359,-0.22434129859285395,-0.6404587390003287
1503,-0.39452868789336654,-0.5784712074691908,0.411966209294268,-0.6190901198046362,-0.5149910398525547,-0.04939197461854651,0.6055918460379514
1504,-0.39452868789336654,-0.5784709120952971,0.5355860127897409,-0.6190901198046362,-0.47874219318733324,1.3885073282630407,0.33992724731706114
1505,-0.1384959226282411,-0.35467949365479334,0.3256573519192522,-0.26279236386232885,-0.6564171433094294,0.3232386464645457,-0.939101892092008
1506,-0.48780628675041,-0.5490016657783998,-0.06849199486152564,-0.458992719656795,-0.6344132448128742,-0.6119154484922529,0.254645645996441
1507,-0.6036568666429524,-0.628690515502007,0.2160935503522358,-0.17332163501795167,-0.6054045763041742,-1.1204267063009044,0.2214102689996613
1508,-0.1384959226282411,-0.1989827050481221,-0.08142278739789448,-0.26279234721640793,-0.6584050310654195,-0.9437113113556084,-0.8770622847565586
1509,-0.6036568666429524,-0.324856342318482,-0.4983502134370341,-0.17332163501795167,-0.6308247626021036,-1.0911042621389202,0.15213687754514443
1510,-0.6203258537379068,0.06608317998866557,0.47022442112432916,-0.20059906213559728,-0.26833602440182064,-0.06430942102425999,-0.7459203060328624
1511,-0.6203258537379068,0.2595154930305873,0.4932274406152708,-0.20059906213573336,-0.537977366234836,1.0037376982055446,-0.8228364440628085
1512,-0.1384959226282411,-0.4254887832575306,0.457526095769166,-0.2627923638488564,-0.6261227830251187,-0.5997367406479487,-0.9394992639745847
1513,-0.48780628675041,-0.680452577990414,0.18565278874575408,-0.4589927196564222,-0.6350160399577448,-0.4636554106658289,0.28791028419767395
1514,-0.48780628675041,-0.6783584595299843,-1.028438818225316,-0.458992719656795,-0.6836431414288081,-0.9820337443701873,0.2563500922882966
1515,-0.1384959226282411,-0.4474662922509072,-0.7447590620233073,-0.26279236386232885,-0.6261227830251187,-1.0258616933244613,-0.8870250765542131
1516,-0.6203258537379068,0.4329423265129983,-1.0621339308918851,-0.20059906213573336,-0.5586243715013656,-1.4698143476148673,-0.8099429403440763
1517,-0.6203258537379068,0.2482783386592047,-0.690016283013359,-0.20059906213573336,-0.6721379852907343,-1.2337629849017844,-0.734972839898534
1518,-0.6036568666429524,-0.618480552784904,-0.8104640198398975,-0.17332163501795167,-0.6054045763041742,-0.5373118682613085,0.3089922672053702
1519,-0.1384959226282411,1.3414930775343943,-1.0055823695136705,-0.26279236386232885,-0.6261227830251187,-0.522611910571544,-0.8561829585791811
1520,-0.6036568666429524,0.13703274160872742,-1.2159694456536387,-0.17332163501795167,-0.30188926337517313,0.22443659667806726,0.24919495551627618
1521,-0.6203258537379068,0.7394670975618667,-0.03536566164333741,-0.20059906213573336,-0.18469626832247535,0.5491225217776263,-0.7206137407253665
1522,-0.1384959226282411,1.6240215513827123,-0.7781018619116724,-0.26279236386232885,-0.5844207160695911,-0.45145260127392134,-0.8335704729351089
1523,-0.6203258537379068,0.6333298912892209,-0.5442064767313318,-0.20059906213573336,-0.6527917689362599,-0.5156924767460064,-0.603800910427944
1524,-0.1384959226282411,-0.07908562254444287,0.5850343320516138,-0.2627923621769637,-0.2344771928587657,0.017263752615958295,-0.9080865563596019
1525,-0.1384959226282411,-0.1430018086356212,-0.18829536440178907,-0.26279236386232885,-0.6600082686291677,0.004586074595312537,-0.8354833336003445
1526,-0.6133032139609393,1.0244914196045292,1.492537488523588,-0.20059906213573336,-0.6785401876069435,-1.0477394866289143,0.8819595158751238
1527,-0.6203258537379068,0.419567827165509,-0.3891781421416508,-0.20059906213573336,-0.6545826663397545,-0.9588099720815537,-0.5647268853295475
1528,-0.6203258537379068,0.385444656171404,-1.0142002273672661,-0.20059906213573336,-0.6882229463716223,-0.5538439772596704,-0.600966995197875
1529,-0.6203258537379068,0.5151842309111523,-1.4511951193130423,-0.20059906213573336,-0.6882229463716223,-0.8195283387267754,-0.5877526768793426
1530,-0.1384959226282411,1.3756173180861964,-1.2626391040452254,-0.26279236386232885,-0.5331957574707871,-0.4222419103334179,-0.9657100987482778
1531,-0.1384959226282411,-0.1472240296356828,-0.34971933979015524,-0.26279236386232885,-0.5331957574707871,-0.15980308745542135,-0.8609577769966117
1532,-0.39452868789336654,-0.5508488855920497,0.07729947885945743,-0.6190901198046362,-0.49302244512500304,-0.013769368172120447,0.6017264681358396
1533,-0.6203258537379068,0.36491430434829936,-0.4346173202217805,-0.20059906213573336,-0.5651839498837632,-0.40883139832380655,-0.5489729665268268
1534,6.077428544224205,2.6163898502001754,-0.855502250374234,-0.26279236386232885,0.04566187557082931,-1.4147876045467154,-0.8867411696071038
1535,-0.39452868789336654,-0.568421266577176,0.2555319028034699,-0.6190901198046362,-0.3741019019872855,-1.5260928914736023,0.39890864218423405
1536,-0.6203258537379068,0.5260029357142978,-0.9133381688168374,-0.20059906213573336,-0.6721379852907343,-0.6866806310283949,-0.601795875394563
1537,-0.6036568666429524,-0.6186070367312275,-1.2844246290595538,-0.17332163501795167,-0.6054045763041742,-0.5075355191632975,0.2815542078469182
1538,-0.6203258537379068,0.19057140811063156,-0.7534602487170292,-0.20059906213573336,-0.4110782933700227,-1.4254209650871872,-0.8520835927338796
1539,-0.39452868789336654,-0.5806389679904401,-0.504483774047306,-0.6190901198046362,-0.5149910398525547,-1.1239615705978907,0.3863905739158103
1540,-0.39452868789336654,-0.5784712074691908,-0.523215748003791,-0.6190901198046362,-0.5351079447444912,-0.6531651779808467,0.6569982334293424
1541,-0.6203258537379068,0.4179081766446763,-0.39405819540215303,-0.20059906213573336,-0.6882229463716223,-0.2254155961833128,-0.633007239103595
1542,-0.39452868789336654,-0.5783835989612134,-1.284152750207692,-0.6190901198046362,-0.46904208967269395,-0.9208833172094117,1.4436799243483904
1543,-0.33568841107236513,-0.5779242936713389,0.9792403453497925,-0.6190901198045473,-0.43239673629544256,-0.8023722624963384,1.460156895195177
1544,-0.6203258537379068,0.45176672747864455,-1.118495772178395,-0.20059906213573336,-0.3034698209932376,-0.8156625519633708,-0.5422364198374711
1545,-0.6036568666429524,-0.614628282668108,-1.0940501453419544,-0.17332163501795167,-0.6268455517642938,-0.8034016696539087,0.3907130417414338
1546,-0.48780628675041,-0.6194946934575681,-1.00733190061,-0.458992719656795,-0.6524032224791885,-0.31011001854445536,0.5171358332707275
1547,-0.6036568666429524,-0.6279784483944522,0.8527167264293175,-0.17332163501795167,-0.48717061338130363,-0.21273736884005592,0.8127006168005103
1548,-0.6203258537379068,0.5450959021560909,1.3143967907419467,-0.20059906213573336,-0.6721379852907343,-0.8608211640652442,1.004068744181098
1549,-0.48780628675041,0.2595611279039219,1.3791467785026512,-0.4589915705289862,-0.6836431414288081,-0.4589016502702965,0.4404433985634122
1550,-0.1384959226282411,1.3512533456120142,-1.4103918551858148,-0.26279236386232885,-0.6600082686291677,-0.7779873456480626,-0.802763597622444
1551,-0.1384959226282411,1.3520884711774335,-1.5292856096510057,-0.26279236386232885,-0.5331957574707871,-0.8522324946228144,-0.795159399113745
1552,-0.39452868789336654,-0.5760860821883225,-0.506917408329854,-0.6190901198046362,-0.5351079447444912,-1.2036698577044673,0.42508518845809445
1553,-0.1384959226282411,-0.42439658817355946,-0.17505710091615834,-0.262792363760026,-0.6261227830251187,-0.6955445772884458,-0.9311418486010453
1554,-0.2743865104538244,-0.6416617238960094,-0.5098047347773801,-0.458992719656795,-0.5214435089082924,-0.09423987738639852,0.23723256048888403
1555,-0.38984551330887707,-0.5508488855920497,-0.029714901898044,-0.6190901198046362,-0.46746476586419383,-0.17823623447668682,0.5380842339715406
1556,0.33809214664409665,2.0258084187643246,-0.9015725155576069,-0.26279236386232885,-0.5083370186663979,-1.460189257963098,-0.8804963213244249
1557,-0.35254919648667954,-0.5605920165096302,0.8356604974367818,-0.6190901198046362,-0.2119681178711159,-1.5239336913609658,0.35877385438251924
1558,-0.6203258537379068,0.5094457804657841,-0.8650328134635319,-0.20059906213573336,-0.6882229463716223,-0.8235364319595669,-0.5376526294955994
1559,-0.6036568666429524,-0.6146573769948778,-1.2865243681573801,-0.17332163501795167,-0.6308247626021036,-0.7302856021986406,0.32106633996098133
1560,-0.6203258537379068,0.4862210755595107,-0.9046797421338313,-0.20059906213573336,-0.6721379852907343,-0.56910752953597,-0.5724822273553911
1561,-0.48780628675041,-0.6233720119753828,-1.2535459142730905,-0.458992719656795,-0.6836431414288081,-0.36526883479248673,0.3242039100715095
1562,-0.39452868789336654,-0.5778265598191287,-1.1070292094663032,-0.6190901198046362,0.5345138621309433,-1.5049348270282836,0.3999308194676621
1563,-0.6203258537379068,0.5903879012577565,-0.9084641493719308,-0.20059906213573336,-0.4436332501956147,-1.1972080202370063,-0.7450238760534031
1564,-0.48780628675041,-0.6016586228967359,-0.9045723972795331,-0.458992719656795,-0.6836431414288081,-0.9428682838917283,0.2085150789866222
1565,-0.39452868789336654,-0.563599769893307,-0.4900147940228096,-0.6190901198046362,-0.5535219721642053,-1.098117306444915,0.49729203445234005
1566,-0.1384959226282411,-0.1858089530753414,-0.5401955561009792,-0.26279236386232885,-0.6600082686291677,-0.26757406207556444,-0.8726504461548797
1567,-0.39452868789336654,-0.5784712074691908,-0.6050008564598885,-0.6190901198046362,-0.5535219721642053,-0.659764657732968,0.5910802207774039
1568,-0.39452868789336654,-0.5783835989612134,-0.723528754102759,-0.6190901198046362,-0.5535219721642053,-0.8241903144698642,1.5890057744524937
1569,-0.6036568666429524,0.11536284732035042,-1.4907862347457113,-0.17332163501795167,-0.6308247626021036,-0.9763490400474247,0.2895865243820363
1570,-0.1384959226282411,-0.14218820626015438,-0.3301872664156319,-0.26279236386232885,-0.6600082686291677,-0.10800948983309916,-0.8518180184633936
1571,-0.1384959226282411,-0.14252194578574345,-0.7535867400770235,-0.26279236386232885,-0.6600082686291677,-0.3466874143737117,-0.8411769324286553
1572,-0.6203258537379068,0.6611995234387366,-1.1647275823484164,-0.20059906213573336,-0.6882229463716223,-0.7810596919748403,-0.6957334527611554
1573,-0.6203258537379068,0.3659247640526018,0.2609487832956844,-0.20059906213573336,-0.6545826663397545,-0.484934529738303,0.8416921850820238
1574,-0.1384959226282411,-0.1421427706269845,-0.9042412658226904,-0.26279236386232885,-0.6600082686291677,-0.5054371188312681,-0.797786873026894
1575,-0.39452868789336654,-0.5800288714868245,-1.1147053386028705,-0.6190901198046362,-0.5335103758435967,-0.7462069018793636,0.6270248178305107
1576,-0.6036568666429524,-0.6287211920535339,-0.8392750836615995,-0.17332163501795167,-0.6308247626021036,-0.7290498067957613,0.3183001409583624
1577,-0.48780628675041,-0.5020802054587293,-0.8148176394426828,-0.458992719656795,-0.668765764423493,-0.3214929670427854,0.33202121779983085
1578,-0.39452868789336654,-0.5784712074691908,-0.3484424032072956,-0.6190901198046362,-0.5149910398525547,-0.09105165806132162,0.6500722082845544
1579,-0.39452868789336654,-0.5784327801560277,-0.14301654878151424,-0.6190901197952831,-0.5535219721642053,-0.38343088113202045,1.7206243866004636
1580,-0.6036568666429524,-0.6236925268858726,-0.38429551814185464,-0.17332163501795167,-0.5766006179299277,-0.25873566646879015,0.34411924084671675
1581,-0.39452868789336654,-0.5783835989612134,-1.3731958724987385,-0.6190901198046362,-0.5355059219573831,-0.9794476543929286,0.6860096081597221
1582,-0.6036568666429524,0.10217815286256074,1.746575282814427,-0.17332163501795167,-0.6054045763041742,-0.9018897235455969,0.7487367582259586
1583,-0.48780628675041,0.1509929612491706,-1.1888695383529098,-0.458992719656795,-0.6836431414288081,-0.5935857413048333,0.5040315591252241
1584,-0.6036568666429524,0.09003254500071696,1.2547475841413946,-0.17332163501795167,-0.6064360707108316,-1.102390779083031,0.9781892394225843
1585,-0.39452868789336654,-0.5784712074691908,-0.6892132701678353,-0.6190901198046362,-0.5535219721642053,-0.6996841705011103,0.6226763039592291
1586,-0.1384959226282411,-0.23331089227040927,-0.833938929132846,-0.26279236386232885,-0.6600082686291677,-0.4648719817381997,-0.8343397918707323
1587,-0.6203258537379068,0.4217978149684181,-0.9357921025269489,-0.20059906213573336,-0.6882229463716223,-0.6879720125598775,-0.5084902976355616
1588,-0.39452868789336654,-0.5784712074691908,-0.23747680992554895,-0.6190901198046362,-0.5351079447444912,-0.3556156340232651,0.6304211692268578
1589,-0.6203258537379068,0.4022417194841582,-0.6913201386089831,-0.20059906213573336,-0.6721379852907343,-0.42949391148013166,-0.601166485362069
1590,-0.6036568666429524,0.1011121171535934,-1.1924220233846194,-0.17332163501795167,-0.6308247626021036,-0.8481798560584657,0.14618584803614385
1591,-0.6203258537379068,0.5452668017418114,-1.173353880732131,-0.20059906213573336,-0.6882229463716223,-0.6765969081635705,-0.6967938152765868
1592,-0.6036568666429524,0.16128293117189987,-1.247558637595199,-0.17332163501795167,-0.5439882106574421,-1.4602107795047585,0.15522258066588565
1593,-0.6203258537379068,0.16843159840698216,-0.5692090677346905,-0.20059906213573336,-0.6721379852907343,-1.1718101381138768,-0.7062971681672455
1594,-0.1384959226282411,-0.18443211155427813,0.026649993406990452,-0.2627923638623008,-0.47042029351108716,-0.028924006344906855,-0.6570741543811088
1595,-0.6036568666429524,0.10057747800287745,0.53784965761359,-0.17332163501795167,-0.6054045763041742,-0.8808901281778896,3.814536260895506
1596,-0.6036568666429524,-0.6212513847365558,-0.4610991248584438,-0.17332163501795167,-0.6054045763041742,-0.2973981141766855,0.3265527383810612
1597,-0.07761653671614768,-0.17155154538062892,1.987215131530638,-0.6190901169760061,-0.07142863884031725,-0.5626010144934586,3.9765609896702614
1598,-0.39452868789336654,-0.563453101170644,-0.5287815570023404,-0.6190901198046362,-0.5171594679782711,-1.5430031950308052,0.42662437939319936
1599,-0.48780628675041,0.3022494721025381,-1.0969702237368268,-0.458992719656795,-0.668765764423493,-1.1485812618894822,0.21474746052690658
1600,-0.6203258537379068,0.2429347150038029,-0.7857020569951116,-0.20059906213573336,-0.6721379852907343,-1.389408190510357,-0.6670374582549371
1601,-0.6036568666429524,0.14914928753076614,-1.1924304239651156,-0.17332163501795167,-0.6308247626021036,-1.6266740897137772,0.15075283674218812
1602,-0.48780628675041,-0.62740516129891,-1.0555750679260458,-0.458992719656795,-0.668765764423493,-0.2832002926099424,0.26662138943979835
1603,-0.6203258537379068,0.5260029357142978,-0.947274559988224,-0.20059906213573336,-0.6354288941152958,-0.6145426604311915,-0.6294074124759529
1604,-0.1384959226282411,1.9111132270080604,0.24833892463753365,-0.26279236386232885,-0.10872617988103857,-1.071585705979704,-1.0397151367009136
1605,-0.48780628675041,0.3011398025597658,-0.9499172579707319,-0.458992719656795,-0.6297575191659648,-1.2165231334444804,0.16300772660590285
1606,-0.1384959226282411,-0.14370920947281646,-0.5282682925548613,-0.26279236386232885,-0.5844207160695911,-0.35181354753238303,-0.8514402714095869
1607,-0.48780628675041,-0.6291221250332008,-0.7608011575500014,-0.458992719656795,-0.6524032224791885,-0.234485105556419,0.3070069497549111
1608,-0.48780628675041,0.15644326045964815,-1.459472350968894,-0.458992719656795,-0.6614614168144839,-0.5029695680876068,0.1671816138426388
1609,-0.6203258537379068,0.6894884844273983,1.2755498536917569,-0.20059906213573336,-0.6521545019190554,-0.9070855439496607,-0.6383139816716674
1610,-0.48780628675041,-0.6212367817995964,-0.898756181846854,-0.458992719656795,-0.6116899088155862,-0.2558765760320973,0.3594015325497627
1611,-0.48780628675041,-0.6189790403886674,-1.0485585575384733,-0.458992719656795,-0.6726484277558441,-0.37936465865493535,0.39919908772333484
1612,-0.6036568666429524,-0.6196660163358467,-0.7474905613255189,-0.17332163501795167,-0.4654081869069062,-0.5119761695071245,0.32826743147685467
1613,-0.1384959226282411,1.331948176959943,-0.7940270320553147,-0.2627923638598944,-0.627883658044106,-0.505603406111683,-0.8552914887324284
1614,-0.13049408000297139,1.4376955215516662,2.0237579891486184,-0.2626559713479109,-0.5906633577201488,-0.3746190488610845,-0.611246447250867
1615,-0.04394987948295022,1.453488264132419,1.7972791625108402,-0.2627799359613396,-0.36660303994550014,-0.27779488057639673,-0.881327433999564
1616,-0.6203258537379068,0.39979512002387363,-0.9262125674814482,-0.20059906213573336,-0.591763544491805,-0.5412141294756344,-0.5594189963824111
1617,-0.48780628675041,-0.5765466313597071,-0.8199336611295841,-0.458992719656795,-0.6524032224791885,-0.2634346596515772,0.5362741071595889
1618,-0.1384959226282411,-0.4206810803341779,-0.5968846963284047,-0.26279236386232885,-0.5844207160695911,-0.8200193153243893,-0.9390012070319151
1619,-0.48780628675041,0.15447669156063037,-1.506389549982292,-0.458992719656795,-0.6146412246603686,-0.8397155524355323,0.12528226773271445
1620,-0.2743865104538244,-0.6415045540770227,-0.5820989583604668,-0.458992719656795,-0.5057032746797727,-0.1261876688522772,0.216800583908667
1621,-0.3427100722797296,-0.599048940282317,-0.6148512030088678,-0.458992719656795,-0.472155551409005,-0.1594672593028879,0.21765413452192645
1622,-0.6203258537379068,0.3581699590088252,-0.9962196137407473,-0.20059906213573336,-0.6882229463716223,-1.7461960979074855,-0.6924783162487055
1623,-0.2338522960087112,0.6008589401193609,-1.0116444037925976,-0.458992719656795,-0.6317168462375917,-1.287564020976333,0.17602757899982635
1624,-0.1384959226282411,-0.14377494455012552,-0.6436532396405263,-0.26279236386232885,-0.6600082686291677,-0.34728700213193847,-0.8325105194732414
1625,-0.39452868789336654,-0.5784438308928821,-0.7945707877321899,-0.6190901198046362,-0.5535219721642053,-0.572764007356272,1.4733067770458375
1626,-0.39452868789336654,-0.5784712074691908,-0.8200073104588868,-0.6190901198046362,-0.5351079447444912,-0.6926662251897242,0.6907052407094418
1627,-0.6036568666429524,-0.6184753032075082,-1.350180843187038,-0.17332163501795167,-0.6054045763041742,-0.6609105989937486,0.32586455771198053
1628,-0.6036568666429524,-0.08431948879113016,-1.1564461277263258,-0.17332163501795167,-0.5557018931788016,-1.2628120019926339,0.05367428665801254
1629,-0.48780628675041,0.30277312467795314,-1.211031893172317,-0.458992719656795,-0.6789413428456265,-1.1306571161096224,0.1689850082490634
1630,-0.6036568666429524,-0.6528461230391813,-0.8434355177427014,-0.17332163501795167,-0.6308247626021036,-1.1457934417139866,0.1714767064070358
1631,-0.6036568666429524,-0.5162583412842352,-0.7738490742980707,-0.17332163501795167,-0.6308247626021036,-1.476571518089574,0.25197679048619404
1632,-0.39452868789336654,-0.5784712074691908,-0.660015212450422,-0.6190901198046362,-0.5351079447444912,-0.6287122225623416,0.5631740111367585
1633,-0.1384959226282411,-0.14258010280989214,-0.629558350597753,-0.26279236386232885,-0.6600082686291677,-0.3879924395786278,-0.8391081896808092
1634,-0.48780628675041,0.2920834927300114,-1.2159637044470033,-0.458992719656795,-0.6836431414288081,-0.46106448527812127,0.44087799140289335
1635,-0.48780628675041,-0.6291391515310639,-0.911181249191832,-0.458992719656795,-0.6344132448128742,-0.2144067606854982,0.28236608518391026
1636,-0.1384959226282411,-0.17044326125346815,-0.6886883481608363,-0.26279236386232885,-0.6600082686291677,-0.3829020322561669,-0.8351138035680334
1637,-0.6036568666429524,0.10601286864402887,-1.2724104919930177,-0.17332163501795167,-0.6308247626021036,-0.7866877927669433,0.3290308167436576
1638,-0.48780628675041,0.1621519909924014,-1.2722024535255008,-0.458992719656795,-0.6303597483482694,-0.5673837247425736,0.40428796040741505
1639,-0.3669703233206614,-0.5779529368116226,1.9387500947349425,-0.6186519235234635,-0.34728674345820015,-0.5564703712139737,1.6553630520025495
1640,-0.6036568666429524,-0.6147230109173392,-1.0728767481774888,-0.17332163501795167,-0.6308247626021036,-0.8661487196763643,0.7984108405326057
1641,-0.39452868789336654,-0.5778706673860414,-0.9549992571921925,-0.6190901198046362,-0.49711636515922186,-0.6009072107479508,0.627008706919032
1642,-0.1384959226282411,-0.14477502594255728,-0.47888218673350075,-0.26279236386232885,-0.6181552498752897,-0.3016748759327952,-0.8412118314608259
1643,-0.48780628675041,-0.5020802054587293,-0.7488686377002828,-0.458992719656795,-0.6836431414288081,-0.2943909259955664,0.34139215859981914
1644,-0.1384959226282411,0.24533192809645188,0.5047126120189245,-0.2627923607288196,-0.6600082686291677,-0.12239339784795594,-0.6623476194350826
1645,-0.1384959226282411,-0.18518182217997137,-0.3607677041406141,-0.2627923638623008,-0.6600082686291677,-0.036472518616400905,-0.6731415689410745
1646,-0.39452868789336654,-0.5784712074691908,-0.33363813331313685,-0.6190901198046362,-0.5351079447444912,0.0019212283636928804,0.6415134816224057
1647,-0.6036568666429524,0.10601158613427487,-1.2776155250206356,-0.17332163501795167,-0.6136606890077362,-0.844351719916762,0.34410211077008646
1648,-0.6203258537379068,0.5362083768674213,0.5499811766210237,-0.20059906213573336,-0.6882229463716223,-0.9879588494589175,0.8371138645348367
1649,-0.39452868789336654,-0.5799356877481407,1.454596675499753,-0.6190889933760053,-0.5535219721642053,-0.5947897622393753,1.7297149057496024
1650,-0.48780628675041,-0.6150238536310907,-0.6103493924498499,-0.458992719656795,-0.668765764423493,-0.3801381004447885,0.1976684200693893
1651,-0.6203258537379068,0.42063008426761045,-0.45263744414506313,-0.20059906213573336,-0.6882229463716223,-0.8611841159439787,0.8190976608895256
1652,-0.1384959226282411,-0.23330320908967248,-0.9110699990689827,-0.26279236386232885,-0.6600082686291677,-0.48312068091970034,-0.8444098261757437
1653,-0.39452868789336654,-0.5784438308928821,-0.9727843839026461,-0.6190901198046362,-0.5535219721642053,-0.7785507731824783,0.5957824016968034
1654,-0.6203258537379068,0.42324241895449105,-1.0696902476994359,-0.20059906213573336,-0.6721379852907343,-0.8022889393895215,-0.5012800082899317
1655,-0.6036568666429524,0.10589004065138381,-1.6705597346900278,-0.17332163501795167,-0.6308247626021036,-0.835463144063175,0.3479532667194583
1656,-0.6203258537379068,0.6638333555210447,-1.3166145016356068,-0.20059906213573336,-0.6545826663397545,-0.7016069987856268,-0.7206774431671237
1657,-0.39452868789336654,-0.5783835989612134,-1.225130666118301,-0.6190901198046362,-0.5535219721642053,-0.6708393994885424,0.3965655734463202
1658,-0.39452868789336654,-0.5635725322624552,-0.7800411959610437,-0.6190901198046362,-0.5335103758435967,-1.0338097193694953,0.46402838126927776
1659,-0.48780628675041,-0.6010641608274191,-0.4529058074072063,-0.458992719656795,-0.6836431414288081,-0.8211543075406399,0.25570127788539726
1660,-0.1384959226282411,-0.18462649875847648,-0.2636517389763187,-0.26279236386232885,-0.6245299586265515,-0.15340767784246925,-0.6561390190807636
1661,-0.39452868789336654,-0.5248712514819579,-0.1467094730934893,-0.6190901198046362,-0.4914377908409871,0.06094761734906694,0.6045081661394079
1662,-0.48780628675041,-0.579413401365531,-0.5139791540943544,-0.458992719656795,-0.668765764423493,-0.04120757155627678,0.3207701578260892
1663,-0.6203258537379068,0.36490752910817315,-0.3639009046734569,-0.20059906213573336,-0.6173799876000687,-0.24728741069783258,-0.5448737695227744
1664,-0.6203258537379068,0.06620960686974076,-1.0646280856035069,-0.20059906213573336,-0.6545826663397545,-1.7244840847926748,-0.715895454092071
1665,-0.48780628675041,-0.6022494639941595,-1.0347792770575455,-0.458992719656795,-0.668765764423493,-1.095221006044624,0.23069986875222162
1666,-0.6203258537379068,1.3188011821197116,0.3733774574538823,-0.20059906213573336,-0.6328850381213654,-1.89256589720025,-0.6985261118769722
1667,-0.6203258537379068,0.3578902306093606,-0.7076891319708939,-0.20059906213573336,-0.591763544491805,-1.727132478151838,-0.6988952731641137
1668,-0.39452868789336654,-0.5784712074691908,-0.4926239278298157,-0.6190901198046362,-0.5535219721642053,-0.6063864897105704,0.567427365903358
1669,-0.1384959226282411,-0.17015378477802426,-0.805311052120008,-0.26279236386232885,-0.6600082686291677,-0.4348729700932819,-0.8798061193819235
1670,-0.6036568666429524,-0.6186070367312275,-1.3074536480020653,-0.17332163501795167,-0.6308247626021036,-0.535852069570486,0.28961958566105855
1671,-0.39452868789336654,-0.5784712074691908,-0.8343770925778701,-0.6190901198046362,-0.5535219721642053,-0.7338939050874097,0.5900130258444672
1672,-0.6036568666429524,-0.6532426765089829,-0.9185133764350472,-0.17332163501795167,-0.6054045763041742,-1.3166827603331088,0.13527144602212568
1673,-0.1384959226282411,-0.4375555402197922,-0.6400123075049754,-0.26279236386232885,-0.6600082686291677,-1.0854359365087942,-0.9354048758427232
1674,-0.48780628675041,-0.6036698362569431,-0.5711907658555845,-0.458992719656795,-0.6836431414288081,-0.8946879567024913,0.22593481963281534
1675,-0.1384959226282411,-0.4326656085057119,-0.22736268886033284,-0.26279236386232885,-0.5844207160695911,-0.9388938604590108,-0.9192352923450772
1676,-0.6203258537379068,0.43041676257814965,-0.8667434490404036,-0.20059906213573336,-0.6258476991346399,-0.8838029227323667,-0.5352607936025414
1677,-0.1384959226282411,-0.143076560762864,-0.5580062907632702,-0.26279236386232885,-0.6245299586265515,-0.3666377029169495,-0.8554898081916762
1678,-0.48780628675041,-0.6284951150948401,-0.9767565144130325,-0.458992719656795,-0.6836431414288081,-0.25165724158776026,0.43421477452346674
1679,-0.39452868789336654,-0.5784712074691908,-0.49219363162084623,-0.6190901198046362,-0.5535219721642053,-0.3753139972661478,0.5934872427034921
1680,-0.6036568666429524,0.10485893058482262,-0.6579900465051673,-0.17332163501795167,-0.6308247626021036,-1.043512347929058,0.2822779433155944
1681,-0.6036568666429524,0.09002480098239049,1.8189588042200915,-0.17332163501795167,-0.6308247626021036,-0.9642682067248376,3.850714950343523
1682,-0.6203258537379068,0.6683223259870202,-0.2712671072493375,-0.20059906213573336,-0.6721379852907343,-0.8527835729047732,-0.683276360273808
1683,-0.6036568666429524,0.10057195734410766,0.7250345259202643,-0.17332163501795167,-0.6308247626021036,-0.9629673988703042,0.20386360339358647
1684,-0.1384959226282411,1.3631823274968164,-1.2867072581722239,-0.26279236386232885,-0.4395144953044306,-0.7652927835243019,-0.7801065929141651
1685,-0.39452868789336654,-0.5783835989612134,-1.2589717623953758,-0.6190901198046362,-0.49711636515922186,-0.9477765513127328,0.638915913605024
1686,-0.6036568666429524,-0.6146514165274543,-1.1470932813554946,-0.17332163501795167,-0.6308247626021036,-0.6949023932520272,0.3633157792569405
1687,-0.39452868789336654,-0.5783835989612134,-1.1724331305552569,-0.6190901198046362,-0.5351079447444912,-0.9164068125638761,0.6799796668652491
1688,-0.48780628675041,-0.5575640997697086,-0.7969727705325694,-0.458992719656795,-0.6578036921326919,-0.23045206860841608,0.5140633167086548
1689,-0.39452868789336654,-0.5784438308928821,-0.909934985793287,-0.6190901198046362,-0.5535219721642053,-0.6338486115259521,0.688154823941218
1690,-0.1384959226282411,-0.22197203227436343,0.36841915579112083,-0.2627923638099601,-0.627883658044106,-0.07413674468843526,-0.6682387846817092
1691,-0.48780628675041,-0.6638009902227824,0.32824705115806935,-0.4589911341658505,-0.6014238613998635,-0.026691969138592907,0.48236467435728575
1692,-0.6036568666429524,0.0982761956359964,0.08572708947504312,-0.17332163501795167,-0.6054045763041742,-1.0498001887561568,0.8046947813492141
1693,-0.1384959226282411,1.4760307529170826,-1.2018513170579819,-0.26279236386232885,-0.6600082686291677,-0.5842120064712047,-0.830248047244083
1694,-0.39452868789336654,-0.5778706673860414,1.8897407501640482,-0.5846558258081492,-0.5190464067306388,-0.24350851320060327,0.458566333509643
1695,-0.1384959226282411,1.4467975305123588,1.7259051960303478,-0.26278464708710153,-0.6600082686291677,-0.4260327102336767,-0.6115898816246184
1696,-0.48780628675041,0.15035524766630645,-1.6674235525794552,-0.458992719656795,-0.6836431414288081,-0.5543126670331688,0.3523131494429245
1697,-0.6203258537379068,0.5151842309111523,-1.458098930381748,-0.20059906213573336,-0.6882229463716223,-0.8496152424585446,-0.5742425129780705
1698,-0.1384959226282411,1.6462379890906644,-1.525105840065925,-0.26279236386232885,-0.28727977094494567,-0.8876967519099368,-0.7948613269765549
1699,-0.48780628675041,0.18188423258720318,-1.6350726468840822,-0.458992719656795,-0.6162761668250364,-0.7199490929122698,0.5510846738173047
1700,-0.48780628675041,0.5620716168701794,-1.2268472015789444,-0.458992719656795,-0.6477306650356488,-1.2087492973684444,0.07291864204936914
1701,-0.48780628675041,-0.631979460146658,-0.5993746678773193,-0.458992719656795,-0.6836431414288081,-0.8803184815674572,0.18632524534578662
1702,-0.39452868789336654,-0.5658314912370644,-0.754938354596955,-0.6190901198046362,-0.5149910398525547,-1.1278762412446461,0.4278773950008765
1703,-0.1384959226282411,-0.4235525484038533,-0.4493807147467063,-0.26279236386232885,-0.5316312981498631,-0.843206839845726,-0.8693869440965794
1704,-0.48780628675041,-0.6417485331535884,-0.5414457687295221,-0.458992719656795,-0.6260723293334293,-0.10947160814346427,0.27137851207433317
1705,-0.1384959226282411,-0.1389658393213197,-0.2701524312379674,-0.26279236386232885,-0.6600082686291677,-0.14009866638522905,-0.6574634544581114
1706,-0.1384959226282411,-0.18454428980481727,-0.36461607128076545,-0.26279236386232885,-0.5683277241182381,-0.2041380362172098,-0.8232874180461732
1707,-0.6036568666429524,-0.6212661917759327,-0.3604659177265852,-0.17332163501795167,-0.5400783844530163,-0.28923330408821174,0.3173091081536725
1708,-0.6036568666429524,0.10851044206211165,-0.854887810819316,-0.17332163501795167,-0.6308247626021036,-1.814505756650814,0.19223496314489008
1709,-0.5853573322322092,0.07316200542603393,-0.868266074818982,-0.20059906213573336,-0.5180488650302586,-1.7369930291208018,-0.7055916200066017
1710,0.019102990808521743,0.9280160163062044,-0.88677345579673,-0.26279236386232885,-0.465029906097051,-1.4903556843060146,-0.8864597274924381
1711,-0.47363974392557484,0.19973156957141172,-1.0280014899510268,-0.458992719656795,-0.5748319839022525,-1.2736241879860488,0.1787604492571755
1712,-0.48780628675041,-0.5021882211394361,-1.0934238440540776,-0.458992719656795,-0.6836431414288081,-0.42148026982533665,0.4806811634157006
1713,-0.6203258537379068,0.5094457804657841,-0.9065248799953874,-0.20059906213573336,-0.6882229463716223,-0.8064326204142924,-0.583520699635953
1714,-0.6203258537379068,0.4011884910981312,-0.8700476943385671,-0.20059906213573336,-0.6545826663397545,-0.6761715064210768,-0.5851805305987048
1715,-0.6036568666429524,-0.6146573769948778,-1.2791030694023202,-0.17332163501795167,-0.6054045763041742,-0.6831160847605691,0.30399169888473737
1716,-0.1384959226282411,-0.14222023270780282,-0.8354925382726862,-0.26279236386232885,-0.6600082686291677,-0.4753455923860885,-0.7945509856922697
1717,-0.6203258537379068,0.4373156257518643,-0.8204944507020694,-0.20059906213573336,-0.6882229463716223,-0.5561480727103559,-0.5590946419404739
1718,-0.6036568666429524,-0.6146064910052867,-1.2345951003489337,-0.17332163501795167,-0.6308247626021036,-0.7730272759310827,0.3646854441374387
1719,-0.39452868789336654,-0.5784327801560277,-1.036358084780188,-0.6190901198046362,-0.5535219721642053,-0.8047081800393492,0.6075972029835296
1720,-0.6036568666429524,-0.4489167165200804,-1.1705589756089203,-0.17332163501795167,-0.23852885074161265,-0.5656958018603296,0.21167332596321334
1721,-0.39452868789336654,-0.5738853623139922,-0.873486510400189,-0.6190901198046362,1.3021515269444321,-0.7752500869438073,0.38974059398183647
1722,-0.39452868789336654,-0.5738853623139922,-0.6440395806458314,-0.6190901198046362,-0.42711902862590445,-1.1319855009126065,0.4489919641546754
1723,-0.1384959226282411,-0.3952843954577296,-0.7885189865857075,-0.26279236386232885,-0.6261227830251187,-0.8314037610081423,-0.944376075629128
1724,-0.39452868789336654,-0.563599769893307,-0.6674558949131916,-0.6190901198046362,-0.5535219721642053,-1.090698350542006,0.534806454038473
1725,-0.39452868789336654,-0.5658314912370644,-0.6496830337685155,-0.6190901198046362,-0.5149910398525547,-1.085722939387697,0.4439532466535913
1726,-0.1384959226282411,-0.4366884477147477,-0.6212665284401849,-0.26279236386232885,-0.627883658044106,-1.0779175116140356,-0.8749929126027642
1727,-0.6203258537379068,0.24265542655850886,-0.556648455305443,-0.20059906213573336,-0.6354288941152958,-1.046124289834247,-0.6833654198071238
1728,-0.39452868789336654,-0.5784712074691908,-0.6423064322742214,-0.6190901198046362,-0.4914377908409871,-0.4999355643941507,1.5345008365562613
1729,-0.6036568666429524,-0.6146187128087908,-0.7935566902351053,-0.17332163501795167,-0.6054045763041742,-0.7167239482671609,0.3644200586943689
1730,-0.1384959226282411,-0.1525650474863765,-0.5652266670985912,-0.26279236386232885,-0.6261227830251187,-0.31310593288703076,-0.8656419290206089
1731,-0.1384959226282411,-0.1858669261079886,-0.5236332622343869,-0.26279236386232885,-0.6600082686291677,-0.3111422112365364,-0.8489471222160361
1732,-0.48780628675041,0.15875108437178967,0.14037784933235828,-0.4589927196551031,-0.6836431414288081,-0.5323998092021192,0.5084481851104004
1733,-0.48780628675041,0.16294644102138708,-0.029594669263340628,-0.458992719656766,-0.6836431414288081,-0.5817356303294897,0.45934494025564276
1734,-0.6036568666429524,0.10607943050500336,-0.833991603682635,-0.17332163501795167,-0.6054045763041742,-0.9900782335981295,0.7556956515362588
1735,-0.39452868789336654,-0.5799356877481407,-1.4039823444672777,-0.6190901198046362,-0.5351079447444912,-0.8845939724578018,0.6072217694997385
1736,-0.48780628675041,-0.6291708257583195,-1.007575083950231,-0.458992719656795,-0.6836431414288081,-0.20043782482311087,0.2797467552104591
1737,-0.48780628675041,-0.6291715623436949,-0.7697757343892615,-0.458992719656795,-0.6836431414288081,-0.0763492349196769,0.28336230416142977
1738,-0.48780628675041,-0.6212294577363136,-0.45400123089278394,-0.458992719656795,-0.6789413428456265,0.0009731884820991816,0.3264937170868627
1739,-0.6036568666429524,-0.6146321487494141,-0.7811901109373894,-0.17332163501795167,-0.6054045763041742,-0.5150253097077512,0.3189304600109674
1740,-0.6036568666429524,0.10489361037188054,-1.0527159749522075,-0.17332163501795167,-0.6064360707108316,-0.8699097231768304,0.12076062386155384
1741,-0.6203258537379068,0.6414585731593265,-1.2589179605363725,-0.20059906213573336,-0.6882229463716223,-0.6998817121693897,-0.6942403541748098
1742,-0.6203258537379068,0.36739388751230356,0.7560524251776363,-0.20059906213573336,-0.6336447099067577,-0.3988038769363024,0.8844632882176069
1743,-0.1384959226282411,-0.19293947813753234,0.25693586048503086,-0.2627923514272205,-0.627883658044106,-0.2414196784605205,-0.5918966282560739
1744,-0.48780628675041,-0.6212130334006912,-1.1010995665548438,-0.458992719656795,-0.6836431414288081,-0.3474306818210185,0.3498038761341051
1745,-0.48780628675041,-0.6212130334006912,-1.0746009410347346,-0.458992719656795,-0.6789413428456265,-0.33568123351782986,0.35138801316194984
1746,-0.48780628675041,0.294500829942746,-1.241839924159984,-0.458992719656795,-0.6661468281184029,-0.4619833307766648,0.5325416184277237
1747,-0.48780628675041,0.38298497281402805,-1.2504210569500116,-0.458992719656795,-0.6661468281184029,-0.49495333391198704,0.5287784941564981
1748,-0.1384959226282411,-0.17021241546155488,-0.6394627988690139,-0.26279236386232885,-0.6600082686291677,-0.3697944298315788,-0.8362119844659971
1749,-0.1384959226282411,-0.1437659462142474,-0.7603224912030685,-0.26279236386232885,-0.6600082686291677,-0.39775502779143646,-0.8313703621753639
1750,-0.1384959226282411,0.1355499733727989,-0.6211149242686298,-0.26279236386232885,-0.6261227830251187,-0.36412099401499526,-0.7995622870381859
1751,-0.48780628675041,-0.5025174574364701,-0.9929675058632108,-0.458992719656795,-0.6836431414288081,-0.3770634560765687,0.3333556981916018
1752,-0.39452868789336654,-0.5784712074691908,-0.22415279410307337,-0.6190901198046362,-0.5351079447444912,-0.046822091551355076,0.6597858563940495
1753,-0.39452868789336654,-0.5784712074691908,-0.6164686226650136,-0.6190901198046362,-0.49302244512500304,-0.28604675629998844,1.537583180190151
1754,-0.6203258537379068,0.42402140369873664,0.8870675735175053,-0.20059906213573336,-0.662486179704649,-0.5300748815274314,0.848351035894127
1755,-0.48780628675041,-0.6216341841505447,-1.0074428550612375,-0.458992719656795,-0.6836431414288081,-0.22494341299598514,0.44318475081371056
1756,-0.6036568666429524,-0.5157850905079199,-0.5684116531963551,-0.17332163501795167,-0.6054045763041742,-0.4702817584659622,0.34363717698053386
1757,-0.6203258537379068,0.41824199194265516,-0.44410962192818443,-0.20059906213573336,-0.6545826663397545,-0.23678129264674855,-0.5293197729412441
1758,-0.48780628675041,0.19573849402529572,-0.18037709258094212,-0.45899271965665184,-0.5865803617628784,-0.5082643448562052,0.5648527012906875
1759,-0.48780628675041,0.3285570223929355,-0.5619518601647946,-0.458992719656795,-0.6661468281184029,-0.3897164007347202,0.5109034042738828
1760,-0.1384959226282411,1.4218275937606861,1.1622313180070103,-0.2627923390382293,-0.6600082686291677,-0.5960021489572394,3.553519105360093
1761,-0.6036568666429524,0.10217815286256074,1.4317271194906454,-0.17332163501795167,-0.6308247626021036,-0.9378992841944749,0.7658014870290107
1762,-0.6036568666429524,0.10601158613427487,-0.8382484736775543,-0.17332163501795167,-0.6308247626021036,-1.0154952807935673,0.7125996810097078
1763,-0.48780628675041,0.1624955951911894,-0.32876597180654843,-0.458992719656795,-0.6836431414288081,-0.5794406385279525,0.5199707684427991
1764,-0.6036568666429524,-0.6196408291807375,-0.8875906166752526,-0.17332163501795167,-0.6308247626021036,-0.8470811472006202,0.3116375930480065
1765,-0.1384959226282411,1.3549743558890475,-1.0254977600885982,-0.26279236386232885,-0.6600082686291677,-0.588718607319653,-0.8212081057078704
1766,-0.1384959226282411,1.3546957010949827,-1.1548949341639274,-0.26279236386232885,-0.5844207160695911,-0.6101137842293275,-0.8424782456369246
1767,-0.6203258537379068,0.36726039990692416,-0.39315649930664953,-0.20059906213573336,-0.6443389461412828,-0.7681478261362562,0.8943390817368242
1768,-0.39452868789336654,-0.5784438308928821,-0.9651528937732406,-0.6190901198046362,-0.5535219721642053,-0.7660566689745556,0.5835076051379331
1769,-0.48780628675041,-0.6236456507485229,-1.1595112741879374,-0.458992719656795,-0.6836431414288081,-0.30228472038122306,0.29827735718774656
1770,-0.1384959226282411,-0.1681350697937928,-0.8981532561936165,-0.26279236386232885,-0.6600082686291677,-0.5152260917361644,-0.810363501653447
1771,-0.1384959226282411,-0.23324393656139875,-0.8992827659513136,-0.26279236386232885,-0.6600082686291677,-0.5027551821104396,-0.8209230369134478
1772,-0.48780628675041,-0.6212130334006912,-1.119346848624568,-0.458992719656795,-0.6789413428456265,-0.29475815376013775,0.32426624269445187
1773,-0.6036568666429524,0.10440585573090312,-1.19335409431795,-0.17332163501795167,-0.6308247626021036,-0.7933444846369974,0.34647323250441003
1774,-0.48780628675041,-0.6214299657701975,-1.1567064624878083,-0.458992719656795,-0.6836431414288081,-0.32179242426693067,0.32671026567247047
1775,-0.39452868789336654,-0.5784712074691908,-0.5799995474139858,-0.6190901198046362,-0.5535219721642053,-0.5769079448813251,0.6232951867939381
1776,-0.6036568666429524,0.1011121171535934,-1.2204473834837748,-0.17332163501795167,-0.6054045763041742,-0.8585126072106013,0.16707477054967423
1777,-0.1384959226282411,1.332174254586835,-0.27850081819142514,-0.26279236386232885,-0.6261227830251187,-0.5897171593994633,-0.8979823389300369
1778,-0.39452868789336654,-0.5783835989612134,-1.2063277917754907,-0.6190901198046362,-0.5535219721642053,-0.7452035085865079,0.4394029791465947
1779,-0.48780628675041,0.17656107443263663,-1.4101706141795716,-0.458992719656795,-0.6836431414288081,-0.4374186354732068,0.16701110244303136
1780,-0.3733775174955575,-0.5578427642438057,-0.02384960526629413,-0.6190901198046362,-0.3723761089431139,-1.4068194530230644,0.36980624893493197
1781,-0.48780628675041,-0.6022537839989364,-0.9109158806204479,-0.458992719656795,-0.6836431414288081,-0.8254624801189163,0.24491224163291936
1782,-0.39452868789336654,-0.5658314912370644,-0.43797984568871323,-0.6190901198046362,-0.5535219721642053,-0.9191637045644377,0.4718874087291443
1783,-0.6203258537379068,1.1076836954888056,-0.685246158269724,-0.20059906213573336,-0.6545826663397545,-1.2051282179778486,-0.7209603821001798
1784,-0.39452868789336654,-0.5248712514819579,-0.5530143558150852,-0.6190901198046362,-0.4531972203083931,-0.29138579332205633,1.6145406826612592
1785,-0.6203258537379068,0.36490752910817315,-0.15847047334548145,-0.20059906213573336,-0.6109908481149122,-0.0901992495113527,-0.5452601774710714
1786,-0.1384959226282411,1.3522637143678564,-0.9616993193761323,-0.26279236386232885,-0.6600082686291677,-0.6845051907140871,-0.5852114502809502
1787,-0.1384959226282411,1.316844380757396,-1.0824185472140355,-0.26279236386232885,-0.6261227830251187,-0.5880487477637358,-0.8246515502247601
1788,-0.6036568666429524,-0.6200687940282303,-0.32309307643154556,-0.17332163501795167,-0.6054045763041742,-0.29291365541311587,0.767158119955669
1789,-0.48780628675041,-0.5769906865064564,-0.42129982197712923,-0.458992719656795,-0.6836431414288081,0.11999315823939673,0.3120908872205564
1790,-0.39452868789336654,-0.5707168559437129,-0.6871619659623105,-0.6190901198046362,-0.44287815324539614,-0.49825102992289777,1.6318106062810773
1791,-0.38984551330887707,-0.5249610035890829,1.0414960331554866,-0.6190901197887032,-0.38325101701535025,-0.07424435277581987,1.6876183521659391
1792,-0.6203258537379068,0.3146860295334996,-1.1745250049731568,-0.20059906213573336,-0.6545826663397545,-1.74687322005074,-0.6597868288330923
1793,-0.6203258537379068,0.3594015697670217,-0.9854489543320245,-0.20059906213573336,-0.6882229463716223,-1.7887217523806274,-0.6800155943152398
1794,-0.39452868789336654,-0.5657210605126888,-0.9380253152594165,-0.6190901198046362,-0.5535219721642053,-1.2851748977048685,0.4509139128943731
1795,-0.48780628675041,0.30561236403252684,-1.119043017491157,-0.458992719656795,-0.668765764423493,-1.165211537005466,0.23816245179242132
1796,-0.39452868789336654,-0.563453101170644,-0.9364281715430246,-0.6190901198046362,-0.4956739932861184,-1.445405983033528,0.45611391841924476
1797,-0.1384959226282411,1.2513036461314844,-0.9540978472166148,-0.26279236386232885,-0.5906633577201488,-1.2993937075428206,-0.8901520804078121
1798,-0.6036568666429524,0.1604879130765808,-1.377780539110241,-0.17332163501795167,-0.5766006179299277,-1.5506641585351866,0.1530281784484979
1799,-0.6203258537379068,0.2427761555497897,-0.7049710971393389,-0.20059906213573336,-0.6703409276036276,-1.2240474085111965,-0.6691215418033378
1800,0.5423084615813133,2.05129086139119,-1.4741694498040177,0.13918379251778423,-0.31495789038055727,-1.1642334216193253,0.15044181499033366
1801,0.4271545671803649,1.0701902472478142,-1.1853104875761287,0.3930394418937161,-0.3858872134285445,-1.1921123899730242,0.3149507183368427
1802,0.4626971350936148,-0.4430839156788403,-0.9857545730033852,0.35436697416032714,-0.38345502303437656,-1.6551805572535765,0.1252560155170341
1803,0.4626971350936148,-0.4430839156788403,-0.5850436575075901,0.35436697416032714,-0.38345502303437656,-1.2865926354000516,0.18050439083121458
1804,0.4626971350936148,-0.4430839156788403,-1.3201973291819766,0.35436697416032714,-0.38345502303437656,-1.384801808296033,0.09462297302125358
1805,0.4626971350936148,-0.4430839156788403,-1.2483742861994127,0.35436697527933775,-0.38345502303437656,-1.2135352130383723,0.11920428460964418
1806,0.4626971350936148,2.1691197852320077,-1.6804300845168654,0.3543669756869858,-0.3487354557116227,-1.4921382772757628,0.08322154807062472
1807,0.4626971350936148,2.1692794019388595,-1.55168235805914,0.35436697649356247,-0.3487354557116227,-1.4448771368261364,0.12157942941046038
1808,0.4271545671803649,1.2200650593781739,-0.8735200029718772,0.3930394418936921,-0.3858872134285445,-1.1973170679861818,0.3730682583822467
1809,0.2581520347311274,1.3071859654548559,-0.650667943953778,0.30176470515441156,-0.5143503711788425,-0.8368185158560812,0.05467206065034873
1810,0.4271545671803649,1.0701902472478142,-1.2497189779237778,0.3930394418936921,-0.3858872134285445,-1.2097811953436959,0.29543057543381396
1811,0.4626971350936148,-0.4430839156788403,-0.8652632304815454,0.35436697416032714,-0.38345502303437656,-1.116336152135955,0.16702224805614022
1812,0.2581520347311274,1.2880961090812175,-0.939329637007941,0.30176470515441156,-0.5143503711788425,-1.1591814631856727,0.04581998803288855
1813,0.4271545671803649,1.1026365865322625,-1.307797247873069,0.3930394418936921,-0.3858872134285445,-1.4240985138034252,0.3243347061800804
1814,0.08621803414595429,2.166406283606827,-1.0571758522004107,0.4204721749049774,0.0007334485978437629,-1.4758082190508608,0.3972129920242012
1815,0.5423084615813133,1.7758921882709797,-0.19422876346795812,0.13918378968274456,-0.36797265453960976,-0.7877749045244585,0.29870560385246936
1816,0.08621803414595429,2.1838034617772566,-0.7902303113212226,0.4204721749049774,-0.4251672270001595,-1.470260276809435,0.33861894930957204
1817,1.4621884256965911,2.667467227002366,-1.6371776357923784,0.1391837896843561,0.5692626348386006,-1.3100616039705577,0.14841140092810418
1818,0.5423084615813133,1.7422623786058342,-1.158577491270411,0.1391837896884258,-0.24253139236338633,-1.129615887200483,0.20874093536642777
1819,0.5423084615813133,1.7422623786058342,-1.232612941345739,0.1391837896867111,-0.36797265453960976,-1.151904136461785,0.21460939992465444
1820,0.08621803414595429,2.6872373131979477,-1.6285353980001998,0.4204721749049774,-0.39059197388408756,-1.4353433680786507,0.2666819137620389
1821,0.4271545671803649,1.0701902472478142,-1.4185516677534777,0.3930394418936921,-0.3858872134285445,-1.2677056773603947,0.2717074386254232
1822,0.4271545671803649,1.1077491935081218,-0.959259126649247,0.3930394418936921,-0.2893789252591777,-1.3817337415055182,0.36996897014127417
1823,0.5423084615813133,1.775514014067531,-0.8853982208794543,0.1391837896827698,-0.36797265453960976,-1.0827048043495942,0.256084413359898
1824,0.5423084615813133,2.0386750234183375,-1.2691160468670637,0.1391837896988432,-0.36797265453960976,-1.1092432929610256,0.17074412073069342
1825,0.4271545671803649,1.0947355932543872,-1.4415776428512392,0.3930394418962909,-0.3858872134285445,-1.306973939757427,0.2694055271197404
1826,0.5423084615813133,1.8250911561711298,-1.0164462976284736,0.13918378968284645,-0.2230912923403623,-1.3953824225497073,0.1919188001206474
1827,0.4271545671803649,1.0152524942211587,-0.6828660513307129,0.3930394418936921,0.07014127234991581,-1.3396940310127001,0.35116251850297314
1828,0.5423084615813133,1.7422623786058342,-1.3360550575351666,0.13918378972812281,-0.17908140003044393,-1.1817352589536603,0.1703060922703844
1829,0.4626971350936148,-0.4430839156788403,-1.2236332561646388,0.35436697416032714,-0.38345502303437656,-1.3258137544304573,0.11174870538362686
1830,0.08621803414595429,2.687210211323578,-1.622586686657897,0.4204724724663194,-0.4251672270001595,-1.4058423976847902,0.29389136591299475
1831,0.4271545671803649,2.5371585726432677,-1.6682311815553417,0.39303944298813925,-0.3858872134285445,-1.3732883214155835,0.24816165449767272
1832,0.5423084615813133,1.793360960224416,-0.7500443578673198,0.13918378968289816,-0.2282851258471998,-1.1117217054786743,0.2691018915832397
1833,0.4271545671803649,1.1077491935081218,-0.6904901715136305,0.3930394418936921,-0.28763107573266317,-1.16646475316815,0.34960909361327014
1834,0.5423084615813133,1.7431629590869844,-1.1508680580594626,0.1391837896828212,-0.36797265453960976,-1.1299024257000567,0.2238516169070469
1835,0.4626971350936148,-0.4430839156788403,-1.2836833124702742,0.35436697416032714,-0.38345502303437656,-1.3742982610281496,0.11106502549440872
1836,0.08621803414595429,2.167061805424304,-0.562150654395968,0.4204721752186877,-0.4251672270001595,-1.075387980730577,0.4075068856095483
1837,0.4626971350936148,-0.4430839156788403,-0.8820102436809234,0.35436697416032714,-0.38345502303437656,-1.4640736756608401,0.16042557412355937
1838,0.5423084615813133,1.7758921882709797,-1.1283831034863625,0.1391837896827698,-0.36797265453960976,-1.3438752596114372,0.244244525775834
1839,0.4626971350936148,-0.4430839156788403,-0.4431410944115415,0.35436697416032714,-0.38345502303437656,-0.9632120309144143,0.21645871552030443
1840,0.4271545671803649,0.9838768570321683,-0.9433981520419813,0.3930394418936921,-0.3858872134285445,-1.483289044436017,0.31223920571831837
1841,0.4271545671803649,1.074673669465273,-0.9789909479500183,0.3930394418936921,-0.3858872134285445,-1.361599509430924,0.3253488891144104
1842,0.4271545671803649,1.2451116491758516,-1.2128380856252237,0.3930394418936921,-0.3858872134285445,-1.1770136261026778,0.3000810274668468
1843,0.4271545671803649,1.208539862841857,-1.2778062056547022,0.3930394418936921,-0.3858872134285445,-1.2081092871465453,0.3003097620534046
1844,0.4626971350936148,2.1692794019388595,-1.5780270396980782,0.35436697416032714,-0.38345502303437656,-1.5248876296566947,0.09501462294399453
1845,0.2581520347311274,1.3016030205350133,-1.5100586533350002,0.30176470515441156,-0.5143503711788425,-1.4864135635958131,-0.014297733091466298
1846,0.5423084615813133,1.7755301766023446,-0.979367898924542,0.1391837896827698,-0.36797265453960976,-1.1925465472005232,0.2462976871906888
1847,0.5423084615813133,1.7755301766023446,-0.9951207665780819,0.13918378968279504,-0.36797265453960976,-1.3287757422147386,0.22805840004202277
1848,0.08621803414595429,2.1454297475492425,-1.3720085380223974,0.4204726821783532,-0.4251672270001595,-1.2736563839978163,0.32821292628570503
1849,0.4626971350936148,2.1691197852320077,-1.5835050181120056,0.35436961457098165,-0.36560020930218107,-1.460530184894296,0.027753489647265643
1850,0.08621803414595429,2.1401947503575434,-1.2354156043236537,0.4204721749049774,-0.4251672270001595,-1.2791324212523512,0.3214378311797822
1851,0.2581520347311274,1.3920974916205837,-1.592696912233355,0.30176470515441156,-0.5143503711788425,-1.4690959438183655,-0.03866753645149834
1852,0.08621803414595429,2.2152629098001126,-0.8043821377385626,0.4204721749049774,-0.4251672270001595,-1.5048155258424654,0.32626709866969006
1853,0.5423084615813133,1.7755301766023446,-0.9957737687553979,0.1391837896827698,-0.36797265453960976,-1.2453091327975698,0.2337394968671661
1854,0.4271545671803649,1.0152524942211587,-0.9590455734157198,0.3930394418936921,-0.3858872134285445,-1.5043198553598005,0.3274447886817048
1855,0.08621803414595429,2.167272188245518,-0.3599377388747198,0.4204721749049774,-0.4251672270001595,-1.011220487293512,0.42811213823339156
1856,0.2581520347311274,1.3016030205350133,-1.3261010394413542,0.30176470515441156,-0.5143503711788425,-1.4248583920554938,-0.04468345588279587
1857,0.2581520347311274,1.3016030205350133,-1.3362540743103466,0.30176470515441156,-0.5143503711788425,-1.4307844439761341,-0.02837264724536648
1858,0.4626971350936148,-0.4430839156788403,-1.4565459228233077,0.35436697416032714,-0.38345502303437656,-1.4605072320433297,0.10770365134118175
1859,0.4626971350936148,-0.4430839156788403,-1.3333539901953126,0.35436697416032714,-0.38345502303437656,-1.3936541511783447,0.14512198232679357
1860,0.2581520347311274,1.3131408228787664,-1.5813337704120498,0.30176470515441156,-0.5143503711788425,-1.5492749195418594,-0.025245521413285156
1861,0.4271545671803649,2.670177433671697,-1.5587677109977163,0.3930394439310604,-0.17458367646345604,-1.3606262161938814,0.2231569663029046
1862,0.08621803414595429,2.202641507066469,-1.3220477213293271,0.4204721749125122,-0.39059197388408756,-1.2627866031778758,0.3581963367786858
1863,0.4626971350936148,-0.4430839156788403,-1.3896401916843457,0.3543669741796739,-0.38345502303437656,-1.3685899007833335,0.13873335681163573
1864,0.5423084615813133,1.793360960224416,-0.7343662750003674,0.1391837896827698,-0.36797265453960976,-1.1662677759275064,0.2724304389964217
1865,0.4271545671803649,1.1077491935081218,-1.1678184447766025,0.3930394418936921,-0.3858872134285445,-1.4404418376416166,0.35515734106192404
1866,0.4626971350936148,-0.4430839156788403,-0.9040052833030199,0.35436697416032714,-0.38345502303437656,-1.3534995901993399,0.19781693847363768
1867,0.08621803414595429,2.167061805424304,-0.6113601286075051,0.4204721749050255,-0.4251672270001595,-1.177629170541679,0.4208062311754326
1868,0.2581520347311274,1.3016030205350133,-1.2851928934889452,0.30176470515441156,-0.5143503711788425,-1.396178137575351,-0.007130726517286103
1869,0.08621803414595429,2.197666506975716,-1.1684125142639599,0.4204721749049774,-0.4251672270001595,-1.2323108641072058,0.3252567189287566
1870,0.2581520347311274,1.3016030205350133,-1.2013830275158386,0.30176470515441156,-0.5143503711788425,-1.3403837260423033,-0.009062547166197699
1871,0.4271545671803649,1.0553586288153574,-1.2370950398438292,0.3930394418936921,-0.3858872134285445,-1.2177392640255025,0.32821747384768163
1872,0.5423084615813133,1.7755301766023446,-0.8571667007570957,0.13918378968274456,-0.36797265453960976,-1.159136546172736,0.26650416167951957
1873,0.08621803414595429,2.167061805424304,-0.6876537267917813,0.42047217490504946,-0.4251672270001595,-1.2004308981228817,0.41754006918801195
1874,0.5423084615813133,1.775777067390977,-1.4351896921921932,0.139183789683077,-0.36797265453960976,-1.3017242845681574,0.22010913253188888
1875,0.2581520347311274,1.3084894375316674,-1.188277091624745,0.30176470515441156,-0.5143503711788425,-1.4283596275986332,0.013631802763856131
1876,0.4626971350936148,-0.4430839156788403,-1.1130513837357732,0.35436697416032714,-0.38345502303437656,-1.6940811933289015,0.15969439806036292
1877,0.2581520347311274,1.3071658684664276,-1.1700210125003783,0.30176470515441156,-0.5143503711788425,-1.673055690217792,0.04943242735766017
1878,0.5423084615813133,1.7755301766023446,-0.49110487971720634,0.13918378968274456,-0.36797265453960976,-0.9931711559693968,0.2918903070074357
1879,0.2581520347311274,1.3071859654548559,-0.4520033991521014,0.30176470515441156,-0.5143503711788425,-0.7404637487833705,0.0819670542629223
1880,0.08621803414595429,2.1664263843515146,-0.7891292015539698,0.4204721749049774,-0.4251672270001595,-1.4431711632468747,0.38741615108083877
1881,0.4271545671803649,1.1077491935081218,-0.940622157425998,0.3930394418936921,-0.3858872134285445,-1.326917705227173,0.34300590169299
1882,0.4626971350936148,1.911128227502049,-1.5417068789552517,0.3543669741603518,-0.22785117200137897,-1.5513352725203033,0.08860202186869057
1883,0.4271545671803649,1.2365322779822132,-1.4617135992498673,0.3930394418937161,-0.3858872134285445,-1.278362614984219,0.23568005852079532
1884,0.08621803414595429,2.197666506975716,-1.0599981123627398,0.4204721749049774,-0.4251672270001595,-1.165676640082344,0.34336854202869793
1885,0.4271545671803649,1.2451116491758516,-1.2839438316847065,0.3930394418936921,-0.3858872134285445,-1.2012832179369277,0.2874163183236338
1886,0.08621803414595429,2.197666506975716,-1.1451308563326978,0.4204721749049774,-0.4251672270001595,-1.203085079189664,0.32537374919057016
1887,0.4626971350936148,-0.4430839156788403,-1.2709810617783828,0.35436697416032714,-0.38345502303437656,-1.3619497546356845,0.08503687493039154
1888,0.5423084615813133,1.7442337635158192,-1.295004193583701,0.13918378968294864,-0.36797265453960976,-1.1578518840960563,0.2368126793344043
1889,0.08621803414595429,2.656377327075924,-1.5320975398277417,0.4204721749049774,-0.4251672270001595,-1.398232266560369,0.3027120402094476
1890,0.08621803414595429,2.1401947503575434,-1.3306575845096125,0.4204721749049774,-0.4251672270001595,-1.3189586748426045,0.30122771414747446
1891,0.4626971350936148,-0.4430839156788403,-1.2962336511311723,0.35436697416113555,-0.38345502303437656,-1.3341852607407083,0.15491427037343178
1892,0.2581520347311274,1.2880961090812175,-0.8046824656062661,0.30176470515441156,-0.5143503711788425,-1.1036715293197976,0.0677738168431184
1893,0.5423084615813133,1.7755301766023446,-0.7233540678278005,0.13918378968274456,-0.36797265453960976,-1.1057920225047315,0.2681823820372675
1894,0.4626971350936148,-0.4430839156788403,-0.7589771356578124,0.35436697416032714,-0.38345502303437656,-1.1320604932165712,0.21575269153288856
1895,0.08621803414595429,2.1791991264262998,-0.7440357671740514,0.4204721749049774,-0.4251672270001595,-1.1880302840864971,0.3760540892427327
1896,2.4679021162487955,2.0268446026072264,-1.3139396439858668,0.30176470515441156,1.3110066910995326,-1.286710592051812,-0.05670838849353962
1897,0.5423084615813133,2.038677473792911,-1.2550444557818676,0.13918378974296794,-0.36797265453960976,-1.1034648783565753,0.18962981902173898
1898,0.2581520347311274,1.3071801186531948,-0.4490760459906159,0.30176470515441156,-0.5143503711788425,-0.7857787051753776,0.06759332216054309
1899,0.4626971350936148,-0.4430839156788403,-0.21540342930471237,0.35436697416032714,-0.38345502303437656,-0.7239193690660963,0.19687142342377204
1900,0.4271545671803649,1.2461746536364844,-1.4152785409627757,0.3930394418937161,0.03306629902620264,-1.233510532127201,0.22025671556652723
1901,0.4626971350936148,-0.4430839156788403,-1.330763108598041,0.35436697416032714,-0.3487354557116227,-1.3809222324729815,0.08811138996607633
1902,0.4271545671803649,2.670177433671697,-1.4783827285352344,0.3930394948412233,-0.17279602221528428,-1.3071167502033783,0.20900908775470908
1903,0.5423084615813133,2.6650658946893193,-1.5072132430740708,0.140356795782712,-0.36797265453960976,-1.1412067729613644,0.1348030833555161
1904,0.4626971350936148,-0.4430839156788403,-0.9517618637732819,0.3543669741603518,-0.38345502303437656,-1.443919703340819,0.18568988043883417
1905,0.5423084615813133,1.793389650565179,-0.794299035476332,0.13918378968284645,-0.31495789038055727,-1.1438660358000543,0.264729591044899
1906,0.4626971350936148,-0.4430839156788403,-1.1369539048473933,0.35436697416032714,-0.38345502303437656,-1.2984696567897982,0.1333735500021974
1907,0.08621803414595429,2.197666506975716,-1.1267739968888566,0.4204721749049774,-0.4251672270001595,-1.2044663217662155,0.32126004270149117
1908,0.5423084615813133,1.7755301766023446,-0.74165364690557,0.13918378968274456,-0.36797265453960976,-1.059062952423273,0.24997451157900463
1909,0.2581520347311274,1.3071859654548559,-0.9999164032089075,0.30176470515441156,-0.5143503711788425,-1.4337971898879427,0.021273370870922334
1910,0.4626971350936148,-0.4430839156788403,-0.5807863279396099,0.35436697416032714,-0.38345502303437656,-1.149565831848769,0.20137507757773018
1911,0.4271545671803649,1.0857583691185098,-0.355093086452957,0.3930394418936921,-0.3858872134285445,-0.8996217210020361,0.39151985698138864
1912,0.08621803414595429,2.2152629098001126,-0.7950031851937074,0.4204721749049774,-0.4251672270001595,-1.5006751034765926,0.32468151679345675
1913,0.4271545671803649,1.074673669465273,-0.9700340055251483,0.3930394418936921,-0.3858872134285445,-1.437555738253709,0.3158385491897983
1914,0.2581520347311274,1.3016030205350133,-1.2558818021260374,0.30176470515441156,-0.5143503711788425,-1.3767979521874345,-0.009497348974330378
1915,0.08621803414595429,2.197666506975716,-1.1069485518459825,0.4204721749049774,-0.4251672270001595,-1.1894309188491914,0.3431488519809628
1916,0.08621803414595429,2.1401947503575434,-1.3573646454686599,0.4204721749049774,-0.4251672270001595,-1.329600255103143,0.30081411897035826
1917,0.4271545671803649,1.2148432444014,-1.5563822444424995,0.3930394418937161,-0.2893789252591777,-1.3164676657667342,0.26033856541321454
1918,0.08621803414595429,2.1664263843515146,-0.8708992574119515,0.4204721749049774,-0.4251672270001595,-1.3498584998592271,0.39595215925996685
1919,0.4626971350936148,-0.4430839156788403,-0.9692848204001018,0.35436697416032714,-0.38345502303437656,-1.512639962585764,0.1615903972238017
1920,0.4271545671803649,1.253577352017427,-1.5042447662169633,0.3930394418993269,-0.3858872134285445,-1.3387025757977133,0.23360237540825673
1921,0.4271545671803649,1.236713070401402,-1.509940532403788,0.39303944190972334,-0.3858872134285445,-1.33488937944168,0.24223274590614222
1922,0.4271545671803649,1.0926655193978305,-1.4603158284205213,0.3930394418936921,-0.3858872134285445,-1.3179005546724711,0.30676729119251916
1923,0.4271545671803649,2.495770263772726,-1.5757267662058394,0.3930394425754143,-0.3858872134285445,-1.3501830093831282,0.27338521369260527
1924,0.5423084615813133,1.8249333932046046,-1.077519278527296,0.13918378968284645,-0.36797265453960976,-1.410003375025515,0.2334236729829107
1925,0.4271545671803649,1.107023214365452,-0.9948765116333422,0.3930394418936921,-0.3858872134285445,-1.3391648623632069,0.3405490351332756
1926,0.08621803414595429,2.1664263843515146,-0.421649534021422,0.4204721749049774,-0.4251672270001595,-1.0987449146786519,0.40834651864467486
1927,0.5423084615813133,1.8250911561711298,-0.5419082593257799,0.13918378968274456,-0.3333060531429352,-1.1377946785869544,0.2433892147420194
1928,0.08621803414595429,2.197666506975716,-1.204724033859595,0.4204721749049774,-0.4251672270001595,-1.2310266359610453,0.29987230133361625
1929,0.2581520347311274,1.3016030205350133,-1.3856892103809169,0.30176470515441156,-0.5143503711788425,-1.4589608201000586,-0.05975692316290973
1930,0.6648572814347419,2.66452991065203,-1.6530408537826042,0.13918401008792516,0.8070487521661244,-1.2075389889027335,0.18105593319786872
1931,0.08621803414595429,2.1449037558774413,-1.3462643296503425,0.4204721749590255,-0.4251672270001595,-1.2943251349698204,0.3504994467833736
1932,0.2581520347311274,2.6010612626397736,-1.7490767694633929,0.30176470521930493,-0.5143503711788425,-1.582213326319018,-0.06881924036136429
1933,0.4271545671803649,2.4965683444201456,-1.581730504068344,0.39303944189556195,-0.3858872134285445,-1.3395794440317128,0.2873024547019456
1934,0.4271545671803649,1.0553586288153574,-1.4552305998727801,0.3930394418937641,-0.3858872134285445,-1.3160810784259012,0.3121419050128294
1935,0.08621803414595429,2.145644014775214,-1.2136712129563965,0.4204721749053161,-0.4251672270001595,-1.2284919975489468,0.3681899547990491
1936,0.5423084615813133,1.7758921882709797,-0.9374779576702303,0.1391837896827698,-0.36797265453960976,-1.1883035613914148,0.27641308606309173
1937,0.5423084615813133,1.775777067390977,-0.9031988269426158,0.13918378968274456,-0.36797265453960976,-1.1531719100460964,0.2759655190383124
1938,0.08621803414595429,2.167061805424304,-0.5225861348022718,0.42047217490579814,-0.4251672270001595,-1.072164273286796,0.42091955424477234
1939,0.5423084615813133,1.7755301766023446,-0.7060307894905593,0.13918378968274456,-0.36797265453960976,-1.1116806767171392,0.27112122103493097
1940,0.5423084615813133,1.7431629590869844,-1.1898898445912416,0.13918378968284645,-0.36797265453960976,-1.1426093481696549,0.22043950297206036
1941,0.2581520347311274,1.3016030205350133,-1.2501528690691184,0.30176470515441156,-0.5143503711788425,-1.3796184696225275,-0.017285249994044027
1942,0.4271545671803649,1.2095110270471494,-1.1757437454914053,0.3930394418936921,-0.3858872134285445,-1.174774505533849,0.3089012145978404
1943,0.4626971350936148,-0.4430839156788403,-1.011519051040581,0.35436697416032714,-0.38345502303437656,-1.2212979556174062,0.1568184314950796
1944,0.5423084615813133,1.7755301766023446,-0.8233390483105836,0.13918378968274456,-0.36797265453960976,-1.1128723613616938,0.24844245148074423
1945,0.08621803414595429,2.165989178169091,-0.6943864656263903,0.4204721848827717,-0.4251672270001595,-1.199106831446936,0.40999320588986027
1946,0.08621803414595429,2.1319879999276674,-1.2583212653035416,0.4204721749049774,-0.4251672270001595,-1.4391090357424994,0.3499672404519036
1947,0.4271545671803649,1.0610035203248929,-1.1446540828481497,0.3930394418936921,-0.3858872134285445,-1.3066524654228944,0.33620741825698386
1948,0.08621803414595429,2.167061805424304,-0.9456535458194468,0.4204721749726697,-0.4251672270001595,-1.4363519803869056,0.4036649717008745
1949,0.4271545671803649,1.1185819761394278,-1.114635763249672,0.3930394418936921,-0.036875122872577416,-1.4624371482562835,0.3655104363043332
1950,0.4626971350936148,-0.4430839156788403,-0.46695001793806096,0.35436697416032714,-0.38345502303437656,-1.0637109625145975,0.21301543796398537
1951,0.2581520347311274,1.3071801186531948,-0.6657413886632971,0.30176470515441156,-0.5143503711788425,-1.1107209656472765,0.07086625428812456
1952,0.4271545671803649,1.09801126280765,-0.9394599395481636,0.3930394418936921,-0.3858872134285445,-1.4640758467369699,0.3396205563711713
1953,0.4626971350936148,-0.4430839156788403,-0.8759874917985367,0.35436697416032714,-0.38345502303437656,-1.5204147053182815,0.1629293071489822
1954,0.7251045585946375,2.1691197852320077,-1.623176775704964,0.35436697416032714,-0.1813635236920548,-1.5883521087112702,0.0694292570343228
1955,0.5423084615813133,1.7437707755831624,-1.4595668196661966,0.13918378970170955,-0.23897844635921153,-1.2351084366952167,0.1692767042142891
1956,0.2581520347311274,1.3016030205350133,-1.2939232065036508,0.30176470515441156,-0.5143503711788425,-1.4031333288940435,-0.031502229462120314
1957,0.4626971350936148,-0.4430839156788403,-1.3095661564633803,0.35436697416032714,-0.38345502303437656,-1.3737394147918918,0.09374055154010776
1958,0.5423084615813133,1.7422623786058342,-1.2232613380719275,0.13918378968571277,-0.36797265453960976,-1.149224871471062,0.21619793429459666
1959,0.2581520347311274,1.3016030205350133,-1.321656073743003,0.30176470515441156,-0.5143503711788425,-1.4217958489204199,-0.03796848679242656
1960,0.5423084615813133,1.7460484859675456,-1.5200399082931468,0.13918378968333253,-0.36797265453960976,-1.222381514035707,0.20084866041977342
1961,0.4626971350936148,2.1691197852320077,-1.6360311378331773,0.35436697416032714,-0.3487354557116227,-1.5438811191876383,0.09165115104381033
1962,0.5423084615813133,1.7431629590869844,-1.2850874051359062,0.13918378968289816,-0.36797265453960976,-1.171386112264314,0.21129436087474235
1963,0.08621803414595429,2.139888482483672,-1.3253718584134917,0.4204721749049774,-0.4251672270001595,-1.3003996296267397,0.3129257854232453
1964,0.5423084615813133,1.7755301766023446,-0.8188249716439704,0.13918378968274456,-0.36797265453960976,-1.1612151032531925,0.2689504949508102
1965,0.2581520347311274,1.2880961090812175,-0.9164463398140182,0.30176470515441156,-0.5143503711788425,-1.2859962219185241,0.06792855903414759
1966,0.08621803414595429,2.1784874337049445,-0.8025705160221033,0.4204721749049774,-0.4251672270001595,-1.19175157300815,0.36796604919046005
1967,0.08621803414595429,2.1784874337049445,-0.7394086795456863,0.4204721749049774,-0.31268276105569126,-1.1417804137004632,0.3762029896522855
1968,0.2581520347311274,2.4948393136417537,-1.6598340121152588,0.30176470516802867,-0.5143503711788425,-1.5075732014021832,-0.098106002034224
1969,1.4621884256965911,2.665191920731796,-1.5909041783022237,0.13920795177285256,-0.1251493905741253,-1.1687123865911726,0.12041043110921582
1970,0.08621803414595429,2.1455696986577837,-1.2160242387720652,0.4204721754437667,-0.4251672270001595,-1.234145097443492,0.33531564606831743
1971,0.4271545671803649,1.236713070401402,-1.4850690632141808,0.39303944189633894,-0.3858872134285445,-1.3331430953812164,0.2406861653815615
1972,0.2581520347311274,1.3071801186531948,-1.0675723883340882,0.30176470515441156,-0.5143503711788425,-1.6107687186212134,0.025344552360455238
1973,0.4626971350936148,-0.4430839156788403,-0.995952896791563,0.35436697416032714,-0.38345502303437656,-1.6716793649106556,0.1347767166750292
1974,0.5423084615813133,1.7755301766023446,-0.6007292404962917,0.13918378968274456,-0.36797265453960976,-1.1066323549686812,0.25211453145796003
1975,0.5423084615813133,1.8250911561711298,-0.6504444899134433,0.13918378968274456,-0.3333060531429352,-1.201446948013812,0.2395424603712225
1976,0.4271545671803649,1.2451116491758516,-1.389329546000141,0.3930394418936921,-0.3858872134285445,-1.2379287664988252,0.2569211154748436
1977,0.08621803414595429,2.197666506975716,-1.1896058044196205,0.4204721749049774,-0.4251672270001595,-1.2206999301866333,0.2979212974180728
1978,0.2581520347311274,1.3016030205350133,-1.21398315587423,0.30176470515441156,-0.5143503711788425,-1.3526000084921963,-0.021232664158285734
1979,0.08621803414595429,2.197666506975716,-1.180604289253475,0.4204721749049774,-0.4251672270001595,-1.228110620290009,0.31381994858856194
1980,0.08621803414595429,2.687210211323578,-1.6074733238562326,0.4204811388521649,-0.4251672270001595,-1.4198062598032237,0.2802970842255716
1981,0.2581520347311274,2.6010612626397736,-1.7437740087275415,0.301764705281054,-0.5143503711788425,-1.5785966374649067,-0.07329912578290737
1982,0.5423084615813133,2.6650658946893193,-1.5740804480488813,0.1393415222093793,-0.31495789038055727,-1.1656104590621346,0.1383089505351238
1983,0.5423084615813133,2.664514095561634,-1.6355315721513835,0.13918434198773388,-0.31495789038055727,-1.2010979075508272,0.1639300994205785
1984,0.2581520347311274,1.306314681622547,-1.013075615130229,0.30176470515441156,-0.5143503711788425,-1.335511442243202,0.054935832054174995
1985,0.4626971350936148,-0.4430839156788403,-1.1923343461777205,0.35436697416052293,-0.3471280462308235,-1.5142932113123744,0.17903124105971324
1986,0.2581520347311274,1.287226385079937,-0.8364981698789778,0.30176470515441156,-0.5143503711788425,-1.0414992617632537,0.04541985692223434
1987,0.08621803414595429,2.167061805424304,-0.6481054236421092,0.4204721816510986,-0.4251672270001595,-1.170199970403159,0.4056590454930923
1988,0.2581520347311274,1.3016030205350133,-1.2379528744261592,0.30176470515441156,-0.5143503711788425,-1.3706927512205878,-0.01872848142558334
1989,0.4626971350936148,-0.4430839156788403,-0.9386688724780987,0.35436697416032714,-0.38345502303437656,-1.1739728248118726,0.1565035063737626
1990,0.5423084615813133,1.7431629590869844,-1.1740541154935513,0.13918378968325587,-0.36797265453960976,-1.136345041605005,0.21769159091477802
1991,0.4271545671803649,1.2095110270471494,-1.2184363163235143,0.3930394418936921,-0.3858872134285445,-1.1837954866781328,0.29373049770565124
1992,0.2581520347311274,1.3071859654548559,-0.8064230118899745,0.30176470515441156,-0.5143503711788425,-1.0037757769348303,0.0522279887456764
1993,0.4626971350936148,-0.4430839156788403,-0.7258827620897363,0.35436697416032714,-0.38345502303437656,-1.2659228635482274,0.19053771201274197
1994,0.2581520347311274,1.3071859654548559,-0.9645981620179763,0.30176470515441156,-0.5143503711788425,-1.434504655066435,0.03108809475043195
1995,0.08621803414595429,2.1664263843515146,-0.7736982986422938,0.4204721749049774,-0.4251672270001595,-1.3069025786295643,0.4014293650565397
1996,0.4271545671803649,1.1077491935081218,-0.9618235187385283,0.3930394418936921,-0.3858872134285445,-1.3909441288104327,0.34141544836877663
1997,0.5423084615813133,1.7755301766023446,-0.7497154891436565,0.13918378968274456,-0.36797265453960976,-1.1216257810198822,0.2849313414314692
1998,0.4626971350936148,-0.4430839156788403,-0.5298446285114582,0.35436697416032714,-0.38345502303437656,-1.1438382357397445,0.19052505241060783
1999,0.5423084615813133,1.7755301766023446,-0.4360590290195386,0.13918378968274456,-0.36797265453960976,-0.9620863944927536,0.29695955059669105
2000,0.08621803414595429,2.1656952913421086,-0.7835952952765676,0.4204721749049774,-0.4251672270001595,-1.3802780972292348,0.34850798964979973
2001,0.08621803414595429,2.1656952913421086,-0.8676314986168105,0.4204721749049774,-0.4251672270001595,-1.5126073824413548,0.3383177571819326
2002,0.5423084615813133,1.7755301766023446,-0.9367114213603214,0.13918378968279504,-0.36797265453960976,-1.258526376156639,0.2322105186383968
2003,0.4626971350936148,-0.4430839156788403,-0.9602878027178046,0.35436697416032714,-0.38345502303437656,-1.5008149140003573,0.1596524140367367
2004,0.4271545671803649,1.2451116491758516,-1.2201933515160261,0.3930394418936921,-0.3858872134285445,-1.179090459015797,0.2985691842488067
2005,0.2581520347311274,1.3016030205350133,-1.2560286757400247,0.30176470515441156,-0.5143503711788425,-1.3799500364815487,-0.024480720338824206
2006,0.4626971350936148,-0.4430839156788403,-1.216216442061147,0.35436697416032714,-0.38345502303437656,-1.3199948346893737,0.13064645126078459
2007,0.08621803414595429,2.197666506975716,-1.1356779295876427,0.4204721749049774,-0.4251672270001595,-1.2018301569972334,0.32842812727213344
2008,0.2581520347311274,2.452851908596964,-1.6402544511262607,0.30176470515441156,-0.5143503711788425,-1.5742470287358477,-0.06720060905996651
2009,0.4271545671803649,1.206563867452829,-1.5470900532214376,0.3930394418937161,-0.3858872134285445,-1.3110479124129042,0.2718005888020474
2010,0.2581520347311274,1.3016030205350133,-1.4538810864662255,0.30176470515441156,-0.5143503711788425,-1.4115632405198055,-0.020979927198108175
2011,0.4626971350936148,-0.4430839156788403,-1.3939124144290405,0.35436697424907654,-0.38345502303437656,-1.3500530172024563,0.12434200734241076
2012,0.2581520347311274,1.3071859654548559,-0.9624730706037996,0.30176470515441156,-0.5143503711788425,-1.2861628848633513,0.043037045444212024
2013,0.08621803414595429,2.1784874337049445,-0.8476879798158862,0.4204721749049774,-0.4251672270001595,-1.251850302844004,0.36696866247154175
2014,0.2581520347311274,1.4859548178868882,-0.9610219297053585,0.30176470515441156,-0.5143503711788425,-1.5761431896306841,0.01833305298357232
2015,0.2581520347311274,1.304216826111438,-0.9611113095829977,0.30176470515441156,-0.5143503711788425,-1.5673426528283512,0.017781221902636698
2016,0.2581520347311274,1.2744550078877532,-1.5853822833505389,0.30176470515448545,-0.5143503711788425,-1.4637657402909343,-0.0789041038649243
2017,0.5930302108804324,1.2412042849970955,-1.4127918631714722,0.3930394421417498,-0.2893789252591777,-1.2794475437723543,0.27342538105079794
2018,0.2581520347311274,1.510574584856501,-1.5566482945667215,0.3017647051544608,-0.4652251203723025,-1.4384541725330764,-0.07983285663889834
2019,0.3337017512549151,2.4499951082643516,-1.6526569214041786,0.3017647051551042,-0.5143503711788425,-1.484235831304923,-0.06455570650285801
2020,0.08621803414595429,2.145612159865228,-1.3509682163240753,0.4204721749049774,-0.4251672270001595,-1.333083564072658,0.3209717392196852
2021,0.4626971350936148,-0.4430839156788403,-1.3557602209772726,0.35436697416032714,-0.38345502303437656,-1.456013504680369,0.12344232496273046
2022,0.4271545671803649,1.0531762450131097,-1.421182184873592,0.39303944268907065,-0.3858872134285445,-1.2680616111450171,0.28475797136112035
2023,0.5423084615813133,1.765650741353678,-1.351644751925114,0.13918378984355328,-0.36797265453960976,-1.1400294925341063,0.20716338435441498
2024,0.4271545671803649,0.979250298310455,-1.056707489816914,0.3930394418936921,-0.3858872134285445,-1.5281675297477748,0.3221000760832066
2025,0.2581520347311274,1.3071801186531948,-0.9531082688972065,0.30176470515441156,-0.5143503711788425,-1.4598746577816728,0.03009113314233248
2026,0.08621803414595429,2.1664263843515146,-0.9102121184497404,0.4204721749049774,-0.4251672270001595,-1.4076565882510788,0.3712269681182138
2027,0.4271545671803649,1.1077491935081218,-0.8266908779236488,0.3930394418936921,-0.3858872134285445,-1.245628674420139,0.35156972691847976
2028,0.08621803414595429,2.2159191612951132,-0.8178751132734888,0.4204721749049774,-0.4251672270001595,-1.518428470404405,0.3532344272422575
2029,0.5423084615813133,1.8249333932046046,-0.5789444715393944,0.13918378968274456,-0.36797265453960976,-1.170346823356343,0.2728500878131895
2030,0.2581520347311274,1.3071710016481877,-0.6321294736463668,0.30176470515441156,-0.5143503711788425,-1.1058097590251819,0.079048770438842
2031,0.5423084615813133,1.775514014067531,-0.5039331947390012,0.13918378968274456,-0.36797265453960976,-1.031650051964607,0.29343080368739816
2032,0.2581520347311274,1.3016030205350133,-1.2626431143992736,0.30176470515441156,-0.5143503711788425,-1.384791634665271,-0.034484326388416954
2033,0.2581520347311274,1.3016030205350133,-1.2948032502542801,0.30176470515441156,-0.5143503711788425,-1.4050138583668663,-0.039477926180062094
2034,0.4271545671803649,1.2451116491758516,-1.2996305435582156,0.3930394418936921,-0.3858872134285445,-1.2106067649026953,0.287733247830368
2035,0.2581520347311274,1.3016030205350133,-1.3219217863214097,0.30176470515441156,-0.5143503711788425,-1.4215804445285036,-0.024734258643122044
2036,0.4626971350936148,-0.4430839156788403,-1.443338144477045,0.35436697416032714,-0.38345502303437656,-1.4571413661781143,0.1077376870687
2037,0.4626971350936148,2.1692794019388595,-1.5529748540900228,0.35436697416032714,-0.38345502303437656,-1.5084532540762434,0.10692947876030166
2038,0.2581520347311274,1.3016030205350133,-1.4181453532903852,0.30176470515441156,-0.5143503711788425,-1.4801669928520929,-0.03055729094146623
2039,0.2581520347311274,1.3016030205350133,-1.4136802127387047,0.30176470515441156,-0.5143503711788425,-1.475519995809772,-0.020316231924578897
2040,0.4271545671803649,1.2014767960113208,-1.5541682280547857,0.3930394418936921,-0.3858872134285445,-1.3332534735907413,0.28771013363749043
2041,0.4271545671803649,1.2014767960113208,-1.5681278696225558,0.3930394418936921,-0.3858872134285445,-1.3283651427642063,0.2614825960575799
2042,0.5423084615813133,2.664492972620506,-1.5888328604365853,0.13920245737763676,-0.31495789038055727,-1.1743292095620812,0.15195466446424727
2043,0.4271545671803649,2.670177433671697,-1.4927183197508962,0.39303948313586506,-0.17279602221528428,-1.342573241344958,0.21145777894564408
2044,0.5423084615813133,1.7442337635158192,-1.3960816981981987,0.139183790326622,-0.36797265453960976,-1.1835286469315494,0.22563363342031534
2045,0.4271545671803649,1.345539016999084,-1.5276542554594674,0.3930394419065655,-0.3858872134285445,-1.3321742159950867,0.30466634109380464
2046,0.2581520347311274,1.3073008175384013,-1.2833541334698197,0.30176470515441156,-0.5143503711788425,-1.3599455570440344,0.01666249920141083
2047,0.08621803414595429,2.1453567496538453,-1.095004941402808,0.4204721749049774,-0.4251672270001595,-1.182643211490251,0.37709515763365936
2048,0.2581520347311274,1.3071801186531948,-0.8337197599952526,0.30176470515441156,-0.5143503711788425,-1.241869091901908,0.06990257417483516
2049,0.5423084615813133,1.8556897758419255,-0.6965397091057628,0.1391837896827698,-0.31495789038055727,-1.1602198751387982,0.2612054426324793
2050,0.4271545671803649,1.074673669465273,-1.0426196756682309,0.3930394418936921,-0.3858872134285445,-1.3754790186254804,0.3684730918323543
2051,0.08621803414595429,2.1683016482307536,-0.8959808788932448,0.4204721749495827,-0.4251672270001595,-1.3669880295933463,0.41387177026815425
2052,0.5423084615813133,1.7755301766023446,-0.9181449975353023,0.13918378968274456,-0.36797265453960976,-1.181642027815135,0.26948308024622825
2053,0.08621803414595429,2.167061805424304,-0.7748489058483861,0.4204721749051221,-0.4251672270001595,-1.2765958661709726,0.4116055786573066
2054,0.2581520347311274,1.2880961090812175,-0.8831401591205379,0.30176470515441156,-0.5143503711788425,-1.1840722928180416,0.06392526582960956
2055,0.4626971350936148,-0.4430839156788403,-0.7835487365865824,0.35436697416032714,-0.38345502303437656,-1.2443836995710245,0.1972049756270525
2056,0.08621803414595429,2.145612159865228,-1.0989952243512247,0.4204721749049774,-0.4251672270001595,-1.2014303233368238,0.3552967754138209
2057,0.4626971350936148,-0.4430839156788403,-1.185950019520637,0.35436697416032714,-0.38345502303437656,-1.3221739469550844,0.14145868491179048
2058,0.08621803414595429,2.197666506975716,-1.112857180372828,0.4204721749049774,-0.4251672270001595,-1.1938458892758441,0.3294745622849856
2059,0.4271545671803649,1.2095110270471494,-1.327220267300815,0.3930394418936921,-0.3858872134285445,-1.228191315899564,0.2844932340056558
2060,0.2581520347311274,1.3016030205350133,-1.2599405398508563,0.30176470515441156,-0.5143503711788425,-1.3765869718370298,-0.006331859107804763
2061,0.08621803414595429,2.197666506975716,-1.0239777794101657,0.4204721749049774,-0.4251672270001595,-1.1431395586627178,0.34072388408668997
2062,0.4626971350936148,-0.4430839156788403,-1.1836593958315966,0.35436697416032714,-0.38345502303437656,-1.3248016344952118,0.14612307306790415
2063,0.4271545671803649,1.0553586288153574,-1.018372404352467,0.3930394418936921,-0.3858872134285445,-1.1118183434910505,0.33720134941416563
2064,0.4626971350936148,-0.4430839156788403,-0.818026432755118,0.35436697416032714,-0.38345502303437656,-1.2616703276781558,0.19580014667235857
2065,0.2581520347311274,1.3071859654548559,-0.871696699446432,0.30176470515441156,-0.5143503711788425,-1.1868769725356254,0.06791335010839693
2066,0.4271545671803649,1.1077491935081218,-0.7897280081650516,0.3930394418936921,-0.3858872134285445,-1.2202703177148122,0.37731512496246083
2067,0.4626971350936148,-0.4430839156788403,-0.5826812899093292,0.35436697416032714,-0.38345502303437656,-1.0298954162900886,0.20254991308144038
2068,0.2581520347311274,1.3084894375316674,-1.4383003950975066,0.30176470515441156,-0.5143503711788425,-1.6239471044541722,-9.803069044084512e-05
2069,0.4271545671803649,1.206563867452829,-1.5414551358111226,0.3930394418936921,-0.3858872134285445,-1.4061247903773817,0.252292803722009
2070,0.5423084615813133,1.775777067390977,-1.1905047691215989,0.13918378968289816,-0.36797265453960976,-1.2160409645307686,0.2298783800654293
2071,0.2581520347311274,1.3084894375316674,-1.4206843283790018,0.30176470515441156,-0.5143503711788425,-1.5452501256686393,-0.04737765288875411
2072,0.5423084615813133,1.8139376886054022,-1.1154402264156447,0.13918378968284645,-0.36797265453960976,-1.4105220490646273,0.25275122955888313
2073,0.4626971350936148,-0.4430839156788403,-1.105486431457978,0.35436697416032714,-0.38345502303437656,-1.70654714598768,0.16337702989382086
2074,0.2581520347311274,1.3071658684664276,-1.2303089190495344,0.30176470515441156,-0.5143503711788425,-1.6795227572210079,0.04305867587039126
2075,0.5423084615813133,1.7755301766023446,-0.8479163690422046,0.13918378968274456,-0.36797265453960976,-1.20056024918738,0.26917711366999225
2076,0.4626971350936148,-0.4430839156788403,-0.382501009321166,0.35436697416032714,-0.38345502303437656,-0.8669467344901769,0.2189678811344618
2077,0.2581520347311274,1.3071801186531948,-1.034557804754954,0.30176470515441156,-0.5143503711788425,-1.527449542848624,0.023629133373055614
2078,0.08621803414595429,2.1664263843515146,-0.4987148665622627,0.4204721749049774,-0.4251672270001595,-1.2111492361482812,0.40417145382859104
2079,0.4271545671803649,1.074673669465273,-0.29728113582665233,0.3930394418936921,-0.3858872134285445,-0.8553219664048892,0.3928711848406017
2080,0.4271545671803649,1.1077491935081218,-0.9091029198818441,0.3930394418936921,-0.3858872134285445,-1.4425566461457016,0.3412249903513733
2081,0.4271545671803649,0.9838768570321683,-0.930891303805217,0.3930394418936921,-0.3858872134285445,-1.4688008177221876,0.34831555680559917
2082,0.5423084615813133,1.7755301766023446,-0.913101201920551,0.1391837896827698,-0.36797265453960976,-1.2173714428455096,0.2476641952007514
2083,0.08621803414595429,2.1664263843515146,-0.7882740312438508,0.4204721749049774,-0.4251672270001595,-1.325237991879298,0.36827787056671274
2084,0.2581520347311274,1.3084894375316674,-1.3893746296779172,0.30176470515441156,-0.5143503711788425,-1.5421886054272365,-0.012470753288638357
2085,0.08621803414595429,2.2020858461436026,-1.3132779424205863,0.4204721749049774,-0.31268276105569126,-1.314761963683298,0.27052101526075106
2086,0.08621803414595429,2.202617765706787,-1.33548536184779,0.4204721749049774,-0.4251672270001595,-1.2886856383384575,0.2615133880708686
2087,0.08621803414595429,2.190543351404008,-1.2799287162871686,0.4204721749049774,-0.4251672270001595,-1.2630829053491466,0.2700069378411296
2088,0.4271545671803649,1.2095110270471494,-1.2228713430040796,0.3930394418936921,-0.3858872134285445,-1.1870125335206274,0.3071009917641399
2089,0.2581520347311274,1.3016030205350133,-1.2523552783919074,0.30176470515441156,-0.5143503711788425,-1.3752903072496425,-0.012140178543384228
2090,0.5423084615813133,1.7422623786058342,-1.1692569772608636,0.13918378968476616,-0.36797265453960976,-1.1321757043310388,0.22080863909034218
2091,0.4626971350936148,-0.4430839156788403,-1.2262864019530917,0.35436697416032714,-0.38345502303437656,-1.3260940483761747,0.10911653607059933
2092,0.4271545671803649,1.2451116491758516,-1.2906567655797934,0.3930394418936921,-0.3858872134285445,-1.2093309907385215,0.28988416046203264
2093,0.4626971350936148,-0.4430839156788403,-1.1325366559175043,0.35436697416032714,-0.38345502303437656,-1.271643933335649,0.13258046064967277
2094,0.4626971350936148,-0.4430839156788403,-1.2464299710404776,0.35436697416032714,-0.38345502303437656,-1.3425159975929128,0.09999080076738698
2095,0.5423084615813133,1.7422623786058342,-1.2460867060792293,0.13918378969165077,-0.36797265453960976,-1.1571719310882573,0.19869143988240115
2096,0.4626971350936148,-0.4430839156788403,-1.406174975413893,0.3543669741606461,-0.38345502303437656,-1.3976235444043124,0.1404647284317847
2097,0.4271545671803649,1.2014767960113208,-1.5239578337402926,0.3930394418936921,-0.3858872134285445,-1.3281923800162325,0.29808439681604026
2098,0.2581520347311274,1.3073008175384013,-1.5573544392482155,0.30176470515441156,-0.5143503711788425,-1.544145725678867,-0.033404451337237975
2099,0.5423084615813133,1.7442337635158192,-1.3346340721213714,0.13918378968292341,-0.36797265453960976,-1.1786909544278252,0.22730816947480456
2100,0.4626971350936148,-0.4430839156788403,-1.3113270359219067,0.35436697416042506,-0.38345502303437656,-1.3389812311154026,0.15541908402134197
2101,0.2581520347311274,1.3072826535217479,-1.4455319049937343,0.30176470515441156,-0.5143503711788425,-1.505171071008366,-0.024476445156983447
2102,0.5423084615813133,1.7442337635158192,-1.375805637267717,0.13918378968358897,-0.36797265453960976,-1.2033432963277633,0.21645412437536568
2103,0.4626971350936148,-0.4430839156788403,-1.3124944489546764,0.35436697416032714,-0.38345502303437656,-1.3930421155069639,0.14332751354470452
2104,0.5423084615813133,1.7755301766023446,-0.7487025323566733,0.13918378968274456,-0.36797265453960976,-1.110729449480447,0.2688565792998162
2105,0.08621803414595429,2.167061805424304,-0.6743760761126698,0.4204721749065228,-0.4251672270001595,-1.1821682770813984,0.41911712079835917
2106,0.4626971350936148,-0.4430839156788403,-0.8258768893688736,0.35436697416032714,-0.38345502303437656,-1.2820978650453865,0.19406370214948665
2107,0.4626971350936148,-0.4430839156788403,-0.7235691532403257,0.35436697416032714,-0.38345502303437656,-1.2047406453961855,0.1988943959305825
2108,0.4626971350936148,-0.4430839156788403,-0.8765024295726723,0.35436697416032714,-0.3800827035228948,-1.279154629476457,0.20777953862757323
2109,0.5423084615813133,1.7755301766023446,-0.9066287212371699,0.1391837896827698,-0.3531343736542255,-1.1437351785579377,0.2778586077049072
2110,0.08621803414595429,2.1784874337049445,-0.7502705814563922,0.4204721749049774,-0.31268276105569126,-1.1204164041105888,0.37349820554392965
2111,0.4626971350936148,-0.4430839156788403,-0.8333123207280038,0.35436697416032714,-0.3487354557116227,-1.2633116448976707,0.17901747083672231
