Row,TD_P,CL,LSC,DCP,N1,kDN,TD_U,LSR,N2,F1
1,0.8335686553608908,0.21496654975261986,0.9981111511382014,0.01647059368035899,0.9995382222878924,1.0004453685705161,0.8874833227741853,0.9061537345041796,0.6597313263083148,0.909212860721979
2,0.8334423769185868,0.10785558271912042,0.9923260362803024,0.01567864199500213,0.0022553880732591757,0.4998718387131976,0.8890655205537704,0.8653413542085264,0.38082100387145595,0.9088102617778689
3,0.8309725895217763,0.11865676545557313,0.9954592692303036,0.016656808896368627,0.998445548484139,0.6999739096685832,0.8889905648415481,0.899989250741433,0.6208764879131263,0.8862124204604543
4,0.3351096820668536,0.11862921455678928,0.9989341561287205,0.0051104926579866265,0.9996843382514359,0.5995966995123494,0.33363728644864293,0.8606478996998882,0.5557797229906144,0.841034107281336
5,0.333703894540493,0.028200999431759313,0.9965786769105393,0.0035529588356290804,-0.000421277640562598,0.49873734419408045,0.3339404012599714,0.8184370458432655,0.24060966751180426,0.8398450525136884
6,0.8332075281626679,0.09115006432996077,0.9526607818591712,0.017031523653904097,0.00014326327760358435,-0.00013635992153460095,0.889133499282411,0.8201267734697921,0.15311618702508467,0.8394878278303196
7,0.8340162371188466,0.9874270812860242,0.9853436016380167,0.01619604681832716,0.6652790227247053,0.49972866816657346,0.8881895840633606,0.9203336445960651,0.15256581269890512,0.9327158323047726
8,0.8344363430465203,0.09019088969284121,0.9891709129846771,0.0179929960134618,0.33504005175998314,0.40071616422502954,0.8909101859916956,0.8697869144484154,0.4043494030076647,0.8422545838245297
9,0.8336653682525265,0.09134395039647836,0.9959088169858853,0.015563202234508784,1.0016681602182527,0.6999299055659779,0.8885375617735652,0.9432155721030019,0.6565498131968538,0.8857132566541591
10,0.8331319483545571,0.10912399037087761,0.9956740382322027,0.017335053871983638,0.49988520881467463,0.600798378568572,0.8885231083224473,0.953353247864062,0.6017213872669541,0.9073280372570566
11,0.8345303584437864,0.10890940296559194,0.9925516219810425,-2.1168789273113088e-05,0.5006581113930699,0.29986314628167465,0.5556922165077259,0.8788573595726201,0.18995769166859702,0.8866003852299461
12,0.33386731094113364,0.03035005114748613,0.9977383116755887,0.002039546718536832,0.9996889090047405,0.39951773177569444,0.3316867133355759,0.9653893855934279,0.7807948060520962,0.8865025355080909
13,0.8330433356701646,0.09146894364648404,0.9876469554948266,0.015410084436037634,-0.00041755093912083826,0.2986042605149846,0.888869368843632,0.8402746820310146,0.4600537681128418,0.8852204723557826
14,0.5003102097080349,0.9927159652323683,0.9958199160599345,0.0002189016793726342,1.0010610815138785,0.9004008942691359,0.3338224811913635,0.8379786101992381,0.5475066184740214,0.7962040009119233
15,0.8346221065662889,0.19912513023903528,0.9967037769534537,0.015984798803614062,0.9989972974222575,0.8992216940612701,0.8894937098308665,0.8880595490564724,0.5794899894663587,0.8856384892338081
16,0.8325698465539109,0.08959223208117344,0.9974767695010628,0.017237261868892177,0.5007491423206966,0.9002051480065717,0.8898849456173707,0.9532418470168451,0.5963512288425712,0.9312404576131201
17,0.3319261653061829,0.03443136895931283,0.9902441316605519,0.0025218952502478907,-0.0009267831274012639,0.20191973368379604,0.33429183221263786,0.8840449054066761,0.45210905215109837,0.8402670068130552
18,0.5015428374525192,0.9922866921324112,0.9997900831056692,0.0010914801579202547,0.5025989692732242,0.3011149858215295,0.3337881362174331,0.8679607734946431,0.5550401665715997,0.8178899902770038
19,0.33520296040899766,0.04367509341442256,0.9943752681109043,0.0028649542624047367,-0.0011334980837779424,0.5004489175189965,0.3335635835432009,0.8594179087792707,0.444270384941429,0.863898369714205
20,0.3328381142181547,0.040961238012965834,0.9957766515462151,0.004890924553128766,0.49996146815802534,0.09846294247391495,0.3353891575740498,0.8597277245760364,0.33040557948156274,0.8627567884776096
21,0.33367562956073044,0.02570303867131048,0.9983904660538768,0.004348945262854202,0.6672380129676354,0.6984374835886155,0.33435532614594315,0.9245496473696317,0.5664551164271984,0.8413118592383287
22,0.8345925329426596,0.18711017418060552,0.9952162213957205,-0.0006712065400464791,-0.0004891794714866533,0.19936418531302405,0.5566547222442679,0.8762693021645702,0.46306292282143363,0.8432474145254937
23,0.8336492495560965,0.8346512361957527,0.986968295453082,0.017478597124915438,0.00044472847895138265,0.5024683732516461,0.8891789200814962,0.9135617149206952,0.1406059030031407,0.9075329149457082
24,0.5007056932669884,0.10460655661665992,0.9898186698923984,-0.000749057027245857,-0.00012283741952060485,0.1998355459578221,0.3337174546329746,0.8647280111301506,0.26687056139624493,0.8418646814817764
25,0.8322320141979412,0.09250530960241127,0.9898378831472492,0.016976527221625286,0.5012069470016907,0.7009229092397508,0.889560958584125,0.9539492582139043,0.2714147741015079,0.8853836583441198
26,0.9982061825920518,0.10103576882355386,0.9962690869063145,-0.0007527017983406782,0.9999822188793204,0.5995537851389047,0.6666289832689367,0.9144083141622336,0.6769519112649333,0.8177423198458595
27,0.9994822706401534,0.09405386852057802,0.9974093582278056,0.0009500859827857,0.9991969931171275,0.9026142883576861,0.6677480255999962,0.8862812488476237,0.6275592410965342,0.7498184083086423
28,0.8330103680151679,0.09010197774040384,0.9903478754742306,0.016251891283042646,0.4986066468051418,0.5996453567390287,0.8878326210609986,0.8847448522889629,0.17110562103743068,0.8417464963000311
29,0.8343925060307196,0.38185305241219847,0.9960261245879269,0.015487543005694299,1.000312323637321,0.6996854722679157,1.0007267020801607,0.9161843607732217,0.5248756525595784,0.9093213771115416
30,1.000188366969851,0.17886588747464194,0.9930749163516526,-0.0011771694218304072,0.9993845763670639,0.20037690866398786,0.666422860084548,0.8384589829747849,0.5447395126327423,0.8399859188910768
31,0.3353800136282811,0.05144708372695016,0.9921438511948497,0.005681043747142161,0.5008770134259336,0.5007465762021263,0.3330650592534601,0.8132815998562738,0.257133947373237,0.8179212317769475
32,0.3326534451767743,0.0264105040813858,0.9857730682024262,0.004489272556846894,7.5866062959944e-05,0.10111750501151462,0.3343881402471675,0.8177118300458096,0.3149681564710102,0.8418119536143793
33,0.8343210148527836,0.11072844376360676,0.9978277035341385,0.01563439146927287,1.0001919369148327,0.7983324871407774,0.8891032216829751,0.8257135679902742,0.5455031945816495,0.8863519908530096
34,0.3333112477162568,0.02501749513091606,0.9955067742126503,0.002156739957596862,-0.0013312863040112995,0.49943217550774055,0.3330934091635187,0.7679558956511445,0.19742588178218554,0.8191889009214738
35,0.8321172162053913,0.091304084386933,0.9656897787860048,0.01572394201943672,-0.0013032358185917552,0.09802078737060058,0.8901394243315633,0.8155890422607912,0.3058133908599867,0.8412836182870905
36,0.33169718403426257,0.026329612386274945,0.9899755314097488,0.002085081904830417,-0.0015628784559764853,0.0993910832288978,0.3326077865563109,0.8193282077697261,0.3848433601871535,0.8641225182577766
37,0.8340809915989067,0.09073793078880003,0.9881961309594645,0.01723030260207762,0.0010155672547437987,0.09883071529092632,0.8872528971577689,0.8633134425018198,0.4464942533013239,0.8628737829082271
38,0.8353639696529728,0.9568942657771768,0.9858499747791863,0.015372803538817764,-0.0006820090070886084,0.3004801901542938,0.8895493283388529,0.9128192695230833,0.39987648828929556,0.8871808985255475
39,0.8343392425498692,0.8991416184645213,0.9893408927329994,0.01630030812677723,0.33301989557982603,0.5998463186511404,0.8895022789110417,0.9587536156231712,0.28232012548513424,0.9084737218635156
40,0.33412527337152775,0.04666294100204431,0.996715203004615,0.0038764162851240196,0.6673127926962567,0.5023526993594403,0.3340905979102548,0.9112111296907875,0.5302335853440755,0.8629518695525544
41,0.33451742244814586,0.02841097837663484,0.9950669616008575,0.0017918686313108372,0.40105857683964785,0.29932751695692994,0.33210179415357355,0.9154742692851364,0.2575184758786498,0.8854710676690272
42,0.8325136853178919,0.0895739546243107,0.9862389520675864,0.014143601461290695,0.0008380941530341784,0.20132232223266713,0.8889624462370601,0.8221025007876145,0.22560344074873598,0.8415262709431912
43,0.8356379921570609,0.09386344087342323,0.9919721497210288,0.016396743205158743,0.0009279925310963178,0.5997280823281412,0.8882699049866389,0.8720523913540565,0.4890721047728128,0.9100022012078469
44,0.8330833805135728,0.0963115082172619,0.9840808875160073,0.015722346122467538,0.5010012746939004,0.40194533625491013,0.8875528656479136,0.9139727096783495,0.43824821902827066,0.8630946234153897
45,0.833945812989541,0.09378401786449252,0.998600696385643,0.016647431988268818,0.9996180721744047,0.3990392685431717,0.8894015279493198,0.9034527365804024,0.6645021200451054,0.8852137955283503
46,0.3334965029642001,0.029743945919292324,0.9971677628742895,0.0023334534988638596,0.40124079968103227,0.1996822863914078,0.33232257163106393,0.9044088462100989,0.38384675439629173,0.8879151329441092
47,0.8343159667881889,0.09064458624467367,0.9935008962612965,0.01650223729076017,-0.0006001274338565486,0.8987709847432186,0.8896032181026136,0.8956877736165252,0.061246695976944064,0.8852753057476745
48,0.8329361546613431,0.11287468336462311,0.9916080719976721,0.015259903586656054,0.5019120156296927,0.900407920319462,0.8889456936807482,0.9037349019021488,0.06744299374794638,0.9088483905226562
49,0.8345449468467031,0.0911341962580986,0.9960455538416031,0.013756692360703052,0.4998394311005219,0.5002558302189664,0.8892242207835185,0.916922910534493,0.5383371893446585,0.9094624165680677
50,0.8325832254870725,0.0890546024579412,0.9881407012678872,0.015314317314358172,0.00034373376639669734,0.19845095006028618,0.890122045869717,0.9053521685266226,0.4811031021757197,0.862521762715289
51,0.8335452898293412,0.2641602608405622,0.9926257233601592,0.018108710390239494,6.833054767106729e-05,0.9003797836544284,0.8880576048390046,0.8736090396141319,0.4329645783463675,0.9091699485013194
52,0.8337396544967979,0.11810119206374478,0.9793469937148117,0.015400226709752983,0.0012738202149009518,0.20061437609938154,0.8887820638698528,0.9203646800821336,0.0570370955284677,0.8625686090548448
53,1.0017873942838313,0.5175854306296008,0.9964859286945283,-0.0006898586611296759,0.9989202179797827,0.7001333779052146,0.6660624336756009,0.8483664188838478,0.5981375867593727,0.839201053869182
54,0.8336722098518966,0.08947900420825652,0.9926206850885151,0.014967902880589272,0.5006684852221829,0.8996733482652226,0.8884707411128099,0.9143516746241879,0.45517627503597197,0.9097035905411043
55,0.8328639828947529,0.09022903259637405,0.9921383198127263,0.01657168782560148,0.33214754355399073,0.6997513643873701,0.8889355313457208,0.9336872388523074,0.44785964215036816,0.864701167564189
56,0.8332763759956259,0.0889918492088363,0.987515882271952,0.01599976227060797,-0.002426967049569835,0.1983091978665638,0.8881864584635224,0.8394549461397949,0.254353065390505,0.8396541126259027
57,0.8339225138038091,0.40653656598435284,0.9969484864347711,0.015913552230885326,0.49901430511328393,0.8988711828388901,0.8890025595507667,0.9950826032002085,0.9290244693363644,0.9096357166687655
58,0.8330068177653307,0.13268123202684382,0.9926664810435303,0.016324481111772482,0.0007400634230662096,0.6000677987874414,0.889920914873263,0.8284536800596921,0.4902943858637179,0.9078755941475605
59,0.833058241077485,0.7462938504163098,0.9960323306548488,0.016262159440057045,0.6675683025782335,0.8007023930790962,0.8891357448314192,0.9783461510353357,0.8292783078106395,0.8852638485517724
60,0.5007208613938066,0.09876003083082095,0.9405711376759135,-0.0016113021773004933,0.0014753269550773882,-0.0009526081590891475,0.333346617151713,0.8752616154675235,0.17906696319502308,0.8405743204370668
61,0.8332701852178608,0.08995879482195068,0.9974337914952001,0.015501805203663168,1.0010709099238806,0.4987464198293972,0.8905740807760663,0.8937106608088049,0.5521764035525317,0.8628799780968137
62,0.8350771859926083,0.09008790696476955,0.9708085594792323,0.016512631377215314,-0.0009354756118470463,0.10029606064391576,0.8874166856901916,0.8590578809293177,0.29661159948801885,0.8396095899776665
63,0.8339238597681219,0.09001988459447617,0.9957045215109807,0.016597706481761187,1.0000489888871142,0.7994232514407237,0.8896051246176135,0.9467942997036506,0.7022546035972282,0.8422690450680473
64,0.999353532123297,0.1070946973800312,0.9956743950614455,0.0005495714345975219,1.000399079592852,1.000633040706989,0.6662354689583229,0.9809826769163725,0.80649558611614,0.862543761072812
65,0.8339564587275025,0.09047604685571393,0.9686364033746213,0.016362544480858856,-0.0003882202133381904,0.09909887088707046,0.8899667326048131,0.8702074571923922,0.08863600748388314,0.8864559687264316
66,0.3341109762279069,0.03850086322936827,0.9965635043771273,0.002524936179529178,0.9993816411255518,0.6012242319281161,0.3319852835126271,0.9164557732811878,0.5925681875642073,0.8863095007533305
67,0.3323885830146868,0.03463273554256269,0.9886761175890499,0.004210423308734727,-1.72057898844364e-05,0.30107606522270675,0.3333223196589961,0.8494782370859715,0.015788748498731516,0.8414116317628437
68,0.5015702411019961,0.10322170209767166,0.9992300026337174,0.0008757152588337522,1.000993275318931,0.6996918149951761,0.33272258869087457,0.9134476467178327,0.5800305213023155,0.8651886806254291
69,0.4983690474465943,0.10177918968536,0.9812316381279949,-0.00020998648548009566,0.0005629148057287327,-0.0007322505841550739,0.33260828633790274,0.8381120143387927,0.3791624841709813,0.8412770997122135
70,0.8330312341548356,0.5399973002918278,0.9902734321959461,-0.0002333027695229864,0.0017303579784277972,0.7990773569962201,0.5555547301605324,0.8572379780802266,0.44897614506472155,0.9110410564623838
71,0.3336255445309917,0.4037577678919763,0.9855726520768405,0.004486994784375219,0.0007388487715550015,0.19909336470038674,0.33415906112733085,0.8969976649068716,0.06622662672959727,0.8634255494596442
72,0.4998854542850302,0.10037681689479334,0.996113631588768,1.2465199436498542e-05,0.5000304902631175,0.901455703379252,0.33405896078008973,0.9377520056847347,0.7182205093883615,0.9102508033647874
73,0.8325222754907183,0.0899438752812606,0.9966582549612826,0.015800162073754936,1.0008120497850905,0.7002043145731176,0.886812038356742,0.905399795868854,0.6381748356780248,0.885168756488621
74,0.833290672021059,0.280843693566292,0.9948958964200979,0.017868247600803563,0.49761277223789563,0.8008842975250998,0.8899138905030095,0.9673955335748741,0.7824019910024563,0.9079932733947446
75,0.33273505176154583,0.5726493559999526,0.9950343070211782,0.0024462068901452876,0.0002231621799422755,0.700727030140831,0.33276743020901994,0.8940787677603125,0.4668841199523938,0.8621422698791845
76,0.4998451435544943,0.09911057322153922,0.9960751655167552,0.0007625911068164053,0.5002078665623473,0.7003488161364407,0.33341377066798517,0.8947018146549711,0.5679975147096168,0.9079424575337756
77,0.500279476305199,0.1071883816842831,0.9971746507741103,-0.000808741599952447,1.0011198384892808,0.9993797120673695,0.33248985078084087,0.8971070183630095,0.7023724489090923,0.8866781492204311
78,0.33242182404237086,0.036396790252629097,0.9986434781830961,0.001831556698869615,1.001180761506918,0.39823710643118937,0.3330066916852014,0.9161525512869884,0.5115642064591007,0.8833758804909122
79,0.4990612307434743,0.10157531907236178,0.999808367785163,-0.0008061467676258105,0.5015309841654181,0.6002442999716717,0.33247580342610694,0.8820898866219021,0.5093141121426384,0.8862955005608307
80,0.8353130211145772,0.091259327875056,0.9865342408670573,0.014244039834821538,-0.0015174315328183028,0.3992245959989008,0.8882872610245607,0.9151476433631917,0.3927367749628574,0.8866646268673601
81,0.8330897906194024,0.09034897247580854,0.9939789943791941,0.015289276743468486,0.6653821970034279,0.7987205836094095,0.8897504944365642,0.930516809717599,0.4496960027660905,0.8859292695187239
82,0.33282571604731004,0.11626954946510652,0.9970899299934557,0.004082668694716055,0.6004504995850243,0.6005939593343399,0.3328578289770933,0.9647702281458096,0.5561396748292583,0.8623905581919669
83,0.499324233653738,0.10560836143137263,0.987725728626475,-4.974369667550651e-05,0.33546715467618976,0.29878537975399083,0.3346062968231148,0.9267999087408052,0.30766795587683343,0.8849116387984056
84,0.500608052847085,0.09785242913709902,0.9920734585013802,-0.0007337109519352546,0.33161654778357,0.20041100387559257,0.33189337654306,0.9221444210375743,0.3215634879089231,0.8900280056632449
85,0.33326572074941596,0.31626198134379213,0.9954349322212233,0.0023147860394245783,0.2505579159574789,0.3999281858167891,0.3340807586071093,0.9615217050081803,0.1404027277261266,0.8874075404873648
86,0.8337745945172421,0.08905746444078665,0.9948575524649198,0.016192266702535332,-0.0005859634640382651,0.3998618657929988,0.888730791600021,0.9638283321748934,0.21846396834501186,0.8883236468790096
87,0.8342762975974285,0.8394310974962093,0.9968321868847065,0.016832326129659732,0.4976111080159928,0.9008181901176491,0.8884267279507072,0.9592611125805908,0.7151391791661033,0.8871859545584462
88,0.33357803063541314,0.03313258820094157,0.9975336698975037,0.004305762943395156,0.4989398149898727,0.8013419561381692,0.3351574560103215,0.9428940510102484,0.55122343466747,0.8859649027173054
89,0.8334177759630373,0.2439535105110688,0.9959188655996376,0.016375117809556004,0.7492725180138672,1.0015048092488315,0.8892239083459624,0.9426709057964657,0.6958959085174022,0.9113074917897362
90,0.3331534398678674,0.02934061903213638,0.9907269547313705,0.0028648314259996357,0.0006554564353721644,0.4991492191274838,0.33246405637532145,0.8204526240018288,0.21674879378786235,0.8637385846752784
91,0.8338398216654618,0.9922129351504102,0.9987728421784782,0.7504899665597955,0.9999138334629164,1.00000345152252,0.6643129746987972,0.8794080003395649,0.7575335864514091,0.8636865432966452
92,0.8342766121653538,0.23036527253346908,0.9959861689554657,0.015222400379691723,1.0009496625447791,0.6008414832566201,0.9998346307444185,0.8534965891123182,0.5305890538279765,0.9100839255079897
93,0.331772179640621,0.0265093114944904,0.9961947153749177,0.0038252827653228014,-0.0010727912026562104,0.5007008319548272,0.3346623381566257,0.8105983572813109,0.47875929242447923,0.7719252336933322
94,0.8339251097090536,0.08816897327995288,0.9934820884249078,0.015773918270032487,0.6677791928046051,0.7998060651846909,0.8885027557375136,0.8921458021722153,0.3543318032612704,0.8870012458083251
95,0.8340687694753091,0.9400760508694896,0.9744719969858017,0.015364457265449235,0.0007719039158195828,0.29867662992017074,0.8884690571859425,0.8187763278702124,0.4327639549718374,0.9082514278300369
96,0.8322774051109179,0.21621204860740253,0.9924205912463345,0.017903230707309627,-0.0002900803780317391,0.6990744253817851,0.8884124934317532,0.8032007075137381,0.4505348131678857,0.887027545854144
97,0.8322262122007053,0.09027539239117725,0.9981577295916527,0.016088463882640354,0.49948963264040247,0.2989947370127098,0.8887786250562832,0.9062803798695556,0.5187235583579625,0.8646197412297955
98,0.4988847925476738,0.11597633973734794,0.9542883099530728,-0.0019862726724971026,0.2513233672102145,0.0011110377395984728,0.33266796645392127,0.8519527928899601,0.0008693758685474822,0.8636902918211696
99,0.502525624405076,0.11753020517838904,0.9555079281332112,-3.073495382682755e-05,0.0002908207948622137,0.0005411181503140257,0.3345743177510917,0.8543083144275697,-0.00027645184754594834,0.8649947621558358
100,0.8346447695758796,0.08950437523276678,0.9979433982208816,0.015194171947043793,0.5013490533368352,0.19932000319694526,0.8883609056906945,0.9136994020075005,0.5043074722926928,0.8422151129579891
101,0.834828024363607,0.09033409975398157,0.9962937812695687,0.016907007859016367,0.9981738259221554,1.0001292351203435,0.8886735532673321,0.9851119810547132,0.8795150587088548,0.8631501056859032
102,0.8323207780169812,0.09465324723956434,0.9935154996963379,0.01716624041054042,0.24968554378087462,0.3989327206454292,0.8892110024361246,0.975626542921329,0.27589897618936077,0.9104931959734143
103,0.8321870982951586,0.09494611332021789,0.9645928303162381,0.016207466365484983,-6.654782084869296e-05,0.10037958270635172,0.8878342407939142,0.7945858516199304,0.3401552773484528,0.8628598365132869
104,0.8338448279264408,0.08960406273610716,0.981561690957609,0.014247674022722817,0.0008415006934430955,0.40086529416797007,0.8868554271724834,0.8627377393071629,0.2894734018140052,0.8876769851625244
105,0.49887723470299,0.10257824821466832,0.9757112106992568,-0.00044272744859024776,5.422909545626307e-05,-0.0006348688092806277,0.33383982711517346,0.917912997238316,0.1986834540400478,0.864044813461598
106,0.8337324128934595,0.09241698750521403,0.9943975590770563,0.01666964847849022,0.5000571791026827,0.39951842748575866,0.8882841275746657,0.8547958360695606,-0.0003796625221302516,0.8426929811776469
107,0.8330243971509104,0.09178774465060294,0.993636270814684,0.015614633089926553,1.0010859030337904,0.39938036649008535,0.8889176052469429,0.8533208711862159,-0.00040932196545735483,0.83895056939435
108,0.3333614164636896,0.05046381280594152,0.9981693240917083,0.0032014378080216324,0.25162582433798514,0.300214806127078,0.3324854728016791,0.9947676608578029,0.8009943608055746,0.8864493977882169
109,0.49896242144061137,0.9920925618983447,0.9959660089712603,-0.0013957825118268792,0.3319561282075539,0.09921713734801982,0.3320079118353289,0.913089710638611,0.1073536811733298,0.8399918718727117
110,0.8326763562005542,0.10132951717516005,0.9837569509770452,-0.0009252885379652734,0.5007976662266933,0.10215210234226485,0.5548719497087393,0.8516604671377981,0.2591115761690335,0.8856920058896703
111,0.8333280866605648,0.6480000442315224,0.9963908560081326,0.018022673293002712,0.9990321207646747,0.6000280362674516,0.8883002984039468,0.9292050037820384,0.5844148526158659,0.9318366092623845
112,0.8323470273673357,0.1128083017337672,0.9955949672646704,0.01572716139353214,0.9994611116916756,1.0003366189348792,0.8889012813739837,0.9319278099542158,0.6858373170419413,0.8885990367149237
113,0.8333354385289712,0.0872948806050789,0.9967565992818139,0.015932775619881125,1.0004493098738019,0.6001631197936451,0.8900343490038511,0.9066519666528443,0.5158370896591121,0.8641113798471235
114,0.834117326424851,0.09000779228474237,0.9829147930210467,0.015701753208410142,0.00012480418048066915,0.6006657488601737,0.8894234576368156,0.8027443515888338,0.2796316112973131,0.8418249690067608
115,0.83469563734461,0.2567362267997602,0.9969145598849791,0.01572696987871766,1.0005030427376695,0.90146414821201,0.8878473119902613,0.88549250418309,0.5453382557757454,0.8848781848077184
116,0.8348775387881913,0.9806841481555503,0.9965741865943215,0.016095517516548283,0.5025684000005158,0.7001077850309342,0.8888609692805314,0.9637414343352528,0.6555601922987532,0.9092264861650619
117,0.8326208113502581,0.10683359557036667,0.9964365663850004,-0.00020393779083666415,-0.0021150994010893,0.4015245060924444,0.5572620469428159,0.8392938389452855,0.44774304790041136,0.7976919898595863
118,0.33306925543435606,0.028209287906213954,0.9896861701542258,0.003202502401997923,0.33270511443675044,0.10103738857211451,0.332499598955929,0.9002220775969821,0.4486021734620227,0.8628285251511693
119,0.8336971527939097,0.09006204260209927,0.9904737311531941,0.016193765405500524,-0.0007134761564489835,0.20056921843703465,0.889409340169222,0.937889942496693,0.2187616676883583,0.8859514416422333
120,0.33413634440996776,0.026281562488751492,0.9958969936665794,0.0036873843874478487,0.4992051406019237,0.2997964127196167,0.33177672072499576,0.9438668106835114,0.5810835492844834,0.9071550773989969
121,0.3330842056150039,0.02932766192579893,0.9885446378011636,0.001606130591488102,-0.0009786968874708262,0.19957772095606297,0.33395563876248796,0.9066280255772342,0.09413956243072157,0.8628999342448146
122,0.33403427088033083,0.034049900731407935,0.9914701419625137,0.003446039504850926,0.0013642182635505288,0.30108425198216704,0.3339717349888177,0.8548615897902845,0.017078689985424146,0.8408825446890609
123,0.5005805813764175,0.0993282272404497,0.9967868240087984,-0.0003829414037303158,1.0007603839632868,0.8001050000330575,0.3332433467597865,0.8523796217976339,0.627792520645017,0.8854297654658287
124,0.8340337928226906,0.7063621490906754,0.9905534846032243,0.015576357433802894,0.0007102534567110047,0.6999771981705315,0.8878432884834732,0.8815095957131992,0.4292409939297623,0.9088437353457364
125,0.33198252942693646,0.028201628165983452,0.993960338684282,0.0037052821922550724,0.00011463592217033229,0.40014919906495844,0.33257013405688346,0.8531072660139962,0.3394631187686616,0.8865193874482988
126,0.33335380725541885,0.030642742715481376,0.9969675185774535,0.003139917258187,0.5004168674497795,0.402233696277767,0.3308768967790741,0.9106723570745511,0.2248353282309167,0.8634927840350634
127,0.8329698537817265,0.16767338303183674,0.9675155275117846,0.015599441596592397,0.19815838818038198,0.20032174850258777,0.8873525048460045,0.8778594161567744,0.11235788076966208,0.8887672941156223
128,0.8328598292968139,0.0902099545046983,0.9938220046208278,0.013552189226965479,0.49819892041566427,0.5986443572729819,0.8890216540980816,0.8473774441242743,0.45835359464175685,0.8650734992914237
129,0.8329381711422117,0.12148458898327988,0.9860127092921183,0.014723877554157687,-0.0012571400087957151,0.700146670139962,0.8877240088053124,0.869819015866172,0.4796329068579155,0.9304249092062375
130,0.3346281394832306,0.031300127914972754,0.9969874450753554,0.004821837636200448,0.5004400743081749,0.6007311947562735,0.3330470658777182,0.8382266905394992,0.4693391838906072,0.8412967309031167
131,0.8331696262426318,0.09211321395429128,0.9965917012225057,0.01781721428441739,1.0021950619518598,0.30094513234300335,0.8877918122454678,0.9016987345461185,0.5271245028952202,0.8617015113770196
132,0.8325877396059478,0.08930295615236199,0.9912974039448624,0.015520960352803141,0.0006390978377610828,0.40066781987921507,0.8878851196286786,0.8456121364115975,0.4416115786142352,0.8629020848239088
133,0.999476627042679,0.08742233810715291,0.9974916908376632,-0.0018419532979206492,1.0004226380823658,0.8003041270630993,0.6665375308776063,0.8836039077390807,0.6079213788569262,0.8635097826088205
134,0.8319247493999797,0.9853526027698793,0.9844406865458435,0.015148865935708362,0.0010198716273633987,0.5999253516388174,0.77842282109008,0.753530835840175,0.4200292496417317,0.7949759663929689
135,0.8310736878470305,0.10370102892152733,0.995960008234734,-0.0020080444621485317,0.33207649162727354,0.1002922645481155,0.5578437508684779,0.9093545552687683,0.2500824708802387,0.8848346817361464
136,0.33327910556715995,0.03274661448094994,0.9941630385871889,0.002761041139146051,0.3332754845990194,0.20130647522376147,0.33520949468359995,0.9653421610487691,0.41101063845981084,0.8864722042124433
137,0.8331856414666601,0.10097108842153912,0.9866572029434775,0.01601892373198184,-0.0002483532823571959,0.29847819282177795,0.8886404576746412,0.9389025761331418,0.22018222792599473,0.887198286525529
138,0.5008237510194314,0.9922385588412065,1.000463956103587,0.00016960459074550897,1.0002010394037741,0.7002537550523884,0.3320503600812935,0.8473135927558997,0.5073534191403144,0.8420099984556447
139,0.8338544841726748,0.17424201692681976,0.9969596214840671,0.01649534217250769,1.0007545695973554,0.6002227939878964,0.8890650934440945,0.9215541611963183,0.7230189983018975,0.8854705059502957
140,0.8345917786952631,0.09997101077078677,0.9900316980333534,0.01544885978457615,0.3334680572626504,0.29782408157572554,0.8879614795708787,0.8727307568405326,0.1482038320481649,0.8867317490103933
141,0.5008774076988247,0.10730692482879635,0.9969530549131854,-0.001485209181842338,1.0003346311743035,0.6988667207274672,0.33189856241816673,0.9770602560184832,0.8132226237224528,0.9100067347922679
142,0.8328409344614888,0.10370945215331852,0.9967940240361572,0.016857289482562723,0.9992248412905259,0.5987856717260055,0.8880844238933768,0.8594699621494603,0.5436180908834878,0.8866825427244212
143,0.5006925864351868,0.9893070414710848,0.9974736507881528,0.0011042608124235658,0.9996432969676587,0.9006894306758515,0.334555716523664,0.9106263813511598,0.6367509678607565,0.8408022060549702
144,0.33356967886629546,0.028373582931606554,0.997915694552987,0.002773221310797822,0.6667215959881573,0.8983282107390843,0.3326599804988858,0.94743001517055,0.5596563122929771,0.8409213661640551
145,0.3316989940297555,0.08797026551313,0.9962451953155176,0.004223341723808777,0.003260041636061748,0.6015214998694727,0.33388058893547873,0.8564616574564071,0.4502637247358694,0.8400150455546521
146,0.332333044779451,0.031605353616525514,0.9554603600953125,0.0036540046914581123,0.0011802532320918848,-0.0015612811536942842,0.3343054625135376,0.850073225376707,0.00036002419384396586,0.8389656720130815
147,1.001307719403961,0.08967314176094492,0.9976795055578108,-0.0010778410900818712,0.9993048564212863,0.900372744394793,0.6666192241734836,0.8536055234396263,0.5791358673259119,0.8414539023502606
148,0.8335063381904225,0.9920084163650134,0.9982569754650853,-0.0004775295805043721,0.9999365614068577,0.9993309462683927,0.5550393621401468,0.9115865511510965,0.7178679457420191,0.9086803023746944
149,0.8300006691934693,0.10697918661940385,0.9899078842914352,0.016764801373635667,0.5015677521528279,0.6008634225703363,0.8879869434553425,0.9191123312383304,0.27641174361505877,0.8854231201911936
150,0.8324028931136922,0.10362062066490076,0.996501411384983,-0.0008642055701709845,0.00011854426039009289,0.5002578177091,0.5562836462032829,0.8963738499159725,0.4794803461098343,0.8660540353796427
151,0.834638920823248,0.9361333364781338,0.9953880269026478,0.015539110581017708,0.9989159063293488,0.9006055011704279,0.8909356373581556,0.993062066634545,0.9442170848072754,0.8895320445636964
152,0.8329848203117399,0.2242233105990488,0.985844282441167,0.015691214907075056,-0.0014176915947475503,0.6000464134814517,0.8875009396880948,0.9032281674351511,0.24501077522231893,0.8868333636672676
153,0.3322771195990342,0.027356485431229295,0.9973648178643437,0.005147088571136355,0.4989738221201026,0.698914577005324,0.33358909073631593,0.9380514269412895,0.3793551228082975,0.8406704952088841
154,0.33362310634052167,0.02491810256360388,0.9987239660857522,0.00422739532974627,1.0002451544173516,0.7006317510810672,0.3334764318326626,0.9037510702353203,0.6102457355782958,0.8650391225153029
155,0.5002307367782094,0.10194749510258629,0.9980905096498759,-0.0008618819580943865,1.0003872294679328,0.3976540169602,0.3353040076306958,0.9560382055838524,0.606429630373013,0.8835938906442843
156,0.8322798824814718,0.102824444376766,0.993444419085825,0.01499479491504253,3.6293677614176365e-05,0.5969368979453139,0.8898792836564298,0.8842857603849905,0.49425602507951816,0.8640817231646118
157,0.8341833135985937,0.09047146407027812,0.9969485610789373,0.01565317628894453,0.997663613665196,0.6008555024875784,0.8870692968110564,0.876043588233955,0.5432910070990382,0.886517687554613
158,0.8337671565686511,0.08864714496851023,0.9762171189645023,0.01646194438567282,-2.5105666445736556e-05,0.4005546567833487,0.8886600305412784,0.9106324694132775,0.1758137210457361,0.8866354253440352
159,0.33275853267418964,0.02587052110047211,0.9997676489870487,0.0052378920129109025,0.9999754962909501,0.6004365299253923,0.3326328334186564,0.875957307607296,0.5390798572658997,0.8628957745262422
160,0.33527596870719967,0.10874405002834532,0.9775336498505045,0.0032168336590885993,0.0002368521312200899,0.001702084836332395,0.33423558788752006,0.8110169966374929,0.233733294807095,0.8192322041748272
161,0.8331629866825866,0.09172034630616394,0.9865230323892913,0.015367074631570976,0.0003817094826442635,0.40038792991559435,0.8889814262026965,0.7848334097232972,0.3101449072695645,0.9096372567461776
162,0.33304374756779853,0.02697408294102293,0.9977132538020549,0.003261723602386776,-0.000439942120381446,0.5004597802508125,0.3323461977783621,0.846048107267294,0.09971097594185271,0.7944872404906115
163,0.8329803001922378,0.866087777601705,0.9861380952045516,0.014609082265130663,0.33552484132900645,0.6005479037348601,0.8890061667114162,0.9110132993342175,0.2646119840501382,0.9107345869026136
164,0.833239785369123,0.0888881980875411,0.9923256202440616,0.015187934982797826,0.5010205881340365,0.6000887025784206,0.8884596065636585,0.9523785116685283,0.2710670929246115,0.8608179542209478
165,0.3342386699776067,0.028017564928082227,0.9945200224980103,0.003138912067764158,0.0007398137812747477,0.5993980630798399,0.33416927853173334,0.8504759942661018,0.4696253322110516,0.8849793959935361
166,0.5005459812204475,0.1036810106581023,0.9984085246881212,-0.0017824404526556137,0.5000426202616034,0.30033333057913036,0.3341051591454029,0.8589125211494198,0.5458943231414323,0.8654448435209559
167,0.8334166909722265,0.14446795886030106,0.9961420939825062,0.017270643590675795,0.6669854793011131,0.5006237646163207,0.8883853894096979,0.920423561122506,0.5188719708995405,0.9094364058491489
168,0.3335977530585211,0.026440273370725634,0.9979536642142313,0.003956441132485002,0.332367944949498,0.2996148168589751,0.3323938505382832,0.9223706500648962,0.5281323680781469,0.8637160846241888
169,0.33285414904654165,0.028465437379448615,0.9983833136213102,0.002788087840246301,0.7498473825333968,0.5988677612514116,0.33186198241979686,0.9642005272673428,0.4373463418112307,0.8644554924009228
170,0.33286665305878665,0.3029915721428539,0.9934593043785639,0.0035518305080598895,0.3338982412914407,0.6998885735073122,0.3343082637237692,0.9277149724766882,0.3864765764290072,0.8402873119797657
171,0.3342445860453406,0.026150319681170948,0.9994017428563053,0.004730347729514278,0.9983693227012553,0.20129277353483122,0.3326984314537304,0.9770256085009258,0.8699815241350233,0.8426755911966508
172,0.8325808779246261,0.09956081901784211,0.9923532291077898,0.015581733830774045,0.5008019934668678,0.799100831516474,0.8890785165794619,0.9598140977038404,0.40849645985963606,0.8857210125492301
173,0.9988772545974144,0.08908793041801544,0.9965799373194548,-0.00127009211040976,0.9985203454054264,0.8006582213839786,0.6670057549661618,0.8129454108981637,0.5286153785191485,0.8393462422113825
174,0.8330824694747333,0.08821485839599581,0.9969641510269721,0.015638643554655676,0.9987903031018678,0.19911957120627888,0.8885747564343524,0.8615324727906076,0.5358124641378794,0.8860216435313831
175,0.3342022402648678,0.029966128226080378,0.9559857045891914,0.0026180639318861025,0.0013990612706684927,-0.00029709965471421616,0.33307332319261157,0.8511513597048345,0.0006779977918950644,0.8421231266714825
176,0.8339755989054844,0.14147612845271565,0.9931374482002895,0.015659833980975073,-0.0008319565032000357,0.7997663354508685,0.888731519658894,0.8756705967295605,0.49256729845685415,0.8633549031576654
177,0.8335221903012431,0.18673343313996738,0.9963136781647365,0.014952891798825578,1.001055798752049,0.49771863423458,0.8903442846086946,0.8494201950316193,0.5014189147005985,0.8852748922553801
178,0.8336084400688334,0.4133141381961071,0.9833115358075616,0.014775150565476477,-0.000624622280819403,0.5006579362682585,1.0008606181905564,0.906370292052843,0.269186462712029,0.9079008329580365
179,1.0000922090019946,0.09958178948315798,0.9966130186466898,0.00032725593066095844,1.0000366771149185,0.8987032449055729,0.6658724455145252,0.8725198451638188,0.5246237086379866,0.8857877253090652
180,0.3332913112660867,0.030551081018400386,0.9551162867685908,0.0037471036000777157,-0.0006395669261493616,0.0013526679212601171,0.3335483398610074,0.85138501913427,-0.00037857388827079215,0.8400821592990894
181,0.8316710687359697,0.8021347572688312,0.9759509793430133,0.017055034686826887,0.00028159843058202244,0.10221530689765418,0.8904892957258917,0.840148123440925,0.3572586490575752,0.8657773420306268
182,0.8314730168004862,0.15834890315522268,0.9974589186489548,0.018600290700730198,1.0001109837511544,0.9981267113378588,0.8887323237089594,0.9684112817037066,0.8083093062146663,0.9099473169489378
183,0.5009599554273235,0.09963420133606327,0.9917118703409332,-3.373333218169633e-05,7.36106187776066e-05,0.7005081185280442,0.3345852895815865,0.8307654018944587,0.48176232717844525,0.8855242450523498
184,0.3328865245172482,0.02766156309766374,0.9990960683781019,0.0012811639607503774,0.9982303140614905,0.39919238847851946,0.3324883188782434,0.9290288500139551,0.617450860304086,0.864607573270983
185,0.33499952331643035,0.02936788193535032,0.9556678129937235,0.0023710520114175538,-2.89771582420463e-05,0.0004646013367296488,0.3334013064560006,0.8526231334834162,-0.000988762390234051,0.8394274638644286
186,0.3345185406329238,0.18312546809253055,0.9963384951676343,0.005439938233154131,-0.0019333073962655735,0.8993343320069909,0.3326476345720889,0.891426120510776,0.4671959406189217,0.8627849184696181
187,0.49960272680425094,0.990653143979703,0.9961501539071123,-0.000349959477727994,0.5000371606618194,0.600381181485285,0.3336383877830164,0.8678276701356534,0.4041160881423324,0.8631710483459711
188,0.49969621919877927,0.9918636977922729,0.9981933285432684,-0.0004503958949481287,0.0009008007052960811,0.0994298038155671,0.334714357174502,0.9029284310995231,0.09971108590758636,0.8399721417721235
189,0.8325809770428637,0.10148393738486658,0.989788552662255,4.083455610484248e-05,0.0016204050487905535,0.1993052061738651,0.5557132553493394,0.7889358141595649,0.29209136593576035,0.816543134299481
190,0.8334586902447959,0.4283305368872693,0.9884176822237133,0.016330191065626075,0.6658027885154242,0.4018226135141585,0.8896698740951291,0.9057839041416353,0.4998231705070747,0.8878197967933813
191,0.8333913434260719,0.09130716901654191,0.9691021494875076,0.016357094400622035,0.00022262438294658036,0.10092468025074165,0.8878427431857357,0.8699297708367423,0.10896186663322882,0.8627727576868279
192,0.3326798645964014,0.02993486426395839,0.9901290911398534,0.0023367774882232617,0.0003196270817548233,0.2998599756794278,0.33320399520196325,0.8900268380881485,0.20832170019412935,0.8865691879107377
193,0.3310000400321137,0.5908550146739149,0.9992471129331716,0.00391486252821895,0.7504203381335579,0.6004281271043819,0.33323817362501024,0.9130375667980262,0.6679267178379286,0.8874870457014395
194,0.833945100676845,0.09080811233552359,0.9816622696061069,0.016137487623155655,-0.00029972890789293404,0.3009960308790553,0.8886274269143559,0.7215962750150585,0.3735222963589741,0.8416975891560388
195,0.8332550656705449,0.103969568441822,0.9980528016752658,-0.001315817254218852,0.9991120140632967,0.5017014119061215,0.5557242134195534,0.8561313918869583,0.500273475298089,0.8871865683789425
196,0.33258380921584263,0.03377922351441115,0.9977324991913366,0.004931176198839567,0.5004232996245943,0.6007883138467021,0.3301625418152843,0.9434409614161408,0.5443279375612436,0.9098486834104298
197,0.9997558818193287,0.18411095223818044,0.9955890666126952,0.00040751174757506044,1.0005994070933275,0.7997952304907068,0.6683650513333244,0.9179383352435555,0.6969592475736256,0.8852993691743483
198,0.4983013576745471,0.10121767800821405,0.9833453530575242,0.0013753673995261031,0.0012355646070559417,0.0009393005233559002,0.3312233704002889,0.9107081509658822,0.24422068372365574,0.8636361416362442
199,0.499635378659124,0.09851714274489946,0.9968666132850394,-4.6800914040702196e-05,0.999494874608143,0.9012691758067524,0.33402553284179426,0.916057588291585,0.6832242125258556,0.8410929661287466
200,0.8334975548850463,0.0911644385907889,0.9818281882510749,0.01491208986857102,0.00024488023022654996,0.199197145183907,0.8885038328160278,0.847435471360637,0.36771491651497906,0.8625741903762165
201,0.8318536755298123,0.9926388314521292,0.9966725359389444,-0.0005652257701406125,-0.00039363786123578024,0.49900870176285667,0.5557327483343595,0.7474505254302926,0.4145311965180184,0.8623229790710941
202,0.4996598584798546,0.10164487938718608,0.977003372274745,-7.443958509588515e-06,-4.578769726804757e-05,-0.0012246535363067156,0.33274150264857477,0.9308995211361568,0.039595789495498225,0.8403711689566995
203,0.4988369215078542,0.0981549194062006,0.905153785222722,-0.000833221105481765,0.0008389180324173349,-0.001783987002364092,0.33298553304263045,0.8384670189377423,0.02477753967766239,0.9092141352743607
204,0.5006518733332214,0.9913760101586189,0.9975773679415819,0.0012790629043181922,0.5000566447907464,0.5027807626428439,0.33344270876759186,0.9422715761499088,0.6330727951013755,0.8643124936222376
205,0.9995131566706377,0.09120056671729602,0.9914609847132432,0.0015034799719896028,0.0014472512911025905,0.800440519034123,0.6661005583686398,0.9213464480878226,0.3540949378182406,0.8163583627006906
206,0.4992974748680109,0.2717879672167839,0.9996087905583831,0.0010966935602967282,1.0018100103965004,0.3986868198871672,0.33279832777100077,0.9243601069614651,0.6136271859457185,0.8412279193099852
207,0.4987198194149092,0.10315557649521781,0.9813783079399919,-0.001665092261716634,0.24937961970620356,-0.000741826445942657,0.33195809271118204,0.8806138805608049,0.22706862744426573,0.8853649122957288
208,0.8349128842786421,0.3235806954049358,0.9862042963600068,0.016001996431146477,0.666581732582521,0.49992457422394687,0.8912142415714677,0.8796881412046891,0.42466063655498226,0.8855597277260921
209,0.8339837709040878,0.09977376050672158,0.9885532031939901,0.015137026515257784,0.2496047942007077,0.49901871166904344,0.8885089943466459,0.9150103051974606,-0.00030498711854043815,0.8883629966015376
210,0.8345598169695592,0.09934189536667215,0.9915126773975935,0.01769560089534472,-0.0009449382778114696,0.5004166167107652,0.8880718971066428,0.9150383562558989,0.0005622860259531878,0.887073995624467
211,0.49994350814430827,0.10221159391621958,0.9730008503192215,0.0022229035624714223,-0.001446648309955963,0.0016665827719716808,0.3323871055885984,0.891739332457551,0.20462169798154528,0.8878073384588931
212,0.8318757973690354,0.7876714949934567,0.9890781663076956,0.015421162046671117,0.0005257767724407226,0.39912414905671173,0.8894540778350759,0.8476472402492747,0.4708554943978073,0.8394695654380748
213,0.33230958925682824,0.026555276733347552,0.9839026618235227,0.003828997075363166,-4.599205266515104e-05,0.10010167414251195,0.3348927631299054,0.8645673592345257,0.2201297726873888,0.863092666389382
214,0.8342609963988068,0.6578029647361325,0.9958662660350887,0.01553915087192619,0.5010184929789755,0.7996695884645763,0.8888723842530823,0.8860474246158628,0.5087932657956382,0.9094209666081121
215,0.8331209941383796,0.11002924835546021,0.9930102279221608,0.01585984670582602,0.0007534979668747918,0.7987887735504344,0.8880792880161535,0.9569627112848876,0.3862902391594425,0.8863606219122364
216,0.9986635005726636,0.825344952865826,0.9917350699339946,-0.000634931348547999,0.4991557350277623,0.8005914632262875,0.6657547278930087,0.9093080081137505,0.4952233778111753,0.9095522332466922
217,0.8322826847818875,0.12453053372977292,0.9852423774891068,0.018203117925744465,0.0005265115228875392,0.49964143530407734,0.8895053767086264,0.8587102772777209,0.38885597842998837,0.9073447679588158
218,0.33208581842205004,0.8379357053384853,0.9976880909622022,0.003179602185899889,0.9995214235431158,0.8007441194238093,0.33405444136158147,0.9184516439076197,0.7097630911007556,0.8194127414859232
219,0.8336893934944936,0.1997113154552607,0.9828786897475212,0.01661430840485033,0.00045010867330990426,0.49871836179060786,0.8897814732479711,0.7275106344053108,0.24934564649411664,0.8652522738460084
220,0.3333510845579341,0.02798732934950479,0.9732757765304347,0.003643715724871404,-0.0008002829215688206,-0.00024381203491335044,0.3340083545366122,0.8362103185234396,0.15346586465177495,0.8849313350774066
221,0.33404558419351665,0.19815225823121535,0.9982691325754265,0.0030549269538432807,1.0001473336853266,0.2996229869868843,0.3337365594142292,0.8464367524934518,0.5115830448939885,0.8427994080717459
222,0.33126234697155726,0.03690236471408383,0.9905010825541428,0.0028101088051448423,0.3351405077804988,0.10205962034587066,0.3360477832050756,0.8931321020908153,0.3284318726937728,0.8631508161683576
223,1.0006140599674653,0.09171737156968987,0.9970509087681406,-0.0005504401167040606,1.0013743709210858,0.7987419613421337,0.66671541348203,0.8365900417196428,0.5230273237117773,0.864102493579187
224,0.8334376779100897,0.407382895999023,0.9979303663340476,0.01600853353804645,1.0012319857410998,0.8008455357207874,0.8871928541351474,0.8937305342560137,0.5811738202639898,0.9306769502412615
225,0.5006157126898101,0.12399384337929592,0.9794072259008965,0.0008027553715046738,0.0006604057919729332,-0.0005166374264768236,0.33259163200087477,0.9408656582483673,0.026084643747027757,0.8616686960580576
226,0.8333167680249388,0.10151180859619706,1.0007195867216163,-0.0006746485755622542,0.9992337326440509,0.6996475102055929,0.5557428919523971,0.8785946802561259,0.5735673601440949,0.9092526180164968
227,0.8360730897244606,0.20956688465302398,0.9901364803487467,0.01627272397277497,-0.0004648299557649685,0.49989689303445994,0.8893639265004296,0.9022257996601577,0.37493189189839965,0.8638602121891387
228,0.8336116429723754,0.09020636078689769,0.9885550312006702,0.018588811865612297,0.24999558009124068,0.4992474090544705,0.888083713593383,0.8987210852099539,0.4225708315137131,0.8862847051275932
229,0.33212495299209455,0.0264452682992565,0.9966700732387853,0.004379187625389261,1.0002697311629265,0.700864133996589,0.33409072418477975,0.8366500995720353,0.5440203675128487,0.841588504930203
230,0.834280449647239,0.1008957937762401,0.9965621098764145,0.9685754494324629,-0.001179595047833398,0.29907134777191746,0.665637765012451,0.7003486975624419,0.4764470914620873,0.8870057109663315
231,0.33307404067316704,0.12546030218768855,0.9966745940659322,0.0029262067775493276,0.9985742840522189,0.4004114774800863,0.33233496515648814,0.9319337038278589,0.5586824208831217,0.8864791849379811
232,0.8345863928942924,0.9297462329952811,0.9961219060594105,0.01758943312415291,1.0001918404988295,0.7994107812842111,1.0008189448884295,0.8681668964073537,0.5887824634944083,0.9095750462374965
233,0.8332037108591892,0.09228898115107663,0.9952463342693536,0.016357867424861925,0.9988283901588337,0.5996680694605329,0.7792007897200922,0.9006982705793876,0.6796867858657448,0.8650046273008493
234,0.33451762538956886,0.02612745708420363,0.9896996040618299,0.002166664735341982,-0.0006731366735782079,0.39983753326435084,0.3349021588325244,0.8359163107782259,0.36270878806901274,0.863870497053239
235,0.8341963014609753,0.19954654682397338,0.9989756368720198,0.017296507449446667,1.0008984976609554,0.8993257353852026,0.8882195123933603,0.8716245473035404,0.5063362286191749,0.8637985754204393
236,0.8319736362732586,0.28239657034056015,0.9885166906796904,0.015427603836622108,0.0004847155731056521,0.5993189622022018,0.888110013443718,0.8621906149805129,0.351199166762458,0.8873555691984284
237,0.8335716313840179,0.08950100983788437,0.9900866057683082,0.01538255837833033,0.0021581589936027793,0.298242015163779,0.8876244838670717,0.7817441157048133,0.39105002252698406,0.8413871020015743
238,0.8330979421478705,0.15829424000326087,0.9919469694362995,0.015238613336966614,0.499006610001254,0.4997068211524869,0.8875167761724019,0.9337070160799897,0.11298534199012035,0.9114184671581946
239,0.8342628738829432,0.09236467638479674,0.9931372050295914,0.016159269885459564,0.3328571337794641,0.6993308502362494,0.8891972111430019,0.8730259305708722,0.4390260559140276,0.8633871700992268
240,0.8328840623888715,0.0905629448866578,0.9967304391707916,0.0172885462125293,1.0001519006658162,0.799436724658181,0.8883006574138178,0.9095115255201747,0.608112969724657,0.8856180499267001
241,0.8330317641214086,0.23602088348473413,0.9837767771676064,0.017016276991989533,-0.0024920864115053126,0.5001535722675963,0.8888975989878013,0.7619289235169657,0.30940739099205505,0.8391856075269721
242,0.3337741538398035,0.7424343359603301,0.9932062645001365,0.002855887545849955,0.3329516984674255,0.3020148953758647,0.3321683990556026,0.8550510039880443,0.41743266878309854,0.8651258029726648
243,0.9996096988824038,0.13579490030795158,0.9924238515223075,-0.0010575272470600193,0.5002906880235211,0.6985796343107854,0.6652969991928206,0.9127029589933398,0.4286063174890685,0.8863100554208022
244,0.33423430287628125,0.6258584667828437,0.9973985972185456,0.003225170228380418,0.49988995766408817,0.6017414790219263,0.33141798665778516,0.9517116847485977,0.5253693702953272,0.8633784242370299
245,0.8340890801725249,0.0890730349308808,0.9896799374495441,0.013805978537883474,0.6690776666948484,0.49869083613822845,0.8904744301487334,0.8564420796843037,0.36134113281917724,0.8649788551658831
246,0.4996590722619406,0.10350788583559666,0.9674530929682031,-0.0006852795268862652,0.33305752989098186,0.09894278970958366,0.33338249324785296,0.8327178935908581,0.17027845616435186,0.8863632622651217
247,0.8328484647234752,0.1259000816411128,0.993434764411457,0.015724065168161983,0.0009748301996293625,0.40070426439409706,0.888651733502602,0.8355019504103923,0.4850350405150621,0.9095251102493352
248,0.833531510753791,0.10797375535448585,0.9933617079839162,0.016204438693553848,-0.0001603607104720956,0.6007350113247877,0.8883453183325855,0.8151997886919496,0.3652921565897549,0.8638728798863345
249,0.8346589877614701,0.21760545407735546,0.995789981391625,0.015263332276735214,0.5001719555231514,0.6993883968537309,0.8891185290598852,0.9292199057357321,0.5099371730483019,0.9098107704219988
250,0.3329737080332341,0.16891694605891439,0.992607765660793,0.0033459369106041336,0.0013506829031118609,0.30055976661196354,0.33346061269086275,0.8918298517606599,0.18345445580757147,0.8630305574074908
251,0.33508634192071085,0.028461041017654717,0.998934441207897,0.003482422620750588,0.6653083919183297,0.6004906783048893,0.33421060537567027,0.9778619846956641,0.7405544640125102,0.890626201262245
252,0.33188266030324476,0.02681813894823738,0.9934368229043039,0.004568756034155625,-0.00021953227218212765,0.39839192669789825,0.33313248111279115,0.7862011250534234,0.3245705878398863,0.8400484626109359
253,0.33337131020169397,0.02647812313769932,0.9993934057288949,0.0035799866381743583,0.9997602670678566,0.9000712717800471,0.3322412967572527,0.8561443554451816,0.6434107222464462,0.79561912065684
254,0.998684594570332,0.3376585961863818,0.9935328876712167,-0.001047522626954673,-0.0015447211840715974,0.8008429292873632,0.6665490519507936,0.8695081128224948,0.40086578564401076,0.8632771535606656
255,0.8344399399590189,0.08978807458543664,0.9897725359484078,0.014399996754955154,-0.0009312553820914841,0.3981128491108889,0.8873691689145818,0.8561178795248947,0.36788674937855015,0.9090545018708278
256,0.3340080953009076,0.7681267618451064,0.9976116715455526,0.0029998672629614007,0.9995013970668446,0.5001237956207435,0.3349244462955197,0.8302812880978873,0.5481166063646994,0.8632576235108779
257,0.33524733906551385,0.026485133762327348,0.9975055717660077,0.0037110168805319903,0.667117931512243,0.6996083921452366,0.3327637216172811,0.9450412835930583,0.19342389601398716,0.8871800809504128
258,0.5017626509564852,0.9933576169389604,0.9990431057738673,-0.0013728676502834927,1.0009552153978345,0.8003930819195824,0.3344653286006305,0.873280262599443,0.6800404294094083,0.8422521284514426
259,0.33271132936054215,0.05764254513208485,0.9987797911628555,0.004148226705805683,0.9997979586486345,0.7007850472505753,0.33436078724038953,0.876114166234145,0.666814316060924,0.8651592780998645
260,0.5007899070201711,0.10189583327290426,0.9916688199938596,-0.0009158253013145761,-0.00043853474540248477,0.2985832743176726,0.3319278128628927,0.8307712879084276,0.35189607968258996,0.8871183626874007
261,0.3326270053883432,0.6476403383658755,0.9995026538701054,0.0023335536399869206,0.6649699246482356,1.000666943864643,0.3319790371538006,0.9710521912049164,0.8445879824994866,0.865816552613596
262,0.3336359629968257,0.11301913417939484,0.9977143520360415,0.004468089703135901,1.001239462895655,0.5989077849740708,0.3333201236969431,0.9104367652679275,0.6532321915506012,0.8615090703120404
263,0.8342669759813978,0.09484905732076021,0.9929842226104296,0.01620404453455232,0.4015692905523174,0.20042884868617455,0.8904307076596356,0.9362377031230668,0.35583900438664673,0.8852162912821161
264,0.4983787267260341,0.10190698872844836,0.9963537665431268,-5.008555921396906e-05,1.001081634136429,0.9002629203270947,0.3312828056014152,0.7909261725130319,0.5487926997207947,0.8188806396415534
265,0.8349471287404735,0.7119834803886053,0.9962312147795018,0.015735658453649538,0.49952116355193155,0.8998446408650356,0.8894234537327268,0.9792564446945338,0.7962520990353871,0.9095200709798624
266,0.5024194147172995,0.09872598005875562,0.9943720393358877,0.0007112758619906833,0.50031745515978,0.700890184331875,0.3333615853211305,0.8519064728861373,0.2852424083006658,0.8637167566839559
267,0.4990296078707756,0.9986848408897618,0.9966530038196652,-0.0001282172787382187,1.0000592368799264,0.9001045935699944,0.3339046946957792,0.8670982018886356,0.6624596324918134,0.8399045307630054
268,0.33326205435945655,0.02751778432603811,0.9976513206022289,0.002883359974305692,0.9989958144549809,0.8010948661085211,0.3326203189487237,0.8854871384604699,0.5745383473280702,0.8413067616095294
269,1.0000728094078768,0.08849493001871728,0.9792456378679913,0.0007007872713256433,-0.00023996558902326202,0.20158340794832624,0.6665126456817343,0.7786920702673801,0.42575042027437027,0.7957187230257408
270,0.8341678061159905,0.09421966668422342,0.990796865460071,0.016363052314017485,-0.0009931946317674237,0.49909679326708667,0.8876719813231851,0.9672931735098886,0.25502639336850313,0.8865236378492959
271,0.5009981716373391,0.9924384853969027,0.999271544039655,-0.0011734311110917193,0.9997091675715072,0.7998382253353766,0.3350531390363129,0.815355026366768,0.552608791152898,0.8639264283857506
272,0.9997012990307355,0.08999719712566547,0.9952711926436625,-0.003565721475605938,0.5011639984383904,0.5019570878748144,0.6664888343516996,0.9394027940991972,0.5759034869428009,0.8419073878687644
273,0.8330148864808089,0.09086578280081414,0.9962045069839116,0.014941928314597432,0.5001921759988511,0.09904422850045184,0.8888009965023975,0.9830517673039715,0.7864232641490247,0.865761856359434
274,0.8337377062632003,0.805539244057419,0.9957946529396944,0.017311451870662797,0.7480722258706293,0.8006323009534039,0.8897808035252088,0.9668882573126025,0.5817467842488123,0.910250752625345
275,0.835385595544735,0.0920605302767064,0.9977613159668364,0.015293565721321943,0.9994069481363449,0.8005704009457071,0.8918062430273089,0.8298127327949208,0.5780765332703713,0.8849170647831093
276,0.8342002806790918,0.9105623621729705,0.9911048204967472,0.015327204502261497,-0.0004600509517691498,0.6994563189429194,0.8900182426617367,0.8988026984422411,0.43966903201785434,0.9088896821052777
277,0.500543779493999,0.10632533694413883,0.9959471485749788,-0.0004637879793033265,1.001425005233399,1.001041771943648,0.3332414418588685,0.9558547555614179,0.8735185538815862,0.8401123733734052
278,0.9996686109760281,0.09148457220602228,0.9777283138745111,0.0017765197726763325,0.0015088179951648119,0.39967711146090557,0.6678350875041793,0.7559948562850124,0.44941905801391124,0.7953101835636102
279,0.8325727983390858,0.9674514396695058,0.9967920494869776,0.016458337669083254,0.99987222162139,0.7011096429607374,0.8871754443946152,0.9300163493461864,0.5582195391121029,0.9105895428879844
280,0.49970924977398484,0.09748905378833535,0.998151475831327,0.000579172739336037,0.9987858965840981,0.6019953382319603,0.3328956186836928,0.8972684573084071,0.6307620902789186,0.8866076719166096
281,0.8323222054585762,0.08988634215962618,0.994213615379867,0.01517568005425281,0.00016962070651312146,0.19702051643376686,0.8899826015542223,0.8552781084723102,0.34505828405729655,0.8645701664392136
282,0.8342434838501342,0.3795047505298601,0.9905103297629587,0.017128187385722898,0.5001094919764985,0.5993622517480163,0.8889398574619419,0.9311524124492553,0.417166588896795,0.9089793802000276
283,0.8340940484785305,0.09024614102523479,0.9688706905304454,0.016572382987783515,-0.0003518562517266848,0.2003595111839765,0.8892452501285958,0.8662988215828159,-0.0008749678339199553,0.8852798775807568
284,0.8328524595328118,0.09001970523824981,0.9922451533502066,0.015108946361415734,0.3327058107354043,0.2000615224781311,0.8894512100995547,0.8694976415660112,0.48444190704154333,0.8413700222015025
285,0.8342917451940233,0.08969579059805895,0.9942131518630081,0.014430860236898782,0.001112022970557424,0.800011585344672,0.8901195309888272,0.8644779184023135,0.4487668938187792,0.8617663070081255
286,0.5005826944572433,0.10218361196300244,0.9905349269650309,-0.00014824270797447978,0.0018519200348272094,0.40122684207982645,0.3326192743735946,0.9275278654468503,0.19862548244177555,0.8861180622078728
287,0.8343183481282805,0.09791969997029827,0.9960532877463025,0.016028323998380726,0.9998393169848585,0.701011677228278,0.8893348730421531,0.9393392568614838,0.5632720386921755,0.8874236024560354
288,0.8336017608824455,0.089352806117782,0.9956924958316913,0.016136241696025427,1.0013482728641598,0.7987052939393015,0.8892297847859031,0.9155562093916804,0.6307387899501289,0.8634327802842595
289,1.0003065781762437,0.08941370051238245,0.9858692644073836,-0.0015405167793946417,-0.0003562511842994887,0.30027694409419853,0.6651969001369159,0.8280643968569386,0.043226904156732485,0.8414101555064525
290,0.8346385397440201,0.09056346943173464,0.9890908736037062,0.017403028268983888,-0.0006314805565641839,0.30052557264681257,0.8907064942584295,0.8715614091425982,0.3969593591755563,0.8403929342667068
291,0.8312848952156563,0.0904365988685594,0.9830552657881343,0.014651293520415366,0.0011309541419419235,0.3992737045140436,0.8892511092716463,0.9063436012764385,0.16696668789957633,0.8628685363772476
292,0.49954872814665346,0.09867520239460964,0.9972344224844655,-0.0022260285894256395,1.0009470215391438,0.7994317969881276,0.3326853858070436,0.9799907251126669,0.9043532125055568,0.841194761295181
293,0.8333029732162559,0.09146621315898008,0.9959668322445878,0.01478715433780241,0.9986826490337145,0.798221602442385,0.888467658324018,0.9351146523921547,0.5706149812142365,0.8873748216860432
294,0.832862253900725,0.0931707282099021,0.989754110012638,0.015618131277595345,0.0011834520642635563,0.49842678970539706,0.8875092269918052,0.9247201323767822,0.008093598515699183,0.8855608619466279
295,0.5002353164637781,0.10390257842690949,0.9941510681043576,-0.0010636201513407062,0.33438943801429055,0.09898511249523415,0.33456156491136657,0.9046428051378641,0.28682930951585445,0.8388965684196638
296,0.8341146850420914,0.09049293195101496,0.9932889630339106,0.016566611502706677,0.9994791695245915,0.7002621226134008,0.8892082326613003,0.9081045478603027,0.0010836710608032518,0.818961182467046
297,0.8332142801320178,0.08920394572752234,0.9871153979889814,0.01624877181683718,-0.0005378990063138698,0.7996658948412294,0.8876123239843116,0.9072687860785185,0.09639285811984574,0.8866000628097338
298,0.3347565124669382,0.17426339480277414,0.9995777062069782,0.0032716772428077905,0.6663260406814687,0.698527598692245,0.33239057658021426,0.8889642485549124,0.562982409884571,0.8624832623445642
299,0.8344328107998304,0.673353211207152,0.9930462331919466,0.01686108800348759,0.00245059976073547,0.8990363651365273,0.9983969633892587,0.9397900672473323,0.4963083185901946,0.8867133464755298
300,0.3339321940660774,0.14435485297574605,0.9963671737738238,0.004325003841176086,0.0012804773274315735,0.4989254111250935,0.3345903673938261,0.8375241279822754,0.4559267759070041,0.8640308416258994
301,0.8328261932841272,0.13283232149548957,0.9886708977906008,0.016643546438927185,0.0001253674132186487,0.19963287662187001,0.8881151414447136,0.8880889078522518,0.4291896785642255,0.885898145209326
302,0.834008535784588,0.974885651575251,0.9957109902995345,0.015586523446889194,0.6679854972268592,0.29941950017095625,0.8882836286064358,0.8946406316831154,0.5293582184911424,0.8643205586571949
303,0.4990331470119975,0.9905117371782989,0.996643678127704,0.0005535205610273299,0.9986698015873406,0.9006302430442429,0.33157087057875734,0.8653087487776264,0.5675324718531845,0.8412884909694052
304,0.8314706462708465,0.09773461990992224,0.9927105941870409,0.01504903310745672,-0.0003511168605013508,0.49928632793521127,0.8869847440456208,0.8930687222448048,0.4113387422050651,0.8175282694588861
305,0.3337235374627054,0.03741404872823035,1.0003467217153272,0.002645120707838034,0.24948562786517053,0.20069289237242385,0.33349067011480044,0.969251507492851,0.7594831952953782,0.8856550870268168
306,0.5005731826028998,0.10078164177542004,0.9856168837135842,0.0001669148626461879,-0.0006838726948173935,0.09985754819493395,0.3327844880386762,0.9046922279669121,0.20330039570377767,0.9070660400811134
307,1.001033757192037,0.4594153065821949,0.9942489731426799,0.001599360780721988,0.3328573769148385,0.6998933478740298,0.6667519491434347,0.9143838243927771,0.43871217423512254,0.8858508851121436
308,1.0008484916959448,0.4724618216404521,0.9966027521974751,0.001376703959380865,0.49843825440878087,0.7009493183760162,0.6664354462459431,0.9258639767442358,0.5206853435029725,0.8634196238359378
309,0.8347348182146058,0.09125305379959883,0.9929676748716657,0.016931036982263347,0.0011314317826960605,0.4994058373708596,0.8889406727529229,0.8338933128911035,0.4988583415807183,0.8850913767414195
310,0.8329430760614474,0.09120867565391934,0.9941351612771611,0.01609314815266865,0.9998188025986166,0.6990305157868358,0.889042323633366,0.906790467851169,-0.0005456614250021048,0.8171214399068389
311,0.5002044264173399,0.0995365399387149,0.9934866196135603,0.0016364142893149599,0.3326907536626656,0.2995951929871866,0.3332720102428214,0.9456767021518766,0.39478930094473846,0.8404961784382526
312,0.8332642563712067,0.09143022929025157,0.9879875234757585,0.01727579087172576,0.3349186165431821,0.2009456503692873,0.8901923711814985,0.9275178136468191,0.463974735759008,0.8188825583957455
313,0.8331366627074075,0.08935311869906325,0.9782845610352909,0.015512078756995375,0.00028566613192304596,0.3017909697230865,0.8887067378428669,0.8149934634213327,0.348428320141041,0.8422441654997602
314,0.832334427131543,0.09216913681811581,0.9803474670485447,0.016354348679375144,0.2516731222370516,0.40029936244848857,0.8889171073524023,0.8750367469812592,0.4371288720453453,0.8647093264187822
315,0.8330413105170459,0.09102817468410118,0.99605226487569,0.01695867904768485,0.4996644794479455,0.4011480930797235,0.8892356166092543,0.9027784096875002,0.5686602850943802,0.9090085670629526
316,0.8327423006890202,0.5827635995026048,0.9598130611927543,0.01769744281367344,-0.0006396513193168636,0.0004054554785146012,1.0017262688920756,0.8360375340097489,0.1665949444473963,0.8860565815311974
317,0.8334100928628694,0.8944803629010251,0.9853424132083055,0.015196127541606682,-3.2702677193518167e-05,0.3998978411706241,0.8896914279238333,0.7759894426298478,0.18547473188029817,0.9092547638004268
318,0.8324538817006794,0.09028351672724598,0.9888091051955021,0.0159775107946841,-0.00129488688694477,0.3006096547793464,0.888136932626688,0.83830779097657,0.28952556663688817,0.8867776464221135
319,0.8319613109436316,0.7825046564063294,0.9722538656639809,0.001219542314728706,0.0003473110293986905,0.19980395205806875,0.5559504083593634,0.9028832744571339,0.16577461552253658,0.8856581886565056
320,0.33411026945350975,0.06768156751498883,0.9994405504396865,0.0037852288403888304,0.33343783444239433,0.600305546771907,0.33428320323242866,0.9514665673264087,0.550722005204614,0.8397867239674014
321,0.8317839677685669,0.3817686475698384,0.9933889881304223,0.01571410674787945,0.6665635654890016,0.8005807120723065,0.8894193662630632,0.8756505419824396,0.43932677943901577,0.9089898279987557
322,0.834315020851296,0.676878456901107,0.9821758051126389,0.015335628277129826,-6.46343458770671e-05,0.29989078207963216,0.8895604804935623,0.7375963987740616,0.15519173735263467,0.8884219706428289
323,0.49996484278792713,0.1200493178972741,0.9863698751156238,0.0007977882068992062,-1.9635536961136343e-05,0.10019763006293092,0.33581768557425534,0.8827186920225305,0.4444405718958363,0.8857153120168715
324,0.8325368691821736,0.09195722823254553,0.9846201441687844,0.01754269780487018,-0.0008730286347817459,0.3983148942843681,0.8901737611216423,0.8796306746088095,0.4421485237183624,0.8639178147745273
325,0.3336224038843917,0.030487420721333064,0.9929068476370739,0.0039126857621378805,0.33340925623036805,0.6992939617095884,0.33170050858856875,0.9670385432048133,0.15199634427439707,0.8627452223357874
326,0.8359027386829825,0.12072690904373566,0.9963539966340673,0.015999589048074442,0.6685884136167666,0.39942558257382843,0.8890246316305379,0.8986966836994795,0.5474204912267295,0.8641734762715365
327,0.8324322386037216,0.26816405225953016,0.9870283327577798,0.014850340926352647,0.0017089473808110387,0.4993331318877953,0.8886517329310224,0.8994625426761664,0.2623991973187428,0.887699931602853
328,0.33274733627841213,0.2941703126968862,0.9977969498120319,0.0021305047412691447,0.5006907122421216,0.798404616063002,0.3345794862249883,0.8512425674886817,0.5758904104630055,0.8870530946019929
329,0.8328221356523305,0.15774347857039103,0.9968751456617767,0.01792732488575332,1.0004145512485725,0.7018547055525941,0.8898982988707009,0.8282908231490297,0.5748775148373734,0.885482689873494
330,0.8343195116857086,0.9931015400506551,0.9962059831221145,0.000961272784587517,0.4992636109013343,0.9007741563947718,0.5563086363799765,0.932425875751695,0.472745478838921,0.9306560555536049
331,0.5007833603457883,0.0980754560470544,0.9501425380232128,-0.001810802696041125,-0.0006768800576336484,-0.00016572186489786404,0.33306061067944964,0.8136412310480355,0.1079886178481262,0.8404263981063315
332,0.8347996363456551,0.972394661591434,0.9970978999148673,-0.0026512008413840053,0.6664897229638904,0.7980053397323397,0.5563964397156438,0.9359171688722298,0.5513090328370904,0.8870927771737513
333,0.8313659973822544,0.09274068893468071,0.9965940940714225,0.01801702696991689,0.49984857202924704,0.7006612337703326,0.8887845661456569,0.9255647005219593,0.5703622983629968,0.8412362294229452
334,0.8348088655915674,0.10755679337414306,0.9931376061772107,0.01548362428938379,-0.0005265038851709328,0.8017956851012549,0.8890583754535024,0.8964945094287804,0.3396496419210516,0.838796711835049
335,0.3332832214163176,0.6828468663485331,0.9979964302247937,0.004241399899319055,0.999057415844274,0.7005649192930621,0.3332596790228406,0.889501705577709,0.5910600912011884,0.8182075183153997
336,0.5006414368511392,0.09900962650577293,0.9917768723237372,7.753862866832552e-05,-0.0007767265372986568,0.3996758784916215,0.33395374094938857,0.8326353739591321,0.2524328405345907,0.8415993448833301
337,0.8333579102212091,0.09158736386206572,0.9896949518895032,0.01562553882776222,-5.373642186668787e-05,0.39873112716978,0.8894233064588465,0.8724579675914357,0.15205991967170804,0.8638699379036947
338,0.99989772338326,0.09268347649527987,0.9905283570549329,-0.001017639698437987,0.0005914650747883666,0.6984495165252763,0.6652809785921044,0.8462087288815326,0.3865536657459971,0.8634572322096359
339,0.33331153632374694,0.4934133934215352,0.9992067897789053,0.006038262602680861,1.0000109168890776,0.8011195677491948,0.3354391415582589,0.8682329428081553,0.5396567854134515,0.818263471330736
340,0.4988591657581939,0.14082139022396248,0.9800134955863744,0.0006817093940209873,0.0013854638962557896,0.10039198065433369,0.3319711404227201,0.8275487203371708,0.47239049478135176,0.8413857944268065
341,0.8338924770484072,0.09237693528719762,0.9900743546079435,0.0179117972137888,0.0014139434875188232,0.3011651665160355,0.8891712006617236,0.8791616194530056,0.3591472763243988,0.8864843969967817
342,0.8335724473936484,0.09397946912390324,0.9791291016640616,0.016614095667339252,0.3341575078014282,0.3007847248791707,0.8880508901595583,0.8002107891521918,0.3762023538511071,0.8645166775773223
343,0.8346228786945704,0.10347771140041385,0.9918457899061217,-0.0016064260696249325,0.3314323744304145,0.10137723555730316,0.5545180616018426,0.9191331524591467,0.35267300551956055,0.9098619281739
344,0.833428890474843,0.09119414970775593,0.9929683831696645,0.01694205963449846,0.6673276996130825,0.6003324342463018,0.8885710471380163,0.9696256907543989,0.37249851834212855,0.8855171110668221
345,0.49869071912838775,0.9991400860149112,0.9958448996033803,0.0004183721646915916,1.0009238523850543,1.0015520132997684,0.33182683823230597,0.8547776512995651,0.6354483425615665,0.9076749254176607
346,0.8335437097329694,0.7865139917399062,0.9916119936352594,0.014371770210831516,0.001059465252468917,0.4999237423055913,0.8885300602697279,0.8530715587433951,0.4240105750253249,0.8637191664873335
347,0.8353206804034039,0.09323689491000053,0.9935292157230755,0.017857004086773823,0.501263209749805,0.4002166299855522,0.8905989683590395,0.855911038495494,0.4511325387017672,0.909720071409342
348,0.33219853738546395,0.85462102912152,0.9969450601555324,0.0024496030065487982,0.3313622831044956,0.69976269028891,0.44538746844674165,0.980976800439875,0.3518710625314687,0.8856617930513806
349,1.0014401174875642,0.14386730493517721,0.9939689362069136,0.0001884630265917648,0.33274268992930844,0.7982131725020779,0.6666110877820371,0.9366587992787011,0.41351635666331676,0.8634083912115795
350,0.5018355889489918,0.10164546386185049,0.9921485578142341,-0.0011978538088714735,0.33255478940438427,0.3007214503641997,0.3332831783291695,0.9812450533465802,0.1892107841647398,0.8850847432179576
351,0.998214001208272,0.09103750780206649,0.9933053593315258,-4.88925402510396e-05,-0.001098806895827822,0.6012936045441861,0.6667303737866503,0.8489700416700364,0.44167020721699113,0.8411495038858098
352,0.8342298374638484,0.08886936253235404,0.9897950892065738,0.01635987608262051,0.49903323695628965,0.6020261632295202,0.887705500433664,0.8802306860088486,0.4204838304819622,0.8648004817555811
353,1.0013304270183296,0.08952874497696853,0.9967594286999633,-0.00035936804226557347,0.49967626085569444,1.000373619887995,0.6671184094108833,0.8994571083908387,0.6255871779816125,0.8178710119076952
354,0.8357788276226442,0.09154622256235047,0.9977590283996538,0.015363312200279925,0.9993994910716356,0.6009438634459517,0.888931645055005,0.9078212666310932,0.52609185750624,0.8863383058954568
355,0.999711435498908,0.0926572293761135,0.9922824287009,-0.0005998237952167309,0.5005370329536666,0.5004445807857297,0.6671992553278395,0.8828508143753214,0.45979831080824995,0.842682080805618
356,0.33468843376026214,0.15560276073617788,0.9978085143991705,0.0035763825207531783,0.6684146896716479,0.899216311881445,0.3344097714018778,0.9255330332416052,0.48975575059121884,0.840044615094251
357,0.5009565915528492,0.09830860817919268,0.9965389870258182,0.00038971443965404656,1.0027009202485904,0.899619319436715,0.3328086834647672,0.8824029357512825,0.5809875373284603,0.8429870887160675
358,0.8347376784552478,0.20359897056811938,0.9799745657093911,0.017689572076734723,0.001142588210869549,0.2010610501515805,0.8887303386922667,0.8544099779451602,0.3795090200551212,0.8634025268942422
359,0.49995745644159534,0.10161650911907952,0.9976214372560624,-0.0022453694286578944,-0.0018420342800002586,0.5992690515808345,0.33425893318059174,0.7256473992081912,0.4255664796614369,0.7965943283839855
360,0.8331083291885202,0.09060631591074,0.9970876938243486,0.01770256854748369,0.9994755336798173,0.5003471382754615,0.8907201488780117,0.9002240013031474,0.5876336247630696,0.8612044480897121
361,0.8320225602254046,0.08913709697184213,0.9761859985307458,0.016695493321686388,-0.0012749447305348744,0.19829319573582702,0.8894798445502502,0.8989082355782807,0.049316148999251436,0.8643860903549828
362,0.5002353689351688,0.10330160089651247,0.9982717708275604,-0.0016567968576104146,0.4996333194111827,0.20040866335243018,0.3322491667412228,0.9389118726725298,0.53333589691712,0.8181785366196083
363,0.3322914595823402,0.027251114359001433,0.9956054404475997,0.003201692793971176,0.33178941119949945,0.5983181450664575,0.33410494391412826,0.9202735571833288,0.4169475191988833,0.8877572416807001
364,0.8346429835730372,0.296559403947536,0.9988235105245538,0.014329950776830445,0.999766441834468,0.7006697389398512,0.9999409445257003,0.9778406751749104,0.8819566616961825,0.8638585459468372
365,0.3343614114181856,0.033605519193050805,0.9989613739158957,0.0017951711799059928,0.33298205853090446,0.1996837821724194,0.33378732992567534,0.9930533936983036,0.9269643661497823,0.8650902005777759
366,0.8338939378135108,0.09639595389936864,0.9962422703539687,0.016501573118228575,0.500898810929696,0.3995775738663927,0.888132333279336,0.930356768112085,0.5253480364010655,0.9079487596203163
367,0.33456035120502053,0.03761521959405252,0.9927388392361061,0.0034239870558665387,0.00021901514108051316,0.2014778526610179,0.332828992314815,0.8716493869142609,0.34459317305165316,0.8180900058689733
368,0.3332056502902175,0.03355316785935142,0.9977906814353806,0.0026483832429792693,1.0000607898862033,0.9007199905839051,0.3339467277068572,0.8411330618176274,0.5713113529325908,0.7936833086966367
369,0.33336303348293833,0.2774069723833995,0.9961812959017956,0.005017269864922904,0.6657593620336003,0.7989304034362927,0.3333796148077232,0.9647839872129036,0.6352777678276207,0.8392253963086345
370,0.334337549184439,0.03439420745691401,0.9970210891250683,0.001894536767289473,1.0005125839297164,0.9015713538166935,0.33163961953652094,0.9138923242175666,0.608324154575962,0.8651247534624695
371,0.8338652699246728,0.9780263272258908,0.973915491677405,-0.0004777018330591618,0.0009228903119137465,0.20208878732574018,0.556451493471336,0.8841931357727398,0.3408294166056958,0.8875685266717707
372,0.3336183734146507,0.030541510534480145,0.9985285327711392,0.0037068788179123713,1.0013295972029304,0.49983175875128194,0.3344194673077995,0.8962310369403828,0.6287867548188512,0.8418809790069676
373,1.0007932909228694,0.09072336767707082,0.9858053027722969,-0.00064514678016321,0.0005146560415341606,0.29981058777655845,0.6667856833816352,0.8254555411700464,0.04168175809485659,0.8626329283068751
374,0.9996511557245792,0.1019398912099843,0.9967270976076882,0.0015204276063617713,0.9992790153897354,0.8987675420020164,0.6683595528384735,0.9460910196037304,0.7082135075169583,0.843103162452076
375,0.8328105150273681,0.09434969965979721,0.9956529089762582,0.0156306360529747,0.4998484404121641,0.8016123090222123,0.8893994085278122,0.9776028166365152,0.7524868615256481,0.8634241811130146
376,0.3331362187222985,0.07803276425408709,0.9861413912866174,0.0024782558508017827,0.0003115424131445972,0.20121603506645175,0.3329358911473112,0.8631384307135848,0.2758745590224125,0.8165536124155706
377,0.832270520612086,0.36770822906564055,0.9921764081917624,0.01763279645580307,0.332015435143617,0.6000577244134166,0.8870829151847875,0.8740701212397471,0.4797542153108737,0.9081105831509462
378,0.8335357516741146,0.09105201864068956,0.9854920117025799,0.016424241346876162,0.0003259931338940217,0.2010524710141634,0.887634713037966,0.8405808135211563,0.32212694697192157,0.8406727275112079
379,0.8340514211881094,0.09277849593553397,0.9872555729053375,0.01765491829441152,-0.000779882181912028,0.3003545641800382,0.8884377278994917,0.8603981186369809,0.46484726322859254,0.909208089399372
380,0.9977555372448773,0.3102436292243728,0.9947181625872517,-0.0003049168724530741,0.499609649921793,0.7012074690217193,0.6644965089379279,0.9079902175957096,0.5005695842008784,0.8857506725458775
381,0.3328835349192667,0.030425708005329948,0.9953470117988541,0.002914940424435327,-0.00036999071104058367,0.2970727352946319,0.33428589403241316,0.8160504516348522,0.3375852574775774,0.8630305540411413
382,0.8334874164220745,0.09522214626339918,0.9941773882722986,0.015914718003517205,0.33210089223144446,0.39911179123347573,0.8892904079412581,0.9145491986824319,0.473641161567223,0.932495012829786
383,0.8346427706912621,0.08948914024733023,0.9978423088685351,0.01816924677167435,0.9995404377245602,0.798963510645841,0.8884828252274743,0.8930482469527168,0.6089770770607108,0.8640965683418079
384,0.5008808794554609,0.9237643385404432,0.9995701702019945,-0.0002947355453192852,0.9999713680766867,0.9998883712926927,0.3336785611916385,0.8596746803064008,0.6400898629499016,0.8620252944886406
385,0.9999517396674262,0.10177372711743797,0.995301031556716,0.0010235583028110886,1.0011334707148443,0.8009774594940363,0.6644613573675558,0.9058749782709534,0.601261310405416,0.884472377433612
386,0.8342231083152792,0.974328670462531,0.9831229194204779,0.016170683410045118,0.0007618219447871605,0.4012982571897512,0.8884526925294324,0.8418909419803791,0.3662226677504608,0.8637207304205434
387,1.0011645988797366,0.09208948241565483,0.9949022572721407,0.0001654334087744983,0.9989726286415807,0.40018199925527836,0.6665585882417012,0.7716458154961288,0.510018654685901,0.8415760166607374
388,0.5001261992737053,0.10217315840364072,0.9807161944198199,-0.000719230602188246,0.4994298830657677,0.00029308783574399255,0.3327087710777682,0.9474111995246439,0.14003530819485818,0.8640920756823876
389,0.49885110709245395,0.5885545329604441,0.9993062323798834,0.0012569153277467223,1.0011521852657113,0.7012769706407411,0.3342272929565079,0.9184889176976805,0.5586903481541726,0.8876234323024308
390,0.3343840717799408,0.1403957191610514,0.9953437348672934,0.0019203066099015556,0.0017148259651088066,0.7995927823369916,0.3327641709284965,0.8884559473023104,0.40547412974374303,0.8406432945817897
391,0.5007129455472661,0.09928109296903635,0.9945271814177784,0.0006123729406765122,0.0007713064314559879,0.4989295108623349,0.3350791958439955,0.8646202484425983,0.49687348127505987,0.8641144906595187
392,0.5004063665881586,0.09719866083086268,0.9768508834801382,-0.0011634679513000468,0.500642778333723,0.30011292323530114,0.33341629680415363,0.7996276694843434,0.4039683627665382,0.864198707806268
393,1.0008774268690788,0.09001190467751768,0.9959996196001912,0.0012563545913050255,0.9982466829363155,0.3995792203455935,0.6677370351259385,0.8358799121687369,0.5484959539996921,0.8647645646894411
394,0.3324969205905735,0.04889029542224798,0.9987020021409594,0.0031345387880146298,1.0005885145420919,0.7991576236822094,0.33441397680283186,0.8531773420424542,0.5073836615988525,0.8631909722458146
395,0.8328177447652249,0.1127806704550441,0.9763771032073226,0.014417703707866106,0.0037616245920142283,0.500392489481379,0.8885460499898493,0.8736142867320515,0.3501720000561093,0.8849087393301059
396,0.5008710110176497,0.09904073327320091,0.9976987582991039,0.0017965778758990024,1.0000882867339012,0.5992528514975054,0.3333874889150605,0.9091154334504734,0.691214879620587,0.8413783607111566
397,0.8348140611126473,0.891908091645544,0.9877123667491144,0.015528818014015185,-0.0014862177570970233,0.5009230011257563,0.8885391707614568,0.8238945475881833,0.4160454187679232,0.8866077395369962
398,0.8338027931555045,0.08966006006333994,0.994995463748793,0.01468723258781369,0.9976665107351509,0.4002442093303127,0.8873499403634855,0.8148812422185682,0.5056593488169797,0.841123512169804
399,0.8332735894891803,0.10267150184009677,0.9908678234420594,-0.0005468236106440144,0.3345788629364107,0.30019629953072774,0.5554068356298292,0.8574362282867382,0.3713878237532572,0.885182111912226
400,0.8342079846761675,0.0899852456273671,0.99611064164841,0.017437537680633244,0.9994557212534466,0.6994103053468389,0.8887814148779507,0.8713729764831054,0.5878587720912589,0.8633862918165683
401,0.33386497190541037,0.07346171174055134,0.998578135588241,0.004272155742685527,0.33369847005316544,0.7988392493554141,0.3319678948840975,0.9750295988733596,0.8295229687853399,0.8864193333787795
402,0.8340484117412873,0.28658115983679366,0.9887383327384627,0.015352380763221688,0.0013922267805186515,0.10052457437792102,0.8887507045584134,0.9015175371718177,0.2633090009581055,0.8858349367962217
403,0.33142023625531836,0.6378349593173205,0.9916249471022953,0.0023018056396339227,-0.0013735555931685326,0.2981352077255674,0.33071971607624834,0.8866762305296401,0.25005002077103156,0.863117468942382
404,0.5002841283167989,0.9979272602166599,0.99769072762347,0.00037699906898129305,0.9992437008240126,0.5000999331838796,0.335043929463583,0.7668422650371842,0.5716273530722197,0.9105149473160729
405,0.8338875676033103,0.09625304622441168,0.9800166925981355,0.016830028898343525,0.49895717108520876,0.0989963398550888,0.8898097984639275,0.8278681542840576,0.2546368703020182,0.8409044156978221
406,0.3336136459475729,0.07599092362880892,0.9978116882544337,0.004536493173634237,0.9999405848130558,0.6016436448809902,0.33280584703199034,0.9675928610556468,0.8074475813314923,0.8650983139795159
407,0.8332313166797025,0.09125308948899578,0.9880462815271283,0.017860765751100995,-0.001632151648998328,0.2997665491669654,0.8892410530865413,0.8534286217877942,0.3789897993741777,0.8196769297139501
408,0.33297508483903254,0.7981328173508152,0.9987890094548894,0.005581505356222484,1.000843040921036,0.8000475970616918,0.33344037204353905,0.9278207441276041,0.6769199763751154,0.8863044616571848
409,0.833347971184483,0.1976965040806076,0.9873101434046987,0.014806096695073226,0.00081097854218195,0.5992003361499857,0.8877289886193007,0.811449155127634,0.4608306620892687,0.909452705222663
410,0.8347537603732899,0.19286425029026436,0.9951084789006337,0.014391144774973991,1.0015723557301335,0.8994724340472653,0.8885149648445508,0.8797213056912843,0.5167375367370486,0.8868472898956555
411,0.8346500170696658,0.09716508201738916,0.9817979282071299,0.015160176069931537,-0.001333007935197282,0.19916466421613782,0.8899724704277796,0.8386582191248123,0.27530659073725916,0.8630145317755955
412,0.33405542611600064,0.8470711044069179,0.9983513235283001,0.0036975963995082234,0.49891910903207254,0.899301434850776,0.33150048209740984,0.9236602586882122,0.5630441450342427,0.8859108956964901
413,0.8329078572300523,0.9213528607721752,0.9746942908967731,0.01703724070592687,0.3319675762708959,0.2005390307115029,1.001656933430521,0.8674134289961748,0.2899350766869462,0.8623806934939644
414,0.3325278113819277,0.02712484207232466,0.9966368766835288,0.005895367757497622,0.0016018982324535328,0.7015044080459515,0.33359887932930854,0.831742114538786,0.4531056304792357,0.8404449921372469
415,0.49860324029294395,0.10311493888490428,0.9973533325459291,-0.0017411613441086218,0.500872431734193,0.299229979245081,0.33378223371131427,0.87800171656558,0.44284859971645757,0.7941583286115946
416,0.8328535425300634,0.6339169175039098,0.9927487901432236,0.01617326350248014,0.4994607664196028,0.7997825010214662,0.8896964906819431,0.889796159232255,0.43466118989982194,0.8406227948716137
417,0.3333509705840715,0.0591013096450757,0.9965037122488906,0.0038723777418346434,0.5006544173224295,0.09880487675550724,0.3335896640182362,0.9346956414708412,0.3039296268120989,0.8641834440430178
418,0.3330385343972354,0.035132831963094406,0.9982255340736821,0.0028394702489880786,0.49996994259493815,0.6998715705065061,0.3335814489766859,0.9462594919513841,0.5458600993752188,0.8878639166069353
419,0.8330902852468639,0.9923526745844227,0.9981925816104079,0.0005619136049149687,0.9988679328097841,0.9999360969399069,0.5551055826735622,0.8994753850580827,0.7044930582554494,0.8867837976312598
420,0.5002665854782928,0.10243840258378256,0.9875996463000246,-0.000585317249784931,-0.0014043447698942912,0.10093597463744214,0.33187293704838405,0.8551707473214724,0.3025627690210186,0.8642111996336082
421,0.49958160630960025,0.09894756299345159,0.9772939952371802,0.0011810952151597282,0.001064884738827562,0.20011844307405233,0.3330277503764199,0.9056174597784659,0.00804579200054394,0.8864827443666387
422,0.49959525917350295,0.09862161358050625,0.9789821391424645,0.00015065060482657668,0.3316807455157784,0.20012974125727181,0.33232344605901776,0.9076584683090194,0.009816744067153901,0.8855939010711931
423,0.8344334941550133,0.8398882123263739,0.9800131961338232,0.014759305834758088,0.0013694335449025315,0.1997483313756158,0.8888307706177947,0.85679274171568,0.3379441775247622,0.8859860820492386
424,0.3335212607265086,0.04508247545169212,0.9913045688350917,0.0033010718926832676,-0.00022047225786641205,0.1003398384822589,0.332953991068145,0.9197908826418703,0.2767596018216656,0.8632628780041703
425,0.3330461551791932,0.5833429553402487,0.9965709787840874,0.005368366863657952,0.9977841011995001,0.8994692804986926,0.333334721943428,0.7988635922417203,0.5721205890478263,0.8188595360966016
426,0.8343588761640626,0.08936820369205335,0.997365385957606,0.014584217839127738,0.33287390989081106,0.5005656581604897,0.8887676853077072,0.9649667746549608,0.6832391108593417,0.8879354670131991
427,0.8325765150886016,0.09132831044259745,0.9886168261829301,0.015325936052489142,0.33323747770971296,0.19830457042573413,0.887375496461542,0.8632038428343981,0.4240351423771132,0.8868204384694955
428,0.834804570994001,0.09114788140148569,0.9736566669769297,0.017545660223866017,0.33480478900428823,0.20029703642530586,0.8888812395365419,0.8097057624861191,0.31286501326207117,0.863893086388876
429,0.8322924812925084,0.09954102302422463,0.9909413411033109,0.016793651185736665,-0.0007822265954456053,0.30019293936740515,0.8884560014817373,0.8252795609265715,0.4101572698762327,0.8872277170901978
430,0.8324197067675966,0.09023915326552698,0.9963568910809549,0.015064642887744423,1.0000216329457468,1.0012134799087904,0.8886501525690098,0.9615481802866175,0.7407382234795963,0.8861140847891543
431,0.5007135445456827,0.9930109680587479,0.9978469093361745,-0.00051776416931584,1.0022165216504768,0.9992191725790328,0.33265877073976646,0.9132992034741808,0.6336255400478421,0.8648612771567067
432,0.8355647341976425,0.08927406764384968,0.9881238002905711,0.017834082137661914,0.0012373116210494632,0.6006614736515309,0.8883216733572995,0.8849796806653812,0.16828229269055803,0.8399814051620715
433,0.8314640545407956,0.0891783991925721,0.9959389325637151,0.01708720210666292,0.49989998207780567,0.7019116429975425,0.888541662002155,0.9281657556544476,0.6662466362416609,0.8867560217691877
434,0.8359579901649934,0.0912419257312436,0.9835059497299072,0.016467936121253822,0.2495779409681426,0.40034800873560383,0.8898090104565783,0.919168314777244,0.10590800893985507,0.8863657204702933
435,0.8308952091913145,0.0995498279982142,0.9746068629353823,0.017272584821636232,0.00016683892617756896,0.09941400435400596,0.8872083687210714,0.8045756693563799,0.37192381394001794,0.8157049759753772
436,0.33308988327155015,0.04400132079733022,0.9901810861064799,0.002828268542357099,0.5003370134398852,0.5009300104179842,0.33293366254912604,0.8731863645485534,0.300276051549139,0.8402328670616065
437,0.8337645468273672,0.08800476593243664,0.982088548261046,0.015521091475240487,0.0010481536052781904,0.20134837652537532,0.8895641947541795,0.8933478449001125,0.3626073120399651,0.8424507241230775
438,0.8346164375356888,0.09256888681366542,0.9943240006260426,0.01570391243996508,0.4995537447319434,0.8009228319191063,0.891105730647432,0.9676291638261578,0.7304559746309566,0.8622679649257082
439,0.8338501934569705,0.08984101995776868,0.993815249970352,0.014775311330749082,0.49953202197009133,0.8004184527218222,0.8894949763693085,0.9127517871663267,0.10029184845156207,0.9081613561160296
440,0.8342631262722378,0.09627130082393247,0.9976854832435637,0.015453034842395515,0.80032970838065,0.7001026223589771,0.8888909486335003,0.9276442475524492,0.5284105418379443,0.8857272352071487
441,0.8330017573358824,0.09241466695054834,0.9953046336235571,0.015769144856745923,0.49986018082749073,0.09959461528837021,0.8879540831300045,0.9902309945185553,0.870146506362454,0.8874595499201974
442,1.0011291354024832,0.08941867953699782,0.9936442877112609,0.0018755272235917346,0.5011653302858635,0.8000543881876264,0.667243051184159,0.9264978797873468,0.5042888220559603,0.8864007300128124
443,0.832473326405086,0.09263495247007077,0.989545917943935,0.017362842066602026,0.3327547688708721,0.49944166090227216,0.8891378546538244,0.9686441870846914,0.2660706646690273,0.885929610505733
444,0.4992705907760607,0.10115910827451416,0.9928054479475799,0.00015270433704413127,0.33431705310398635,0.49964840889903706,0.3346240558095664,0.9800447270024065,-0.001025580187683373,0.8649189147655376
445,0.8343164463533277,0.0903575757040125,0.9976907292091339,0.017878324770072323,1.001399484412191,0.7999097686436892,0.8910872638605177,0.9283988925108778,0.6092145742852061,0.8635949387986432
446,0.8336590785517661,0.09891205187012357,0.9809240995701429,0.016196096097637096,0.00018205953487850532,0.3015250459951495,0.887735745160775,0.7914461879543565,0.4129988105323819,0.81859109354212
447,0.833685979165593,0.4470016561460012,0.9935512471257029,0.017259038436074053,0.6676015872092651,0.6983847003246858,0.8868266276427464,0.9266415309351871,0.47002275432977453,0.9315475222741855
448,0.3332438103894994,0.031465336990052294,0.9996696446239505,0.005483269148610236,0.49982392599076597,0.6003859764477794,0.33359187405214724,0.9785306591179774,0.7828910295644063,0.8629080652899901
449,0.8329782668793123,0.10124886555989428,0.9991286792952349,0.0008514741698411138,1.0004308308178747,0.9019945152733212,0.5546121180944413,0.8711921659145271,0.5897967804766437,0.8863111148740148
450,0.9999235621574204,0.10603208040958115,0.9967162080563703,0.0005111167857436899,0.5006965580019384,0.6016948392860972,0.6672875784512236,0.9165262860904635,0.5908030666867955,0.8881491875740407
451,0.8341813112807221,0.121612538634365,0.9970322390935965,0.015857165908084572,0.500794170297308,0.5004382931910022,0.8862884336453161,0.933740359533044,0.5085464143521171,0.9083522335069346
452,0.8343501490182264,0.09293519013546425,0.9901098828556021,0.015831674109744284,8.857929384237985e-05,0.4987002768801752,0.888932204814526,0.9230444093891088,0.008528153315414604,0.8859669158216384
453,0.8332334698038159,0.09033567364765262,0.9962428535625781,0.015951558001663008,0.6672054671900713,0.39880099966607363,0.8889902320251455,0.9065585474429411,0.6203450317265676,0.8874828822210338
454,0.8339608901797079,0.8924380234207901,0.9966739012345349,0.01700895468704107,0.4999241693365883,0.599611830658264,1.0007117182347818,0.9463878212586629,0.6023692479894495,0.909933814211687
455,0.8342964012540687,0.10075852878879193,0.9962617406448753,0.014826082250176776,1.0002072660403813,0.7001535611949269,0.8877787958386937,0.9217443804746207,0.5826191925646166,0.8859811959498239
456,0.8333017019352715,0.3576189181250022,0.9746704101162585,0.016938561439161705,0.3348284259192206,0.300372628671774,0.8869561376788792,0.8839700443692965,0.08221650158744692,0.8640933234793639
457,0.8356773722629592,0.1751358095243192,0.9963692713645318,0.01646237935433745,0.997500213216482,0.7007881006363181,0.8886114089326393,0.8860440156575685,0.5718037546602244,0.8644066224017367
458,0.8321728717027773,0.09354959356583295,0.9798212702703457,0.015756571489101742,3.4141550362385505e-05,0.2009799754800692,0.8885704759653269,0.9242045820663952,0.061525521833527,0.8623288167797007
459,0.8349342637994542,0.08943964613224978,0.9765809565705356,0.015493677312591518,0.0004972807015744381,0.301226330187014,0.8862663799884206,0.8926945074314141,0.045462087085975024,0.8636504629692597
460,0.3326088981090626,0.04168760497243665,0.9983922486270214,0.004242125591279087,1.0005491847606198,0.4983729244113941,0.3328144504873312,0.89838287411179,0.5810087651398085,0.8390593645570377
461,0.8345030601013446,0.09011033223302882,0.9697433435833854,0.015727234042561686,-0.0005082263966333675,0.20273915416970203,0.8896070998026203,0.8651744548421425,-0.0003922601626559479,0.88734579176522
462,0.500449044884356,0.1003601409794456,0.9850235288482933,0.00036722160119803573,-0.0005713624995763267,0.10033767875985486,0.3338399058132209,0.8658941245694678,0.14126777503193802,0.8427462974589094
463,0.3331074966833301,0.7695218641313017,0.9825996180594287,0.0029434282620274233,3.514575903430259e-05,0.09973850279438919,0.3323739639907425,0.8620145214936866,0.30145576570745264,0.8406201827141031
464,0.8326991189878489,0.09059501788121851,0.992903015303204,0.016563214285776083,0.3356837415989904,0.4993442714312457,0.8884198993131751,0.8721093905613795,0.4089264046856671,0.8625772736978023
465,0.8333129492815321,0.08991224403165543,0.9934385981092487,0.014917218246945418,0.499020972899745,0.30092493481873117,0.8886117758366667,0.8605440898329719,0.4996734586848082,0.8854456115601208
466,0.8332150665643965,0.09841524662209927,0.9834141949796062,0.015343286177805327,0.0003496090825118652,0.39856304790176933,0.8869211030440345,0.9115408756851215,0.09436376391309943,0.8869382006496618
467,0.8332840774581537,0.5188603366323943,0.9956661171564049,0.01652781200369246,0.5011897732209862,0.5995617873895537,0.9993810630035957,0.8847670017547213,-0.00032910170497863536,0.9319899794060716
468,0.8340311067220049,0.5163786973750442,0.9935552264664723,0.016215403463140547,0.9995695939575934,0.5990346597074055,0.9987269695758715,0.8846977663188239,0.0006755926288824396,0.9319615835717507
469,0.4982204004951422,0.09846772935989109,0.9930388986154622,-0.001504032729614952,0.5010290481952139,0.7002869001489762,0.3344842730626102,0.9235263617328526,0.2860751591708192,0.886592176676648
470,0.5006566243249493,0.10123926752257885,0.9601112327763273,-0.0009822623588610511,-0.0011314345804279873,1.806766193439448e-05,0.3331018427191563,0.8296366942795224,0.311763742218391,0.863696763951414
471,0.8349771868843467,0.09108373426006032,0.9801759953409025,0.013902792991294427,0.19940161494029487,0.19997133224204183,0.888161614155714,0.8324419457656532,0.34816649868754873,0.8415062490270249
472,0.49909557431004326,0.1024698869416559,0.999814515478297,0.0008138368615849543,0.19962403082390257,0.2992515887726626,0.3326501399878873,0.9363948046144678,0.5799918781000912,0.88607892046656
473,0.334171984986981,0.030288708280117885,0.9980449905931156,0.002666033895777085,0.9995443967237514,0.8008639709702361,0.44558461744075895,0.8291358747920169,0.57285152940142,0.8827461222621438
474,0.832384937050965,0.2435831585062789,0.9860863435983538,0.016556751405813717,0.0008590406033134114,0.501034471215798,0.887628634257333,0.8461784642483426,0.44661790854002775,0.886795114822132
475,0.8327691525517166,0.09215404646747523,0.9954599457623121,0.015447496839898385,0.3330612618056585,0.19927866893855925,0.8906466753924787,0.9671851166995376,0.7532650717171536,0.8659999049555844
476,0.334046955645445,0.7222132211359511,0.9992165085784988,0.0017997968279592454,1.0015387761401089,0.8996073044591275,0.3312588148632939,0.9151574277296198,0.7108962032716849,0.8161692768655052
477,0.33347682480193996,0.05619756478384178,0.9965692901350476,0.002706559701179176,0.9997552100494449,1.0005118380684008,0.33377401040043103,0.9313585341792752,0.6338383478958588,0.9091652178594545
478,0.8353346647948621,0.09072832031589419,0.9939373809505868,0.01733875711621327,0.2487413369935968,0.5005325926596925,0.8908652559272956,0.9413396023503482,0.1239712318030953,0.9077553015742428
479,0.831962230151686,0.09098728319256491,0.9766604779219705,0.01727028638844262,0.0003191885560005642,0.2010112923827623,0.8881870541989763,0.9032473136671142,0.06915127051199936,0.8624913154749513
480,1.0007518982595247,0.09588143243424091,0.9916568621846222,-0.0009108027390434933,0.0003188863265114845,0.5993409565461734,0.6665372627253282,0.831778382798897,0.49270560755760495,0.7962989593652174
481,0.8333690040750804,0.09189482006073806,0.9954080900087571,0.016421338727803603,0.4008626130593777,0.4005915238159538,0.8884689353732037,0.9548222909816989,0.5633725409677054,0.8637656486783336
482,0.8346764680908451,0.09048885954100988,0.9937889103307233,0.016234656911400327,0.0001112048492072475,0.8007512054090006,0.8881134568477834,0.9048859653302728,0.43142379501283534,0.8860660502411027
483,0.8329609876214136,0.08925371431720516,0.9869119735975361,0.015411313215796448,0.33431249458437673,0.3989470391930449,0.888835613760269,0.8996526050201223,0.48586526365290134,0.862964330718945
484,0.3323403504051299,0.47259664625382103,0.9991273775193672,0.004238247273946692,1.001154481833045,0.999245430095985,0.33399122899106903,0.9899363588777764,0.9400040584342525,0.8626210809275167
485,0.33242962033430373,0.6006827757043773,0.9838038125657486,0.004577039069119763,0.00038823428093111306,0.1007826971678924,0.33159400092525787,0.8679813806683698,0.3012479675811957,0.8433894003726851
486,0.8354594810816908,0.09128077096956426,0.9796643596971604,0.018398265580353335,0.00030261194821851504,0.4005844616003441,0.8878602561183139,0.8215652928870825,0.42345005482979353,0.863391350821334
487,0.8317569668903906,0.19310678975256626,0.9742617209017652,0.016060837565620722,0.00072705944686272,0.09973046575596133,0.8884680205197988,0.8428761909158788,0.3107416457820652,0.8626218523116826
488,0.5005099837367161,0.991900752557367,0.9977725151523743,-0.0021777934756795647,0.9978138056247943,0.6004357381462166,0.3323383974334279,0.8997706832237006,0.5455004446028818,0.8616067661604792
489,0.8348610191225005,0.1686562784894221,0.9954358633657678,0.01705516920168201,0.33392308452238617,0.7991105902609829,0.8896794183547968,0.9258791123513345,0.5224338087181379,0.9316330782751239
490,1.0004496759257837,0.08940559202991813,0.9977679030367297,-0.001630883340229811,0.5004263348159629,0.6993603832779125,0.6663543780747714,0.9089902225074964,0.568065660759348,0.8181233405508452
491,0.33273957126792164,0.03172556813673718,0.9984400790383726,0.0023564549441519155,0.9976862572496918,0.9998618159069349,0.3334315326234659,0.9260511283452997,0.6915981021840344,0.8874418782393284
492,0.8325359115097853,0.20539254214770095,0.9807625968933242,0.01620276456303477,0.33366815960886426,0.20048539713537547,1.0002015838946032,0.9152838144717041,0.24884706164249812,0.885944737374471
493,0.3335605588256794,0.026409471260188264,0.9912679737908417,0.004514095007571238,-0.0003933773379266978,0.30068670903013256,0.33261667946023904,0.7995333891164065,0.2587481672497536,0.8410784340366749
494,0.8352493583174435,0.09041126572181712,0.9924296899555317,0.016591719658168576,-0.0010526540639404884,0.20181817145186243,0.8879199203843798,0.8865373120540782,0.4504595748747654,0.8653546498332637
495,0.8333567332665787,0.09575522087822566,0.9928572004348432,0.01567115217565992,0.49761830500580856,0.6997208505900917,0.8871434455619073,0.9264420449892412,0.2949261167664369,0.9089891175608409
496,0.8332722442340209,0.9561756794120038,0.9957589089750684,0.7508562393795848,1.0013378964427815,0.49865355757189384,0.6668260645104351,0.8720706350172459,0.5623340154404922,0.9078506743445117
497,0.49858560414892444,0.10128614166917217,0.9938708904117511,-0.000560128849014875,1.0002278667626898,0.5002766195330312,0.3329078203927514,0.9786743671795548,0.000526620180202428,0.8614030998892823
498,0.8323285719921225,0.9554175588124403,0.9894540707024473,-0.0017519824253301307,0.3312962039385839,0.1988133287615738,0.5538691856568019,0.8989572011643295,0.37604746371248077,0.8868953611994348
499,0.8324171745057775,0.09628014008126587,0.892582141863944,0.03168626751162927,0.00021160210655614655,-0.002143363548947651,0.667489685057738,0.8352143113414976,0.17022346484881892,0.9331089664781742
500,0.5001231628276164,0.09707123627643878,0.8133641343630302,0.0002876529736601504,0.001525054146937875,0.0014577153909506619,0.33249399315998934,0.7753908802001896,0.17239929541952856,0.9073232141988375
501,0.500111083105168,0.09815230485896259,0.48054714362761697,-0.0012658953350342015,0.001642217782216906,-5.5293607341096625e-05,0.3331427614738176,0.6586425789771982,0.01547144491224227,0.9106685347801319
502,0.5005400955911795,0.0962525763035995,0.5378773035337606,0.0009200491268445655,-0.0015453682802530734,-0.000976951078762795,0.3318780793163836,0.653519801044125,0.14317715824475122,0.9109107338239509
503,0.500031029240476,0.09676288979902573,0.2143582244578908,-0.0023812180332485064,-0.0005238780810388435,6.782100126934132e-05,0.3330153236239289,0.5055062233541509,0.1676103429077831,0.9084254982799529
504,0.49830991476600855,0.09797295152474833,0.42289478412412196,-0.0006785256725736482,-0.0005606056468026551,0.000915204012630864,0.3328369609124991,0.5450316112056144,0.0450655777951762,0.9076216905221102
505,0.4994570001782768,0.09719190159735869,0.510028041194306,0.002583400727078286,-0.00011814697687605224,0.00025074591892874015,0.3333156166490486,0.6802981810853003,0.04768629655270428,0.9089223248166808
506,0.5008521309533238,0.09528677269602924,0.5116648604711023,-0.000635572795724828,-0.0005716123795798339,0.0006743805082913649,0.33438000573132265,0.7110270621430544,0.02347518568525771,0.9322001480543542
507,0.4999288101536158,0.09663721783310125,0.2027146302924724,0.0008490480820717962,0.00030821549542534547,-0.0003560355076333843,0.333591602636573,0.5327456277912194,0.041161135563319205,0.9103117809665818
508,0.49949889033742045,0.10264571392934081,0.958772247974426,9.466808393414733e-05,-0.0022276346764829404,0.0022079266472034846,0.3373194573621072,0.8734944342301668,0.32565626748346177,0.8408431778961384
509,0.4994600771495819,0.09811486935989665,0.9779801139426796,0.0007458892135108927,-0.0018047819728614824,0.09773150722367405,0.3348756601569227,0.8920240103146984,0.4191632645883994,0.8181367293355531
510,0.5015639536718608,0.10621878138082025,0.9948126251861233,-0.0011474027055452514,0.9999716485815704,0.39879035882874336,0.33373971173535694,0.9146980080063273,0.5825726768157953,0.8638246784784832
511,0.499650592161386,0.09872762289531618,0.9785594263128089,-0.0006833864707279147,0.2505796527384503,0.1004506593677393,0.333373783230403,0.883568796455796,0.19562268469805422,0.909074533169204
512,0.49936009267031484,0.0977555065773532,0.9823624146389132,0.00012477193354790722,0.0008542345329701266,0.09889029556689091,0.3332102772156603,0.8649245273940506,0.16534549915316119,0.9085410682828033
513,0.5004105428286121,0.09814342796426001,0.9805593704539202,0.0005755149689417048,-0.0007559467853724785,0.5006228773902794,0.3339812803131752,0.8623531983171221,0.40971808059535364,0.8397214689811014
514,0.4995683614918042,0.09940054541912183,0.960655980549244,0.0005106313305347154,0.0005877822230221693,-0.000801817271353715,0.3314244290895079,0.8624682644686734,0.14214180575073762,0.8648432305371281
515,0.5002204872150321,0.09694358788705436,0.971728441335117,-0.0008597890019529128,-0.0012497652713758546,0.10038570504499032,0.3332339505306492,0.8891975434325543,0.3875169639052322,0.8629616868157008
516,0.49906584994034137,0.1010991927799462,0.9601508040005791,0.000704109838144341,-0.00030880108551116904,-0.0017917428112940123,0.33364229187396416,0.8320469442253718,0.19212290906191737,0.864415640657016
517,0.49788549916226577,0.10004285177849673,0.9761155929948838,0.0012383846802991316,4.8152417000286144e-05,0.10015195441535864,0.3344615699827984,0.8246977623009705,0.31062220087766407,0.8389892213847505
518,0.498261978719376,0.10244303158164869,0.9435135240806888,-0.0008678606912585431,0.0005688386003921593,0.0010999910930917737,0.33381227850005546,0.8021414817645941,0.22944621376300517,0.8412080999820774
519,0.5004931608900695,0.09974717378792688,0.9862006865695772,-0.0007794909801773856,0.500266751693045,0.19901357803274694,0.33419016444815774,0.8865772573076448,0.3329614768747046,0.8628111481177541
520,0.5004831247549801,0.09482185137320698,0.9627689155735317,0.0013018745536384484,0.0010460129014419198,0.09960076753643739,0.3347451253283881,0.7569899733657017,0.2641958031790163,0.8412292756854244
521,0.4989497272211498,0.09718287138456662,0.9845412042009791,-0.00014956125370104437,-0.0010975904586904776,0.49982400953616923,0.33284705593704544,0.8102389307416644,0.17099229239909852,0.8648724210181895
522,0.5002470709371948,0.09731467329227705,0.987984656160361,-0.001451722206378762,0.00035882276391422573,0.3012854005165313,0.33495607215109385,0.8339078535281464,0.31117713695680893,0.8634802540767856
523,0.5005813996983266,0.09897343983236072,0.9117121397103478,-4.982764459362271e-05,0.0009988829927403838,0.0012652289380776342,0.33323775907516406,0.858549959033752,0.21775846500439797,0.8403708293792219
524,0.49765742478047675,0.10329517092182479,0.9843391412830487,0.0003007999089341519,0.20123317804659857,0.0987525596415935,0.33426714541503094,0.9858140474154441,-0.0013476966165076472,0.8628808340856623
525,0.8344569426486286,0.10656632933543182,0.992808244050815,0.24937713156900917,0.6663899938482292,0.6988483874101525,0.6673174756424947,0.9381424170749693,0.3233862346959401,0.8841377166216982
526,0.49979784496687324,0.10139609386193707,0.9169367889060699,0.0009918998881661065,0.00012118447969587949,0.0014683578340479236,0.3325213493396138,0.8575014923538925,0.18816923842317176,0.8647483362369183
527,0.5002753520282429,0.09933848771534978,0.9378404215816378,0.0018437461625631438,0.000788476617920904,0.0010469273281554206,0.33271244979701153,0.9144232717159197,0.10002782262105062,0.8626458243186749
528,0.4995738031980771,0.10206201569518697,0.9831250426675816,0.00030515284934054857,1.000164033305031,0.09909360337532018,0.33123551142380525,0.9844163862091573,0.0014956849668222633,0.8653886602328733
529,0.5006347493167027,0.09706547025879447,0.9714525982351038,-0.0002123504303512957,0.00026005577760363456,0.09877098265589011,0.3322034911359677,0.8152506558303516,0.21368771003138226,0.8621554403796914
530,0.4992645925795003,0.10030230261935967,0.9623626049624596,0.0016302586675102106,-0.0009237370320080964,0.10162559201364336,0.33294858620170176,0.8407588225888828,0.2373993522593223,0.8625362803967953
531,0.5013833959128746,0.09839484829784993,0.9742987904630558,0.0010881317799976478,-0.0012256522691045215,0.1020867427477478,0.33311658747599804,0.7648557844616136,0.4600299241864589,0.8422023377336868
532,0.5002726340833318,0.10732234137262538,0.9844089501952303,-0.001012316235688694,0.0023174812525562738,0.5021785439647374,0.33377049528777447,0.899561025175095,0.40939593202459224,0.9089435975914028
533,0.8309236023229187,0.11719373148120459,0.9896831832161367,0.24963734191221457,-0.0006453525356730635,0.5000294454422061,0.6665276951277728,0.8877168364550891,0.4465975111538421,0.9097226275845507
534,0.5009426640589598,0.10084170611913372,0.9931228529314385,0.0005346771948819053,0.5009660149863814,0.5996132715776403,0.3322592135737118,0.916343877669257,0.39607484860979353,0.9082080729856338
535,0.5017116538841668,0.0981245266121922,0.9822905355860111,0.00011124930661444797,-0.0003595608523735785,0.40011272663342284,0.333668502400029,0.8753985806095778,0.109275641966496,0.9080530620486466
536,0.5022068989271099,0.09891179980437634,0.9965289122824336,-0.002289931086178227,0.9990828614191495,0.6998302717814161,0.3339079678717529,0.8710902085108159,0.5867127512188572,0.8854530289647484
537,0.5004842109585329,0.09955509366548015,0.9820023730669801,0.00047915293451017643,0.33352461899920166,0.2992848680265973,0.33295818334796995,0.8905014507121595,0.12338694350690965,0.9098974069404511
538,0.500948433697614,0.09884682327714718,0.9779227153769873,-0.0009869392129378738,-0.0012072148846735224,0.2013666679591797,0.3333206727574915,0.8714717871879814,0.13141098857364306,0.8187935907817446
539,0.4993809925516355,0.09803956506250551,0.9912793979738689,0.0006197473003021619,0.3326716254021633,0.3992256634971742,0.33262456809481594,0.9280953313088884,0.24439167836513112,0.8195525265732355
540,0.5009249681783371,0.09852677469322717,0.9122235375895602,0.0013732235577974044,-0.0005618255516869668,-0.0005516531893020304,0.33442703155184017,0.8151170155469025,0.23069167584708944,0.8169291397582991
541,0.4990644755462517,0.09869300048119631,0.9486783595890752,-0.001372644427948108,-0.0004302052136240749,-0.0013439193762565427,0.3345033050936244,0.8067541540156768,0.2610986536243076,0.8395816687343232
542,0.5014767743903104,0.09700612108007729,0.9535678228455872,0.0009045787195692981,0.0007268546373009529,-0.0016308709816299947,0.333895533632236,0.798194070956076,0.01619608137854322,0.8648294954000305
543,0.499525460237505,0.09919938016927278,0.9486917891630837,-0.0007873169433738023,2.5067097127996386e-05,-0.0019788134319235168,0.3327019586718525,0.7982179420787759,0.20642983432784281,0.8644274582408905
544,0.49878165279457415,0.09904749438575254,0.9826428364323323,-0.00030890481850334603,-0.0003192039360964427,0.3986984117689445,0.33334412272553104,0.8625196834780775,0.4040110776477957,0.8647870964102861
545,0.49872652662272976,0.09909345484265084,0.9743726464055044,0.00025785025927928994,-0.0008170973548638322,0.0977881725829122,0.3322634675682398,0.7848853334230463,0.37398384333123075,0.8165050875260479
546,0.5016031862004324,0.09772285962395048,0.9805645159648455,-0.0015398847852174586,-0.0013613486085077597,0.5995240587558827,0.33334792994157925,0.8437499150953852,0.43058599627625394,0.8642063110965643
547,0.49978453026711417,0.09994803830627542,0.9486939786497246,-0.0004370404487623302,0.0010465502810069987,0.0010806934160118608,0.3359891167783513,0.8503603864318938,0.22521511602458316,0.8640113743363603
548,0.4994563938311124,0.09872553279714076,0.9548495810995291,5.3029077238762834e-05,0.24774835644344156,0.0010226860665913991,0.33278191667859125,0.8703796836151152,0.16628171757263466,0.8408483158796172
549,0.49868559626586617,0.09900868437109601,0.9694734709046571,-0.001806197694394547,-0.00074450280306633,0.20041245165827073,0.3330140723457716,0.8549927642149351,0.353795328469083,0.8637893348984993
550,0.8321291336025476,0.9963321088394932,0.9971382634414566,0.9921166773312755,0.9996596995689838,0.599529083509879,0.9991124020475757,0.8716337171955546,0.5723761373221201,0.8638939926875684
551,0.50120807872727,0.9968393741261118,0.9925404187815906,0.001574468127163171,0.001136789159132735,0.29966046387660494,0.3341789809189864,0.8666827654805216,0.46524179442495295,0.8621724204202429
552,0.5015293936600618,0.12110317305008958,0.9894348900666105,0.0009415799243273206,-0.00220808335190727,0.4994528866375417,0.3328899448421811,0.8549677750173216,0.35006225752009346,0.8863379433463863
553,0.4993279638989478,0.09909681105394509,0.9775372394350346,-0.000893909070559029,0.0002556960192609517,0.3992763617481108,0.3323306481851725,0.813852018301814,0.25091640960073464,0.8168273063238551
554,0.5015034687031176,0.09781326720649963,0.9968849311071688,0.0012929966828482903,1.0004982445283115,0.3998387191110129,0.3335349916265761,0.8789477068033981,0.5675828070882383,0.8174231859030684
555,0.5017992680380665,0.11970087205329293,0.990427182163618,-0.0008504545978098206,0.0010089800549743244,0.5997172123311727,0.33434456773068694,0.8661968029044202,0.4020221635393895,0.8162672073304101
556,0.4998744215734834,0.0961709019133033,0.9886220417352168,0.00011021408316689007,0.0005173958568042135,0.3998342208852553,0.33337058794042923,0.89592711963529,0.18616804854160848,0.8639938320138775
557,0.5001872526295041,0.09946905104466051,0.9962105329596272,-0.000322657465683296,0.33265504158479514,0.3995608940612659,0.3335752424027,0.9320365151155023,0.5505854546529624,0.8641125493806049
558,0.5014071090783252,0.09830790854845194,0.9786314665399644,-0.00015298270475493566,-0.0012388321509394467,0.3998081169237081,0.3318748569701448,0.8350967268155366,0.40915491788375863,0.8391950303905951
559,0.500260513725821,0.0989519458633954,0.8868669469348569,-0.00014771430694609695,0.0002629473885544456,0.0013943748204738777,0.33320032669554406,0.8437599310469245,0.11095681274883623,0.8405205348032939
560,0.499179774041767,0.10545148632311234,0.9201005016419526,0.0015116393698739986,-0.0013367941570969141,0.0007273608571655126,0.33337258986450585,0.8483391135103338,0.1098122364597411,0.8403178832058819
561,0.49938747764439195,0.10090698501297848,0.9581868337599808,-0.000888842495883672,0.0008202497600592106,0.0003994060621974665,0.3339876391412939,0.8976134404389463,0.2958312881417927,0.8420834478108444
562,0.5003153220682109,0.0976517691576357,0.9703950594264608,-0.0006871270449479101,0.0012523316098896923,0.19858587005034445,0.3319157563619247,0.8121406678916585,0.20974684700587412,0.796078082391715
563,0.499952452450624,0.09739715350658006,0.9782224072596944,0.0007902805378514281,0.5003455522289592,0.30023396569682975,0.3332110993758772,0.8518973584442545,0.28043499256350013,0.795470770472712
564,0.4997396948333285,0.10291556220832059,0.9771464162476605,-0.00013136551604250968,-0.0008072532505322698,0.20015726286601765,0.33246348613088345,0.8615044836627154,0.25475616531459233,0.7949960843379041
565,0.8337949379923405,0.10896760542211363,0.889574081816135,0.25141323347609423,2.6290261789915955e-05,-7.217293344514523e-05,0.6669650184231066,0.828902743624484,0.08993178125718175,0.8633424938446845
566,0.5006866375497111,0.10079280120189812,0.8895933313621653,0.0002864415636018414,-0.0017537125941361194,-0.0002315748816450049,0.33275499900700983,0.8230863284208494,0.05334636798915987,0.8402181610797541
567,0.5010302541742034,0.09755665645644024,0.9330903983111909,-0.0018900677951499507,-0.00048106322918512286,-0.0008240166276977539,0.33321236475587407,0.8813805216997831,0.1789122396190257,0.8399235061793862
568,0.8348636146138123,0.1923389519330781,0.9965590791301058,0.9912399644471378,0.3338195394419256,0.20052183353919342,1.0008385643807596,0.9532686910043875,0.6267474201276028,0.9327253199190516
569,0.5002723158180622,0.0990705601319007,0.9822200830313148,-0.00020665878450830418,-0.0002451986612872888,0.1000295066245554,0.33335566232881586,0.8566785515687424,0.28138581012359615,0.84101681896544
570,0.4987165439726108,0.10030837380166978,0.9824865467633189,0.0003218901121099677,-0.00042274087042165815,0.30110689490431036,0.3351618760159395,0.8747337185759763,0.0845820199790038,0.90975967292754
571,0.49987235547658415,0.09906869344856005,0.9712134060465104,-0.00039014509900411594,-0.0009841892516555075,0.20005020989001332,0.3355414054696512,0.8890913945662995,0.3030955984936666,0.8621360045442263
572,0.4996850238466221,0.09926759975852087,0.9678508039227732,0.0009279893581392804,-0.0014200208046139696,0.1988050488047038,0.3342199364127346,0.8791916081043795,0.29639685833709106,0.8407364151250647
573,0.49994971955087975,0.09752348692452442,0.9658620703710883,0.0005157511712349427,0.0007661482918689371,0.09990535436187359,0.3320594544468605,0.8511144670515254,0.22390235556871055,0.8647689969585078
574,0.5004758147192165,0.09977118228961458,0.9327103396723042,-1.528213490630932e-06,-0.0012390008390755548,0.00018119239100474765,0.33425233352607864,0.8324080936673318,0.159531302483131,0.841578840727216
575,0.4991546857658177,0.09693001861310789,0.9817385632182527,-0.0008778004723787522,0.3330628354362959,0.2011391013531201,0.33473364483714535,0.8796115569217517,0.4179937346375585,0.8424685400647194
576,0.5006037587101984,0.09929209293409445,0.9332430116023506,-0.00043428613925442747,-0.0015073976919377989,0.0001414850780897235,0.33289772338138524,0.82634728888964,0.14610085841777556,0.8185912930349722
577,0.4987565890025065,0.09563732680575608,0.9379325569272123,-0.0015876529573891564,0.00030970031685332905,0.001455265121859615,0.3334753671486525,0.8160602732024234,0.04769611981552474,0.862385771997453
578,0.4997530880828587,0.10499298107695423,0.8999027755542068,0.0005612799765527851,-0.0005786751452462022,-0.00037091013958509284,0.33361731736193434,0.7501394534859401,0.29436728125989287,0.8390085620062365
579,0.5010569004163871,0.10087682261397482,0.9408199497652805,-0.00034274724495016347,0.001280048799048255,-0.0009212774438403902,0.3350234407786423,0.7843379637557699,0.40505194689918356,0.8409289744861226
580,0.4990845188773381,0.09768743402831566,0.9883680137846407,-0.0006859104468079043,-0.00012687587034016672,0.20159555164027354,0.33305832188714174,0.9191281736157334,0.06204372399828797,0.8400038242667593
581,0.5009448880303491,0.10069923992855595,0.9904215101439844,-0.0009284384533525444,0.5011485418895321,0.10193052427247905,0.3338235655136057,0.9438204999944498,0.26530890896971754,0.8394441043583359
582,0.5006553684718779,0.09537051982174227,0.962270047328112,0.0013969734025339048,-0.00022324292453931285,0.0991120779656405,0.3338380691114117,0.9113647128328007,0.36287336757632827,0.8178661957956508
583,0.501582687141121,0.09838034437444645,0.9713994131762587,0.0009561056854045866,-0.0019521470172599326,0.29839441150582113,0.3327405283590827,0.8002220572309273,0.2784234939607178,0.8639930595611406
584,0.5005193682567681,0.09712185356265737,0.961231291461721,0.0011328386870053922,0.0008803585298587939,0.001007611814279619,0.3355387126016337,0.8188660391043628,0.1437884911668483,0.8631660327980271
585,0.49895268409186005,0.09925580102085575,0.973475299683069,0.0001961323851749989,-0.00012514072436201686,0.19836942469528068,0.3323284657730079,0.8031583380942895,0.30075502432565454,0.8405971054733493
586,0.5006982394123597,0.09818323837241384,0.9962821802347888,0.00045467807115557283,0.4994230567277444,0.5005261107633916,0.3348723384608033,0.9281547344019742,0.5602258642188787,0.8188152902915661
587,0.4984909802570195,0.09935046047902676,0.9888627331626841,0.0017756368211537914,0.0009314686271496139,0.2999506844074851,0.3312554093919156,0.883829824064669,0.23509241396519748,0.8626259406867927
588,0.5000180198008098,0.09772973563802623,0.9727967576353208,0.000647120186073685,-0.00029127201191262114,0.09990867526364296,0.33360609721659934,0.8646196216794318,0.16687290405308197,0.8415284525543749
589,0.5012716236949488,0.09681459836506451,0.9930090237451291,0.000541982714261101,-0.0008511193874677083,0.39914007638763066,0.3327441947617474,0.8494508515599147,0.4109126489188741,0.8198485600525947
590,0.5004992041232694,0.09861546464935325,0.9769641407253512,0.001902462222127619,0.000940159074732457,0.3010755216230075,0.3320892635873522,0.8332159169979875,0.4141153256963964,0.8434260596778158
591,0.49894194474226283,0.09757973661064555,0.9925687564110827,-0.0008875752234566871,0.49999582833932654,0.700260731411306,0.33269003613513254,0.8934168073572547,0.29316842280166516,0.8399580963304216
592,0.5007897282412586,0.09805508389490643,0.9153403479737414,0.00076675575443116,-0.001249020849710398,0.0011635423489815906,0.3331940512955445,0.8805391743925,0.20956071929469453,0.8645141326203212
593,0.5011831485235374,0.09907615966773312,0.9146225824039613,0.00034019889008035485,-0.0012954644627627566,-0.0027240969128783754,0.33370677926813586,0.8417840604759894,0.0978320731727503,0.8424326604496694
594,0.49967642328955,0.0980970351616057,0.9212536747853839,0.0004906109882150398,-0.0014056188599503399,-0.000939618966924642,0.33253603734755033,0.8568675284466215,0.2844576227242466,0.8396497269434291
595,0.4998091119817521,0.09843982593485373,0.9297431018879103,0.0015035851659169336,0.00040236075670342615,-0.0003822770481247026,0.33458016185654094,0.8692564633581947,0.0030776878626561496,0.8867925952057283
596,0.4996186296727781,0.09782578187233558,0.8846111491733497,0.0011007567512949107,-0.0001600852181107925,-0.0006666122070572146,0.3342262886615542,0.8371245042220143,0.09191555939447592,0.8405398567165316
597,0.4975120588588023,0.10740105752858743,0.9008052642854669,0.00034161782828349095,-2.318154887854901e-05,2.4077785763484854e-05,0.3348397339731285,0.8428166456994342,0.10007227507865579,0.8405689439147757
598,0.500086566720369,0.09904437097918294,0.9788256062221511,8.579168194630671e-05,0.0009530548508978498,0.29990725666834445,0.3330243563915234,0.9414393175318874,0.283682041082091,0.8641417843243798
599,0.4998542393367578,0.09857483159332182,0.9909373480602469,0.0018295839949633436,0.3338202923827587,0.39910158719867755,0.3331437634507641,0.9504900662602694,0.31881840267872696,0.8641688869641919
600,0.5029255644050754,0.09894011330981702,0.9516177906756697,-0.0002409426536063959,0.0005957225708539195,-0.0017396415757655753,0.33397771797175685,0.8626092511846908,0.17892252779104378,0.8652771129948797
601,0.4997590240431988,0.10751287231481087,0.9432528685080174,0.0008465820640015693,-0.000487633688348065,0.0009880965774620616,0.33289440026741546,0.8242898526105608,0.17315033173905386,0.8643488032658527
602,0.4991605554039256,0.09998709993143154,0.9423375817467246,0.0015860247311934486,0.0007174238980439567,0.0007324917919632697,0.33172721236974745,0.836673276077067,0.17119002501904163,0.8868200854698073
603,0.5003200803400081,0.1000093715053185,0.9683339541628873,0.0007052328998851283,-5.621782974561203e-05,0.10309754844625926,0.33342687841513874,0.8340887727768269,0.05595376149851046,0.8866802105013452
604,0.5009019909752747,0.09810802691356824,0.9327079761800959,0.0013211650197922768,0.00023868254958959463,-0.0018749657817970023,0.33274602073349285,0.9061266077205029,0.0946315351986861,0.862459913690348
605,0.5000332208906415,0.09891465520415137,0.9631954967941464,-0.0002702640261854642,0.0009335575678740086,0.09868401879130463,0.3334981384159234,0.799505311705886,0.29964000515218014,0.8408924223557939
606,0.5005902472734353,0.09962602614851468,0.9172310760769048,-0.0016580078817821243,-0.0006513222089394515,0.0001507054984899054,0.3352123627891259,0.8362414952922417,0.12949626430273678,0.8603091768805953
607,0.49930167313749324,0.09952156616517749,0.950006406390891,0.0014583514805109113,-0.0016613851232788277,-0.000850548172380662,0.3337946555412492,0.8333317287288358,0.2524692922227903,0.8646266878233657
608,0.4995067870403642,0.09748821228580778,0.9719452494855119,-0.00015356715715079795,0.0005360845065416539,0.20015861830306056,0.3341917430840434,0.8609490604850245,0.21545022945442505,0.8417560256557979
609,0.49853028169034264,0.09965179365868132,0.9669440803971804,0.0005019572392339389,0.00040929845681744503,0.19948464807846228,0.3341609750820961,0.856160754641707,0.20132356985726765,0.8631846080747169
610,0.4989262136947282,0.10056230957103776,0.9474472227557339,-0.00042294134780675,0.0011106734267482012,-0.000575761437334289,0.33376551130462867,0.8949735035050168,0.20779982642721348,0.8409641934110531
611,0.498332995472988,0.09877089413555366,0.9748508560820154,0.0015327276271379644,-0.000322510009628429,0.19922934227259945,0.33251962299713966,0.839700341795528,0.2548440256698048,0.8634195537073155
612,0.4989430070000603,0.09774106171624637,0.984559315951143,-0.0006589546544016917,0.0005825249774235758,0.10053070619480926,0.33490604275614716,0.9056813038550022,0.27828337572974604,0.8633948921820902
613,0.49909220521595166,0.10406147940180492,0.9633922834235682,6.474939496929345e-05,0.0025824444477254905,0.10056441069037445,0.33355126059596973,0.8518408168618931,0.3838848664235657,0.8394383093473758
614,0.5004291826418676,0.09858612225040464,0.9581639135421882,0.0008447289148443978,-0.0006145380444602168,-0.0003251341950944206,0.3333683718824053,0.8253554916156867,0.05417080341582722,0.886646647296554
615,0.4993857113592641,0.09840729795781697,0.9684562477634691,0.001615250980672125,-0.00038395256021284336,0.10060631458397284,0.3332260586769286,0.9531803293835834,0.22359460875278342,0.8394949409254915
616,0.49979170757541774,0.09974253657158447,0.9721997099419524,2.2210725446859677e-05,-0.000684585180890868,0.10122907153086445,0.33379527740349946,0.9551498834195403,0.23680718910737705,0.8405556740257059
617,0.5000048945956903,0.10074981826263213,0.9950522740540194,0.00010329857172646332,1.0020766123716343,1.001769015055013,0.3341850075472592,0.8457154642107896,0.6234776470265205,0.8637556057689736
618,0.5001178257142157,0.10284152195289512,0.9903873932455981,-0.0007833548414185598,0.33242813718762815,0.29953853969686894,0.3320475707258626,0.9119370958751895,0.434638253900568,0.8854621722120981
619,0.4988886781647716,0.09946361993817768,0.9840181882128423,0.00053258796154258,0.0014787288230535675,0.2990314347300973,0.3308994655459938,0.8841362247446223,0.4067999156305487,0.8868423263363374
620,0.5003369421218514,0.09831899452318438,0.9802695943982258,0.0006809663783881131,0.3326642697487428,0.2995724587047241,0.3325043471631568,0.8855933229538749,0.14313907623968294,0.8196754697846032
621,0.5012863668274796,0.10017481619638754,0.9665269261818853,0.0008880682589602013,0.5000249955564218,0.10132047016181932,0.33377966267577486,0.823640795615106,0.13648459031561333,0.8627224451755535
622,0.4995194278192844,0.10070720591222529,0.9842696409920199,0.0006320796782373633,-0.0005666894494412823,0.198434053011279,0.33264369432160334,0.8149527919412295,0.43784141887810035,0.8641909720626376
623,0.4998059095223808,0.09629154595323962,0.9363067076531872,0.00014360962362019612,0.00037442202710500077,0.0012766718712685851,0.3332640664238078,0.8357321591729878,0.16660741122315254,0.8411040904040646
624,0.5022341909074832,0.9985131712883609,0.9755425435310874,-0.0005786809091127091,0.00047239524978558313,0.2995091200904621,0.3340588760249363,0.812069806112883,0.4175674524828002,0.8421902762825041
625,0.4992164752018174,0.09872753659967107,0.9873012582866906,-0.0001831413001365086,0.0004544408736600195,0.8012078728544756,0.3339063539432182,0.871020736366494,0.39660739288537067,0.8192042797404251
626,0.49940124571630806,0.09589430512671553,0.9877955231642068,0.0005123465203713926,-0.0003784818038965725,0.4002326892416567,0.333242637084942,0.9123609202519027,0.13536382175540887,0.8641538473993009
627,0.4985978049873476,0.0977584565452588,0.9419892588093176,-0.0010731887683573483,0.0007233193971056063,0.002261199469093116,0.3325701203137535,0.9118462931051647,0.36541535795543156,0.8414216283076068
628,0.49982946743438034,0.9911728983050011,0.9663016629024376,0.0008706218268218618,-0.00019419626398550327,0.19911063369009518,0.33230499503042044,0.7831798689719951,0.18483885949274337,0.7959832385801116
629,0.5014550063563168,0.09987311364361699,0.9692959888416359,0.0003993036345947217,0.0007683950611026934,0.1019390218054911,0.3328825631335511,0.9144543018303577,0.28411163166515613,0.8184931444504366
630,0.5011513403531414,0.10318011936517558,0.9631340818690617,0.0004788277310021566,-0.000400540743936315,0.0990700498558289,0.33293419904880334,0.7981768127838007,0.3408246409386236,0.8643017739913429
631,0.5004393722827714,0.0979867800082378,0.9440974610495266,-0.00012158433664956282,-0.00013666052904410638,-0.0005282824513017051,0.3332147887223804,0.8150826710223775,0.10975135013423878,0.8200564363654749
632,0.5003018368790271,0.09676511400862522,0.9376208317061692,-6.767594491485086e-05,0.000492283354078977,0.0006377351708115321,0.33327297341864615,0.7824616374648331,0.20007509363158732,0.8405373161459058
633,0.5011868964132815,0.10032367322591146,0.9025934279377289,-0.0017481656560742753,-0.0010669819954793314,0.0010219376050237647,0.3344949906613774,0.7817396792441406,0.24109604524932982,0.8411507776039406
634,0.49891697319740286,0.09890130706508421,0.9202623289482836,0.0010780688519764034,-0.0007088690681416212,9.391874570998147e-05,0.3339103849422841,0.8495338149837016,0.28138462823607857,0.8177410309915287
635,0.49974050885024496,0.09935957855097619,0.9924712241518381,-0.00011102506076739454,3.157866533265171e-05,0.5011065916792754,0.33073758039822526,0.8682943084873304,0.49770317225439836,0.8642126042918413
636,0.5007304474916319,0.09867668331302773,0.9943153538935943,-0.0018206194847671042,0.9990402557729859,0.7005002446650214,0.33220421108182835,0.925920316717427,0.5524281326339715,0.8393537216402157
637,0.5005017749966117,0.09742668445062819,0.9921980208507492,0.0007689851099207754,0.0002882874037197277,0.39820567024807785,0.33432946620690207,0.8573209846816201,0.47826696916605327,0.795596333803275
638,0.4986625062320029,0.09611617559362604,0.9297800396952959,0.00042675175562544514,0.0007068724654757465,0.0013916916598887782,0.33311473388326834,0.8692036681267382,0.004857565070394378,0.8867504817064557
639,0.5016653302508016,0.10028339498355088,0.9195462854597718,0.002302664358392685,-0.0007379601800376407,-0.002269808016794455,0.33357298619031533,0.8521870046872965,0.10874729261243975,0.8407469428147802
640,0.5012483094024726,0.10000121851689167,0.9847120134003174,0.0003025135232957265,0.5004687209950386,0.4991268894479265,0.3322018300937309,0.9373340336151085,0.3953143484986515,0.8630357521487217
641,0.5018121397209436,0.09835880083873574,0.9496279837608487,0.000578704665635655,-0.0010911055602162267,-0.00027994762264221416,0.3325794452658805,0.8486651160061128,0.13085297513594998,0.8640452399052557
642,0.5001639930933626,0.10003638710460823,0.9114160002757362,-3.919740943029285e-05,-0.00048029099287570903,-0.001338589134976188,0.33314317366245366,0.8095722031617649,0.12010656819998956,0.863411923118676
643,0.4994507378256147,0.09976819369734778,0.9682176818105005,-0.0005505019204194577,-0.0019770140112349826,0.09986021103019886,0.33269894463018423,0.9195103009687388,0.38277488602704607,0.8630085135385257
644,0.5006583043494923,0.09987406555043707,0.9238999877657824,7.154777963918078e-05,-0.0004222236693395536,0.0016335353303020437,0.33217139920938593,0.8480667275288429,0.2295209562167041,0.8409297488163038
645,0.4991856840570209,0.09840516303167125,0.9267638044184994,0.0007000790938225964,3.174434137947668e-05,0.0002397653969755223,0.3317622196098934,0.877787786703285,0.1724156479269906,0.8165538571484845
646,0.49998139629464156,0.09854163891568167,0.9869617229092276,-0.0006523697950762635,0.00015795066536605215,0.2005257323240045,0.3322536569012935,0.844218190849995,0.45239705816354664,0.8638046259917191
647,0.4992395201118292,0.09890488503430857,0.9375484887198914,-0.0006649519474050356,0.0007252942761084926,-0.000232104483006477,0.3329067020503739,0.8045229233572836,0.31507829043425556,0.8413944528216978
648,0.5000569795831495,0.09894887741295777,0.9664530478128139,0.0009071910594786832,0.00013591115209578595,0.09874709821626966,0.3338364668353978,0.8355039029030196,0.14394063864518716,0.8626480740959572
649,0.5003923812266207,0.09775333916569481,0.9960932453545503,0.00013980006092063248,0.5012089171649885,0.7016060774806135,0.33314011057938203,0.8775497885631034,0.5096728532365639,0.86255568246684
650,0.5010804447495016,0.10048953135751269,0.9588872838011585,-0.0008806554464011411,0.0009519834101410705,0.002098120122574258,0.33346279147903446,0.8601403420098332,0.0793298836786103,0.8635995754728769
651,0.5002323666993019,0.10060463094626261,0.9727235331119759,0.00017820193320962818,-0.0008777583803777369,0.10023663161373837,0.3339521101801189,0.8737544702126439,0.3003399818333808,0.8419036542403214
652,0.5014962407707332,0.09925002844706701,0.957612540520702,-0.0011662287078320886,-0.0007024037315267056,-0.0005220744417981665,0.3338547078723055,0.8516891857464507,0.07372161921630974,0.8631535699588408
653,0.4991983125756662,0.10080428702003102,0.9772404795452355,-0.0004774077785233685,0.5002041323743518,0.19901912436254707,0.3339670700661794,0.8647906798033104,0.2908802664537907,0.841841195999617
654,0.4995486265416248,0.10228813031445667,0.960819374526383,-0.0007308603751934315,-2.454721040063268e-05,-3.7870567693794244e-05,0.3325220846043827,0.8553215773189361,0.3462220976421479,0.8415339740471923
655,0.5008158176244081,0.09953321449343311,0.9666588351895675,0.0012333745455925243,-0.0017625204678733861,0.10221420111096928,0.33349999876027137,0.8811709757678717,0.3160760353067519,0.8415926921001026
656,0.49901179405197627,0.09650325560831764,0.9959819108962633,0.000774931989024086,1.000411065119469,0.6013268997197831,0.33449618180416174,0.7805756184997303,0.5158506241012858,0.884765350012475
657,0.49973099807548377,0.0979317459997084,0.979016581203631,0.0016156576044250766,0.0013986666694099953,0.1985195555276832,0.33207138142783527,0.7753524692396889,0.1523028211458094,0.8622321256696133
658,0.5005058718897261,0.09654456513856838,0.9893281337611902,-0.0007454503525591439,0.33238746354292054,0.1003731644248544,0.33550584816531476,0.8259861871517943,0.31239196790315493,0.8623338958679784
659,0.49953240485245975,0.09712136406351113,0.9423311671021333,-0.001367311230020744,-0.001292621340735948,0.0015400297587824423,0.3335092422835389,0.9199450804520605,0.24719869385352877,0.8404449251743167
660,0.49951231447526034,0.10326252473411307,0.9855300525742319,-0.00026217052308847574,1.000700821106542,0.10115343230645951,0.3332721364829654,0.9840368938712888,0.00034591088289471036,0.8639335158803128
661,0.5021529298850428,0.09954671058124123,0.9565775889335381,0.0002406641020725564,0.00023501614297282585,0.00037157305645332285,0.3337926545500257,0.8551135431819357,0.09708844613671959,0.8632687397343655
662,0.5006780702428698,0.0977724360931643,0.9114912321625768,-1.670504927855046e-05,0.0010312862664643636,-0.00016201791367667813,0.33360285236133197,0.8617760159850332,0.22328167146360414,0.8403125537700519
663,0.49968726521915585,0.10256541367874719,0.9770764583542813,-0.001592741005279645,0.0009737538949034263,0.09927567476857449,0.3328188605763121,0.9618937295769868,0.36838976409113255,0.8621010889938511
664,0.500289815396842,0.10317275739241745,0.9854637527386068,0.00029180878637943554,0.9999014693304413,0.09925252823350121,0.33249395148416144,0.984797203757187,0.0014717384555133141,0.8625970932399719
665,0.4993825159186206,0.09828462236685839,0.9854916196338395,-0.0019801616910832685,0.0002278936545722517,0.19944301857462784,0.33285519972876787,0.8593024599508915,0.3664523931323324,0.8868088378302127
666,0.4970716550818748,0.09776831844056719,0.9700291905067724,0.0016053805400230263,0.0009322515491969739,0.200054627259248,0.33515707658476435,0.8030263508500728,0.23548139015294092,0.8882616504827665
667,0.5000423158061091,0.09727442647408532,0.9435286057132249,-0.0012724918102674874,0.000441145320819135,0.0010820310771652,0.3315626660277898,0.8312786305790971,0.18452870777674008,0.8397695001727833
668,0.500558368894432,0.09935231911284939,0.9801697114752365,-0.00042402990667520776,-0.0007879626483763076,0.39992476983511527,0.3328828976161327,0.888410496753389,0.32957401866022895,0.8854806687470466
669,0.501317569519581,0.10008508847008483,0.9899759330675839,0.00013731905906853682,-0.00024871627805114494,0.29898845690296433,0.33489257288679625,0.8997308284405898,0.4589537895350711,0.8870002218124059
670,0.4983512233329076,0.1030343208318255,0.9266436008179824,0.0012446767828910327,-0.0005691216714867062,0.0005761277132482017,0.33334588664045806,0.8529267394455236,0.2935247383868767,0.8414707480876852
671,0.5011085533364332,0.09709385819512395,0.9890468675891803,0.00034852920185470465,0.24880965494688395,0.5008798215909016,0.3326930904076013,0.9394202333191809,0.46546199234841934,0.9086633593928979
672,0.5010625626396993,0.09713357693985313,0.9648850241052399,0.0022468667204015025,-0.0004778754231131132,0.09971050204741097,0.33377070834227673,0.802461380983482,0.41605932975996845,0.863146121139899
673,0.5005636824056321,0.10058993559837916,0.9851781643083491,-0.00026355757872708935,0.0012408507062881898,0.29868214451666214,0.3320422249996077,0.9008139268603503,0.2150808252989422,0.863154945219502
674,0.5010538448519185,0.09857002061939157,0.8934442397122245,-0.0005134883950394857,8.980067393992924e-05,-0.0007575845446437886,0.33270423913999886,0.809116530325071,0.17285309895079687,0.8184359125660112
675,0.5002960234310954,0.0976583833804144,0.9842428753612843,0.0006577198250552115,-0.0002661460523271038,0.29968730160799156,0.3341791450669062,0.9124613256389024,0.21689385504073044,0.8155211037275858
676,0.49835493810300485,0.0980405870476332,0.8887166430163999,-1.6870250316106635e-05,0.00017256539623882692,0.00163361392365921,0.33343222066939554,0.8223289443619586,0.17813705869705854,0.8197193457664443
677,0.5005293732571952,0.09758754711853661,0.9683113066459413,0.0013725560034615575,-0.0004894259149861008,0.199567329914652,0.33377500185194775,0.8812649112844795,0.25483262925635985,0.8412513910541806
678,0.5017313706545717,0.09929382422537462,0.9518260000667635,0.0012935080374917795,-1.690819946383657e-05,-0.0005297902437639532,0.3322398207000625,0.794596688188307,0.016043690824728864,0.8627355572587352
679,0.501123628790613,0.10008981679205003,0.9408424336051558,0.0016211130613884997,0.0002572967164757045,-0.00030390203685224694,0.3330864069587178,0.7968354886823334,0.2119837547885788,0.8423001607870276
680,0.4997729383258328,0.09725091291610272,0.9532447073432834,-0.000934658263181038,0.0027683670483129945,-3.787692506726478e-05,0.33322050270935405,0.7795996716417902,0.3507571776688864,0.8633345524723373
681,0.4994938254023934,0.09958557892571486,0.9211974192468402,0.000982496956236678,0.0006081413214298468,-0.0004237843423586212,0.3341131547228317,0.8593342920404718,0.13562462901188393,0.8182757546372991
682,0.5003114551751918,0.0985678508239896,0.9883628595480135,-0.0012513234699080536,-0.0007013732045757817,0.39959274966322483,0.3351929628854408,0.8497406336110346,0.4987249029296626,0.863547862817899
683,0.5008896052921358,0.09740105833212138,0.9434931946895542,-0.001070766172803328,-0.0014135611954383435,0.0005197321934947633,0.3328554429841522,0.8461329861984135,0.14637876036458258,0.8418405879844093
684,0.49968527915672223,0.09793552623359852,0.9415323656183275,0.0003577233212580678,-0.0007562054041434947,-0.001764520486559201,0.333901671206024,0.844928717340273,0.1557531781725601,0.8400112764739645
685,0.5012385018074368,0.10009486296134387,0.9664105961157403,-4.333226833620283e-05,-0.0017303752492420338,0.10151114808439517,0.3337632150629611,0.8631514308843031,0.23519668634806146,0.8411216176586753
686,0.4981153858964916,0.15691381777003371,0.9969194067893871,0.0006710813653135702,0.9995470749222611,0.6999964279026206,0.3325179802225314,0.8890839241109375,0.590106675868961,0.8171349705569483
687,0.5005536734103101,0.10420525869226942,0.9788485198411945,0.001127931901845275,-0.0004914190276699098,0.5006653275693045,0.3328815046291197,0.8434067490040867,0.39974605021218346,0.8633799877436154
688,0.5005262840162767,0.10677220941097476,0.9723762973399901,-0.0001416261529374076,-0.001990902382195908,0.1995784360916569,0.33228330997574596,0.8392239642758489,0.34920089330559817,0.8869977805550783
689,0.49925976597026017,0.0982579361236252,0.9863868307152173,0.0012777315056924188,-0.0013888888358625424,0.3986987624513876,0.333690527660467,0.8592874429125363,0.3113553078070597,0.8165624455050279
690,0.4998844917813509,0.09927817470474395,0.9595102295695797,0.0026186238024794493,0.0001989355488215837,-0.0013696843307924949,0.33137975850371976,0.8280219391745819,0.37149368844069647,0.8195362545696842
691,0.5006433130718794,0.09951723755080037,0.9890255383702176,-0.0010326080038532324,0.0009836336860943077,0.29870073015085724,0.3362584401960424,0.8946639070696354,0.46734943219998537,0.8159940577083383
692,0.4992891015720435,0.09774474333912402,0.9900601684855341,-0.0009208900659941141,0.5004699855206828,0.40102772851010654,0.33351839126108607,0.9177754365265746,0.13911160461340547,0.8620409364022218
693,0.49981673014442196,0.09863204061964759,0.9875587741066704,0.001771845679072024,0.0012349011990184415,0.3993886588158988,0.33327744327134556,0.8976918251864181,0.3722583743792229,0.8864018293671625
694,0.49874126234373867,0.09943037025291708,0.9845183774234174,0.0014635790892879262,-0.0012542056880594328,0.20022937752537032,0.330980457603402,0.9029403691690618,0.21450531814105434,0.8633013555222483
695,0.49966678544951104,0.1006184973451427,0.8894174890578582,-0.00030350377260889835,0.0015911533329363852,-0.002626468035818941,0.33202026221586695,0.8521542284193568,0.11540539674200005,0.8410330152391781
696,0.5015777540913157,0.1000648401701038,0.9482452180554097,0.0017515454248613355,-0.00022451671707095477,0.0008431895486136085,0.3324867385376929,0.8853796140096889,0.30327064658294495,0.8167519613119563
697,0.4983785742382194,0.1007551917199216,0.9199002256129798,2.2990234795038933e-05,0.0016309742669621513,0.0013090607420608823,0.33265812579943027,0.8604301221187126,0.12084378759794716,0.8410556836661851
698,0.5000028768029291,0.09783337156514424,0.9627932469292899,-0.0014308210105544435,0.0007010432454669932,0.10040320509381126,0.33532205097781786,0.7701347915712565,0.2819371365984153,0.819061486715273
699,0.5006447417037292,0.10330578532288444,0.9742359601869414,-0.000235710021054914,0.0024067149345875696,0.20019001494173777,0.3347958618520923,0.8492002984591859,0.15624674721760387,0.7733808452886939
700,0.5016851377636607,0.09861364094019032,0.974594158591715,0.0013548487074073936,-0.0008084244438057554,0.19944018644691633,0.3339839152351837,0.861908452632231,0.1662073694234766,0.7726975149192046
701,0.5013313437484666,0.09730454955324262,0.8991429550858971,0.0017714871995109613,-0.0006949533116519957,-2.3792521069343647e-05,0.33153716693633634,0.8322074593181263,0.10071458060105556,0.819386334762599
702,0.49867931786817016,0.10195461931516019,0.8940118914345608,-1.1294733196468988e-05,-0.0006387905723880986,0.0010810468606666558,0.33462459211643597,0.8345209466367414,0.1500071964676105,0.8183848139935493
703,0.5008714046615705,0.09899655979165613,0.9162691986043192,-0.00011403433111098153,0.0001706254820779871,0.0010319291774183053,0.33306690666153344,0.8486173355973942,0.10964978447646899,0.8411446290985143
704,0.5005302545347246,0.10345716759549602,0.9852095021886773,0.001166423459723743,-0.0009568261549392504,0.1983334249587358,0.3349131830019811,0.8744585616249331,0.40263411876450705,0.9093110139448426
705,0.5000941015170638,0.0989252431382018,0.9248232056290612,-0.0012249850791105433,0.0007520093642937535,-0.00046712180391900827,0.3333118904646459,0.8541563658861477,0.3397543739550002,0.8395774248215753
706,0.49906093516809835,0.10243482946840896,0.9828817305109704,0.0005035509937921659,0.3334918576534625,0.4003570446080983,0.33405708151383035,0.8869989086874149,0.09256693641174152,0.9080110524761827
707,0.4989846627953609,0.09739170973270067,0.9820587050676758,0.0003191153059166565,0.3338389163604754,0.20180520424228207,0.3332319690667367,0.9108571501526285,0.35736741300366465,0.8417630701578447
708,0.5001613877858273,0.10015949187620625,0.955118869327743,0.0013125209664371954,-0.0015096888721381678,-0.000534023846225489,0.3336869519934187,0.8342443000113703,0.2466924474548377,0.8197847521391782
709,0.4971697217734492,0.0987437562676205,0.9319298774205143,0.00020957112212954807,2.0212984287369792e-05,0.0002260084776562705,0.331919531517122,0.8319695263567011,0.23205113019844745,0.8392594974509717
710,0.4996765499510577,0.09796778619183827,0.970688945588784,-6.729953611237182e-05,-0.0003995329458792119,0.09937004901440954,0.3336168814546463,0.8689239486327011,0.17734216377979123,0.8188417717245733
711,0.5004947509377767,0.09619430650261827,0.9286310170659489,6.129652241377671e-06,-0.0024835117136923373,-8.89298994075956e-06,0.3323990878102793,0.8176949079580799,0.13577022390178975,0.8416874970473744
712,0.5018973845287875,0.09790974388736154,0.9398645343319122,-0.0020536385438531383,-0.00042664306928227706,0.0014518140653458568,0.3329836188760498,0.8280669790514457,0.1427135750047086,0.839955499862154
713,0.50058938890979,0.09742573609030239,0.9394188603830042,-0.0014886161701674135,-0.0007049911717230472,0.0012285633236504478,0.33486071901345454,0.8130928589595606,0.04516755514044442,0.8629504429255039
714,0.5006844225490166,0.10103417038331929,0.9781613140032973,0.00014957085080091482,-1.139093780911195e-05,0.10066218141099885,0.33276080113628814,0.9508954193630117,0.39766166342918585,0.8422085388021937
715,0.49996952009668716,0.09673721594973138,0.9086285467512232,6.302817410367921e-05,-0.0011450328430459484,-0.00012085510151781874,0.3343899145733779,0.8382195329623371,0.170606202708065,0.8413143498063668
716,0.4994750114409466,0.09853144509340317,0.9887568288507167,0.0018652179428004243,0.0007083681846763167,0.19875412802718803,0.3309656859857965,0.9240043012665679,0.0660601037563722,0.840556058701045
717,0.4991304781784484,0.09930942821836221,0.8980941478335145,0.0006432482338196349,-0.0008260255275952365,0.0008790382330835548,0.33322431703175404,0.8572821084791149,0.21756217708305342,0.8192952921450805
718,0.4994617003620094,0.09890670614504306,0.8965332084261252,-0.0006096966681302676,-0.0004291410759452288,-6.995288537421125e-05,0.3316690101596606,0.8570381399579804,0.11573089455398677,0.8173910659280704
719,0.5009149295574216,0.09626225970639746,0.9799441407498991,0.0003266618141987945,-0.0004332239886888713,0.3011845611972172,0.3339653973195305,0.8149114266715853,0.24138752789897552,0.8661549454641275
720,0.500397318058719,0.0997779512171424,0.961213942276205,-0.0009694257812691172,0.4999247939582143,0.0009413574865785668,0.33408364562758264,0.8208515664443795,0.14284339145171823,0.8422604386738608
721,0.5021441924539117,0.09677647398590629,0.9854106553013615,0.000515999898146521,0.0002533811263415967,0.20029050550222266,0.3335871648587539,0.8364059798941488,0.34385043585812947,0.8406458222820947
722,0.4995521776178999,0.09758401455502604,0.9763782640579128,0.0007101157211740779,-0.0005279000862672119,0.20168270934324206,0.33172083575372135,0.886956673999507,0.1933337943939043,0.8178847714011117
723,0.49837441627526313,0.09906619028915614,0.9935753117620941,0.00045388266234205486,0.49967028698438226,0.3999555786760439,0.333868597005164,0.918375415092321,0.4191774405861313,0.8634372671771614
724,0.5010730280131513,0.09781252964115306,0.9699961775270216,0.0015879238616795068,0.00032768803683560734,0.1000434513727229,0.3344106228437119,0.8451484390990525,0.19369943903470488,0.840359017533128
725,0.5008935495135028,0.09721715889280168,0.9922657696460128,0.001486011509680247,-0.00010159884775405596,0.3988820121432293,0.33291724610950096,0.9056474392062922,0.46230133218820696,0.8184301563606551
726,0.500490205759884,0.09909186961774889,0.9855473210498511,-0.0009369609827792462,0.0003335498865749811,0.09870276584378124,0.33570353529769287,0.8354632308838087,0.40176008595369356,0.8179848005953227
727,0.49938888251864183,0.09822424839029502,0.9904619384052029,0.0006898164388845407,0.0004975205380368317,0.6012534215737767,0.3323696535860302,0.8768392201136093,0.2587559132602425,0.8412904084819816
728,0.49938358244163505,0.09764432964883622,0.9183792686749321,0.0011852551570722487,0.0003715990383498117,-0.0010072486941004727,0.3345229842391203,0.8566464405840852,0.18549239528506611,0.8410686502307956
729,0.5000844317900008,0.09960460691951807,0.9137571373831245,-0.00010964190605130584,-0.0008817900895708646,-0.0013624163162235998,0.3326785955953045,0.8461716083198095,0.10173620957143455,0.8412328942580904
730,0.49939807956225196,0.09950995126692337,0.9227318507055964,-8.105576347353513e-05,-0.00046746424637874717,-0.001715813424592215,0.3322003799035078,0.8824149964853076,0.2072976561251052,0.8180292600061294
731,0.500498343034112,0.09996674653398897,0.9194581817461456,-3.4830283627433114e-05,-0.0006616124858989,-0.0005111107062140063,0.3349311530078803,0.8554809591488987,0.0875890991848016,0.8398427906052083
732,0.5003052677690999,0.09814324094643911,0.9519437039963172,0.0007750889963167118,-0.0003692208657728909,0.0006329798240457503,0.3310469508960853,0.9097912035349806,0.4035597698101382,0.8184184531376991
733,0.49958573994338096,0.10215888068235482,0.8927755475109128,2.2538086041821783e-05,-0.0002064059273839979,-0.0024072629274230735,0.3335104630622897,0.8339329837310129,0.057366177683337134,0.8410704292027125
734,0.5005017178780962,0.0983953401729493,0.948613127085931,0.0007543597998004053,0.0002806097142534406,-0.0028421168690581046,0.33353796233759975,0.8609917389722622,0.18185699799294605,0.8633910765883205
735,0.4999688095446909,0.09960847024846219,0.9585876707896109,-0.00024326283111219507,0.0011956976492776903,1.7781957808259227e-05,0.3320864296167356,0.8754617148078002,0.19363455018672915,0.8632829607502638
736,0.5008874619894002,0.10030550798558026,0.9924377730516611,0.0004117939188385424,0.00018427903519872775,0.40010159029901954,0.3327731829237214,0.9156274340718581,0.43234857246277225,0.8641528222945507
737,0.4994544024021435,0.10096678881310361,0.9399021048053692,0.00036001849078643914,0.0005344210894269174,0.0010413715581203738,0.33448834770495883,0.8298018591211738,0.09682798375883439,0.8635645356060134
738,0.49962369958331004,0.10048614336779621,0.956130333462052,0.0005570184284109096,0.0010637215616930119,0.00019814380357505333,0.3315543879859858,0.8659740941025308,0.10715740891722567,0.8622379409637958
739,0.5002900018156674,0.10022537120241788,0.9697916892914411,0.0012379456528522493,-7.906139148090571e-05,0.1996284196385071,0.33228553262311084,0.8647571127787552,0.2106449922912839,0.8871813165024708
740,0.5002846661837251,0.0999600819085943,0.9293318720019895,0.0015698508682788787,-0.00023278750507414232,-0.0006290395843215484,0.33286671164218046,0.8907552913106043,0.11454222026075771,0.8629418047579657
741,0.49973426599521453,0.0996627018729993,0.9038491853958535,0.0003270287556763965,-0.002043461049796547,-0.0004631764370768544,0.3329269371533161,0.8033822242642731,0.19658278562059908,0.8423038728567573
742,0.5011209596899252,0.1001550037347892,0.9237517447940896,0.0008800163631064462,0.0009806871004022488,-0.00041460373498849096,0.3341434583782851,0.8644529078531823,0.14604083574908217,0.8630544989459605
743,0.5003486583997608,0.09874348785129593,0.9662787895310339,0.00014524583215131653,0.0004448368605117337,0.1011154625792681,0.3322877571033522,0.8886335026435215,0.21268190147949523,0.8634644076114529
744,0.5000067728792639,0.10127133469941284,0.9819332809145094,-0.0006257157636211507,-0.0004327415985897474,0.2005538806220764,0.33253057433712435,0.8907186449131467,0.2620514599297004,0.8393911476031729
745,0.5011070267529809,0.09709998405894357,0.9668460314874687,-7.189648812288092e-05,0.002319497043579059,0.19957030837373277,0.333705819410128,0.8708264156931947,0.20869396522315714,0.8624814752678097
746,0.33527299092369595,0.04076710554460571,0.9924332533304658,0.004455731768336633,0.0002523855863626486,0.3015609116407879,0.3337258710795794,0.8083354826375672,0.3029098680165908,0.819556215419095
747,0.33303840305152993,0.04159144822241705,0.9908658814143688,0.004524597560160255,0.0008005783796231106,0.10116484396788808,0.33422113079047994,0.9236724712104524,0.1325183998876761,0.8409582724444088
748,0.3325444699185789,0.1185706379068621,0.9942037743525618,0.0030648876980357135,0.499326713791974,0.6016740589812445,0.3326865810463089,0.8834714598201587,0.2922750585878703,0.8409833352734962
749,0.332233366825447,0.031425763430351014,0.9821537336323246,0.003457986152464093,0.0003029368318017763,0.100547722064826,0.3332742349480567,0.9049526835363,0.1173115257922302,0.8646600973451259
750,0.3348565467953111,0.06957299200134698,0.9952010663834309,0.001675214490304851,-0.0012136351498391958,0.8006600862043335,0.33410163558798384,0.8361538890471827,0.4562676290708819,0.8641142695177026
751,0.3332316335677307,0.0391447688182268,0.9987108834890405,0.0025828647543393694,0.5013818996509357,0.49888532240758904,0.335077205237816,0.9413577264333294,0.4391871073226212,0.8852812586952511
752,0.3324447391363407,0.024284048409217416,0.9963128484022749,0.003047117977165695,0.0009997127221978363,0.7009100816436185,0.33360248461306263,0.786677506043678,0.4630829311215819,0.7716688844800524
753,0.3330732831450033,0.07193929510935243,0.9955683005810465,0.003929145507515994,-0.0015991938664541151,0.20147073238476662,0.3317506700032062,0.9322521835711125,0.455576334415829,0.8883970362006485
754,0.3330171758837253,0.030652059121125143,0.9820546360833778,0.002866610744345514,0.0014198915209242327,0.09976665649664779,0.33334200881625653,0.9234346596362277,0.3138235413132549,0.8862126301297035
755,0.33551548818296745,0.03323128775497784,0.9857221221511838,0.0034370563947433742,0.0016343503944367722,0.10115988618018505,0.33259062407860945,0.7805683010226407,0.45453519756038246,0.8162357347144886
756,0.3340114893327737,0.030976782210706363,0.9888638353511436,0.004541778866339502,-0.0008759122884588181,0.09910865151152376,0.3340150712089633,0.9215278470295074,0.23413210169603718,0.8652989151375422
757,0.33351069069104256,0.024551875808032628,0.992342225737095,0.006245339982723212,-0.0002693705635891796,0.2004951155782598,0.3337660824083834,0.8604552251679093,0.38909795600107816,0.8656186167448241
758,0.3338098110982876,0.03325581550746545,0.9856618639151256,0.004155680228207476,-0.0014268259344274292,0.20041897226447564,0.3336417645861623,0.870158707635067,0.3428938623878103,0.8401411509580183
759,0.3323438012838726,0.0346424504801376,0.9604910638100965,0.003428284282463337,-0.001005968087541512,-0.00039794010900566355,0.33433210409354697,0.8693254742725401,0.23055060043867254,0.8419909840214583
760,0.3341088819783442,0.027083637194305225,0.9893950798015924,0.0016683217390404807,-0.0009757299048800419,0.3005924747378887,0.3337687040373916,0.8580404354987271,0.4171982674198117,0.8194517396150817
761,0.33448213237284047,0.02666358030176844,0.9895463588352852,0.00445383067291313,-0.003070090774741085,0.09960025774177252,0.3332687728284481,0.885703415485847,0.3956356824713345,0.8648560218719351
762,0.332243968621784,0.03180309721458075,0.987709532085508,0.0034323543532894145,0.0020968391952396873,0.09948345766776484,0.33217238986771536,0.893646397873634,0.13435573623947658,0.8411196473755994
763,0.3340454167921738,0.03192195247947413,0.962269082436196,0.00295658752615949,-0.0015527250722676472,-0.0006949419806773335,0.3330449304640246,0.9021386745501984,0.2766371924418123,0.8420463871532395
764,0.33432486428563124,0.03070545541770179,0.9542850517089212,0.004905528897065834,0.0011811826983981577,0.0003500974933557996,0.3322540003218138,0.8503139951341516,0.0018038923629725616,0.8405678806758876
765,0.3322404418942431,0.030523138780615168,0.95669344086659,0.004135785471364496,8.542130434508758e-05,0.000711119693051918,0.334224585913502,0.8522728725756373,-0.0023239725612497217,0.8403571201133377
766,0.3330969710814334,0.027220219703843685,0.9984287507932754,0.002846368562032212,0.5006473680723329,0.4997625690863498,0.3324980018056266,0.9223429749439247,0.2994845485291689,0.8635130828422275
767,0.33222062140670583,0.04242180931827834,0.991593632767486,0.003970108271079296,-0.0005097625524471339,0.3977803015357968,0.33399485775270826,0.8639424042493783,0.12920283479648864,0.8637758038680403
768,0.3318452359199997,0.04768289190506137,0.969870095178168,0.0048509494140857885,0.00011165422569251865,5.0956557086521375e-05,0.3332671989151537,0.8686049919078619,0.25164447121070593,0.8417758593228951
769,0.33343402243818043,0.03576614567086426,0.9862313596853756,0.005324662715328791,0.0012386536621758909,0.10121884108421657,0.33377973916535614,0.9038450593828614,0.39542877220680994,0.909687455034885
770,0.3326362123463187,0.035687579341757564,0.9911985708503864,0.002887263012480582,0.5003776865409593,0.30136352766818025,0.33331857563866724,0.9012142284413471,0.30715701420611574,0.8626561442710583
771,0.33192431745941225,0.03105033144803013,0.9888764204835303,0.002964225794398399,-0.0001540824509447377,0.20163241260740003,0.33484154327586624,0.8927859227542057,0.4501234572842418,0.8630558412772864
772,0.33392891957747717,0.03758301739475973,0.992271878550448,0.0036628394429912767,0.24979402023617267,0.30117938586294096,0.33419727098772917,0.9146639755500906,0.4001517763705571,0.8640168064740212
773,0.3336899687900399,0.03349118574268203,0.9757952999216634,0.003446274534212916,0.0021206342133370994,-0.0005106600731547314,0.3352991143157801,0.9002654666550419,0.32509584298285954,0.8637601157203061
774,0.33355372391997284,0.03212291614741745,0.9938460686547909,0.0035309420333606927,0.33335265318947477,0.39801645329749324,0.3332960458212555,0.8939296683747616,0.4462328394430189,0.8860363980363379
775,0.333617987350773,0.05864580057018585,0.9939176530002646,0.002588565575940644,0.497754285037642,0.3001198047735119,0.3336219253298834,0.8771079067624338,0.19058126435405928,0.8644089598400276
776,0.3348245497599236,0.14400102828143546,0.9989861105029729,0.0022319540762393087,0.5000565884212276,0.799923459939275,0.33352861252779625,0.8947581841495241,0.476585009215449,0.8644756487909525
777,0.33247027563268605,0.037798654901189194,0.9846597628518623,0.003934532172635979,0.3334074789153607,0.19900512619588098,0.3338011405424257,0.9518963504684556,0.28280015108296475,0.8860311892703313
778,0.3322173108496013,0.034163159415936305,0.9913536561592436,0.00361451759775256,-0.001560098523658739,0.30057898964784213,0.33254841098387766,0.9014792065987975,0.26196195813560424,0.863862080682549
779,0.3345760718419262,0.03069144942889022,0.9922819602027427,0.003894722538030747,0.0011693080391223755,0.39838041084057935,0.33356852794803843,0.8813685538049099,0.48199835400154206,0.8426880943274296
780,0.3334902928353125,0.03538006477494948,0.9937143338788555,0.002976046945486014,0.0005868274283306499,0.6007083182746532,0.3331210219124742,0.8947733292967983,0.3431797881196796,0.8652531552409211
781,0.3333429310420415,0.03217349161906748,0.9880394760496467,0.0018601198227615324,-0.0012951643530130662,0.09986668470565756,0.3308991132036928,0.9316836977017919,0.2615456362228895,0.8865717900418127
782,0.33320734631186266,0.5775680983977952,0.9976359624545582,0.0025272197016429285,0.4999303698378964,0.4997487347339085,0.3318075773563387,0.9176270634238973,0.4888306190074352,0.8623697243759869
783,0.9992180027612714,0.06434337402662878,0.9841481269234352,0.0029811368285020917,0.0005180320072973024,0.10117052991973768,0.6667105741155656,0.8666793459759319,0.09096273979652644,0.8637437960052766
784,0.33343083897440084,0.054165677770202904,0.9948495879479626,0.0037640896346485928,0.0016537257915234355,0.6009827999835694,0.33534648602518113,0.8502888683480033,0.4074787117924919,0.8628583371874742
785,1.0012830834210449,0.9176478749640891,0.9958324899116846,0.00038135317331333826,0.5005693162490912,0.599453720714474,0.6671667182943529,0.9534055624265361,0.4768436321507778,0.8170235503337812
786,0.3330680412768777,0.03951642720469088,0.9989127122488266,0.0037469648848510824,0.9996137479432164,0.40116848543118844,0.3325444059432497,0.9069638545702716,0.5503651942943141,0.8172512525502229
787,1.0006595539870935,0.8314349168054733,0.9974762606638871,0.0006331106508048092,-0.0008114835349479892,0.8008264818091496,0.6663407337199634,0.862754201829654,0.41190014511933487,0.8397079678289455
788,0.3341981421768545,0.028416673518160938,0.997452282777184,0.0032795808656718977,0.6649205657183298,0.5016938299776403,0.3326139598337956,0.9147790156270094,0.38001695904577387,0.8629697772482775
789,0.3344078823454554,0.03621671431963315,0.9899649157909798,0.001987336535943516,0.0018574167574551543,0.10159637260232589,0.33549134608953773,0.9203350964992928,0.24810119536720382,0.8654995055631519
790,0.33312564103617415,0.03177014989044716,0.9944284586550755,0.003076047555167485,-0.000553757347591459,0.2003499750010255,0.33191370458212704,0.8258494412089782,0.46003084847272424,0.838483100669932
791,0.33104009700137643,0.03301292726370284,0.9959148859862152,0.004272995718523513,-0.00034510918415057485,0.09900333488362693,0.3342041964002234,0.8368933652430276,0.20134422299728866,0.8189631506071982
792,0.3332597639691213,0.033958468861719195,0.9830909307651008,0.0028604734852828795,0.00033852537218177433,0.10022136074094962,0.3324109587999768,0.8699348992880559,0.27588955091622097,0.8193617671907701
793,0.3350043441194439,0.03083787700542768,0.9934268180213327,0.00331415053152246,-0.0003511193981822563,0.7011498713058915,0.33286693435524517,0.8791618945756674,0.4845658327130177,0.8638967488345841
794,0.33203501868064006,0.7349588070131244,0.9956153928662183,0.004925997596696291,0.49900158348275314,0.49986992939807745,0.33254207129146124,0.9206795321281042,0.4204246366977372,0.8401428722398939
795,0.33203815244500157,0.06365115212968775,0.9921488320680154,0.004250570228657721,-0.00024206461452155786,0.10004799944165155,0.33365507769599484,0.8634286930310094,0.11330810898795246,0.8410589916815729
796,0.33271756358914883,0.0671847142818747,0.9970184167253938,0.003452674573363855,0.00018679211394471537,0.20078832456508516,0.33245492375465147,0.9296491439302247,0.09997023000976066,0.8628827437728775
797,0.3337384544003975,0.029033833507577617,0.9865371216767174,0.0033413623507214446,0.00138875538678106,0.19983171943074118,0.335535258863299,0.8740946104412869,0.1221584394678744,0.8400003410585138
798,0.3325668925097649,0.03164338956909197,0.9964997066675871,0.0026069219767674403,0.0009101090626887088,0.7996415081109008,0.3349250137435303,0.9011751554950496,0.414882606788183,0.863957610798612
799,0.333156222328201,0.04532462317950598,0.9802453937795497,0.0024844278335872526,-0.0001519346777333785,0.0004787515740317215,0.33445223125944024,0.8845328900158523,0.305545588359674,0.8618330084222308
800,0.33440007614227724,0.034033297643087004,0.9922680775246128,0.00564315821806269,-0.0007249511043226841,0.4983969242182873,0.33235269719848587,0.7937820062134985,0.36251387477381497,0.8184931827256204
801,0.3317501277828284,0.060303882135337765,0.9904337297072416,0.0028178214300641127,-5.322271071388394e-05,0.20066953283799985,0.3320844386347297,0.9111163563276599,0.11528184760390026,0.8426625609790536
802,0.3335633943637015,0.06111672172473602,0.9928588135438774,0.0020283489335791802,0.49804724020648516,0.10201228447971299,0.3344889078713866,0.8721379896036755,0.2891827885623598,0.839996571170509
803,0.3322210178038176,0.02842218999452189,0.9960899444288995,0.0045130935366282125,0.498995641264288,0.3986312170067316,0.33333635888776664,0.9267992674498209,0.46329144864938215,0.8651914909255317
804,0.3334008782547904,0.0646996649370737,0.9951221322714191,0.0012507611230631044,0.0009473573215207957,0.19868067459602087,0.3330754501661913,0.9324432750653127,0.10137894933228274,0.8626054766518285
805,0.33358534818933266,0.039005995196936386,0.9872162228055328,0.004197972573708267,0.00028870557213901146,0.10065261996605537,0.3330408235144217,0.8281438954065798,0.3503937819468343,0.8179982452936415
806,0.3341066166322793,0.0315009809519052,0.9967078003851454,0.002947814453378597,0.4999925523110058,0.10031718671686721,0.33576550239337805,0.94081342848075,0.23340134894911305,0.8404086205359236
807,0.33388243098392245,0.04138593083523909,0.9954523773044098,0.004596581532499558,-0.0018938133551421811,0.09902454970552194,0.33331830867794837,0.9341510100455837,0.1467906973947164,0.8420025087257803
808,0.3328483929569766,0.1252899757134309,0.9941792379385496,0.0033427981784038036,0.0005317231519079403,0.5998638711706539,0.33385863246428327,0.8457182802044905,0.2303594403587065,0.8176774163997339
809,0.33283757852070706,0.03256573100068782,0.9894379272462762,0.0035285778889096965,-0.0008298415076427844,0.199770140396328,0.33279733510799286,0.9552109178245718,0.3604899666966741,0.8866423540041789
810,0.3328271787216613,0.028993052295364315,0.9828982959771977,0.006445211050842468,0.00032284437109586587,0.0996690117658063,0.33191243585759206,0.853461883989628,0.3169026752534206,0.8634678531037775
811,0.3319686314923027,0.030533607227863833,0.9913685520104891,0.003914776495299612,-0.0003386055540169517,0.3007188795287656,0.33450752255975447,0.843877104099039,0.2988058857250421,0.8398962147868542
812,0.3331063987113941,0.030833970632244447,0.9967617831221572,0.002594061762056581,0.6665748522140933,0.40019314994380195,0.3336479070415795,0.9405942585730737,0.4704091758878285,0.8858957480454034
813,0.33575917143079803,0.030832521014871994,0.9934466810175026,0.0037461733435350045,0.0002880354430508273,0.19993723137758992,0.3345385028104026,0.9503740429261236,0.32650314656671187,0.8862126567477908
814,0.8344026322907756,0.02779811219109905,0.999686542413382,0.9916615246315245,0.49966131119900675,0.4001158763085068,0.776262044348011,0.9263616291112587,0.5574756923721815,0.8646850625296637
815,0.3333748081205285,0.04387629077603522,0.9937851143535874,0.004355803186735307,-0.0016557821421229932,0.10011225079742252,0.33404694397790224,0.9497096784039905,0.2127307418485261,0.8634441977370542
816,0.33275259761404746,0.039534866455663634,0.9981760899059259,0.0034554405856750633,-0.0013401344089967351,0.4024598542169166,0.3326581246021817,0.9710683743606199,0.44505135367840326,0.8857710012962717
817,0.3344233493285086,0.031940671476101655,0.9925974396128042,0.002880727663496839,-0.0013515880336603758,0.29948125664142305,0.33253567435179354,0.9525505303396103,0.14967697575721328,0.8619079988527737
818,0.33401462310282065,0.03278674545315624,0.995644623389799,-9.67109443323331e-05,0.25028078501271755,0.5015936497996443,0.33099356923114853,0.9677550062816429,0.3038224512865153,0.8635611203085528
819,0.33257267064484386,0.03065074009328643,0.997661222946852,0.003240497578382372,1.0004425759973528,0.4006187850197382,0.33337564702678013,0.9141289405020079,0.5974074373911249,0.8415231957321571
820,0.3352612230367809,0.03460720494879722,0.9836932811681446,0.0021534506066276876,-0.0012738313663488024,0.10164832259464314,0.3332945261954594,0.880886126347532,0.35857143359244537,0.8636487182961486
821,0.33319800774045977,0.027402850073715575,0.9913858852746136,0.0033752373839109413,9.579378199035936e-05,0.20010162193120729,0.3338892890289707,0.8466710762626157,0.18310525831444394,0.8407241803173016
822,0.33349145349389125,0.028022236279161932,0.9889621974863831,0.0029798067526626013,-0.0001401190106964469,0.19893818721032056,0.33257769153798244,0.8651864213082624,0.3935787879537588,0.8401002890151278
823,0.33085172339867297,0.03257522401889907,0.9852119260635906,0.0031180206933786084,0.0011063055668589076,0.10035937195853437,0.3314609921017398,0.8384889006718393,0.35020818749817645,0.8401372867781202
824,0.33339016489525225,0.032557927239862915,0.980247858678765,0.0038423175405435258,0.0006992469331373154,-0.0009373699092962521,0.33480393713564693,0.8062938100043011,0.3072142573363008,0.8415028745782068
825,0.33188717890391034,0.03072438948670783,0.9554252772730467,0.0038944897376420097,-0.0001040997728366589,0.00029720302926092637,0.33553269115048684,0.8517408120231954,-8.902549449911906e-05,0.8411574909922263
826,0.33363070486414836,0.028989837367886493,0.9968556841063222,0.0037868530426497546,0.0004202309900288403,0.600429918777683,0.3327837021291827,0.9097833029011957,0.30058261666124947,0.8415414278333333
827,0.33320195775864464,0.029405338470810775,0.9884236056128041,0.0030242299986697643,-0.00010847619807212514,0.39975656705831564,0.33390762458850526,0.8781665422725113,0.36560531584454425,0.8421797662931311
828,0.3334796220243714,0.027399547031273536,0.9944448248332869,0.0036411761792450813,0.001458882661318168,0.19926696808876182,0.33134551362816894,0.8395943319944116,0.46073547764845046,0.8421000194712741
829,0.33384552643242804,0.02762267966015097,0.9862395902638545,0.003956094204781134,0.0011457431576484575,0.30098269460810223,0.33203968690335695,0.8866776500712676,0.1731595928749413,0.840497218561373
830,0.3332659256881739,0.03198741984549178,0.9860834135851315,0.002445513764172612,0.000692859892386122,0.10045323438269245,0.33390000123982033,0.892687685687387,0.1351969170809854,0.8392552298548238
831,0.33288158487510644,0.031456715515036746,0.955895383693188,0.0038012621981863342,-0.0003536961892935798,-0.0011029353789146993,0.3352261801421957,0.8532625444799687,0.001128449027139807,0.8411123196875682
832,0.33353592846572955,0.030948162281842655,0.9550914847363859,0.004611883816975117,0.001203967007432302,-0.0006700675532959582,0.3344905302218291,0.8523852915594016,0.0011727472373230714,0.8407522919674018
833,0.3331070160098169,0.029407293294992146,0.9550408114549258,0.0050949132803087,-0.0008670840316682714,-0.0010048094251685028,0.333135198678236,0.8502251162696496,-0.0004072857175624521,0.8399806454022549
834,0.3340162903412368,0.03311990096356687,0.9549570308008424,0.004790118061433681,-0.0007503633587993696,0.0012159847711520522,0.33375083044542414,0.8530812940408526,-0.0017970480663716546,0.8413838127681518
835,0.33253263704760305,0.03063666303329717,0.9542404727018928,0.0037178912391012575,0.0009136223419413399,-1.6749249748334726e-07,0.3344941746378145,0.850346679533967,-0.0031649669761155993,0.8427625772921898
836,0.3342533948481628,0.0299964939137908,0.9898106708794999,0.0027681897947868165,-0.001410380268868657,0.19894049864931523,0.33283979500908323,0.8892435330653807,0.3376620641454995,0.8649714715959846
837,0.33232665178348303,0.0332362299543463,0.9972088230021958,0.004737536570705829,0.998265546514813,0.3000763350896676,0.33077138475826856,0.8733719146757416,0.5183821981053701,0.86388731336158
838,0.3334903077762105,0.034499320433113705,0.989716098813124,0.003266253818725,0.0005981243722529053,0.49969649171509484,0.3335090831929061,0.867413644891149,0.13488942123977588,0.863405746839347
839,0.33280961502503925,0.027019761463747242,0.9968354059123636,0.0032322341427874633,0.33525308683392524,0.3972372116793904,0.33428499725656347,0.9209177231576217,0.4957694994394121,0.8629384108147835
840,0.33274553774563154,0.04221592812566949,0.9933887764565787,0.005200243955667382,0.0009445047057182314,0.1996769415435507,0.3327539716662303,0.9277629462390462,0.4610317717990451,0.9093225023661421
841,0.3345361890299169,0.0350715134628193,0.9795416239515257,0.003846978428419766,8.601300433050445e-05,6.177048297690008e-05,0.335277314336719,0.9088939114551101,0.401290593790991,0.8629517435924876
842,0.33377864739281543,0.031728469204345924,0.9968712470456038,0.002822819270036047,-0.0004878411527163083,0.6013860796381916,0.33279575725302424,0.9077148229220081,0.5005030615348321,0.8887822942195311
843,0.33314209264916805,0.04606769676792727,0.9865570394215173,0.0061672609956571565,-0.0004524062972342441,0.10091451904530777,0.3317687952538009,0.9047110405065953,0.3106276721768352,0.8410898938592657
844,0.3335659279096467,0.03347749646876427,0.9943790931105304,0.002036185507189334,-0.002208743012873615,0.39903704113247074,0.3337372191536174,0.9095160284845809,0.4485833462519902,0.8636508249808169
845,0.33190080556584345,0.029835020380783624,0.969053685765684,0.0026854965338579556,-0.0001294947649789271,0.0014450646506134273,0.3333915103168133,0.8201954629497029,0.21500513982398126,0.8644017107549559
846,0.33210639737201303,0.030629533334189562,0.9830708555932477,0.003060209891632204,-0.000597515328119202,0.2992681814314482,0.33421964329972337,0.8789852080036551,0.36697340149748475,0.8632277019565867
847,0.3340159856105073,0.05010408337353109,0.9873295484672542,0.0035411826708248626,-0.0011862305133662522,0.30114824814965113,0.33254982623444607,0.8347965516799736,0.3320238759763982,0.8397269773408501
848,0.332801990829696,0.053965463629017815,0.9930526526341353,0.004213092336333,0.0013197357255391017,0.3990060560541605,0.3333478741004697,0.8326293139905702,0.3614615787536544,0.8616724550880699
849,0.33416181237656223,0.07602241579118028,0.9934521353904058,0.0035490150530564685,0.2488994649141067,0.19978465813041524,0.33501685986184065,0.9239259162385681,0.4087095056908084,0.8617751027143933
850,0.33318346889404565,0.056397567892683076,0.9838226736021082,0.005043486415371589,-0.0004999187108138052,0.10200354316406626,0.333377173586856,0.8894465440115088,0.30699270671255213,0.8628464243189751
851,0.33288961649301957,0.03410283734675051,0.9890633153272695,0.0024034289546125487,0.00027676297691056915,0.09811188361630682,0.3330526666315336,0.9131709941899537,0.4263474583596536,0.8636226750584847
852,0.3341730007484193,0.15042399623785038,0.9887799723405614,0.0025664938237781928,0.00015750365810831359,0.09873330604233187,0.33266682034422584,0.8916161685416597,0.04372007899151093,0.863056376565491
853,0.3334081388669737,0.11349247781365877,0.9898719463166507,0.0026379539493716873,0.0005402763349107713,0.09887572901378332,0.33504879625388795,0.8984860674259796,0.047000110301522534,0.8628190880823797
854,0.33379083860760506,0.3199885401505461,0.9910142972231598,0.004110527414919635,-0.0011771171815710645,0.2996742999998619,0.33286814169725715,0.8150534088952157,0.3241231332605964,0.8420323558766991
855,0.3327403227096661,0.04246920075626864,0.9892490274483096,0.0026895656300230317,0.0021076005007059804,0.19988676298432154,0.33183577757604615,0.9344492139797644,0.23902089579950017,0.884628032583184
856,0.33353324866563006,0.03267357837416654,0.9906614068027609,0.0034485460685554302,-0.000956533062316002,0.30106534106217897,0.3321966729946393,0.9441555166476666,0.1889195502342883,0.8889108650351816
857,0.333141582069148,0.033093164164017155,0.9823442708442613,0.0037556943817764242,0.00031869325020527966,0.10001873456213907,0.3322017543076957,0.8691104108068579,0.20905343752366046,0.862834098629923
858,0.33482456449545006,0.030531628798709312,0.9977878819488732,0.0021071129227542285,0.9994723148970999,0.7004178138138943,0.33354080963499827,0.8587746588300568,0.5293848514915289,0.8414545579794819
859,0.33419912142946867,0.030088107492156794,0.9941373292925838,0.002331233721770491,0.0007853499530267019,0.4990523315947058,0.33222415175543996,0.9327302049863924,0.4676070905978116,0.8411508012527532
860,0.33176023690469025,0.0320668928001739,0.9939128479335964,0.0032008845399983726,0.3333944046429475,0.5005053801479075,0.33207407733048905,0.8902000730485166,0.3337507664049854,0.8631292806573159
861,0.33313401999819053,0.04871307142080989,0.9937591638978452,0.003096714386726365,0.24975003573214105,0.20072726111247413,0.3321102354345879,0.9353584714396531,0.4491135786861594,0.863690858781569
862,0.334201788495634,0.12284839487927816,0.9970696592229263,0.0037374296770321556,0.5007470438609263,0.6987227434470291,0.33361152003469424,0.9457177965993815,0.5299523416682145,0.8641792854682606
863,0.33356560208899527,0.031087866940500787,0.9943090836565809,0.0037975070739508223,0.33376720900883416,0.6986212280045233,0.3334006596273633,0.960727554773966,0.13246713373982957,0.8637089247008117
864,0.3332137993030689,0.029974635841508068,0.9955437124274581,0.0026387831051548297,-0.00046655933181601994,0.6978622540468948,0.33384094851439633,0.9493273561214616,0.27619775209799197,0.8626714381187761
865,0.3342260236883086,0.036206754275930945,0.9911057323537911,0.004630203241084272,0.0003456983484506431,0.09986602245336568,0.3346317496377025,0.8946114391559055,0.4693989458808506,0.8622786661411476
866,0.33532047900623174,0.18958875727044766,1.0018624589855236,0.0028910878590049853,1.0001691358915543,0.5011545310532716,0.33282260432328736,0.9453597373547703,0.5919340636366843,0.8416564277799994
867,0.8326931827014908,0.8514768675827815,0.998151032238808,0.9896581376170526,0.9991176432016529,0.6008301149943444,0.9991842474308291,0.9586697377731118,0.5785593345129425,0.8873191405063047
868,0.33278724008164823,0.059313535958609116,0.9992659261778027,0.002843908360540918,0.5000991673379085,0.19964043772814383,0.3345150649731795,0.9536675186548813,0.556920547360575,0.819119446770945
869,0.33253797852230865,0.0546893736648226,0.9971122392653752,0.0033732720800849253,1.000876931877512,0.30042410921749574,0.33303912024321086,0.8554336765606253,0.5402883914256197,0.8407312979175277
870,0.33324078958052455,0.05217645452627578,0.9972272392458819,0.003708370597278334,0.9999760579704359,0.5004359637615438,0.3326666587431364,0.885665165070507,0.5248435368579486,0.8175269857779159
871,0.33124865311789203,0.027050419772160918,0.9946449659695491,0.004024211450859987,0.0007836750993909237,0.49895723742169784,0.3323517617536847,0.8782165415340808,0.2909167211369515,0.8641330866804168
872,0.33270834498882285,0.05178203644725433,0.9938649187515421,0.0037760375564140345,0.0006856327327685486,0.3009634037400129,0.3333617576176977,0.92853642893127,0.4511674514761099,0.8620290244025509
873,0.3337394732704758,0.03847413506318524,0.9915935999195215,0.002989210124058314,-0.0004975620239798371,0.09930490393307963,0.3340174145103758,0.8985432982442013,0.3473357945321312,0.8639326398860907
874,0.3331491267665775,0.02798309488583873,0.9942927189965398,0.002986808740979601,0.0008548222531426399,0.10211187225760587,0.3347009683844884,0.8605927848904396,0.4135312834714093,0.8411485769342305
875,0.33195953426829955,0.032024058617040566,0.9955803684228535,0.002577255789660167,-0.00085065121361814,0.1996432875851141,0.3355032786850308,0.9230697955524725,0.40200449182196774,0.8178587630673203
876,0.3331145142036976,0.17851053173333836,0.99466325761669,0.0030775535299021623,0.5007926088887601,0.699630846807731,0.33292933516582385,0.8975941296489816,0.42935619597643404,0.8421707879605687
877,0.33183719063907097,0.07050989988590593,0.9976405899727376,0.003742955075056288,1.0000561057846307,0.39878749825321563,0.33185972043188483,0.9148890021177061,0.534355088616822,0.8399991765984774
878,0.3328086908665684,0.04443283717245233,0.9924612160726237,0.0030995359959810963,8.547872786927799e-05,0.3009080371147554,0.33279022794313484,0.89354781982541,0.39742201755770723,0.8406017153385732
879,0.33095506868879543,0.029652332253502223,0.9981067494052565,0.003886896749037968,0.9990820281049062,0.5012917731856078,0.3320851531858202,0.9018348981975067,0.5480421399544216,0.8630380887424745
880,0.3300689266913247,0.04438245642222462,0.9969621588015881,0.004006134884895559,0.33427662602029556,0.4004996530396154,0.3352490618449586,0.9142356340727537,0.4610916312223117,0.8639830700193927
881,0.3327610089398901,0.22906257342917416,0.9921618345969998,0.004231927971344629,-5.207364039534466e-05,0.2991764281507799,0.33354148373673514,0.8693902723149621,0.433674218286682,0.8200320978497125
882,0.3325342231719069,0.0620339846392083,0.9983918987418458,0.0036723213400946175,1.0001856944118634,0.798620281936621,0.33385142620191754,0.9145507021276701,0.5847924601613814,0.8630822216437707
883,0.33294426086840007,0.03629024449508286,0.9842537851659322,0.004670274027780969,-0.0008319735542677372,0.1991766427417335,0.333031812615962,0.7953775179215029,0.2985372586546283,0.8190127853936554
884,0.33336205782496825,0.030262684147665274,0.9938071063093769,0.0030315385978362656,-0.00013969138978263735,0.10004529258807747,0.3335565520764277,0.8988552743861155,0.4397920402754629,0.8396875122836025
885,0.3331238561211522,0.04149523999968861,0.9888080730322881,0.0017221377408480204,-0.0013531498915642969,0.2990922542066994,0.3311369916544388,0.822884905746254,0.07351204628153901,0.8392005122136529
886,0.33252011324473213,0.03846025321269261,0.9900057883486925,0.0032666393133857006,0.0007226233010606802,0.2995191607339786,0.33402582739309755,0.8271100621043098,0.1980949570139436,0.8403057797040807
887,0.3332176914094221,0.031123157940087003,0.989261013422085,0.0028360501070099128,-0.0008678329000019293,0.1999386850252212,0.33281206286325893,0.8914921003624747,0.42327576330104905,0.8619859411008715
888,0.3343812058451593,0.03349913512321872,0.984695826883581,0.002159825260583756,-0.0003594486838822288,0.09939178293369014,0.3322744514687664,0.9084383523556795,0.20667510446550116,0.8413569867988284
889,0.333422753866493,0.04411453263895821,0.9948552253474292,0.005033231353081479,0.0009502530851057117,0.19805609305187166,0.33274240517070924,0.8569601789106697,0.456728541201714,0.8406242248327838
890,0.3328103290238507,0.034131436460436836,0.9883991482181034,0.005230818144665271,7.81327788402376e-05,0.20046819089463622,0.33317013824988173,0.8208260733205676,0.403820632287942,0.817591884153849
891,0.3365753790851941,0.027683824246753308,0.9859935501125248,0.004233196892074238,-0.0004484083365974874,0.2009705973681713,0.3322451263820462,0.8643792816460588,0.3462300239128792,0.8387482185481663
892,0.33422722457971693,0.03667538986959952,0.9927969797681584,0.002343996880027,0.0013988433814769092,0.29867533294810844,0.3339099485680193,0.9002565705130448,0.22537446229988084,0.8848534774549888
893,0.9989160537959989,0.8716270950984829,1.0000440984211014,-0.00045565778939910245,0.9999423976738501,0.5991510995747885,0.666558688390693,0.9242039702649825,0.5122474288654042,0.8192559794438913
894,0.33322708794823425,0.04278266826825838,0.9915646077398053,0.004168427316828577,0.0006332059351792685,0.49922608347689507,0.33337969566797176,0.8144665229484968,0.3038400180322286,0.8420468080946475
895,0.3339547571958992,0.09833065349626567,0.9910372332929591,0.00267892758104687,-0.0013970751063888634,0.29780438022766703,0.3331635118342812,0.864622190962361,0.3642381298943171,0.8179816179689559
896,0.3337558710378546,0.03691283072480448,0.9545994432741124,0.0024521577798318124,0.0001700334792153743,-0.00027225361880722505,0.33451599391548115,0.8570532451996021,0.09558221448122534,0.8390373824694551
897,0.3327204080594525,0.029625196044003075,0.9580138516040411,0.0018297019502027,0.00021601829817672905,-0.0006239066810109355,0.331893838946809,0.8676453227110146,0.10444620861436996,0.8403405463603876
898,0.33252281253857596,0.032472600607263355,0.9931297871141326,0.0034284139221886153,0.00012314328941095574,0.6002616456542754,0.333472595672652,0.9150896800430894,0.408723226971625,0.8398156854153609
899,0.3322395307468949,0.030781308637770878,0.9893076884052043,0.0026462558387513914,0.00048453682217571974,0.19680069423486904,0.33162045293298037,0.9455435396449683,0.3898327660724403,0.8614761234798446
900,0.33389522966445206,0.03365255240870214,0.9820462773334376,0.0038865631640187647,0.0009366108302694232,0.19963361468038826,0.33413414237125,0.9163998859779682,0.13103121064838646,0.8627154317718128
901,0.33383051972717454,0.030804349817039868,0.989616712453159,0.0032628658487682486,-0.0004936887130021856,0.3007787205469476,0.3320573026188145,0.8488639972245331,0.3340596211106984,0.8869826092440629
902,0.3331160271140925,0.04112482520090321,0.9893746706655802,0.003617100342506238,-0.0003522449426619529,0.09971125319988422,0.33381160267928545,0.8761925395625846,0.4541414650284095,0.8636926477277395
903,0.3341137188876403,0.028363714858589437,0.9978136118416642,0.0023768800758056634,0.4992233271594451,0.6004695008111524,0.3333108142582462,0.8222584229450622,0.49090711010572075,0.7962691918816345
904,0.3337035537141364,0.026609207979655866,0.9926661875394597,0.003901108493312824,0.001148011266481528,0.30010346959472955,0.3329176426984489,0.8391102188128301,0.4368537526477369,0.7733387524692754
905,0.33181054208756733,0.032027153601794804,0.9960404246046345,0.00507184412068356,0.49970709264050567,0.40094707760348824,0.33624908510344387,0.9564302504004588,0.4836106489271864,0.8888754174917244
906,0.3319746440115964,0.06676440229599159,0.9967717386362116,0.0031736160906814044,-0.00039229031915723493,0.4003055913987481,0.3317944509003228,0.9414950334806415,0.41329489920550316,0.886957673328496
907,0.3333681102644412,0.03972566486649824,0.9828102542691757,0.0007143111209158733,-1.47615925028735e-05,0.10019148114236398,0.3331679583694418,0.9149860149730777,0.20464094871697627,0.8852122548734692
908,0.3347441883638925,0.035165785152711515,0.9909449791721463,0.0034922020575877065,-0.0007819596851894249,0.30141448456056913,0.33322138720918,0.8309266972991437,0.07675090423217942,0.8412217792725942
909,0.3321513940572259,0.03638798593898367,0.9939469717002541,0.0038820973854512123,0.0004129767260771296,0.5003915957421883,0.33521681174622364,0.9573153548091957,0.16190498436348258,0.863358396133564
910,0.3333562460984729,0.030427103163389417,0.9903877299609106,0.0032421281084893307,0.002139505295515704,0.30106414160767225,0.3317736278662143,0.9334340804824183,0.24564853146374824,0.8645782303641859
911,0.3333283999846622,0.02683240604504221,0.987582011015105,0.003688300007915859,0.0015388196992076344,0.2988608231610482,0.33368503314609294,0.8538022661696824,0.18651846479731765,0.8629505903435999
912,0.333847691088412,0.02960487336593316,0.9743225160723985,0.0028746192515275008,-0.001411827458131076,8.952992855780906e-05,0.33396588362410234,0.8244323486286581,0.17497845333809056,0.8632281862248884
913,0.3350477124146193,0.03262501697301546,0.9954591687626742,0.004388842989230242,-0.0012428937723234132,0.30000849883762226,0.33294194625836393,0.8860080886758208,0.3838023107794097,0.84101223129925
914,0.33291868835366384,0.03581798368498883,0.9962735906032133,0.002741555537197272,0.5005712948405642,0.1986574650214835,0.33507536046926745,0.869423629458716,0.41267140169909455,0.8395156799242928
915,0.3343111112211845,0.03063013376736829,0.9581613963014842,0.0036374172540179573,0.0008446398128618747,0.0007355534103142405,0.3333373503052544,0.8614479407018774,0.09838124502789108,0.8429078569779827
916,0.33376579610502133,0.027632391800463247,0.9877464034263067,0.00328672261742473,0.0006330304419367752,0.3009882352655301,0.3321768135567128,0.8723802758075953,0.34352355643831733,0.8405224828807244
917,0.33190860842981473,0.02551440702719174,0.9889147052922506,0.0026631490412372606,-0.0011636338083660567,0.19938253672784514,0.3335138028849616,0.8641585004167581,0.37236899353920583,0.8622393566621248
918,0.3336158428232919,0.028684450633227637,0.9823289422388237,0.003928527380724038,0.0005164061826943303,0.09977469797186886,0.3341518344177587,0.8438056747230269,0.3377962760262243,0.8404572334625483
919,0.3340627611039798,0.028025896932181653,0.9942141966922641,0.0032090980134518465,-6.966363925616876e-06,0.4012588185092217,0.33339672622150096,0.9383136968088068,0.3045049339170294,0.8639294465932984
920,0.3334578547340749,0.0290569609101475,0.9892937779554322,0.004462010031330156,0.501086302484206,0.2998771647220883,0.33353423156979645,0.8905892860261913,0.17737222795544955,0.8401595638204163
921,0.33267886730899254,0.030270623926880517,0.9591318657310358,0.002980512367040043,-0.0003770222081641042,-0.0005638043542736245,0.33333618050113756,0.866166130561574,0.12147576868344068,0.8411747424055841
922,0.3347333640481067,0.029893838031350314,0.9556632014641316,0.0016468828147357551,0.0008335764740904114,0.0002858019634460229,0.3317908653989003,0.8500127446225599,-0.000422974252172538,0.8417982772488851
923,0.3332902654707158,0.02909752702507352,0.9545134224256677,0.004578123238517148,-0.0008289055841105192,0.002065393500054069,0.33402476864126257,0.8525589762205431,0.0024243302871676926,0.8414122367114494
924,0.3332212507285368,0.030627605985274954,0.9552680333537703,0.0036803199535211163,-0.0006588935386351778,0.0015082597170952645,0.3351190351709441,0.8512523965838145,0.0012350213011384438,0.8411527216436928
925,0.3337658696004717,0.029318507846994742,0.9880508941450463,0.0030507696801488626,-0.001240563975274583,0.20223793011994698,0.33363895638789465,0.8988940383710131,0.25425246550371566,0.8644874931111535
926,0.33547177119691324,0.031682026205265716,0.9870633495366115,0.0027182907902288085,-0.0008436980566153789,0.29924428676747483,0.33177466828945285,0.8996842228014059,0.3418784966384765,0.8622962604888422
927,0.3339542743349691,0.04502337201397303,0.9947376854678044,0.004965866930585032,-0.0006482046072078173,0.19917524017722174,0.3351372133172897,0.8589280637968654,0.47415947671797587,0.8420548791684825
928,0.3334906423181843,0.07698565664262536,0.9926432676919894,0.0026303845478106674,-0.0009762110042145839,0.20057943047457852,0.33293331455270436,0.921185838532536,0.4384109041079574,0.8395440619437555
929,0.33401514532196025,0.04214915626989582,0.9757766509324396,0.002549928242270413,-0.00044501633602962373,-0.0020706607095381463,0.3333006932137437,0.8939157709451633,0.28501733361037257,0.8420523760437133
930,0.33254262406604074,0.030934458070216896,0.9945286379772087,0.003989875696634656,0.00018256651188901888,0.3008788745342253,0.33196445003158975,0.9268700075760552,0.3841598069586588,0.8861885317434418
931,0.3335037648895264,0.029833983470797357,0.9709859035188012,0.002628450197586214,0.0011506305543495224,-0.001456260827465282,0.3339831848118484,0.817138827330574,0.13165489566653382,0.8633873679964981
932,0.3327706875969419,0.0297416811322885,0.9783240856566701,0.004601688333785594,-0.0011604684873501084,0.002578524297204057,0.3339589160434489,0.8353022989464298,0.2562957262613808,0.8632939431006232
933,0.3331338729545622,0.03685662407289777,0.9937474497943991,0.003088972253423479,0.000210661842820169,0.5995767217609177,0.33302473253737797,0.8759273267089406,0.3108004457023762,0.8646034263957068
934,0.33314704507549886,0.033502356974364274,0.988989166711378,0.0035119303224424004,-0.0013041828466679932,0.3003010360006381,0.33235778523369913,0.9367461934374296,0.2734203461493822,0.8628493561690529
935,0.3318451215122137,0.030172361121469985,0.973668923094713,0.0039172924485230244,0.00028095034995135216,-0.0008069443603373814,0.3332370789266339,0.8867989153504227,0.22468606817679804,0.8630543778556273
936,0.3328640064620994,0.031563015201045215,0.9763654073090535,0.003601383532219436,-0.0005390193906476251,-0.00016182235171610144,0.3316758636203681,0.8331927288015535,0.18349596150238234,0.8645204310834022
937,0.33313500028561377,0.03889195127825369,0.9929084528581136,0.003776407664493532,-0.0008459072782597142,0.20121970091677555,0.331208461240943,0.8976113050469542,0.4130334175715967,0.8645272908755447
938,0.3314534773613155,0.04566879737752847,0.9939135107232554,0.0025406213521876144,0.002200384011915732,0.6010212162216791,0.3327539986525704,0.8820864273055242,0.4310526959253865,0.8404298822414982
939,0.33352613303330225,0.03198427950577508,0.9878458070456402,0.0037727063395367197,0.0005696379819331379,0.40062863150033,0.33294704314921525,0.8651758896472402,0.17556585555323054,0.8639287988465799
940,0.33473388473289184,0.1326267316722395,0.9833964188101144,0.003972618351817898,0.0003502137203899309,0.09984869120361799,0.33352584765179993,0.8406276850031225,0.3882901953358188,0.8417938236065333
941,0.33615430875197744,0.04665324645214737,0.9948167987542521,0.0036203554208903924,0.5008275719658508,0.20029092137632779,0.33277696456187744,0.955689599632681,0.2347376407400489,0.8857902237295867
942,0.33341521749579245,0.032985780767344,0.9918608787094438,0.004447208450349816,-0.0009956795160913814,0.19985045799545156,0.3326443277548646,0.9573505873264403,0.3176089768250938,0.8862669038095374
943,0.33432071341532676,0.031076136126888216,0.9918819134671534,0.00310456994181276,-0.00038702089744340634,0.29968111299178,0.33303673353176294,0.8870186374339718,0.2928886618326243,0.8627908206167094
944,0.33407980943927035,0.03262712658131177,0.995378492826597,0.003473298008329484,0.6678254564729177,0.7011766286560013,0.33306773020256025,0.9495247183609298,0.49608860381260045,0.8630082994790148
945,0.33381491222723225,0.032083843110994,0.9978563967925517,0.0036779108960507587,0.0011604652388797123,0.599186621244753,0.33255099730859405,0.9161250763412228,0.3664288406163037,0.8391591664058923
946,0.3324316026677025,0.03193771854440444,0.997203008456548,0.004081808994884331,6.343830112653347e-05,0.6021160195754309,0.3334983411263199,0.9159519020517304,0.4852460132661891,0.863333997256018
947,0.3335425348906481,0.035744434047446455,0.9884431747121157,0.0027679278095526457,-0.000634535259920294,0.20015782526405093,0.3339814845767796,0.9117415738433361,0.4551048644738692,0.8629974824406154
948,0.3335945411217688,0.46964907275994827,0.9922523489667441,0.003552533399243018,0.0007767284284494768,0.4006597845018448,0.33191888803247793,0.8928607775840849,0.39727124913209294,0.8649960968287359
949,0.33384895598634434,0.02970589288931581,0.9808459476300091,0.0011773616766713839,-0.0002856266103793298,-0.0017613493255645761,0.3349790121915021,0.8640514783730058,0.08977344556993298,0.8405381121725155
950,0.33593479804413584,0.03865734827073303,0.9933215189586058,0.002351940409955874,0.0004161965320831365,0.701407651575594,0.3340952349661989,0.8806881832933753,0.31432973846224144,0.8651537307679724
951,0.33366197408231546,0.03992420708806234,0.9841804959739979,0.003968405510984776,0.0005996983249821117,0.099800033411024,0.33227199317078293,0.8269492139751169,0.37021372395054697,0.8412485306519422
952,0.9997120760222081,0.8869232377252332,0.9961874085063983,0.001379904409715989,-0.0014473192667484888,0.6011994459193705,0.6675142540561491,0.9269857679122359,0.37946437014414447,0.8186686669294357
953,1.0000044408554893,0.9048432957420801,0.9979746716896067,-0.0019834139492144534,0.49928746884773384,0.4992423189213063,0.6664688896279163,0.9292906877369977,0.5339750507959404,0.8173388469885137
954,1.000490402414856,0.09888823268597124,0.9839595478716177,0.0004732724618970989,0.0013861073154165008,0.09944832493331016,0.6658943071936424,0.861731375781543,0.37014328403417196,0.8408090970293061
955,0.33359974204466425,0.18434471849148243,0.9969985762631843,0.003600024503430818,0.49953024384793365,0.8998696636260547,0.3336085398425756,0.8568541110196771,0.4152653924098066,0.8174344069451598
956,0.33197764868514246,0.028163434685676142,0.9982057776975051,0.00454589719267131,0.4993646079434153,0.5997587075812051,0.3331136633799112,0.9212554595076603,0.5928205772113186,0.8640716189994646
957,0.33408841673840267,0.04155059269313761,0.9928640694986641,0.004541294420729369,0.0004796946471033087,0.09881168429501686,0.3325365086873147,0.946561744039753,0.2012957914487808,0.8661025004001772
958,0.33259962830726325,0.025851298433974886,0.9809052863074655,0.004145828157015373,-0.00020629358984370426,-0.001669958108451385,0.33229778920565617,0.8296082000699108,0.3228361896516717,0.8415838860699046
959,0.3327120943829417,0.03141468375236223,0.9658632838089144,0.002512162626301283,0.33317014842849285,0.000871877605546015,0.3309660605196465,0.8345528550043634,0.20211851098060613,0.8180113673847621
960,0.33299998338630066,0.03611937534708602,0.989257066125697,0.0022869302305822247,-0.000943111229988806,0.19964384992467007,0.3346876092721639,0.884191903346383,0.2987216588933076,0.8190716474636988
961,0.3325349907362497,0.04194805600487099,0.9913793931758185,0.003987640842187434,0.0014100946553812586,0.10206971359542664,0.3346714488067028,0.8998278208991443,0.35865225207212,0.817614645335401
962,0.33251418821918044,0.029798215197129864,0.9980234330211085,0.0045466453789425815,1.0007437556371641,0.5008377472893598,0.3349662079479894,0.9064334095520304,0.555997914819891,0.8646953179310629
963,0.3336735842302147,0.7354694830393333,0.9919607333843032,0.0034478709775153955,-0.0007102890217191032,0.4010443308954594,0.3328600490450087,0.9017520010435415,0.36860511791794587,0.8400508277465826
964,0.3332732958290867,0.044095508841828175,0.9931560422405643,0.004036053733623364,0.0011427995649153893,0.40084313009361694,0.3331171147385642,0.9076822145611422,0.3674135074463665,0.841381515427643
965,0.3333602300609115,0.0662500642257261,0.9910550219182028,0.0023436108367639753,0.0005566052476436091,0.10023404126252182,0.33286097806930554,0.8465045259360073,0.10181482483007323,0.8396684827419572
966,0.3327745335589877,0.049885192278313374,0.9879602625559786,0.003305047425706053,0.0008262829830951711,0.20176805940054535,0.3340198507053983,0.8416178180214906,0.21032456107463357,0.818890187453373
967,0.33362113942352567,0.031917904994508715,0.9957864180582812,0.0034190739506281534,-0.0003138178499610092,0.39921285374188503,0.3321754970059107,0.783514694329887,0.4634701795546983,0.8170448860540122
968,0.3342194765227843,0.03375787379808988,0.9956464040943137,0.003402418714143943,0.0010432499640356163,0.800064250761482,0.3321627015219617,0.8665939134529438,0.46888153090677026,0.8400730444534001
969,0.33314609229419667,0.030367865772615677,0.9880672891620365,0.0026044505818779862,0.00018779674827277924,0.19951110594922833,0.33318860935139905,0.8753462979234371,0.39156553136284744,0.839711394148456
970,0.33449611233186677,0.03190686874009722,0.9941756730952106,0.0030715776826981548,-0.0015554382454785087,0.39824668748549,0.3322302466436882,0.8861898429853285,0.18620476175788545,0.8409596546442638
971,0.33188453997066863,0.031323947528848595,0.9618741267217105,0.003905962929614173,-0.0004611674306723241,0.000930842548203639,0.334442526088374,0.8662321640390748,0.20295252703588468,0.8640364299952473
972,0.33285657441300615,0.03235496249475744,0.9698575445735984,0.001941482175938507,0.00022731037463063624,-0.0005282650834426875,0.3345436470614647,0.8879465906170723,0.17334706719237897,0.8392066927792727
973,0.3337575173098013,0.03705585779061122,1.000216839878845,0.005158551737905855,1.002227922296978,0.49957482035556355,0.33366123255792274,0.834860636294524,0.514931737646507,0.8406443331969143
974,0.3346502420352413,0.03233510877571334,0.9936217660272474,0.005571552517707559,0.33366188817767395,0.19898116391654705,0.3336236407662918,0.9180528450113119,0.12289748370819222,0.8408409649572983
975,0.33262052809823556,0.0974089614807814,0.9846463588890538,0.0024415368365538893,-4.55315508763332e-07,0.19995918302450522,0.33358683937598077,0.8432707276536576,0.25200827490480365,0.84159283057264
976,0.33209694652011956,0.054721963321350375,0.9866575077080313,0.0031029556371337734,-2.183761691530823e-05,0.3003026494334836,0.3332766564969813,0.8394123780120868,0.2818564217160489,0.863453251637193
977,0.3322084648780235,0.031242445318342315,0.9977157995584598,0.0042556360789896995,-0.00018679982209654622,0.3980344695433705,0.3341386892232429,0.8890978686434967,0.3985071218164792,0.8405289255903001
978,0.33291923810241775,0.06729795177852463,0.9750684884230371,0.003802801001315453,-0.0005964317045657892,-0.0006617669037179036,0.3332946122908103,0.8674090588832213,0.2953793446519736,0.863915875921783
979,0.3330753515347212,0.4404585580845985,0.9928026611574248,0.002658656792814342,-0.0002575039514001439,0.29887024570264337,0.3338039916780303,0.8921804587896442,0.4222848886256136,0.8633130208803125
980,0.3336570754613732,0.20854577113870196,0.99291349528449,0.003013091362663761,-0.000222031758693014,0.19899874208959925,0.33280902815192404,0.9272832057260559,0.3105510235665514,0.8624027701840001
981,0.33388375136990767,0.03735157483420327,0.990350891820327,0.002013526179674652,0.0007143039686205466,0.3003972435566495,0.33341145983933757,0.91961130346183,0.4438849380552409,0.8628693423015179
982,0.3323515998074672,0.06619834230224456,0.9834311812599649,0.0019780420306828,-0.00041842338280759033,0.09940228777340153,0.33312665721343615,0.9132835323312086,0.16024064694301546,0.8420972860258483
983,0.3339519845985975,0.04718704691302831,0.9939382183163029,0.0037302251092523092,-0.002010003986145114,0.39968425835712357,0.33260573760900114,0.9056092171447016,0.3928452621757997,0.8412641672680504
984,0.3331397762300233,0.15366636122288604,0.9946542426346391,0.004333847533036213,-0.0012378193150837746,0.3993180386086706,0.33275526498224467,0.8947103821345075,0.43134855809094286,0.8412122168733001
985,0.3340368766176472,0.033193099326682164,0.9883290327038389,0.0024288065217442497,0.000982862718906767,0.30005357954047807,0.3338770520320128,0.9248538019582596,0.08961393641503927,0.8403050249723575
986,0.3335163134903554,0.7763173488066893,0.9924787758959291,0.004466844074265769,0.0009271342461479216,0.29890364800397956,0.3329188021791204,0.9095006637904385,0.0700372628701469,0.866500801208304
987,0.3337220817408806,0.0299782245273183,0.9916152669418471,0.004171729149178635,-9.572005358817045e-05,0.09869036355886975,0.3339942252226622,0.7946244021031055,0.3587839171573819,0.8193751750473995
988,0.33533087268985395,0.03225689652294617,0.9934560664867668,0.0036886137362255786,-0.0016131965474875543,0.49936893193088594,0.3336691022578281,0.8013964037729587,0.4316191861227022,0.840044609167156
989,0.33459069552143755,0.06195494317208619,0.9874700870426578,0.0032083443746616916,0.0013224239968594369,0.19839982273844453,0.3347815149023424,0.8956153522896775,0.20463568407097119,0.8428349142620307
990,0.33304705994793765,0.028409495148527003,0.9898837374626448,0.0018844132092579364,-0.0010849296845502926,0.10075135229481873,0.33269891282554853,0.8742356782722134,0.3908137923942979,0.8405132764443206
991,0.3333221376027424,0.026640601148413687,0.9930614361916567,0.0036647308653255037,-1.0191640686600882e-05,0.09940095967246017,0.3305053670781438,0.8682181494170305,0.4527416228971327,0.8644830292063903
992,0.3330442368029255,0.05704153507115431,0.9936379336131861,0.004341088152827825,-0.0012707514753615874,0.2987159565725474,0.33600409216819954,0.9302261921006353,0.4370052991339063,0.8637090178843397
993,0.33332910832408147,0.02685153441473326,0.9798244146463402,0.004376417334867794,0.00010005087173892995,-0.0004284454196384191,0.33158439597316497,0.8647912493185652,0.3089530039513358,0.88564062997949
994,0.33385377817625844,0.030987043062897512,0.990732241889405,0.005227620747591789,0.3327823695759579,0.20100180813407334,0.33282208922479833,0.862732954045546,0.3113281096668407,0.8859955230428596
995,0.33325656601218295,0.05103880308400523,0.9670494954082156,0.0028603433677346314,1.3608320501776964e-05,-0.0006133326845381048,0.3329353447375134,0.8575619344495423,0.30041330681161016,0.8398866132332004
996,0.33445728074821707,0.04917801354605067,0.978201426858723,0.003023475090363634,-0.0015994479730989312,0.001802580585253431,0.3328214511385784,0.8473448378882745,0.1861279004584017,0.8646338192757965
997,0.3326213632059929,0.03366949373206049,0.9904268596645782,0.0023672473641208414,0.3324778160765047,0.2991773757301851,0.33386163031269134,0.9018347206261911,0.39723824825450804,0.8626910983873463
998,0.33102107131068975,0.16698770975400118,0.9940265299965982,0.003542722025914636,-0.0005682081631496787,0.3021464612370152,0.3345187126491742,0.8767327371657205,0.42959432304989664,0.8417379223300512
999,0.332265038688376,0.7145895481954855,0.994278922133104,0.003524595404073675,0.49935963632829455,0.39898744641171924,0.33341004703251553,0.955478573053668,0.11522799739873808,0.8862176146721585
1000,0.3324763686796361,0.26230772212307085,0.9955528765865725,0.006925328252385586,-0.0017565595560207912,0.3010370490032521,0.3302381513560487,0.9298957333473411,0.3609221353549811,0.8633748307931656
1001,0.3354609235190229,0.02899899024163082,0.9993005936184656,0.0032509355708568877,0.3328939769982044,0.6000330606091763,0.3336159366214443,0.8900508983169956,0.5024676371423838,0.8848921037526514
1002,0.333389138207014,0.040429158458595536,0.9963301858803445,0.0026151039864954367,0.0004985224421415268,0.1999094009365828,0.3329294645620228,0.9111109634169408,0.31042370483003734,0.8628722983939717
1003,0.3338569621780337,0.0696592000695919,0.9989592353891733,0.0030396891902139843,0.49927101874227486,0.7008850591423035,0.3339469686830652,0.9582539905522156,0.5770632870517844,0.8872303520286422
1004,0.33337280579127304,0.027602068539488826,0.9852359437056714,0.003287682613994449,0.0014400000058857818,0.2995019952856271,0.33435434694224614,0.8284008171020255,0.1137460324253626,0.8649312001753184
1005,0.3346230869937128,0.026590831878006295,0.9929201383013608,0.0025822617266879695,0.0006565777553324987,0.3004796204491891,0.33415764244342044,0.8324486658334997,0.39388214922168213,0.8410272451521287
1006,0.3324018966663073,0.03454026848709662,0.9902209655676233,0.0032365732711535397,-0.00035984922709679,0.19980360050134346,0.3341584347471431,0.8551131849132281,0.4286304537720451,0.8647863033397859
1007,0.3330527048472144,0.15320994397858978,0.9900072027330575,0.001993001587296878,1.2308923630538302e-05,0.5012622724559862,0.33359956108555894,0.8361901944038665,0.3002928000554801,0.8403647341491715
1008,0.3317342379932262,0.043574465391412534,0.9827709750867181,0.00658578995010825,-0.00020017968525156755,0.10018211188692332,0.3348840562063581,0.8695573782144724,0.3185981299528649,0.8424894857798532
1009,0.33323688591203415,0.45512898079980396,0.9953896351600688,0.005245104335165181,-5.00447808322197e-05,0.7987241674148595,0.33289878760017555,0.8909260691639668,0.4765506250283518,0.8874972271760057
1010,0.33359218859467177,0.07703772274867021,0.985163863982811,0.00515447138647811,-1.7983923076765243e-05,0.09852555935663171,0.33308748964379586,0.8923918176396439,0.3172650662095273,0.8633596844205479
1011,0.33047826542588177,0.029483070629065584,0.9796477958310715,0.0038304154651130637,-0.0014971941161964354,0.0006419327598920305,0.3331597966437163,0.8276358147719732,0.2857356998042365,0.8646320835371435
1012,0.3322521704766171,0.8489783785625247,0.9728531461463361,0.0035898156290501016,0.0006529661355908213,-0.0012084446653340684,0.3343362631974922,0.8518752940054822,0.2770032617387595,0.8414738399746733
1013,0.33420172952639515,0.04001062398377209,0.9937859048411876,0.004327096037460794,-0.0007433450146554512,0.39918374043740745,0.33331399678428697,0.8249373696280593,0.3289134428922715,0.8187218255478197
1014,0.33373616189553773,0.02567691467573074,0.9964983130272286,0.002798875753791607,0.5004884461625936,0.5001069985785254,0.3321548377746015,0.8615225658687714,0.10931946313016157,0.7957037531431742
1015,0.3331861103630587,0.04611658535180424,0.9889265201366915,0.00469647993182078,-2.3900112740419673e-05,0.20000519107340153,0.3323100278013324,0.8602373407817253,0.21736752295562622,0.8620958357102857
1016,0.33258076594161423,0.77322032279381,0.9927795097854452,0.004673720041519249,0.0009474083563674775,0.3996115783079956,0.33422937867319824,0.8918565263619908,0.14169929819449295,0.8641084115951458
1017,0.33264705000742095,0.6524475609836777,0.9972479624535567,0.00223901381336614,0.9987817155248376,0.700041911774829,0.33425165859119116,0.8597781715242651,0.5413925873310909,0.8649736314923054
1018,0.33127623733393696,0.4019171271373228,0.9811966629775825,0.0058250296537838515,0.001378744471661029,-0.0003581246737271107,0.33315795348958815,0.8588728513502784,0.2976007366144638,0.8195707580144074
1019,0.33343287433662905,0.04910644707579176,0.9805694008112236,0.0031596684080117776,0.0016877911552624365,-0.00016150162864271567,0.33314506784329295,0.8540472414602395,0.3963966451549475,0.8184475688826611
1020,0.33539492403020055,0.026435912922901254,0.9745165934614957,0.005241813754874615,0.0010550918283626554,-0.0010579415035000663,0.3330753150439546,0.8039652201311971,0.1572975268924671,0.8406612806228969
1021,0.33433820772666745,0.03473079848782079,0.9862134595571285,0.0041037559307070285,0.0014773582177719598,0.0991917610495792,0.3313852227406904,0.8343232347091533,0.19194013756998687,0.8634439726798162
1022,0.3334658549707938,0.02677514290517668,0.9882912578916936,0.0035544500676216576,-0.0005935489365237983,0.10172197415969264,0.33540919614491077,0.8443930045090196,0.07904862463055587,0.8634805886857803
1023,0.33261140568906694,0.028014409820822768,0.980384306671269,0.0023280834768123265,0.001692996569334669,-0.0013782227253367094,0.33342580062630567,0.8255936719216356,0.3720901480859095,0.8624699213887629
1024,0.3346486389676796,0.09586857397874828,0.9767906995279799,0.0035896812224875964,-0.0006951867932162856,0.000366411975989608,0.3356535722593079,0.895946414833887,0.3529392947933075,0.8435610456142281
1025,0.3342919283923604,0.049247634242898304,0.9872977865651282,0.0030537721527392364,-0.0007106829941455198,0.10086986124844119,0.33250177959259913,0.8915076119276828,0.283667580149737,0.842153864268588
1026,0.3330248397480064,0.03474829140898002,0.9918119151795075,0.0023752019607541615,0.0014842215687394561,0.3010730914658616,0.3322756404143369,0.8857093418149062,0.04231113025001106,0.8858328515003989
1027,0.3311014591193667,0.4804309447460302,0.9723579343011576,0.004080003532975655,-0.0012603189436363918,0.0003167625451706008,0.3346404289410231,0.853659945456929,0.25763840992474857,0.8402998369310204
1028,0.3340445310870438,0.033242675984164166,0.9941922461976075,0.0033130609231900197,0.0005980824739372127,0.3997387994675051,0.3342544956926056,0.8487661436834569,0.3812484210400424,0.8616216172229396
1029,0.333671809032734,0.05137662762587654,0.9788968024598137,0.003260799383708178,-0.0006784298498174503,-0.0013581299439618965,0.33353518483762007,0.8171401262331203,0.2240569672913549,0.8417938113789996
1030,0.33419102165089065,0.6276162860031091,0.993415302503341,0.0036030087124960183,0.0007216204918155211,0.5996067277309649,0.3336968514262478,0.901169540126845,0.36712867028294155,0.8412879071941098
1031,0.3340868716717237,0.19261532661275524,0.9823335125116325,0.0028952015605185366,-0.003631456009041351,0.10210606857530438,0.33458191788843417,0.8818781227218183,0.11279836614310229,0.842005485106322
1032,0.3328523377286272,0.025186636349657055,0.9842056979830112,0.003074693610260507,0.33450168696862226,0.09990336961306547,0.3338041018429738,0.8790267108357198,0.2549598330841378,0.8857378272831172
1033,0.33373409709948587,0.030711566299505527,0.9919449565545462,0.004357522779811633,0.0010948082360853122,0.10018045235833371,0.33532635670092237,0.8593187169272177,0.17644928499559318,0.8854528940172324
1034,0.3362797625116463,0.02774998497129495,0.9955787355533434,0.0036442913014597964,0.0012250588289041608,0.6001770760802269,0.33472682543300475,0.8615574091536876,0.4739906749600505,0.8637362269987233
1035,0.33438220769348415,0.03796015574053422,0.9912981952396416,0.003536417656657172,0.0010725667315903264,0.20008281263661823,0.3319211636425907,0.8800921730837441,0.2707919518466283,0.8408028524712091
1036,0.3332600485374276,0.23292226785562956,0.993702325416829,0.0027924994997077855,0.0009715510128676507,0.2996118960615723,0.3330687181216815,0.9307307143674636,0.4101394374317739,0.8618086317458653
1037,0.3328487998458926,0.0398328570338771,0.9906731599857428,0.004155034900376065,-0.0011668940623996249,0.39911167592775065,0.3351504890264908,0.9115893020700675,0.09764816051705405,0.8877274318163422
1038,0.33230630080343526,0.03430303017549707,0.9890518454016757,0.0025746018019826254,-8.345623984573672e-06,0.09883156782412297,0.33504285878478085,0.8803651010349725,0.442636066566808,0.8634955560767525
1039,0.33328227405927313,0.02935823709296291,0.9886413567461994,0.004094947020155469,0.000737551415795032,0.29931370104233973,0.3321154379788702,0.8777746043292715,0.4105708924241755,0.8629554371456412
1040,0.3348480749122938,0.8459967770889262,0.9936856970271608,0.004308408400464863,-0.0008592199154026483,0.7015097279984011,0.333830722884494,0.949216262934015,0.34492763291462336,0.8638303493081253
1041,0.33428331392624205,0.35867471949889085,0.9960616771392955,0.003506762569007013,0.5011001106078457,0.30157554138917286,0.3328112239105107,0.9243408127557604,0.4831534986143345,0.8187536451363285
1042,0.334063171059566,0.1203134215598454,0.9927693626767644,0.005104993324775762,-0.0007123835892114539,0.19946044795762286,0.3327214161064493,0.8461755038694564,0.3269950311886715,0.8175126010325822
1043,0.3334129093723363,0.05729621744711269,0.9994367984169938,0.0038718881924836,0.5000931554194717,0.8988196214696786,0.3338926314503535,0.9412455846823803,0.5901984746054834,0.840503868104179
1044,0.3331140705296751,0.026973714749690653,0.9990129359383778,0.00432710154965772,0.9999114865937996,0.29994863792792853,0.33402060677144485,0.8461756341859925,0.5537050604744496,0.8409744363381463
1045,0.8327882131124795,0.025220136634828864,0.9964493997113397,0.2507814653636072,0.19908814579116732,0.1012908270074225,0.665243695769222,0.9553019816701408,0.27011054005112334,0.9088743433329194
1046,0.33406128838345434,0.044704815953121334,0.9852945531791003,0.0038152103384813444,0.3331227875934318,0.10005286036990099,0.33336383886924975,0.9056701964194688,0.3822395575205765,0.8396922835345163
1047,0.331581926150309,0.0820177869807503,0.9890618258011245,0.0030796743695493227,9.94874293280567e-05,0.29973772368527807,0.3339875828260277,0.8768175804763357,0.3415932490931204,0.841117016027769
1048,0.3328815695466296,0.03087762619843272,0.9898866296874261,0.001282068966864531,-0.0009522750883233076,0.40116604394459726,0.3354502443530327,0.8777462276637005,0.20764938570425148,0.8869172221135344
1049,0.33532812916292276,0.030830827722039475,0.9933967479033136,0.00381485436944343,0.2861419379334279,0.4009019355357403,0.3345786427248407,0.8975163400872339,0.24023936173236435,0.8869410362347142
1050,0.33023530752306024,0.053523934054444375,0.9956988189887019,0.0038493106403625697,-0.0009823570079214613,0.6005658583876073,0.3349169744874231,0.9066266450108061,0.4404738600167291,0.8419962568951678
1051,0.3320676310742598,0.06194716757463737,0.9950100399196888,0.004451333235705145,0.3330456179619054,0.39904527370208925,0.3326570468972668,0.8949130139021976,0.4621124941795297,0.8414947496288276
1052,0.3342099173097731,0.04746016734430205,0.9945571090763139,0.004724544175110135,-0.0005645065781522638,0.5004213658988148,0.33347179531988586,0.9048728852843854,0.4792033523581417,0.8420129572386177
1053,0.3344401952187425,0.1912780583804055,0.9945685037194248,0.004290444531891794,0.3338405368317072,0.3988546821052566,0.33451506616182825,0.9117944193345586,0.1808866348125833,0.8638790461373315
1054,0.33301577167163227,0.026816521877141127,0.9991354932775497,0.005313165876311979,1.0012505200786217,0.4974691270307367,0.33476047624916877,0.853380711800477,0.5550587267879333,0.9095811168670667
1055,0.33311566466222703,0.046666347186882326,0.9803954011917473,0.003924072713219636,-0.00249316925027473,-0.0020016934933440606,0.33446439848006415,0.853842160892029,0.3057635854358093,0.84148543889722
1056,0.3338179171228726,0.4416713358165399,0.9905149499789425,0.0032555377791639926,0.001477810388254003,0.40040488921399453,0.33138026761809775,0.9066297914691022,0.33824218640464904,0.8636538860642742
1057,0.33404494295933057,0.044600280132631086,0.9937359883629534,0.003961848744280727,-0.0008030407623248052,0.100023401742487,0.33293726313364985,0.8873303842627964,0.2544589444680221,0.8649576555071289
1058,0.3327632865268721,0.6741111653435501,0.9974031426879406,0.00378738555337098,-0.000397708866845008,0.6000014225638434,0.3330386862487121,0.943339752305126,0.38751141273383244,0.8638049911142966
1059,0.3333819304463402,0.027524749406702884,0.9773714940325768,0.0030863352761600934,-9.931860889927116e-05,-0.00025939047750792076,0.3323552912165693,0.8139044876492294,0.24190855256323357,0.8628537871267553
1060,0.3341724221347305,0.2540253353776657,0.9922866918008797,0.0035570661023322696,-0.0007558409927709199,0.3002697226131009,0.3325881911552651,0.8658014722792456,0.3430801001721558,0.8415915688599861
1061,0.3341131563534453,0.03421354226821912,0.977201162686299,0.004496107914978626,-0.0018915720156261718,-0.00027364383636659063,0.33275543170885175,0.8369018808884884,0.22392116782625027,0.8410508419236356
1062,0.3341870036079205,0.06120544462053943,0.9952401778859264,0.0037778665916600278,0.0013168952820545351,0.4000383686652471,0.3333652365918045,0.912538652137121,0.40952008640947474,0.8630801829320012
1063,0.3332275094741129,0.2578895153394537,0.9976840813670982,0.003973436894732634,0.999599240808193,0.7999068335361322,0.3329579320679203,0.900507615659454,0.570439090445085,0.8172181484298394
1064,0.33288289581707686,0.08084552922676651,0.9931924482125141,0.0028758141555108494,0.0003873628180350776,0.5002075305219558,0.333741686117377,0.9064019139748783,0.28143833228209975,0.8411585493871769
1065,0.3325297658177182,0.06037404685161759,0.9778169262524384,0.00453828425178711,-0.000595426905842566,-0.0005287581298930866,0.3328213772203901,0.8520078621124919,0.2686417407745227,0.8644081563641113
1066,0.3322433196928294,0.03576694349056051,0.9905326409910808,0.005478744230222524,0.24954311322254522,0.19979489609320486,0.33283481869523546,0.9453541734948998,0.2837574073413407,0.841882141710299
1067,0.3326615028076013,0.03524887393068073,0.9882248612167149,0.004123564079224315,-0.00031172198473821566,0.10037069018590304,0.3335800971579312,0.8969080757095029,0.3856818952029393,0.8411757498142639
1068,0.3315488935118142,0.3162202313738994,0.9923164332917742,0.0018523066624004754,-0.00012217032190511447,0.5008209819399824,0.3338214652638376,0.8287749239541696,0.4433470596845794,0.8401201834306194
1069,0.3350252097594757,0.3835407827795136,0.9935237355763528,0.0029436580953150246,0.49938660602942525,0.4982453633888536,0.3341230623323263,0.9388475953146708,0.34291719334023046,0.8408465018226926
1070,0.33312398053526315,0.02554420490442176,0.9969813673029515,0.0016896499469933976,0.5002644692488236,0.29962045050992747,0.334960308533289,0.8823942337569627,0.5265722475071898,0.838255746244714
1071,0.33380214612351133,0.05302199631371989,0.9766244666078144,0.003390901211397246,0.0014022226071709841,-0.00014955027151233478,0.3324868943940771,0.8687072446362732,0.28600859242813775,0.8402595989321768
1072,0.33240850504904573,0.02775611430882563,0.97608989548093,0.0047415990342405375,-0.00017613992379977633,0.002147775059771803,0.3340568738496742,0.8293275083803164,0.29030173795226205,0.8647085650289437
1073,0.3348037532511316,0.11249530802271385,0.9983839736681118,0.004637782816110385,1.0002671116627442,0.39980271126959915,0.33202285264323433,0.9287809451679215,0.5278932503615738,0.864074402498094
1074,0.33429320827407744,0.02870148062808907,0.970617363566827,0.003284202416722799,0.0007649377122089231,0.001978558177892055,0.33355963997956883,0.797627808844921,0.164387923701571,0.8653006209946743
1075,0.33149287055347365,0.04727637247621773,0.9761438826993702,0.001152451245191284,0.00025743238469158554,0.0005153268328166303,0.33271775052721586,0.8563944549421604,0.2573726337488461,0.8630401841923153
1076,0.3343308061465561,0.045307270222321665,0.9839159629447524,0.0018368956820363606,-0.002102147132345682,0.10001206914231214,0.33270591021299767,0.882479480922467,0.20725583107472156,0.8414635410851753
1077,0.3348035756120175,0.7630892213593496,0.9980060990646524,0.003260850695789356,0.24901921610346442,0.49977275224917944,0.33273731684633684,0.9771880657846372,0.6262300694651216,0.8647110358398982
1078,0.3329688385533914,0.1729846983062933,0.99718506312424,0.0038999225754498294,0.4998788421313857,0.5990679878663988,0.3333948924787574,0.9372808943374683,0.5977370518086509,0.886391004715745
1079,0.33334306845147854,0.32700196706342277,0.9892678704434648,0.002891569868475843,6.256634943135905e-05,0.2005606999043376,0.33322413295358644,0.8981134760876475,0.39111201489005165,0.8377934144529996
1080,0.3323582523731382,0.05513143176518773,0.9990906976294891,0.005416494298933174,0.999694579339783,0.5007228898489587,0.33246085669047043,0.9293874388509353,0.5213577580340503,0.8872219834524612
1081,0.3327552575252746,0.03033469386339456,0.9871985596919933,0.003866810146997194,-0.0015893945385157388,0.40133678536975054,0.3343900074908825,0.8263653782435632,0.11135458987343351,0.8639165962779745
1082,0.33393332821911154,0.025683621026719304,0.9913271929715648,0.0032602680505283738,0.33403274978506936,0.20052367737767357,0.33317051139495896,0.8730629203735063,0.44264587265711136,0.8415859528225533
1083,0.33466680158583345,0.027250238819463975,0.9919528156018591,0.002838742085372409,-0.0011334331399039548,0.19994056945997268,0.3328983245452594,0.8877094800952975,0.41967121156703135,0.8857296135094561
1084,0.33169183427929605,0.05389522360886976,0.9840569900289619,0.0029484177625806176,-0.00038088385327464885,0.1995879316511658,0.3336598927843857,0.8501810226338002,0.24552699173212247,0.8406918179348344
1085,0.33477307618174057,0.2744969163342633,0.9971715135007064,0.0037446710687174998,0.00019785830412692119,0.1996812460755106,0.3348004815607646,0.9581234821330825,0.4628000380698271,0.8637742715534127
1086,0.33389241771558376,0.02868650313778834,0.9833871626665474,0.0043063425655000855,-0.0003510352079554412,0.09965703929782217,0.33142423173013835,0.81817526969429,0.23762292190717516,0.8640070106603426
1087,0.33235582169165123,0.35906560446384034,0.9957445752718237,0.0033200317823038777,0.0006186420808723892,0.40087055066158606,0.3306678889516108,0.9118583167902505,0.44954475223236,0.8625094232246758
1088,0.33318899081464814,0.03374187507779016,0.9979316616599372,0.002405588774628083,0.9999019211316428,0.4995671740835693,0.33468500125257244,0.848423481892797,0.5511138250458971,0.8178219962477608
1089,0.3336260416080207,0.7756798324008048,0.9890343833978109,0.003658211990256846,0.00040354194400309514,0.09944888990341096,0.33224338567209183,0.8744257256827501,0.028290387824768094,0.8194599944188667
1090,0.333726386806454,0.594639971376992,0.9926149193495029,0.002803059534624209,0.0001457583966303737,0.29900921900804067,0.33415550173803216,0.8972503268961074,0.19195937684075937,0.8639456589375544
1091,0.33502988974566106,0.24289536446142249,0.9968060655380311,0.0031321817836632336,0.3350642806836555,0.3987269720118722,0.33389050157713984,0.9561550125068519,0.41865150490048847,0.8417184133245263
1092,0.33269677435284273,0.03514909359177645,0.9943056314020048,0.0018893841200947612,-0.0010780711125653569,0.5975524077468403,0.333989726246031,0.915517397008317,0.30983028170731275,0.8637278888074467
1093,0.3340496297623535,0.03523987079117025,0.9945041254013998,0.004580118010510176,0.0019507409748706647,0.10055847285655453,0.3342064544980902,0.9098183872586363,0.4042126711946003,0.8405543060146703
1094,0.3328789245216445,0.029410451106793467,0.9797526845705895,0.0037881447390723556,-0.001080893839121095,-0.0020922190574570285,0.3335251863828289,0.8177116276410019,0.35240033223913364,0.8637345203667035
1095,0.3324931651612551,0.026661734685054006,0.9810898472126565,0.003850460538585905,0.0010745304166670897,-0.00034608386756522665,0.33362663991779407,0.839977008258058,0.18774424620272218,0.8650320040741936
1096,0.3322616899312014,0.042243573437806554,0.9657929735551335,0.0024742563223789102,0.00048043909537359247,0.0007992111003478593,0.33349023156204854,0.8641894901243917,0.23629779431229112,0.8391578181722644
1097,0.3332048105097633,0.03991011418636638,0.9943869438472702,0.0036225158455168785,-0.0010483460008710074,0.2995789682045846,0.33097528914757185,0.887560059505127,0.045715678375697615,0.863910596195454
1098,0.3326857687169219,0.03300520903123124,0.9862297549219227,0.0029825651130393413,0.0009273878175046768,0.19909874908256167,0.3334046986819279,0.8769038706041672,0.3808642217456482,0.8403506111578893
1099,0.3336438648419917,0.41004719130908934,0.9833731516455018,0.0028098152548410183,-0.0008377747547523926,0.19957122380110487,0.33409424424311407,0.9063882894856583,0.132486064224235,0.8422477915099794
1100,0.33424203587488416,0.027103649876965712,0.9891289184988802,0.003945468218479576,0.0006879912653555383,0.19910000440633938,0.3331743249140908,0.7783897946941059,0.3754472748015154,0.8617907707031528
1101,0.3343795942106794,0.03134016199052545,0.9966349044633429,0.004006429269970836,0.0012270640420845203,0.30116167564600077,0.3344207632846114,0.8139248653612828,0.4780633934139465,0.8630194210953265
1102,0.3332047483547413,0.8991186886434045,0.9941812791901962,0.003878341957738928,-0.0016015379742008644,0.39994870917349845,0.44348065187415153,0.9009142863700698,0.37933361520043807,0.8636148427844709
1103,0.3334111370895883,0.026580816504258798,0.9917823728190495,0.002117203967828968,2.5090371848973724e-05,0.2981444722862944,0.3339985627899821,0.8706223530410269,0.32822131741668453,0.841090977841648
1104,0.3326155315816353,0.027609924486487254,0.9928936812627487,0.004197441532319232,-0.00015632112210243803,0.5994933038122116,0.3337618369506969,0.7914121440985097,0.47542760380866955,0.8632117367509131
1105,0.3319523279535728,0.033541135364305155,0.9918309456946118,0.004538791863558392,-0.0006741400964113146,0.3012731069552345,0.33415789790664385,0.8753278638284528,0.18364127906625272,0.8864973934000855
1106,0.3327334650685583,0.5378989988893991,0.9971691425153278,0.003703328132220371,0.5000466124054946,0.6999118734960231,0.3338822297716098,0.8743640194535119,0.43190986994137315,0.8408673210446873
1107,0.3334326749626974,0.09812924169626709,0.9850313158739096,0.002751832075536485,0.002150010952350257,0.19912529328005646,0.332825287126551,0.8313382424015612,0.29234773374955564,0.8181574843941467
1108,0.33160123771668765,0.3956725574977317,0.9945227577025006,0.004676522159620053,0.0012399789959881453,0.2982973542027188,0.33207320526411016,0.8796801721573175,0.4209070126536763,0.8430006289712841
1109,0.33514764787055523,0.029241910334783544,0.9925154789869501,0.0040631637849337715,-0.0007601098218388649,0.19879778239008847,0.3333125917424275,0.8955130115646448,0.35401877514434227,0.8652080076370121
1110,0.3349959123200457,0.04349913467479001,0.9862983269366283,0.002559097901977566,0.3329900050072007,0.09993304037612927,0.3325149316490331,0.9003297867582866,0.3044071755989412,0.843545113861372
1111,0.33138608555612137,0.30063655964716934,0.9946807617645649,0.0030439979493053055,-3.904011021165593e-05,0.2985221421982145,0.33422247397320143,0.9064350528262599,0.47242744115869284,0.863400009421251
1112,0.3328433326248727,0.0734465578218162,0.9916183769169483,0.004742219175564826,0.0001946664314933743,0.3997885835577532,0.3339805605288533,0.8770148220466367,0.4416252810276583,0.8642718032168185
1113,0.3322458933681825,0.31394531459230246,0.9927901956790388,0.0041867124904856725,0.0005853077300837654,0.3001485434862835,0.33240410685417393,0.8657466323023787,0.2228686475579207,0.841885623925471
1114,0.33327980852067496,0.11853423290261016,0.9962586352241369,0.0018370702052508208,0.6664664747203407,0.500757322898206,0.33345449160704776,0.9234630038278104,0.4967574384373791,0.886084513987556
1115,0.3337283302798521,0.14611266859556724,0.9893592865664692,0.0034235627171074197,0.00022637996714051703,0.29876463359849065,0.3326072211658916,0.8996492263786151,0.16334026522544137,0.8655824345150138
1116,0.33409677456628706,0.04893109184072018,0.9878976631766332,0.0010346994389042775,-0.0016596861608823307,0.20005741770018712,0.33363130123833135,0.9161778513863287,0.43257118001178063,0.8870595294455583
1117,0.33458774586960727,0.20613879600315352,0.9928150526259881,0.004449971987844299,0.0016529569250075592,0.6007330990419976,0.3330160357138314,0.9208271666192922,0.36832758933924103,0.8646982257925758
1118,0.3334742313767669,0.07512408722680813,0.9691865445654008,0.0024949490020141907,-0.0005608391326506169,0.0019499762629632295,0.33361313053140157,0.8289258223517076,0.2664363165180026,0.8630111755636494
1119,0.8328270005605658,0.024945915514174057,0.9916150710278647,0.25089935333659313,-0.00027780509292456946,0.09889885312995081,0.6654049670503173,0.903429489132977,0.16745830439316314,0.9094451159615143
1120,0.33256562214955954,0.4125887010238572,0.9878442208895762,0.0026044673449930195,0.001010667588332593,0.09850912242918705,0.3321045514270016,0.8722010029940191,0.3787623965460465,0.817978072383678
1121,0.33334774820449414,0.11241835450628887,0.9954693360678657,0.00443022504773383,0.0010458581259883202,0.5003163428839517,0.33394306608779467,0.9128229457872464,0.43595049144913983,0.8851441777476643
1122,0.3346976447195337,0.4795197130285015,0.9937971728034113,0.0023111379204078368,-0.0007870031991995811,0.39866514267514047,0.33207355496488566,0.868394806293849,0.404152188345193,0.8182736146243451
1123,0.33205681961293126,0.06818223767380668,0.9807030314241109,0.003283155060128653,-0.0007900814636242229,0.0012891855325576987,0.3333796031174288,0.8624721040266325,0.3239254502987126,0.8642144471651227
1124,0.3340327292114707,0.5694181681748252,0.9976734723534081,0.004482795058410328,1.000929711831248,0.19919924852531823,0.3331673406860291,0.9507327966046653,0.5377914678139765,0.862546250463514
1125,0.3307252368979078,0.03576586969515741,0.9878212124221024,0.0031044538911385523,-0.00011587424416606868,0.30016118449722223,0.33467038668960397,0.9304154466080617,0.09696351394074919,0.838641117832395
1126,0.3324430692169748,0.033802614746635984,0.9888943163060531,0.0015407242335822064,0.00112442608600793,0.09957745775116442,0.3341726840027311,0.9305788202840851,0.2854787806353255,0.8182583394702798
1127,0.3326683582272228,0.04926639957112167,0.9772046894627752,0.003941735169254041,0.002014439246187288,-6.317807237041407e-05,0.3345049916108148,0.9026469920605079,0.14360913868438377,0.8405129957314147
1128,0.3329564749902105,0.06615827891883289,0.9887810798049537,0.005050576166021855,0.00027957636633391743,0.2997595822167352,0.3339383048009917,0.8799722757987275,0.4134944486158932,0.8407705421465409
1129,0.333241298577565,0.05048006630441087,0.9957163730531005,0.003616521635154392,-0.0018949954029535412,0.2993775830909196,0.3346291252888925,0.8971532032384577,0.48718404388991476,0.8400894901653316
1130,0.33432800263466567,0.0356533022242162,0.9846661080663153,0.0027189420556645574,-0.0004155724193586073,0.09821357805265181,0.33302299306360544,0.9214246025608823,0.2989928333697198,0.841778990994371
1131,0.3311294707196644,0.415612323043007,0.9853187390284082,0.003916166678192375,4.16525415864448e-06,0.1998416091404713,0.3332946464915026,0.8899126671110564,0.06288114259599473,0.8639330350574909
1132,0.33411061013475574,0.03708610126965128,0.9942798905721473,0.0036160751654816994,-0.0009997157660617728,0.09985130788197301,0.33337879327912934,0.8820062576931939,0.406147526029752,0.8400732631079705
1133,0.3321430062485856,0.03633312409970175,0.9953623478087045,0.0033848054122478897,0.4993282441676196,0.5001119500946241,0.33277502752596516,0.8331110291304465,0.49554452497903295,0.8407395115576912
1134,0.3335822381445847,0.04084757383235733,0.9876816634547253,0.0027879844405071554,0.001598086674005515,0.10151224875365839,0.3359925323652308,0.9141442410950733,0.22960734606511984,0.841477759462839
1135,0.33504783877206334,0.0270489797610468,0.9749086953418646,0.003436995375262665,0.0007426593874334246,-0.0003186439287884055,0.33411587465548176,0.8007019665876989,0.38771664741291245,0.8408438505930907
1136,0.33461019939306824,0.02658370447994555,0.9858428417657317,0.004897244037817367,0.0011074849480748484,0.09991031520713142,0.3329210629517592,0.8374669851141072,0.1618795411534649,0.8641388388339706
1137,0.33353811043936976,0.08709629327791381,0.9823736974260504,0.003525478339587247,-0.0009077605184953364,0.10114918441004818,0.3343451748051984,0.8897631157916538,0.3749193353112701,0.8641825629482037
1138,0.333152122352738,0.027875619686764094,0.9809793909503979,0.004301515531437048,0.001495521012573526,0.0010178736194007263,0.3348928397076956,0.8697394270446328,0.27823802780045814,0.8621445634397984
1139,0.33468315835662343,0.029171065941257002,0.976067209769561,0.002622774326079947,0.0010221893498435477,-0.001565018543600117,0.33131018699111436,0.8257299568162483,0.18473069215009633,0.8617695556543682
1140,0.33259592483072986,0.06978570562443205,0.978989538124558,0.00372948343031145,-8.648509010806958e-05,0.0006342420875504672,0.3336444796269253,0.8654359937953459,0.2713104491251249,0.8427842183500136
1141,0.3333669972713183,0.06397950452354342,0.9644845107847094,0.003265118724174642,0.00015104302935326302,-0.000323722207398683,0.3339044907358978,0.8591165690671712,0.29486429299036976,0.8634144453921653
1142,0.33280101955546565,0.03721942779947723,0.9808548797442127,0.0018395201865343553,-0.0003926749291797405,0.0002430741151413517,0.3335779953428261,0.8695620815879453,0.352041104610143,0.8412762409661165
1143,0.3330169495347323,0.5950985290930305,0.9961030896891242,0.0035011978316200963,0.0007775022096839283,0.3006471633041006,0.3331276289392273,0.8885634680836602,0.4146069366837033,0.8408676726583724
1144,0.3337858397840416,0.7343002621181254,0.996020662121984,0.0035509421500740314,0.00027135463617346305,0.402332488132106,0.3345338325200278,0.9538383862947732,0.11045768438666581,0.8865649130387548
1145,0.3322330617781365,0.18351578517904035,0.9935920826946345,0.003440623408279112,0.00042138245812668046,0.30118894489053855,0.33350840182421554,0.9280671330711979,0.40971069322807724,0.8617237746457769
1146,0.33339554258854925,0.02700783915850916,0.9880343388812731,0.00464143814303487,0.0002334088312877237,0.19932305674802353,0.3348598203653037,0.8307807135284544,0.3238485226919939,0.8404101087037174
1147,0.33130745070065004,0.12132474574570348,0.9951920917187693,0.0022091614533310162,0.33523347357017286,0.5012720182170869,0.3328849502803087,0.9470694189571063,0.4139333608434083,0.8635691667249963
1148,0.3326206237761822,0.03280318947259509,0.998660193196339,0.0030473718690067603,0.5000548178804244,0.19950482040314435,0.3329835300101109,0.9062089832796889,0.5354175064831919,0.8628913495525239
1149,0.33413577356842816,0.027224858689147743,0.9804220565528902,0.004204467098923459,-0.0008092900500609987,-0.0020327106128984083,0.333477503173451,0.8145758608058528,0.26146960298584315,0.8393512139232524
1150,0.33284641752840305,0.11275574348276549,0.9916628326694445,0.004748127769666127,-0.00026649447414284693,0.1012116782073254,0.3331302286462835,0.8997729000613663,0.41374045144897814,0.8399564331855786
1151,0.33198648100663203,0.02650985995702286,0.9880418969301045,0.003576809252246069,-0.0008323262932952541,0.40095767597898935,0.3328677752863936,0.8053073671380712,0.35661277954718995,0.8639279750830947
1152,0.33212585771239683,0.15586359064783464,0.9903303857004561,0.0026682006296758925,3.869104383787644e-06,0.1999929066242848,0.33230669834644444,0.852417829173107,0.2473798080315184,0.8395683987234885
1153,0.3320934740024205,0.04871703523870546,0.9769138885013307,0.004003581552350661,-0.0003876323888917086,0.0008568970226485409,0.3324868741934925,0.8706091407634451,0.3155146756128915,0.8402195004117397
1154,0.3333494447193669,0.5097783088681812,0.9947767361049004,0.003313324576964923,0.0034112148361202903,0.3987187606498433,0.33374935985943466,0.9229827057907827,0.485618918573209,0.8638814970684888
1155,0.33501371799726587,0.0636720983033446,0.9767727906916133,0.0036640401702173523,-0.0008526708557434747,0.0001163993081462677,0.3343284282983254,0.8745105410094747,0.3786722143495895,0.8412405144390952
1156,0.334033614689387,0.03795844809967598,0.9977520516749909,0.003624841550166579,0.4997040869676701,0.7008314273660722,0.3349930173169629,0.90356260679472,0.5358827430566082,0.8415810921908641
1157,0.3326472927094107,0.8422532592673286,0.9940827866150915,0.0033415255224892356,0.0016856040140913338,0.3012094477098573,0.3322569010939579,0.8881484180781998,0.41086048139653214,0.8423568912058728
1158,0.33131479034643285,0.028231174879283043,0.982119164496468,0.004301135346300354,0.00023173015780442025,-0.001533709546515449,0.3328276091067532,0.8077435109095381,0.30077069423374997,0.8395349462194854
1159,0.3336678091727197,0.27047370371146756,0.9903179746349815,0.004771607177552163,-0.0007460404630704584,0.09981275749468425,0.333552602022252,0.8727351247881869,0.02746148723228019,0.8191988290652963
1160,0.33399689671746424,0.040877986004679304,0.9943850358026382,0.002801420111552039,0.332891703382986,0.29925653376719064,0.3327162463283463,0.9010269693391686,0.2002356453292913,0.8640605556016864
1161,0.3333372005596045,0.7706642118574996,0.9940940418660431,0.004961332644430068,0.00023861236371612544,0.40089223046759714,0.3337910330140785,0.9055213463462668,0.06736145823838723,0.8626807624095031
1162,0.3328444734605918,0.027160097125321473,0.9883384892241719,0.006904730292719912,-0.0016404620639833,0.1985543118327155,0.3341059933266059,0.7817880569691238,0.3684107750463642,0.8629826671265868
1163,0.3336814514252767,0.0695829436540381,0.9878539570944512,0.0013144446991693775,-0.0003006825280492156,0.4013809938727579,0.3322512685897172,0.8553801328683653,0.36501390293238556,0.8193567112641272
1164,0.3329421139067103,0.05303167614245786,0.9875463509673842,0.004310073053935012,0.00039376968837031255,0.09824402937797917,0.33460916249259687,0.9243996538324055,0.2790972063855978,0.8193264666328
1165,0.3336606514357322,0.027011348906499203,0.9790272353918661,0.0035858512030680126,-0.00026832646762901954,1.6853762231675143e-05,0.3328849217044418,0.8088860030469432,0.16204365466638726,0.8409483321451446
1166,0.33335661127517335,0.026611194419340095,0.9841096782786752,0.004615702354812581,-0.0008445286494760267,0.10119912613406162,0.3331238826682557,0.8410504849211374,0.31857530838915554,0.8634412955347991
1167,0.33263451068802496,0.026909850068924435,0.9836701528742887,0.004132423087538833,-0.00056276403450977,0.09890772240218748,0.33365214240930147,0.8344362633523291,0.07611238591291318,0.8642934099579902
1168,0.33440813132699954,0.02630689352810447,0.9790582208850457,0.0017783089478074733,-0.0016520067205289591,-0.0008497817956075577,0.3324016999811592,0.8532162350948503,0.3264436643294034,0.8403875285436095
1169,0.3336629924501379,0.2736179276791122,0.9904761437690939,0.002903733968397205,1.4119487902877081e-05,0.600753449880264,0.33354452986731076,0.8861577443229477,0.3971621283175215,0.8391962887795358
1170,0.33396371923784807,0.0597951831499409,0.9912258281933541,0.0038721345950053702,0.000271980869106898,0.30091198981940104,0.33190492880108946,0.8843991223464196,0.3853465138598407,0.8633932601891788
1171,0.3331960358132679,0.032285086224942985,0.9918474357488971,0.003970495589328146,0.33203558208436645,0.4003885099553153,0.33241228224074765,0.8999252551232568,0.21398207056786037,0.8850462116230786
1172,0.3318009438625117,0.05632192981772695,0.9906450612179982,0.003454549761701336,0.0008000172153609428,0.300590164782166,0.33205729505551324,0.8723360133343669,0.40304062382445094,0.8626573785191464
1173,0.3338916383828338,0.03397771078038254,0.9796877118413045,0.003560449413040048,0.0018242232199161819,-0.0004512681327641098,0.33402055690622673,0.8445159363505831,0.10919311439912616,0.8396287251014553
1174,0.3324692562197709,0.2858724925768651,0.998538337998301,0.002950324962557536,1.0028127329538745,0.300570697169356,0.3334669098835603,0.9059883414728171,0.54860396268146,0.819128170298977
1175,0.3333864780763273,0.5538460994698359,0.9958626624623445,0.0033489844448381413,-0.0021217170477102094,0.30046532265338316,0.3324594164991434,0.8832664804022528,0.4031877190363343,0.8403501361565416
1176,0.3341580463765524,0.49472648597139157,0.9850891937287777,0.003864750020512486,-0.0013148349051326144,0.1999118248626423,0.33533810469486336,0.8941581151652571,0.11875902400555796,0.8429514868313348
1177,0.33091437453618966,0.026337307805711727,0.9948361886271835,0.00304779711229362,0.5012740324861469,0.20009910623306315,0.33181723108235484,0.9189917600781358,0.19258066355235992,0.8844974339004459
1178,0.33554755710063455,0.027152468676834636,0.9865047312361503,0.005428375793580158,-0.0017142394331122607,0.10088899764507511,0.33410038494643396,0.877953151630178,0.19622843700931702,0.8868213073995859
1179,0.33301960499495037,0.02888417823595988,0.9866035644947665,0.0039050131376314806,-0.0004753417636472349,0.09982059192190247,0.33230069530828,0.8187104812251355,0.19237642984646808,0.8650853308982664
1180,0.33386724846731025,0.10427918319064423,0.9952136928286237,0.0037824937640175476,-0.0007024628669664418,0.49912423982129395,0.3328155415086365,0.8606068384611008,0.4559020627723725,0.8391132649185671
1181,0.33452691215447616,0.026428474933560743,0.9956484219127221,0.0026299545064457676,0.0016490732264702603,0.5012512456641297,0.33275102368250054,0.9325617392605513,0.16608499669225202,0.8619060690793272
1182,0.3327989661417556,0.042442444129803206,0.9916330722086285,0.003856916434256846,-0.0016084271676867015,0.4015391568646161,0.33278395666700883,0.9079535725413066,0.0926474487772364,0.8648989909666948
1183,0.3336633669793358,0.03783511295690239,0.9925452714316603,0.003293100271751553,-0.0008422166548261472,0.1996723260358895,0.33417380110653677,0.8659450445696663,0.3286504258511321,0.8624417841699232
1184,0.332870059992292,0.031209566046211584,0.9910528444079749,0.005875724452922388,-0.0004540872378567547,0.4013172858274411,0.33410266034278274,0.8533651303309724,0.3702407991881512,0.8644906330904404
1185,0.3324067343938693,0.7057774955269093,0.9939268929835287,0.00269208753423413,0.0009968575070560092,0.6990362325159237,0.3349688738862903,0.9709973382902658,0.26132181646801983,0.8632301833866388
1186,0.3334873406801846,0.06558017741232156,0.9949360580441211,0.003638391010565242,-0.00010968060061944549,0.19938594244084634,0.33349060773506645,0.845929541551589,0.30740042863556627,0.8171563871778769
1187,0.3338980104171656,0.049791317407411335,0.990530653000305,0.002455799179795085,0.0004207981188804368,0.39994093460631713,0.3320456092096441,0.8665766584207946,0.28579924777999716,0.8187242424254376
1188,0.33539071179628155,0.6620397799926427,0.9976270966919359,0.002647847733104136,0.2518575461501768,0.09955084223649073,0.33191960715008473,0.9123866442065343,0.5037934686907898,0.8409614056479241
1189,0.3343745078082689,0.028509331126745273,0.988626018224617,0.004019608987627736,0.0006533507231201297,0.10047095457096741,0.33272337960923576,0.882685359278916,0.4364123468849345,0.8637078525999188
1190,0.8340487155946349,0.02770982048774622,0.9979496479424915,0.2498385114960939,-0.0021705405474276387,0.09956287196857239,0.6656342509733144,0.942516596712222,0.22501152106797762,0.8867134637658947
1191,0.3339807283706095,0.05018567320102505,0.9913249799331713,0.0024172989276916804,0.0014713242282199486,0.19731668865424998,0.3332240248840428,0.9209481587383617,0.44914866160560696,0.8403335959489419
1192,0.3325618406533667,0.07566360594979217,0.9967643782922301,0.002252038728835341,0.499495542683626,0.39868883220162626,0.3343424581900842,0.9144972375331528,0.4303714576256061,0.864659924027463
1193,0.33453858614491444,0.026589094962981084,0.989287765462709,0.0035526146389885057,-0.0007223246955120339,0.30115619107083375,0.33233107997991307,0.8580572337801876,0.386476360145013,0.8646658268803152
1194,0.3330893941440146,0.028717951829626102,0.9863090837545166,0.002954168307718445,0.00098963685845964,0.19966090313264573,0.3321155844795625,0.8369951790415968,0.21290708956428672,0.8663455545948715
1195,0.3324747869533694,0.05928491816856345,0.9909244757886299,0.00179719319315614,-0.0005597412881502092,0.20022687440226367,0.3343345991751625,0.9165008993786513,0.4213698716244612,0.8414820500336596
1196,0.3326698608743567,0.6022413507782,0.9925368046510954,0.003151566111238812,0.0015272919397004883,0.30059731480678026,0.3336246259309813,0.8665564164367003,0.3974686393136972,0.8417206992516779
1197,0.33355106085167047,0.03804943642439978,0.9950383831001867,0.004032901770260275,-0.001926945045827224,0.3008597295869512,0.3317701321701352,0.9062438534179129,0.4765332220764601,0.8398385046569579
1198,0.33414399330893507,0.8682131825631609,0.9885651071972631,0.0033569217144938323,0.0017550222336079134,0.2010315674630796,0.3340219832864523,0.8885800785458117,0.33518010986435354,0.8418932929956757
1199,0.33329542360280223,0.08587299632881822,0.9948930147092233,0.0020507285408438774,0.49910226169379074,0.49987981220960626,0.332074152383509,0.9388524583701121,0.4815828691227795,0.88596682558457
1200,0.3332553318628634,0.20746298557716378,0.9918334028751463,0.0034673865873273155,0.33447172597282576,0.10013557394938427,0.33220915032957404,0.8989448944580732,0.3878062944895693,0.8408881889661444
1201,0.33469001313370644,0.6076881292102457,0.992960358442876,0.004644880055598879,-0.0001816236873711861,0.5999437418707154,0.3340425060387886,0.9018688745105372,0.38117356140842074,0.8404375197745023
1202,0.33347818620562203,0.058654568716542795,0.9830513717230366,0.0015071335063913142,-0.0007052414715651009,0.1025448972734115,0.3336087883020708,0.8640913665844921,0.2052343925320459,0.8642835371091162
1203,0.33159780882683526,0.5071778466134192,0.9886950635778537,0.0025637591188548943,0.002280086456731131,0.30050645606973997,0.33269084751768047,0.9233030145619519,0.3469851467091298,0.8620523802936789
1204,0.3339858562482323,0.026540310150927015,0.9679962506856358,0.003805302674728367,0.0021486733717387537,0.001576788631094603,0.3349208001943537,0.8016314762022196,0.22840808178661667,0.8619069815712997
1205,0.33481249015828773,0.23087565156150483,0.9763932923498403,0.004477872145091597,-0.00047048883562344677,-0.0013184429948893109,0.33296572990404466,0.8735494428896001,0.29295719383126784,0.8398298246860568
1206,0.33243890175863444,0.0333915357270968,0.9789022431083099,0.005773062464106776,-0.0008382195765924338,0.0027617134617205215,0.33345226162527386,0.8392946230597786,0.10717673278607276,0.8424109405228193
1207,0.33285254484472904,0.056343798966707596,0.995315425525527,0.003862224828833205,0.251158346031622,0.5979760069584605,0.33292563487301513,0.9424341616309899,0.45269309129653634,0.8651424469438169
1208,0.3358381981611313,0.7135264728908017,0.9936874918696412,0.0045595869590689675,0.0006227099930578627,0.1984330093194783,0.3333556441232777,0.8448691067684633,0.401545695863307,0.8179341678127026
1209,0.33496664356266814,0.06630217271858888,0.9927391966787618,0.003878461725524511,0.0016351531341466223,0.6004391023842444,0.332861388911527,0.8955972302875151,0.30575614091714853,0.8424073041005693
1210,0.8338378198757322,0.10380153407257059,0.9785927352234626,0.0012114047019191746,-0.0017642735668560081,-0.0007803626910336231,0.5547418032635991,0.8406141900738352,0.16224178775341094,0.8861275474782742
1211,0.8322047157607607,0.10309294077035161,0.9799298424733573,0.0012674187532790272,-2.319480758381316e-05,0.0002703672067082887,0.5550017039306283,0.8436433207582846,0.10938990991938063,0.863434640247419
1212,0.4989972479475674,0.10274478175740485,0.9914254695344716,-0.0005488295886911947,-0.00028955946053387205,0.09974856488620251,0.33394848234832303,0.8715437102228839,0.3872603826817622,0.8627918554076666
1213,0.5008127547912584,0.10350323035084975,0.9899857897243245,0.0009083198256142837,-0.00019571555744109587,0.19955573115608582,0.3331500286745136,0.8113154577692411,0.39336907103845753,0.7964144225377204
1214,0.5002011431914509,0.10165270402010194,0.9722419661603509,-0.001523966410385057,0.0006084582294100737,-1.06803228414583e-05,0.3339115609314702,0.8717418269166386,0.12158593571630708,0.8373503730774108
1215,0.49957090549968963,0.10377364827420943,0.9948283993618598,0.0008227793340049693,0.49941859807255423,0.20001611969965272,0.3335143588059461,0.9347678964625896,0.3803833993813805,0.8647943715949882
1216,0.4998671556193389,0.10166893773874118,0.9931501429150055,-0.00066645914595763,0.0006407773023241434,0.3004696964943347,0.3353241973486967,0.8764889374390293,0.3154654686955768,0.8177350452822708
1217,0.5005297537537573,0.10170099917876166,0.9922600039844286,-0.0002253638124742202,-0.0006108434746960143,0.40014289852192325,0.3335496891892532,0.8856674152590145,0.4196190428458388,0.8179302273203138
1218,0.5002074031876436,0.11651063054226313,0.9842907797092337,-0.0013972829958073826,-0.0012971476665881215,0.09820204655595016,0.3330979731522775,0.8217261384593716,0.22389222826170876,0.840556276199775
1219,0.5005299515706834,0.10603869933148896,0.988948637041102,-0.0002704056068236953,0.00012250590109827008,0.10121553783437846,0.3335174485587323,0.8126209471815784,0.29830807231270673,0.8411396724145287
1220,0.49848808997141186,0.10154034629130367,0.9784848745766079,0.0013572889052209172,-0.0007184562204434792,-0.00017846359075571975,0.3333841245917327,0.8679978069140653,0.29311106892313726,0.8637557811153658
1221,0.4981835115101971,0.10136705718790565,0.9932054266834662,-0.0009535473577657166,0.00018065909133577405,0.0986983862177923,0.3331736482802131,0.8404124840077882,0.4750963172941366,0.8626598301986891
1222,0.5012012383428947,0.10202637038113091,0.9864249247160622,0.0002993495402159221,0.0013654451638125177,0.10084254260007089,0.33421271826441723,0.8340694813172981,0.3083318376060032,0.8648617977315888
1223,0.4985457700040102,0.10662323723110943,0.9890815664365872,0.0009782232713141277,0.00010346795288025733,0.3003955558836474,0.33374110505424825,0.8687307921276101,0.18024039622839597,0.8646932381500052
1224,0.5004504262571221,0.10131610311750328,0.9576065574337878,-0.00019388394177138774,-0.0009607783903361467,0.0002922317096961099,0.33472854396042645,0.9012855575391824,0.1472914693189107,0.8640634249688464
1225,0.5007021635503632,0.10304437977661265,0.9953172647216779,0.0016087662610803426,0.5000138535371267,0.29931640353199507,0.3332671720538383,0.9398488692369458,0.41942895159541016,0.8408658860212085
1226,0.5000453353186909,0.10501468512611395,0.975008279127032,0.00022975135476650547,0.0012958962237824894,-0.0002663354941146239,0.33283192401452516,0.8805407956577626,0.0026574479496780977,0.8394247013876932
1227,0.8328875376419618,0.10172278431152756,0.9808081500321904,0.0006447396607565056,0.00021055603409215744,0.0012803762394428487,0.5558024083448041,0.8300221992046547,0.21733366175860847,0.863446837394717
1228,0.8350938943832713,0.9929495232803748,0.9993513380209865,0.0018103341772369994,1.0004987276931274,0.39954411988942595,0.5545187722965451,0.9155951608019586,0.5339674566362738,0.9078482681015412
1229,0.8357537386102211,0.10252127502407779,0.9765896834672182,0.00036905715477037496,0.0009580394266431463,0.00019580258715263794,0.5548095344426806,0.8731916445236179,0.3914259230331163,0.9081382964988923
1230,0.5010784791109059,0.10104127556628073,0.9597356610598439,0.0008600528927492935,-0.000644571963175549,0.0006844517360728193,0.33363859139322455,0.9068627138698462,0.11508521874936689,0.8408476038999564
1231,0.4991842368508385,0.10425802913319333,0.9945293186206959,0.0004685258022880926,0.00023676268795309245,0.3008582378444998,0.3323781317725874,0.905885177823742,0.22991887565597782,0.8870820482113332
1232,0.4997368102549238,0.10155938488128725,0.9908121508520825,0.00102375854809179,-0.0015431329639701344,0.09941291703616453,0.3314736078526065,0.8890800578857047,0.15793487580680482,0.8414945609311628
1233,0.5016449079180735,0.10192440932694559,0.9888848386450467,0.00011121300494958888,-0.0017926920932987594,0.2997884827062727,0.33356657986652183,0.8717096150294471,0.3391263037355741,0.8404325139256191
1234,0.4987709592866605,0.10076229866637801,0.9946381654670605,-0.00014427320706041102,0.0022188287719299487,0.10004809431363072,0.3335554850785374,0.9370477837325831,0.20495128170366125,0.8850303555376963
1235,0.49797328623073245,0.10663500541095453,0.9944809457224768,0.0005996035326918608,-0.0009564300477052359,0.29948884193332886,0.332911297278815,0.8674014564152058,0.40713869464666747,0.8395087198373786
1236,0.49922863899405695,0.10847504952630187,0.9757865701243489,0.0005063463762163214,-0.0003794999338952883,0.00104342346287503,0.33297450006120655,0.8780275516765436,0.007680907699418174,0.8417598380084995
1237,0.4994154011853477,0.1017739565814899,0.9931916557592291,-3.525712067505396e-05,0.00014859739662122841,0.20057033873042204,0.33264542464060226,0.9179346296333707,0.15740923865313422,0.8201893206504384
1238,0.5019380198955651,0.10312224944349126,0.992968193689088,-0.000662274750152842,-0.0016873809558038183,0.3992974142873505,0.33555060951592014,0.8579486769744291,0.41864903814125964,0.7964448244946214
1239,0.49962112941200104,0.10469461380376431,0.9912432849859261,-0.00019961332080055852,1.4293401225636008e-05,0.1997279969980557,0.33280800640874036,0.7827699386583757,0.35667907869292403,0.8176213475179828
1240,0.5003275191825443,0.10280136662461196,0.9857703135214547,-0.00040603076441498415,0.00048434149198765803,0.20147793715854856,0.3343116839247202,0.8507648513311857,0.21597645613250235,0.8637240347359314
1241,0.3331565334300978,0.2837154852377915,0.9841412713718803,0.9971576895059069,0.0009787742573431168,0.09982161789322455,0.4440553335910529,0.8181876824317064,0.3291643481619687,0.8635274248843169
1242,0.4993774745166356,0.10256073235109861,0.9765903856010849,-0.0004177264038184446,0.0008388516886254373,0.0004806230846476451,0.3330213058270471,0.8520521166202933,0.20797467311843462,0.819043347953258
1243,0.5003555050618363,0.10287152673385988,0.9785486263982178,-0.00039896169861194567,0.00011346879860761754,-6.555824159406028e-05,0.33320329095617135,0.9329295748008765,0.08050390363465267,0.8404873295337875
1244,0.4999860236233172,0.10238845074016428,0.9874259965171452,-0.00010119335819589026,-0.0011389744508717827,0.09889300112502322,0.33385224496696664,0.9198788520376399,0.3787642102887036,0.8635151260124383
1245,0.4980961429258097,0.10301731418239736,0.9837992449506602,0.0014727452085409522,0.002441427252075053,0.09854741066657319,0.3328766302120838,0.8920830024199689,0.07103378120272641,0.8639654615673472
1246,0.4993593246719341,0.10223536886138083,0.9852123099839654,0.0009442755992784174,0.0006365656261920326,0.09882635222508103,0.33411108059803946,0.8826042529443019,0.3212388769191729,0.8873179995771736
1247,0.5005363052026084,0.1028057214974244,0.9806982077471508,0.0007744123693037264,-0.00039691653390655897,0.00023419419160929694,0.33358800595227195,0.889689494419497,0.19819017152551496,0.8412269247914039
1248,0.5007270979839892,0.12297747462313534,0.9792637741297257,0.00017551802024840592,-0.0011272120972908525,0.0016341640411034657,0.3336016449088217,0.9389988617959335,0.026945693067869685,0.8629757760258815
1249,0.5002526487734591,0.10299723855579339,0.9942513039716386,-0.00020107410545228268,0.0008485883166716202,0.4995040780567783,0.33366304774832034,0.9306609140324205,0.3978781191764715,0.8870841378821754
1250,0.49957184291480833,0.10132313558106118,0.98009851649772,0.0007826615385961324,6.17742258041324e-05,-7.06358914971167e-06,0.3336267047316628,0.8595474656806135,0.13449245916787259,0.8414313618618889
1251,0.5011601653264801,0.10441005588149123,0.9887521257415294,-0.00253135033771017,0.3317524480157287,0.3992619985153051,0.33286428279410324,0.860710842979799,0.30663406039256924,0.8868640968186069
1252,0.501159464217512,0.10177372498809723,0.9980911889222847,-0.002370688955180113,0.2491312135720086,0.4998351675085222,0.3327251213059223,0.913568668936922,0.48756074741913763,0.8863519329992516
1253,0.4997066161623607,0.10233872894256565,0.9867984236487687,0.00023838856536896545,-0.001057347111623445,0.20007705061544356,0.33158010208894717,0.914089516562917,0.3053841609652016,0.8869597246723102
1254,0.4999867814455836,0.10209553465808893,0.9886400545228856,8.510372450084432e-05,0.0002163832697848258,0.20039497948508136,0.3339620871638667,0.9128362686801569,0.43016364912757166,0.8871732984501494
1255,0.5010082841471418,0.10353906252019211,0.9884552497611689,0.00027547983452855045,0.0010831696822430155,0.09955850780728061,0.33284914596353066,0.8961658730927767,0.07537182912349617,0.8854234170680565
1256,0.5007572772412903,0.10147232445835003,0.9964256515131422,-0.0007658397866342402,-0.000984063576684043,0.19909476713258056,0.33495447979888,0.9011446413588122,0.4453867054888047,0.88657841987223
1257,0.5012003107762301,0.10277791837747127,0.9547438550717409,0.0003177919274671464,-0.0004542345946218974,0.0013984334107122343,0.33586458914329553,0.8120990889810166,0.11452117595746314,0.8399628095127285
1258,0.5006516594083166,0.10308360804929836,0.9504190369460239,0.0004683681230794341,-0.0002985197546823849,0.0004895540187350362,0.33542345555898484,0.81534136458292,0.0845186228537099,0.8411184131186503
1259,0.49920262337298477,0.11351855097744343,0.9920410113149094,0.0009194497897200446,-0.0007531526456824897,0.30041925317980556,0.3329599325542041,0.8278176919456923,0.33060822630541226,0.8396016329792679
1260,0.5018365380596581,0.12193213159601786,0.9865001165105605,0.001982867446485129,-4.8112225081165684e-05,0.09996274231008537,0.3335497495648371,0.850855254552687,0.3090609388797261,0.8636551214444932
1261,0.5004225432107199,0.10247251012508339,0.9774267862030932,-0.00035046769667620395,0.0001626532763834321,0.0008727025496316222,0.33456559495176824,0.9098094594270495,0.352880823929315,0.8870583242480772
1262,0.49946685497443016,0.10435343812638938,0.9893222262021374,0.0006635697428326636,-0.0004849316618518635,0.19939577034002642,0.334161534009017,0.9641216346234329,0.09098052051209375,0.8855097800116764
1263,0.4979265094722401,0.1066864223455783,0.9916013908311062,-0.001053745622123057,-0.0003715180900059246,0.2992339372808896,0.33259351099954315,0.9765237434702819,0.37041374323073484,0.8871535744770331
1264,0.49985744413371996,0.11382990024399169,0.9831905551057195,0.0006840062911025091,-0.0003469758782964776,-0.00027540061163253707,0.3340708729272679,0.8631900486712797,0.1845657573901048,0.8418740220051772
1265,0.49898865511721396,0.10358215990351156,0.9914434134129083,0.0012636516267602994,-0.0017662459589905084,0.2004414077302308,0.333075998181727,0.8869474573536272,0.29855296886494936,0.8411048028308663
1266,0.5003665893888335,0.10252684837327673,0.9928912129298773,-0.0020246261783820095,0.33321581433203395,0.1999129565927301,0.3353083881489584,0.9432933156931315,0.3411695646575401,0.8638440698074263
1267,0.49940984388375137,0.10943446811431934,0.9859259459317149,0.0006471645166464637,0.3333622189162652,0.10070064424694825,0.33299705330104257,0.9204323644116361,0.2008771182841464,0.8634140973406352
1268,0.5004178837961369,0.15717242757851985,0.9777937812090265,-0.00030721551589655123,0.0008214239589326732,4.8878368883039764e-05,0.3325948004718099,0.9036797036463399,0.15821017893133127,0.8613864525310017
1269,0.5011381968232282,0.10046443753279248,0.9962976360114686,-0.00013971288316931606,0.0007729892111752021,0.2999941796600608,0.3328055409364754,0.905420228721631,0.4700903702398522,0.8641483550242421
1270,0.5005089538822265,0.10352426005096813,0.9954927496582061,0.00037437379961392103,0.0007031086241887318,0.40028987613569084,0.3323453545137735,0.900697930537777,0.4623954404652985,0.8636487462528415
1271,0.4984212312568531,0.10230861426142149,0.9819051330125126,0.0009613261255447532,-0.001033960391595006,0.0014997294001216207,0.33222315714315453,0.8847112639820452,0.37394244776985824,0.8161444329561606
1272,0.49919281199672866,0.11131587069652771,0.9964487100717857,-0.0009657424747365914,-0.0017100523148096544,0.29935965578589085,0.33247001562930806,0.9173541784522125,0.3611655843782565,0.8854489836872649
1273,0.4991264057872309,0.10103302316546085,0.9876434950297562,0.0005704234022014341,-0.0010058506889497327,0.09952665211860429,0.3329621153465771,0.8358054204585998,0.2899813650822452,0.8861679220563462
1274,0.49938229815441654,0.1030132203343632,0.9980428459455754,-0.0008615420753517889,0.998706263853307,0.3001984602608592,0.33148807731892993,0.9310500068519918,0.5242835692994283,0.8631605038255686
1275,0.4987308675309854,0.10184093378582429,0.9911522692041991,0.001710010268693846,2.6280552121049308e-05,0.29875316251488065,0.33418595847039084,0.8530839750177629,0.053057911762548295,0.8871991171851348
1276,0.5005285105120335,0.10293264656198206,0.9797509022530089,-0.0002986911486661866,0.0005904531654567888,-0.0006326364656894477,0.3325724051990625,0.9127763524174978,0.19417646018114867,0.8406800070222504
1277,0.49995919516936455,0.10419630974712776,0.980480197474146,-8.94458751341976e-05,-0.0007414131382931855,0.0008900767937352234,0.332989912642677,0.888257113698512,0.1830109344473163,0.8403205926092123
1278,0.49910686929109493,0.10155503542317591,0.9784249569647302,0.002081440851059661,-0.0006058372600477197,-0.0005316061592712003,0.3328720735820756,0.8216480560768283,0.27269691371980775,0.885165026996
1279,0.5009202291606916,0.10355459256793419,0.9907471534160434,-4.649589031854887e-05,-0.0009563390569443579,0.10002857292446787,0.3329336664667941,0.8876963309857243,0.218920065631842,0.8863679097907757
1280,0.8346664203906758,0.10692588526916444,0.9874718132941329,0.0011173195415217366,-0.00025956480048179586,0.3008691370327965,0.5563070106080382,0.875198346580047,0.1865719910174281,0.8638449859068594
1281,0.833289340360597,0.10201008195640507,0.9936948259214229,0.0007080223595761425,0.0003454061537730367,0.19821946933332343,0.5543103238688353,0.9041499325087703,0.4770118828533511,0.9104205979414433
1282,0.5021317212834995,0.10466068942287036,0.9944052509952963,-0.0003419496216308829,-0.00020535448486152329,0.19883013984240003,0.33234557519328206,0.8541329628270906,0.40885976360559806,0.796168930114752
1283,0.4989821609174309,0.10365273442855581,0.9936793179937862,0.0012676631284560694,0.0008109982034474007,0.20115000634879185,0.3330348394084829,0.8430946774480137,0.46665096767651776,0.795193446266474
1284,0.49894222649257036,0.10171273923988128,0.9852682511217495,0.0012211970216019856,-0.0005591975320539763,0.10101915965416697,0.334471436261051,0.8788323859819915,0.4212275207772952,0.8402881207597307
1285,0.49964126240244194,0.10302127961778433,0.9921054782976719,0.0016161491025017082,0.24986671091105997,0.10104157934900126,0.3330644167830741,0.9589500407996971,0.29162302751793584,0.8398293245500769
1286,0.49881230999044335,0.1019315332477537,0.9971154224274363,0.0001360057186506098,0.49988528615419997,0.401074136680666,0.33291026973098103,0.8958695550138535,0.42874161025400503,0.8170145082389606
1287,0.5006865777928374,0.1627383928700484,0.9981405528687888,-0.0012865767758076315,0.9997118039354824,0.0996758901239496,0.33329591029872796,0.92082741569634,0.5609125987752307,0.8400525242574198
1288,0.5010322539135427,0.1278786770525873,0.9881557064070132,0.00013053333960491323,0.001208105674413803,0.20002193319650824,0.3339376278552136,0.855057924604139,0.30248826055649564,0.8396530100447434
1289,0.5020818928800834,0.10418308862370282,0.9889435894330835,-0.0010787511378142463,0.0010746500135559141,0.10022384026939803,0.3332672197162219,0.8455299364175994,0.3415940513469733,0.8635953262849133
1290,0.5010244709850089,0.10235928142952816,0.9818556544229674,-0.00011746341766241438,-8.986952582678033e-05,0.00029837013637980557,0.3336851919498231,0.8632093746398619,0.23883358763925822,0.8862183334400282
1291,0.5005067639009236,0.10237320739484845,0.9981672809165345,-0.0006090348124678401,0.3331793566196903,0.4998212214909195,0.33293214076303806,0.9506234199714062,0.5651416743415724,0.8615206251003821
1292,0.49964253595637576,0.10246294365825098,0.9792255143654687,-0.0005911444375766944,0.0005861848384982519,0.0001921994564087296,0.33336023744828397,0.8785719816641109,0.13622244165952413,0.8634045237120197
1293,0.4992693712526496,0.10413609342741671,0.9757677174386323,2.2082562376294943e-05,-0.0009342566760110859,0.0014222646848606703,0.3319450032040202,0.8808139122805498,0.14073296925490836,0.8862179388928431
1294,0.49988305445348014,0.11096864363372085,0.9977746448071457,0.00047616528784308836,0.6667585209799983,0.500388673150422,0.3349314944598495,0.9261801051800713,0.5933656184700374,0.8631392198250105
1295,0.5003022370478137,0.1014498543719317,0.9934755825608504,-0.0006713138393280554,6.0972186934131835e-05,0.5013788015653166,0.3321278592342081,0.8632015502497099,0.45231718618754624,0.8628576835683323
1296,0.50039368257366,0.10318163928368863,0.9676961372811761,0.0011231519971262828,0.000743839062881944,0.00029345169683499115,0.33343450428182253,0.9263043961684095,0.13401417634288776,0.8644194677211614
1297,0.49996277159949315,0.10237077061557545,0.9751860110532554,8.070208297266867e-05,-0.00011653775757323032,-0.0024783030385904957,0.3317550264462074,0.863926606152324,0.3649379009148899,0.8427182357270655
1298,0.5007788609337077,0.1049180744612132,0.9770360171002159,0.0009167471996954512,0.00023955285375380357,0.00029369985232679884,0.3325750633009563,0.8831015626992684,0.010173734540085634,0.8420847612196212
1299,0.49962863981925304,0.10791772791521055,0.977111116643667,0.0017489419055616133,0.0002787827546589612,0.001608715882580932,0.3334820602844792,0.8830013682473227,0.008257824154872107,0.8407173837167892
1300,0.4987038423954961,0.10156928575258505,0.9843216978165733,0.0016246762380368322,-0.00019359028204086126,0.10023401567264016,0.33209741451511987,0.80650255087179,0.12782717583100714,0.8634122176008426
1301,0.49947944807084305,0.102710708730105,0.9847250500530192,-0.0017938786732374758,0.25061375260630636,0.09953739666546889,0.33377955796831554,0.8707384732116068,0.28028908208104586,0.8646677778587435
1302,0.500746509426186,0.10502160940426945,0.9956964702084224,0.0001805258311864764,0.000612005889817322,0.300411002949951,0.33289122868931204,0.866921818096035,0.41150691598363726,0.8184385901392813
1303,0.4987679420567063,0.10203267684058256,0.9946438133197195,-0.0016293248493183404,0.0016681785828146752,0.49961819729071866,0.33236546337611694,0.7960169910195826,0.42999731115783935,0.8179737653712855
1304,0.8315750342297349,0.10234954840539964,0.9755919814909177,-0.0004109242439528857,0.00021196883613262745,-0.0014698379302100295,0.5555798370677654,0.817990635792912,0.3812880805437576,0.8648760792078337
1305,0.8335278087737891,0.10192488140366503,0.9882884758916386,0.0011439288307138952,0.0007490883891727427,0.09948465633740639,0.5547961210069903,0.8743287188610316,0.2007213233729666,0.8856738977379169
1306,0.5003722603496666,0.1277074139512573,0.9886979802189391,0.0009052671702357106,-0.00045894203114573866,0.19750763427702914,0.33469369278728334,0.9012295574536489,0.39756946327984977,0.8419578322747072
1307,0.49886076087328307,0.1020075620940793,0.9989296531700229,0.000605187555022451,0.5009514759522158,0.29942888018620967,0.3343455552418982,0.8965312956952045,0.50185682556586,0.8390028695131077
1308,0.49968776296728334,0.10167011971632384,0.9885913729761868,-0.0012536926913552194,-0.0013741612656840913,0.09826037331843095,0.33345311093484914,0.8896954394128237,0.33889406078318673,0.8870965592042018
1309,0.5000757686902634,0.10242498698154888,0.9958966256414173,-0.0007280214169227428,0.33392597026151194,0.49844858822378274,0.3361426133181779,0.9185936879590932,0.26655581505068393,0.8872160495460281
1310,0.5006158031790224,0.1473566122311253,0.9687548328422002,0.0003039719251151692,-7.190472585302982e-05,-0.00010548290303413864,0.3341873801418455,0.8988102153970895,0.3946213100826291,0.862674358081337
1311,0.4991528842980973,0.1155991629639539,0.9944569804209918,-0.0011701009906508694,0.6670823875862367,0.29975091204785104,0.3340457323589113,0.9197925738498434,0.4975728942207231,0.8629290269727881
1312,0.49972353015298365,0.10169004553345032,0.9917345358980905,0.0008224110756477985,-0.0011126019489983122,0.3024719083667578,0.3309343963311581,0.8677305376663471,0.32181025866119906,0.8403864278466514
1313,0.5006533898732672,0.10171270747400997,0.9788206024895747,0.0003250709305466851,-0.00017078191396263428,0.0018219732311958333,0.33296347497219175,0.848383744152007,0.4101992821380225,0.8409436956917317
1314,0.5015380407665935,0.1021173722100981,0.9936017078366111,-0.00037497144945474766,0.001225877457617651,0.10072170882316256,0.3340836125038104,0.9373501307991848,0.2073421366080795,0.8640978882995735
1315,0.4994021914865547,0.10337596464960712,0.978405946570875,-0.0012048710106925423,-0.0008157864582871854,-1.6731545303863174e-05,0.3330091952257067,0.8986319332373327,0.08966693235501084,0.8418983458479292
1316,0.50057805558497,0.10341438744057174,0.9890140621054521,0.0008043704220866916,-0.00016331152937720656,0.2006214428709,0.3339829733217004,0.8335089749299596,0.3626737938309627,0.8413788410627323
1317,0.49862970979604204,0.10846827811613016,0.996556134687392,-0.00037970715109265956,0.4995775332900749,0.6015334605868815,0.3354791270394554,0.8877890576928873,0.4270859164231105,0.8191043105978055
1318,0.4995928892244839,0.1040663162891772,0.9716260835047432,0.0011941016170482369,-0.0014210360058408886,-0.0012755236926005383,0.3329873565037629,0.8706470674864406,0.26772381858987526,0.8410292804801489
1319,0.5013769344616835,0.10254576749264781,0.9732102567716916,-0.0005049390207365729,4.902436957014152e-05,0.00022931526257609803,0.3339200998493515,0.8721219911600078,0.22348625427204963,0.840256854165144
1320,0.5000799418447304,0.10349006176353978,0.9929017115595762,0.001530414396877622,0.0013734775416815673,0.1997781139745068,0.3347965520120402,0.8266254933019325,0.3789887237313577,0.8179674906760381
1321,0.49952581090674064,0.10437700724746447,0.9872287279059607,-0.00031009916534121857,-0.0007206219302477032,0.20056770341274932,0.33158634485407595,0.8532693145531507,0.37444925639230603,0.8166602889805539
1322,0.5003779094176583,0.1027828769106349,0.990729686441662,0.0001908705163338047,0.33429337353692273,0.20049989369985274,0.33398380390023613,0.880747106193115,0.19770350814337473,0.8418237579068263
1323,0.500260457346539,0.10677740200996637,0.9877962440275214,-0.0023358061614803275,0.0009108955181013367,0.09966897754202543,0.3327808643154097,0.8370604090752805,0.25145288509924996,0.863874685119382
1324,0.4987660104011637,0.11256258694441229,0.992871131285732,-0.0007071292316786885,-0.0007698655738152217,0.39817228672805843,0.3347756078549371,0.859056668922387,0.44184659922090563,0.8386988613295724
1325,0.4992508734017395,0.10248787890823063,0.9863020200992412,0.0001417489005772135,2.4079452308576435e-05,0.19967010528966428,0.33361107576969645,0.85606437412367,0.37091213767255415,0.8411079287679626
1326,0.4994829872106494,0.10201568886820198,0.9551127381719189,0.0005141223762060113,0.00013180740474073605,0.0007113192443111936,0.33173359192605195,0.8790623257270034,0.18287068180596816,0.8172930882732518
1327,0.49904609310130327,0.10101728861084353,0.9629335219905776,0.0015012439675216181,-0.0012878391638298284,-0.0014644674308320615,0.33414636016586946,0.9091914801020787,0.11838717526871284,0.8400583541890021
1328,0.5017959907958869,0.1029025887146413,0.9837838719237079,-0.002382951065469402,0.00038806259941328214,0.09798488921805432,0.33388765512644525,0.907720454424341,0.2659919873561173,0.8395110578827532
1329,0.49987985799079615,0.10320262274157471,0.9878612336172435,-0.0010138302724406404,-0.00012380636355519264,0.09921399447379564,0.3325752582949736,0.8988222796377976,0.25133133720215417,0.8410815633792988
1330,0.4998857369559587,0.10680286982156577,0.984252034050744,-0.000833647639740783,0.498768747194752,0.09873781397052867,0.33446517448788815,0.9005386325102366,0.047850963869870776,0.8630937770537596
1331,0.5010092369262125,0.10617966693932926,0.9862528360461662,0.002393634921300507,0.00021773158565476444,0.10072752829723759,0.3345061419289848,0.9006730646682634,0.0480632640413323,0.864048647218802
1332,0.5016702989591223,0.10224189993994985,0.9699580983132459,0.0005689766678144975,0.0010023337850318902,0.0014708489993371676,0.33229086952273906,0.8734842768231754,0.10503891903538164,0.8630123362836786
1333,0.49970943241939614,0.10326455598914998,0.996092365956998,-0.0005435710365213861,3.588312927014591e-05,0.3011181478197159,0.3342821527909785,0.9274608563270426,0.46816015664159677,0.8867431375024054
1334,0.5004613265407875,0.11582221076376699,0.9783901797729607,0.0022237111267223485,-0.0002833345565914236,-0.0010217712510063675,0.3326841518998541,0.8798938827230746,0.14959575459483854,0.8624500547385818
1335,0.5009604547460881,0.11378066689321928,0.9771754623056133,-0.00024526544418189037,-0.0007635299318751066,-0.000140576435828578,0.3330043485304819,0.8907906885859856,0.15844644689703552,0.864093054296339
1336,0.5008754023903738,0.10339113406334802,0.9860056821704402,-0.0012867387943920343,0.24918796782528096,0.09972283042428082,0.33169384085246034,0.8825206031988637,0.3470907580835281,0.8407721612004952
1337,0.5002689046897072,0.10332087434306275,0.990467764362965,0.0019350500395092307,-3.049086827861177e-05,0.1978533939637913,0.33333598758632,0.9392187847878481,0.3412635680483891,0.8650622750473718
1338,0.4999502526617947,0.10257973518204849,0.9914159537838338,0.0007117214649946438,-0.0010368209253721918,0.10053497719528479,0.3343669015127368,0.8698266027646003,0.43249593904546085,0.8845292630289848
1339,0.4983890132958499,0.10307876785344777,0.9902257683137805,0.0012821747873505865,0.0016236924024918802,0.5001330951427263,0.33614097864690623,0.8554709260219463,0.4091301452248222,0.8843972419438756
1340,0.5009828202477362,0.10226250941636487,0.9809053619554623,-0.00030739716846296076,-6.062690005735605e-05,0.0006803052274537715,0.33216336202698993,0.9036786292916871,0.34165285903054804,0.8868176629554891
1341,0.5003365130747405,0.10017462572208498,0.99759206750359,-0.0007693166816897203,0.33288646772088903,0.2997835806236697,0.33308324440482545,0.9820805168782848,0.7647996972450926,0.8871584528737775
1342,0.5005677822290797,0.10398401613136588,0.9908409894852976,0.00016490512097324558,-0.00027562074371901245,0.3992425015667796,0.3349075608765505,0.8886142538454207,0.3123978446515159,0.8865031747033005
1343,0.5007506299402232,0.10221198393600024,0.9970714935958283,0.0017848078344658517,0.3326750796751297,0.20019839842676224,0.3332623943428582,0.9386744609939901,0.49535524797039115,0.886632628363767
1344,0.500236267903938,0.10084452534445087,0.9686590613675696,0.0021141934021116243,0.00015614318783332338,-0.00039253291958303094,0.33375349774274843,0.8508971153631217,0.1887549732731634,0.8651631062111956
1345,0.5001588447224427,0.10289024466205406,0.9694236801392301,0.00027554225515370983,-0.00028098408881492305,0.00017766322211134762,0.33348864296248154,0.8505634764238134,0.22789298890014673,0.841781937975953
1346,0.500900130675066,0.11247927386501828,0.9862757825745082,0.00024948601928493003,-0.0013622461419670795,0.09718580291197465,0.3316180861301978,0.8410580339850715,0.29770048243980385,0.8405042272959777
1347,0.49960436149445403,0.15057690967494963,0.9959254011208338,-0.00013854290972080383,-0.0001978944291341196,0.29977297554157994,0.3342688596009832,0.9083204346815953,0.49773248565890116,0.909417903737478
1348,0.49945650387384355,0.10372737217471306,0.9895776634174213,-0.00120531107275671,0.25156013852909687,0.10167337671586792,0.3305418580449532,0.9151429504507244,0.22522130720569444,0.8871665889846378
1349,0.5017231033743156,0.10147255759882456,0.9981205270428597,-0.0014122909212773418,0.5002718216326759,0.2002138564262096,0.3329947805308009,0.9360875483485674,0.5138413759444326,0.8871365279225887
1350,0.4978234598822478,0.10266962016586823,0.9956351778787859,5.5781592596290235e-05,-0.0017538357208202226,0.3008929638249847,0.3330888356548181,0.980152017194929,0.17966068207803837,0.8629497889175718
1351,0.5004036863452193,0.10549711713772027,0.9914577107084785,0.0014115069303705632,-0.00025642399434754623,0.2997946610041725,0.33294728584647293,0.9726146285571039,0.2208146840769143,0.8866748104286447
1352,0.4984256693927031,0.10322080204280543,0.9847732076665691,-0.0002657927253505497,-0.0007973443035075542,0.10141905652289954,0.33294221925980044,0.8780259568510639,0.11540576848331012,0.8202383764951011
1353,0.49929167541545205,0.10756390838550595,0.9868229205744699,-0.0002972067981543996,0.0013192314903052425,0.200318645518749,0.3328955463972438,0.8936729003481761,0.13193949464197674,0.8408927053157259
1354,0.49962210018848435,0.10446156745624781,0.9662952158940015,0.0002325483156649221,0.0005722425872487488,-0.00030193714823822823,0.33344713990574726,0.8572589336037957,0.2726556460871401,0.8378338035847703
1355,0.4986870792280317,0.10372204428756022,0.9847046792447309,0.0008451024007001468,0.001337980609127437,0.10108867390842001,0.33204384522744484,0.8656358582418666,0.21293243243895862,0.8628936215473895
1356,0.4994628206870506,0.10473735017619228,0.9760457738205374,-0.0011169115665018447,0.0005314080066993495,-0.0008771998980755312,0.33547153565550547,0.9395928211164088,0.15895342066258897,0.8638736567954158
1357,0.49821314521128857,0.10199240186600222,0.9801982401021141,-0.0008958280613789782,-0.00118719773896689,0.0001478606566218078,0.33286820150739266,0.939286553733088,0.0900381846669347,0.8630140960415119
1358,0.4994939006515618,0.10125953745388994,0.9886770512283075,0.00010640399374280911,-0.0011094465884266443,0.1999020728358179,0.33379472605649474,0.8794940461561959,0.3164128062795866,0.8629506641315801
1359,0.5009382232806502,0.10140290274616336,0.9868175350128306,0.0002393625504824525,-0.0019170511010273786,0.09918377436017771,0.33233766911431656,0.8724755270960284,0.290824461573902,0.8636307051148111
1360,0.49930527549477116,0.10317246130935846,0.9989202817743926,0.0009486344369702835,0.9995632331257659,0.10015161424101451,0.3335183107981249,0.8886453443058419,0.5109409076719099,0.8420048821094016
1361,0.5023747544719088,0.10122499404852654,0.9872684836319228,0.0020399422799494958,-0.0016816932154413186,0.10032073899526976,0.3313467413204539,0.8259371868832336,0.46473145702250057,0.8394352978039318
1362,0.5013008212218812,0.10382327272187901,0.9962496217106387,0.0010418196122409396,0.002140620504927195,0.49982479895652193,0.33175294389229926,0.882056571438661,0.29012634606289467,0.8853405213805855
1363,0.4976524712558196,0.10374500812572933,0.9946163173113087,-0.0006453922002475739,0.3343810123815961,0.4013012986331988,0.3331112696241406,0.8879629818534388,0.23804222033954178,0.8870828604832387
1364,0.49969834788770795,0.10357448385205714,0.9974366181595126,-0.0012963412873253598,1.0014199342315804,0.6010977166653241,0.33360755407605547,0.8827439052151297,0.5773235121668309,0.8415134432880887
1365,0.4994064361593014,0.10113290398697537,0.9974301151984096,-0.0011909063693704375,0.332931578107512,0.40010781818899227,0.3323202485880168,0.9442451068707179,0.4709258783719551,0.8642556670539642
1366,0.4999824758085231,0.10880352301127443,0.9935231622720505,0.00011035968970502286,0.0014161320737584612,0.19876205968944474,0.33257856741105907,0.9126563930822054,0.1848923526312747,0.8867490424418346
1367,0.5002480619301811,0.10546715107514155,0.9902130804545813,-0.00037306221937270524,0.00012928373724634224,0.3014205895381677,0.334079525867611,0.8599373730938092,0.055606743765311176,0.8860190095170554
1368,0.4991148742587082,0.10140070389263818,0.9813671131035956,-0.0015877718113036072,0.0007314753244585564,0.001878913255264643,0.33385304874407623,0.881248916878652,0.07794218427450128,0.8410893232469483
1369,0.499992853403918,0.10047013173277809,0.9855591371819509,-0.00020063236402911798,-0.0010693794502312957,0.10006434337600627,0.3324141396740382,0.8775592999315173,0.07964763428076611,0.8406310836705658
1370,0.5006917053001264,0.10601966680223635,0.9705105403465742,-0.0006882282842134152,-0.0012646956763251093,-0.0005060669802076028,0.3334852668785592,0.8086745675089503,0.3734726801755593,0.8856308495819672
1371,0.4993532795026896,0.11067668533924556,0.9954051871442549,0.00031664983692332406,0.2513319644085183,0.20026626239977136,0.3343596348009127,0.9306341184055913,0.222462938480951,0.886862326012431
1372,0.4999680464403561,0.10295410093160332,0.991024370137321,-0.0013949610679634566,-0.00015720848158508511,0.3014822140439617,0.3333138455376669,0.8916390377437329,0.31906039594249186,0.8649171320257961
1373,0.4992024872045425,0.10393631459745178,0.9906211660215939,-0.0009822223901881414,0.0002018284859734742,0.09940854505752159,0.333891032062237,0.8728081797705168,0.4373811574297846,0.8642318744483247
1374,0.8329231886859962,0.10421848075139332,0.9847299656422356,-0.00015061976022533982,0.33333803841607534,-0.0001174715195358514,0.5539657129319179,0.8602912281726693,0.1230369861703703,0.8620405131335642
1375,0.8338989190106234,0.10304694999874497,0.9801253742122762,-0.00015930531040986548,0.0004737170675944192,-0.001165885882397433,0.556163636665753,0.8557122517690832,0.11967476003360317,0.8872271746597485
1376,0.8342360914906083,0.10253210781483013,0.9723175158682688,-0.0004629984635971891,-0.0008727626443863243,-0.0010354522571897227,0.5566881713688413,0.8439358959421964,0.10880354051727768,0.8619826245082592
1377,0.4999065973390656,0.10163865585195106,0.9818661678049896,-0.00028543982177954786,-0.0008679739623705184,-7.367046865160796e-05,0.33271267418974365,0.8848601849584556,0.34604546172811046,0.8641955240858672
1378,0.5027301457308128,0.10245886111530915,0.9947901582687576,0.0008338368018380263,0.0010495178088750247,0.19948087675779913,0.3317423636645494,0.8806964437561379,0.44131866774591844,0.8642207074669472
1379,0.5011973517704196,0.10374297712949435,0.994819099704079,0.0011118120738438635,0.0021978860927513778,0.30094951382949886,0.33465385811749343,0.8620714961875554,0.4426516793560428,0.8174210652253974
1380,0.49967551497025137,0.10203389711681961,0.9847592635845431,0.00011855328936697663,-0.0007423950593177446,0.09899154727126609,0.3352285844428553,0.7585264984214882,0.17467217339736082,0.7956558568194989
1381,0.5011844880343977,0.12712029296241165,0.9822039343238863,-0.001042328515379074,-0.00024628819890217695,-0.0003787343659932186,0.33334628135892874,0.8043949809444036,0.325593124883081,0.7954121951201502
1382,0.501295878417605,0.10305535257223761,0.9661339495330393,1.7069474829818132e-06,-0.0010468059067220842,-0.001610056828850418,0.3331179671951994,0.8766349572499261,0.1257511753313871,0.8419841662989773
1383,0.5006509455739636,0.1024175661375099,0.992362324116457,0.00026739314658783854,8.041041111488154e-05,0.10056963495714043,0.3331813281786517,0.8975868426199424,0.2813213606333416,0.8397229896834069
1384,0.5013224226134534,0.1055571981467092,0.9939537826249016,0.0009304534392996836,0.5001078745061626,0.20037489802856942,0.33613605143532893,0.8915554184203056,0.44764052985656017,0.8409643932359219
1385,0.49961027706023153,0.1089147286736135,0.9765673860704039,-0.000153185247751735,0.00039323943409864606,0.0012703846683082397,0.3338340072833746,0.8890139777798061,0.2735321840969981,0.8651953477270099
1386,0.4990168523221171,0.10425509329527728,0.9937838426796095,-0.0009081030155757969,-0.0006646483263654479,0.20099884168599894,0.3344269031975085,0.8842582927534305,0.21030322056603112,0.8173957926484254
1387,0.5008366458177383,0.10119376746221607,0.9876944481650176,9.600775889544698e-05,0.00045190318963100445,0.19953338687632674,0.33259088384154234,0.850265552025459,0.3588037810757348,0.817187590959335
1388,0.5019082213616842,0.10185486984257235,0.9929071269074721,0.000261462068639477,-1.915499010489943e-05,0.30092815518154675,0.3335493976591432,0.8710565593684718,0.19011782696965832,0.8177055778734292
1389,0.4997326468266039,0.1036499775244064,0.9885358744849467,-0.002053006178606358,0.33297260702652925,0.101139631430747,0.3350447542206405,0.9155594928530688,0.46849384777305186,0.8178199515867827
1390,0.49997947837338813,0.12029213038983207,0.994264953516592,0.0005592816916585518,-0.0002766912128022146,0.19995030317510729,0.3347378744710137,0.8699528687707638,0.3339348778637014,0.8404068367314043
1391,0.4997616647365572,0.11143124890912011,0.9887095763408665,-0.0005955303021441948,0.0004861322044120308,0.19934747566980784,0.3343198226233763,0.8335460557979792,0.32480662752451056,0.840238300842325
1392,0.5008831398130261,0.10463804641716043,0.9730328366081101,-0.0007147976239424043,0.0004063209197075563,0.00011136731970468015,0.33510788575058326,0.7680333977060131,0.2597239784641001,0.8418457055166976
1393,0.499105631212091,0.11453143823853945,0.9930619273444813,0.00016164221857845374,-0.0017104007426246468,0.2985302845713792,0.3340862974217882,0.8742514876041246,0.34806050006216627,0.8643388314236244
1394,0.5006896249859212,0.10088356801402792,0.9846140700551024,0.0005962794112525419,-0.00019867946998191352,0.10045565747510243,0.33387751677711514,0.911111030122767,0.24969607419711196,0.8198062063555717
1395,0.5001142699490673,0.10336917111501484,0.991998463475686,0.0018773587517070711,0.001971436792950103,0.09934965686631633,0.3345041768744797,0.9166314312536923,0.2653354485461108,0.8188673547921858
1396,0.499625794062954,0.10104211476163243,0.9845268989918996,-0.000683329163573451,-0.001314039897511061,0.10109623624369657,0.3325432487094677,0.8454387478465935,0.2128610995947745,0.8634957765573932
1397,0.5009105437358929,0.1033009260906384,0.9873282719421779,0.00010412327386603538,0.4997771177744988,0.10143475393917012,0.3340468575194028,0.8324798057982513,0.1404849988605174,0.8629882281930297
1398,0.4994860499874099,0.11232173192579434,0.995311950721379,0.0005806537378770578,-0.0008720869609609958,0.3008862145984199,0.33364829466623147,0.8359591407344179,0.3713182822825639,0.862155203134348
1399,0.5009590967154104,0.12125211006841906,0.997315425077233,0.0009852908215786504,0.49861701431353367,0.3003698159368603,0.3330486502863136,0.8880016109127844,0.4679070129720201,0.8634050910215898
1400,0.4990573861848584,0.10156581737710338,0.991305640678922,0.001046695862896664,0.00237169401977069,0.20003156447102358,0.334769693489666,0.8521685187502943,0.1733936125167724,0.8413251362163419
1401,0.5005802674326899,0.11418556237072068,0.9859530855129419,-0.0003095177194878767,-3.6569699267013774e-05,0.09959505692868224,0.33241237171887356,0.8034302944015326,0.45449791147748136,0.8629556727066463
1402,0.49933217820244086,0.10287182505578898,0.9740742549204207,-0.0011644226846587243,-0.0008067050437238002,0.0006386471917231,0.33254544880613934,0.9285953989714272,0.13920979265227262,0.8409787303959217
1403,0.500227625727784,0.10299966146008924,0.9919215692382798,0.0009288864840120429,-0.0006062889421265283,0.1991721138530697,0.33356670163789637,0.9028563910071769,0.2036490934719828,0.8408709165990309
1404,0.4997722249864415,0.10267174012635125,0.9972989229926775,-0.0009418829385074121,0.24919601258712368,0.3994349978385122,0.33251951340311037,0.934316709428263,0.4818178750484337,0.8658543545051002
1405,0.4991197771599079,0.10333650900552414,0.9860779873879827,0.000387677879457079,0.0007742495574147128,0.10030096018736083,0.33205170015611685,0.8735497753229483,0.3250093605327751,0.8872431591223515
1406,0.4986806175150849,0.11377924034698834,0.9755781175226563,0.00023058658972176824,0.0006993308685429928,-9.621352282126174e-05,0.3342054382430174,0.8803200927442285,0.008220379021795341,0.8407048939814523
1407,0.4976021819806415,0.10801993789169564,0.9751442615062533,0.001703028985036126,0.0005192543394603722,-0.0001289692424052031,0.33482332340103516,0.8798128723464272,0.011767337196743404,0.8404301176957172
1408,0.49943153801447393,0.1021389708985149,0.9807157758380219,0.0004249879503046444,0.3354441986936305,-5.1722920566891315e-05,0.33376369779743625,0.8122884354480643,0.13083442668322268,0.8430638110913327
1409,0.5002226147575131,0.10318452209047624,0.9831155196965828,-0.001932807764251697,0.0008756778723506602,0.0015432643089776288,0.33393225681821104,0.8045305608428832,0.12866515308620516,0.8417963961423903
1410,0.500774387374574,0.13218814057206443,0.9928179655309569,-0.0011339271424180063,0.0006958987341445219,0.2996810199741262,0.3348543482310207,0.8822028231235355,0.4196301772649241,0.8618706692686905
1411,0.8336991711024728,0.16649562059813952,0.9893200378470824,0.0007467452071850721,0.00013319426437366,0.20188111996142763,0.5549477716816894,0.8863344639779798,0.37802238319818127,0.9097782611971118
1412,0.8333942401583689,0.10080759143891813,0.9941468689515326,-0.000852899583931051,-0.0005536635255987206,0.20001160766133697,0.5543696200486334,0.8987747609424159,0.47257203485630245,0.8637104790749617
1413,0.5001624493819272,0.10204487227776837,0.9865933098107883,0.00046265873486857025,0.00020118918519281592,0.0992643418226655,0.33216894662309576,0.8734701844673002,0.4650300169816559,0.8867865804711067
1414,0.4989759154263126,0.10372287476965808,0.9537470164482086,-0.00047605800250425485,-7.153526739671603e-05,0.0006332947961143716,0.3327972599236432,0.8927907592748613,0.13780779713947314,0.8416528001225285
1415,0.49964318846050737,0.1016728523504455,0.9617491469812685,0.0003637755368422618,-0.0008233214084399701,0.00025803122432018746,0.33174717003121695,0.9135212931606337,0.06255750147285077,0.862471590862597
1416,0.49953935093005764,0.10246629569527449,0.9927140912988703,-5.86483123606312e-05,0.0007180142151246295,0.19863615406069576,0.3328665987879767,0.8586143990061331,0.33916247581590236,0.8875830898940938
1417,0.49832695570462543,0.10247071239990407,0.9813186937924172,0.00037720091133839744,0.001211132579388391,0.0014180379119193688,0.33451560598324065,0.8122252749751777,0.27119852491714735,0.8869669223298443
1418,0.4985991545127162,0.10349619699348568,0.9841780788227096,0.0009726729648777526,0.0007773143237402338,0.09987826090624616,0.3333852590042276,0.8700860822690561,0.06919812872812243,0.8390306393389929
1419,0.499928981258245,0.10238670010291563,0.9954829051360302,-0.0015117736066092451,-0.00024082965497729969,0.10127685865267073,0.33344738861043044,0.9063889611509626,0.4540637077806241,0.8406580656643187
1420,0.5021758402728732,0.10184051910417603,0.9917927930616263,0.0003357366990855863,0.00037622138539911994,0.2006219257913283,0.33295710421671343,0.8707013477682968,0.3222879949856911,0.8412204283784401
1421,0.5029558181530679,0.10292210627386585,0.9956988042191516,0.0008763558827723199,-0.0004906420417490605,0.20005375173920495,0.33283114507396594,0.903750089273804,0.4424524259000891,0.8415991706023692
1422,0.5018164130035221,0.10380853670756435,0.9812157833524033,-0.0012741455726428903,0.000916379371814116,-0.001310933370412248,0.3338217940382109,0.896033160176103,0.08659523213588313,0.8403153457171244
1423,0.49986661284990824,0.10439356197441231,0.9755641692758532,0.00014339806273306948,0.0012943602304090506,-0.002792692793824758,0.33368029076951866,0.8862492085395611,0.08288659089337037,0.840735769334972
1424,0.4979546578999985,0.10459083932858876,0.9820188109913687,-0.0010761683119238992,-0.0001766561594522715,0.00012616690796919008,0.3335235332140181,0.7867149130791129,0.19651163858632945,0.773209306345557
1425,0.5001909413858218,0.10955243116389989,0.9790461228241485,-0.0009309824820755614,0.0011268039983978006,-0.000600859000315219,0.333160803234068,0.7739527648361035,0.2810942163016982,0.794346642629342
1426,0.5000754206877405,0.10595874369012886,0.9873415994637276,-0.0006509277544188628,-0.001248591520022798,0.3000910043428513,0.3325925817196546,0.9178698846389376,0.3290059464455267,0.8427987553687715
1427,0.5001832923553778,0.1061825437868038,0.9763900501167864,0.002089890828168981,-0.0006040778882332599,0.0001935748245434406,0.334717161247917,0.8807569678916545,0.0035304048362377193,0.8424114002633292
1428,0.5004063502107693,0.1021760488732767,0.9945309320226202,0.00045417255717462054,-0.0007194605752383472,0.10004035956757831,0.3348583037994038,0.9210332153206058,0.15978608847518522,0.8188254459366748
1429,0.49852267906276493,0.10251605912128664,0.9819767283769756,0.0002550112250924231,-0.0003272367197544453,0.0005347559333300038,0.3342168048287136,0.89676771265603,0.23777697398363015,0.8164654398911759
1430,0.49931265216684184,0.10414423490619629,0.9902190451352404,0.0008790034900427788,-0.000756383053511707,0.29953605249965654,0.33499519731567956,0.8603989567856478,0.36306291165861543,0.8175457236269904
1431,0.49886351240589016,0.10339527423837963,0.9961824559773361,0.0011337217536525677,0.33312576551314727,0.4989898374303437,0.33320453133547845,0.8967081840538581,0.439486385488757,0.8180853933645194
1432,0.49993744714447375,0.10314158238898678,0.9861866943206935,-0.00046546134857191544,-0.0009089329919345954,0.20149440956953538,0.33507800617489314,0.822165358664358,0.18588819588143995,0.8407068576357771
1433,0.49983990346405904,0.10279025505535072,0.997410856829034,-0.0013920677542308673,-7.260591575984571e-05,0.3992604111668875,0.33395737293243466,0.8232538182793405,0.48119107859922533,0.8395276251126526
1434,0.499310463422234,0.10245655111949034,0.9891490875389424,-0.000402525686378283,0.0003533874021609759,0.0994558706150175,0.3334799777114076,0.8357704991488304,0.36638801683630645,0.8412504529374182
1435,0.5007146419467223,0.1031216584412098,0.9833597942058683,0.0004362796644343563,-0.00015391023605884068,0.0993159990387912,0.33494079254860687,0.806029571374079,0.17155820550681022,0.840903709486695
1436,0.33495447728346384,0.4864205836535359,0.9808130344842212,0.9962807221661611,0.000801098839599907,0.0004637641443467547,0.44604991785293924,0.789077433817884,0.34401749876085025,0.8644030649588078
1437,0.49923916992228007,0.26765196829440424,0.9939454898131328,0.00043354224662595813,0.5019848730607029,0.500306629564553,0.3329916324521965,0.8483340698366777,0.4284735594088158,0.8866028244089244
1438,0.5010378104539144,0.10316230242091642,0.9837604990367145,-0.0001856246148055843,0.0004903346444912487,0.09861705488222682,0.33465126635741954,0.8728385351749723,0.06916848313184486,0.8404668443451481
1439,0.49948976870805883,0.10368420514828265,0.9792874847292157,-0.0005076807183717086,-0.000586297632410772,-0.0015533419484465743,0.33259254375501063,0.8637718981867593,0.2177813035951445,0.8166679359650252
1440,0.5014040770410885,0.10244557415355392,0.9774077662799624,0.0013946561540733962,0.00027356459289406556,8.431724233564116e-05,0.33408921545407955,0.9309909454123673,0.04137775756083801,0.8405835159046213
1441,0.4995333001434591,0.10166616794537783,0.9711626873406031,0.0005528200041773929,-0.0004979990946209521,1.7545715607517097e-05,0.33209288808008014,0.927142261450823,0.13705925803874836,0.8630445060079784
1442,0.5019009247646963,0.10030602396705515,0.9869010575679427,0.0008414697741029654,4.557298748142321e-06,0.09968154502157092,0.3345675626027904,0.9255580325807873,0.36732621847433117,0.8871277684242904
1443,0.4997272876196156,0.10346527927222846,0.9961274680494271,-6.540286435116651e-05,0.3345773751771795,0.09799584185850152,0.33267885986095824,0.944471710619377,0.40788776125032367,0.8617097652336113
1444,0.4998447555210046,0.109521850113769,0.9810721539494436,-7.13157262806124e-05,-0.00046125701604485736,-0.0008450841824668158,0.3326479796587231,0.9389853632674272,0.09467073577977018,0.863034355366489
1445,0.5022310054447304,0.10190737286418233,0.981481453039949,0.0007056130291162717,5.788386868494733e-05,-0.0009554667153454643,0.33301007912867087,0.9076438288203815,0.07629581083015996,0.8625277833802277
1446,0.49906374296108763,0.10283276709145582,0.9870777517616495,0.0012338029189937105,-0.001475570358970092,0.20013162370168366,0.33452447000114305,0.8937050566916362,0.07383950143725647,0.8870590580012353
1447,0.5004110402130282,0.10180037839058255,0.9884847400378342,0.0010288944615842604,0.00039255026571569123,0.10085538366323486,0.3325108912348356,0.8760316514025479,0.4074758157299425,0.8862198660919677
1448,0.5006065335141593,0.10314276165448388,0.9862153162781192,0.00014544253860830687,-0.0003182645013641935,0.09712086068304449,0.3344422624599374,0.9025563647968909,0.05859005509315506,0.8404100907255423
1449,0.501063385701465,0.10090405840764269,0.9864270447105913,0.0018224750940263742,-0.0023146201916545974,0.20096161759408365,0.33379775290056357,0.9038040358399011,0.060187337500371155,0.8401657276591622
1450,0.4996392102754644,0.10226528879040743,0.9789706119139677,0.0011172567197123052,0.0007841328783517768,-0.0004391255005089018,0.3331473450772277,0.9096463762111944,0.07913253156867663,0.8632901432888511
1451,0.5006250069953054,0.102603517897607,0.9807073905656114,-1.3551082268938382e-05,0.000316785283001924,-0.0009320047717886775,0.33297066363495864,0.939807170814183,0.10784647643534652,0.8628969129370478
1452,0.49958875394262237,0.10260470938769516,0.9836159036389008,0.001138418437517675,0.00016849034902324152,0.09761409487670565,0.33411115378965495,0.9148238583227416,0.3674629670201539,0.8852740083324709
1453,0.5009187560941916,0.10048011177111231,0.9917504733014537,-0.0004439069433190562,0.2501780472871004,0.4992680174163074,0.33494425969482977,0.9398500393832843,0.2405546238859106,0.8857817850596632
1454,0.4978652271100777,0.09968809707980286,0.9832949610840555,0.0015346176912702212,-0.0003042443207181593,-0.00041794786187683775,0.3325041601097655,0.8901745731961763,0.2594542286752428,0.8400545152755896
1455,0.49851432975000537,0.10259740788425774,0.9859908474568854,0.00026412822668420215,0.00032156096796653617,0.09863091864234663,0.3339126226277177,0.8694512889340327,0.13847944138059862,0.8388488178839849
1456,0.49948587863117355,0.10421228783766164,0.9924242566923183,-8.038290949481009e-05,0.0015491560758228242,0.5000626601944339,0.3322500570010336,0.8611922101980315,0.25091501493504414,0.8862665687108642
1457,0.4983250627912276,0.10189883525632651,0.995091763091832,0.0010287725456418384,0.00046419057854079477,0.49947810262172715,0.33411300058610227,0.8607987930018942,0.3101797247512697,0.8866681496876502
1458,0.4998322862563215,0.10715371038986082,0.9941818239201206,0.00017946922063678426,0.0009708444712798318,0.6010578635973077,0.33237924880546094,0.8876718597233597,0.49187211759861066,0.8873959051918953
1459,0.5006448184040228,0.10264837580869221,0.9894575508520762,0.00041390257202586917,0.0005998356403247448,0.3010004238220119,0.3323131891852675,0.8786712928521584,0.22687700382810302,0.8864743546910713
1460,0.5016487518332592,0.10238453666789761,0.9788372256862524,-0.0007905020659287717,-0.0005365271180233332,-0.0018302168871672231,0.3344698253947152,0.9108613534236141,0.4300220907423906,0.8867320192577463
1461,0.49923249031200895,0.10219191256398917,0.9745950028734796,-0.0018300707477645521,0.0017373312534469118,0.00041849446554995405,0.3335030060848252,0.9108111467158947,0.3503883982337383,0.8864976818311174
1462,0.4984450351330863,0.10325517262085236,0.9918342053298337,-0.00037623824923495606,0.5002983067046559,0.20029689904021414,0.3349531116482794,0.9226904415317464,0.25652591941497654,0.8870596069037321
1463,0.5006515179751094,0.101634823014473,0.9882259718242846,-0.0005881210839664658,-0.0005004601654690042,0.09910570878267498,0.33295536000954734,0.913223854707793,0.24106562467123144,0.8851972292362028
1464,0.4996933688408118,0.10138825570772847,0.9880321528830089,-0.0004312487866112052,0.0001381747769464941,0.4005963753854337,0.3342930138191427,0.9153572349327712,0.21521120345002223,0.8847277797494851
1465,0.49960231632410135,0.10536705643733524,0.9982854299590843,-0.0011046402206497782,0.99958193888846,0.6011119261022652,0.33342717539078326,0.9459414452651351,0.5829546215345761,0.8870185387340906
1466,0.5004712286286802,0.10134939915226526,0.994556114777859,0.0011282428107256156,-0.0001445568496857712,0.20019284823152125,0.332701404963317,0.9131334389312102,0.4379500461437229,0.8866572127067094
1467,0.4995565408608899,0.1035524126915876,0.9965200129828967,0.001246597926026691,0.49981289377624427,0.20006037984029648,0.3337207410328832,0.9594045641509401,0.592323311109317,0.8875369208162861
1468,0.5007145957096574,0.1014897759257125,0.9540741787264375,0.0015794055918230394,-0.0007461062401411491,0.0008197107907553972,0.33317249266822996,0.8140542555530128,0.030562592744857835,0.842163593231793
1469,0.49947202709621114,0.1024134200098434,0.9813701320318351,0.0008807442785808249,0.0006911932788629547,-0.0011965231784500773,0.33311651592592484,0.862028466496789,0.3357009318773158,0.8628388527644938
1470,0.49958932960266605,0.10314876043331438,0.9547325454808753,-0.0005392040612453889,-0.00034134170858282793,0.0008025463200895558,0.3329417138888851,0.8183360395648513,0.06714901172866969,0.8410621834191861
1471,0.5000989314140777,0.1021411825751954,0.9529272609090588,-0.0009827090378196127,-3.7562766841321464e-05,0.0009658161654500808,0.3329894496358081,0.8134459297926605,0.03111058684604589,0.8401925072349028
1472,0.5001749763459894,0.11918253344402083,0.9912402688015287,0.0002684840704999706,0.00018282154118206406,0.5996547832416275,0.33341348060572845,0.8754634626004241,0.3373363999838708,0.8401034105133555
1473,0.5017773970839425,0.10423511519077854,0.9889651768442848,-0.0009478362302414667,0.0015656027891365657,0.19890139032378953,0.3349083940621192,0.8237200139688908,0.34309055712780046,0.8406567142072195
1474,0.49954080966579234,0.11511802351039029,0.9791626811519305,0.0016685712004316131,-0.0005703158473340913,0.0010208118822473886,0.3355578903520097,0.8950897716450911,0.27899256889864493,0.8633659795194863
1475,0.5008430330734948,0.10297134887124805,0.9871214313405732,-0.000200410209146698,-0.000380494307976353,0.10058446551789813,0.3341931135985208,0.8427632931504089,0.4294806200990293,0.8637998821480215
1476,0.5000762356360642,0.10260131035318283,0.9814685074455791,0.0035192345436983294,-0.001931876240260711,-0.0002327545431016056,0.3339558700285388,0.904611036081537,0.2037574539622978,0.8855274434511412
1477,0.5012988453375989,0.10165901668076625,0.9908198644602967,-0.00026777377449740595,0.0010170271486997825,0.10184800958061437,0.3345940116872748,0.9275995009112087,0.34384902686154456,0.8860740442074821
1478,0.5004402541334639,0.1037827830330178,0.9953246988739689,0.0007462149783093399,0.003150374864993305,0.3015455279062946,0.33408335855231736,0.8930783885874879,0.24433054299925422,0.8397427481446322
1479,0.5013199154877762,0.10227462124519401,0.9780599174366615,-0.0003942867493780213,-0.000269015975208119,1.2909220109558328e-05,0.333796394247552,0.874740253806489,0.21057269933463776,0.841418597871543
1480,0.5023649937565392,0.1019798882322384,0.9878252631937388,0.00014698671224540175,-0.0006121299529102859,0.19871014517875904,0.33299671786486135,0.9616352167788811,0.08753829460177359,0.8872486782628057
1481,0.5010159814748743,0.10137040827735484,0.9864956809737457,0.0008998945332282503,0.33419830625432506,0.19949398054539944,0.3321032338054384,0.9055731146012013,0.41860910283613256,0.8640671802633273
1482,0.500737244598512,0.10191462531965477,0.9853013949548601,0.0021997921729041588,0.00356802674187513,0.09917107108054321,0.33439510261487626,0.8843238057480692,0.11923092282765094,0.8199663067101922
1483,0.49910937636572716,0.10162167375879413,0.9823883689743895,0.0005103395425866484,0.0007898934695101446,-0.001307990616727791,0.33280028313486176,0.8622022166421491,0.19040868133569872,0.8399563630173161
1484,0.49871578738302363,0.10365266649571186,0.9560003532828344,-0.0002967538693121224,0.0015352343121461819,-0.0005673741763749157,0.33369765191652173,0.8926119372602866,0.18036444069728896,0.8420819297533282
1485,0.49947468711428106,0.10316793299844004,0.9898011841308629,-8.337902747059538e-05,0.00038695885601959274,0.19813177941622562,0.3331306019345677,0.8943875386000535,0.18617149586486134,0.8427377125674765
1486,0.4999909330624697,0.10129414673688912,0.988528437392918,0.0004283715897365844,-0.0005307846067113258,0.10085770012560978,0.33388157817479136,0.9208115399059478,0.28083506183655027,0.8623114828154074
1487,0.5028039373786474,0.10239622797036778,0.9748970227032249,-0.000965908278647794,0.0003237241723743472,-0.0007258714992841056,0.3336580204820721,0.8906632832506958,0.11820555098418183,0.8641994056807732
1488,0.5000389390686506,0.10239795400610656,0.9630623540061289,0.0006431475342257345,0.0007528539808420918,-0.0012333851585634968,0.3321954380635408,0.9143170740219597,0.061379351954025954,0.8426455094848798
1489,0.49920477774575406,0.1019751126472756,0.9665212899988259,0.0002507745056799921,-0.001587800248080475,-0.0013586798894684355,0.3341457605312676,0.9042726750445952,0.17304263732262018,0.8628392041998305
1490,0.500890884446574,0.10317606173690724,0.9728747832311953,-0.0001115980452783135,0.0009608096438411565,-0.00137503087652666,0.3374638231208157,0.901385040804263,0.15632035894597893,0.8408426701181313
1491,0.5018958056451142,0.13919595214678945,0.9889871036032972,-0.0012441980163998211,-0.0015952281663810812,0.09852742445958808,0.33283221643978195,0.8656557555106749,0.3382830093899044,0.8422203607592893
1492,0.4993263909890347,0.10210080532460511,0.9694495381889984,-3.021074923892614e-05,0.0011888382370265798,-0.001524062159653706,0.33376412135383715,0.8461537281995268,0.24413490877675234,0.8641792643984544
1493,0.5007484197703609,0.10251351684582802,0.9700484214020965,0.00029902724503499283,0.00029091415302325675,-0.0011339358157064514,0.3319698586747669,0.8470838797409119,0.27150919719906774,0.8640612042405309
1494,0.49993988805966466,0.10175908085193311,0.9402717461854248,-0.0006948304508460433,-0.0015702063720613797,-0.00034097293170623385,0.3329318717818129,0.819747928009522,0.2420819015578782,0.8410255806785962
1495,0.499195682171296,0.1029632527712896,0.9761168656661352,0.001223073220607542,0.0010268888545675624,-0.001017705249415562,0.33321681120415225,0.8572933348943159,0.19421922106753492,0.8641626647632618
1496,0.5006174228731003,0.10321867209500503,0.9841256811260204,0.0023310987297915637,0.0003206261639346799,0.1003072722586701,0.33306885962373306,0.8914031156256353,0.32960573360180007,0.8186853527407871
1497,0.4999041724442601,0.10339543357897522,0.9830293374586615,-0.000322307261890089,-0.0019488540543563257,0.0011054344738862694,0.3325539794925129,0.8861172786665626,0.35538230293197404,0.8177463495031982
1498,0.5005755263178983,0.10472517369539465,0.9976557804211563,-0.00044369536719739567,0.5019976055024236,0.49989355809213964,0.33542603539486926,0.9204149406088689,0.36506061459064926,0.8873208645975954
1499,0.4997490202458669,0.11520094513865654,0.9880690523616747,0.0010411414880787083,-0.00017240217814793504,0.09877916436132168,0.3337354457081765,0.8548508964687757,0.1891577411098556,0.8863408418655979
1500,0.5000915313686566,0.10109611715429073,0.984950941114776,0.0018743752136610068,-0.0012675743054200944,0.09831440000882403,0.3333750459643741,0.8595410345794261,0.3621269210876047,0.8841957801182175
1501,0.49884190031068154,0.10004815654899714,0.9902681552459359,0.0015769185901948265,0.0007426970377261912,0.3000670958692289,0.3330498427821278,0.8498816506424202,0.3488591355771139,0.8864157721447604
1502,0.5012117603803508,0.10238705674872402,0.98128528457416,0.0021750559448125966,0.0010672292822267008,-0.0009540215105856862,0.33270234934914833,0.8814855566915996,0.3259075737886262,0.8643855816970214
1503,0.5012473719006312,0.10157535752067354,0.9890265467332601,0.0001871617558310801,-0.00012216869296584348,0.09929774330341325,0.3328916385496256,0.9093302736609086,0.4169504963660535,0.865492323684292
1504,0.4994594242453727,0.10288038796783215,0.9928950804417948,0.0004201906042511469,-0.00024705716514775703,0.20029096363523485,0.33411282678144516,0.8765424176550816,0.32979090998325405,0.8877150858203918
1505,0.5016151511748502,0.1054276276043055,0.9796803217081116,8.890281903909696e-05,-0.0002851822873885293,0.0004520668565296493,0.3340403941443905,0.8281562082621509,0.32239969610101743,0.8859019910224663
1506,0.49983183236994655,0.10227398628068983,0.9755523127487357,0.001605760178984984,0.0010114108734621881,-0.0016069739273350688,0.3330035338104019,0.8730561301312459,0.3027128067644106,0.8419180014799883
1507,0.4991455186451269,0.10432830975922804,0.9803627236537129,0.0011055797501144595,0.0003366440973256556,-0.0014040391163505027,0.33146714325572885,0.8954185754810449,0.0880644735068666,0.8384653742755294
1508,0.5005130062364695,0.10204318649271486,0.9815099499442651,-0.0015037190574514394,-0.00029651845446092024,-1.6066213512040454e-05,0.3314911408188801,0.8998112072416199,0.20326959544889908,0.8399044641498613
1509,0.5004939058509212,0.10310471543433594,0.9854282099609187,-0.0004496696142336364,-0.0007269848478107722,0.09932232849315348,0.33419941732533587,0.8784582578765248,0.15611274738974334,0.8401443307305422
1510,0.49941235487926744,0.1020704082816424,0.9944356549254909,0.0011564222561869088,0.00017973453226793928,0.2998862287637368,0.33557440738445715,0.852169120854614,0.4458396136050395,0.8638353940022204
1511,0.5004986239204197,0.10249430490780541,0.9821383663493777,0.00013300532537030663,-6.226224945818064e-05,-0.0007300453259598157,0.3348061313178166,0.838694472347911,0.2881454011641769,0.8866784790310772
1512,0.49818312082983124,0.10288718365821051,0.99634655480575,-3.5446659478260364e-05,0.3328702718804611,0.19890815533507508,0.3338894597309149,0.9103494596430488,0.25408733947919254,0.8621786660404405
1513,0.5006527478091117,0.10219549380142688,0.9884828760266556,0.0006523508866250205,0.1993186066780761,0.09715712363486825,0.3340102763633873,0.8983408323933678,0.2973570341214411,0.8866531416229644
1514,0.5006852880083393,0.10273616319021114,0.9550149759810246,0.0003390948503254497,4.74021404800677e-05,-0.001071411682503519,0.3341814301323383,0.8396237432348297,0.32638495481745783,0.8420302667739669
1515,0.49929199316008693,0.10271875617884539,0.9638094041683959,-0.00044379175360870535,-5.583221757345332e-05,2.5258282204363926e-05,0.3337371525784626,0.8709336518577865,0.33411224977197673,0.8844417771808291
1516,0.4993929870566222,0.10245679635767656,0.9454655008959659,-0.001565078586686851,-0.0006258898746140081,0.00032354417294987636,0.33262600294555694,0.7783685979044991,0.12790281896147168,0.8636585123345172
1517,0.49861452408247847,0.104502830081173,0.9362584624511714,-0.00010605925553613634,0.0003308663132788997,-0.0010343577670854048,0.3336752167166904,0.7749514684979975,0.07736324188054405,0.8400592411062979
1518,0.49987187565176694,0.10329147242206407,0.8970522811788145,0.0008785331992075797,0.0014207853496283145,0.0007435559990257298,0.3340274001332238,0.8414492767064515,0.26025060510285414,0.8614768721595645
1519,0.5008658243501618,0.10268346875979414,0.9655631936963814,0.0011614213671921933,-0.0008317202151382541,0.001248108318259369,0.3344032910731678,0.9077684796917693,0.29435371843897756,0.8861813142417215
1520,0.4996399158143989,0.10210370922945182,0.9951123884293154,0.0006461908251075119,0.0009017935033936361,0.5003014484163194,0.33276655664983323,0.8648920462158536,0.49224356152599286,0.8858488984880569
1521,0.5002541627654461,0.10275349992729363,0.9964130605854341,0.00043159909659990837,0.4986644321171317,0.29998998481831246,0.3342332047021074,0.8483292900826164,0.47178460188913485,0.8851603491177475
1522,0.49956557360472176,0.10221000793860627,0.9808738388871634,-0.0004169690939938622,-0.0002183239922537255,0.00041940566752775174,0.3336516405752742,0.8872425542708519,0.24481754045632953,0.863116487470807
1523,0.5006337826854539,0.1023326894462901,0.9863108668961236,0.0006031624293693573,0.33230501497852727,0.10012356719170659,0.3326516068419797,0.9327795828704599,0.1892347724157634,0.8643579158616942
1524,0.8338238015191949,0.10406504081255978,0.9719728746295523,-0.00029845267218297605,0.0006407905374571389,0.001172048217674085,0.5563188053859205,0.8653790786451004,0.2685370042518956,0.863224775443574
1525,0.49911396259458524,0.10063669644215904,0.9449331359835502,0.0005103269470267816,0.0016525275942147171,-0.00021162946168716098,0.3333794620498594,0.8708168253817787,0.22936760823951452,0.8865769722402465
1526,0.5003750408717089,0.10082058722653976,0.9165734808177063,-0.0007159905960783541,0.0009882739049674163,0.00028241760474025665,0.33459952577011165,0.8409924240169285,0.10790294655631383,0.8657617604518689
1527,0.49878004803428677,0.1026285065029002,0.9797247622425739,-0.00012347651386720467,0.001661209506346125,0.001334463619022905,0.3327423941396943,0.8313008117822088,0.23425008196226285,0.8401771280109596
1528,0.49983495897666186,0.100767333713034,0.9255936229130606,0.0025589237157906614,-0.0013925488949730178,0.00017142146591002,0.33259547412554824,0.8493446924899011,0.03646172821537253,0.885806738642343
1529,0.4993538430800966,0.10329616534817926,0.9213695937224055,-0.000803246367333875,-0.0015994555512413198,-1.5401498887220404e-05,0.3339197726604998,0.8572227639662955,0.1368662024148854,0.9091466475018914
1530,0.5001711568069185,0.10145733220787158,0.965857073399475,2.791272288210525e-05,0.0002919793019285376,-0.0003492756121625009,0.33154689247016345,0.8638425314667041,0.14317513285629765,0.8398290232069837
1531,0.5007062736537566,0.10304775788208938,0.9926314415614054,0.0008213477409364049,-8.317828409831667e-05,0.29936209072061565,0.33227503237759176,0.8603094519736867,0.43451071076679176,0.8411938540933495
1532,0.8343026006422662,0.10070550717800777,0.9697675578204017,-0.0004091434981564255,-0.0005095744497683341,0.0013997269942487714,0.5544594660211618,0.8821708787475786,0.10067427281236933,0.8861099003390742
1533,0.8332528729954407,0.10307774519473864,0.9675582901747959,0.0008075190247027824,0.0002773002154186994,-0.001167703685460546,0.5554116396764226,0.8657534807255614,0.17272590646370672,0.8874860629908835
1534,0.8344361518949626,0.1029983301189192,0.9426104683310611,0.0011285419569530717,0.0009158246543329242,-0.000574558013843504,0.5578228360592559,0.758777511917048,0.22359375098165774,0.909431047904264
1535,0.5002356542516876,0.10191507503852514,0.9484408952187182,-0.0005488373723588527,-0.0010544004339165345,-0.0005553860724529335,0.3323469513382391,0.7789208129078875,0.16814396058834383,0.8643016084376413
1536,0.5004152741989518,0.10223958007943548,0.9775170712444148,-0.0003312652318209187,0.0008196633261018379,0.0004323475509333915,0.33486576262508605,0.9048474153544542,0.10589356714302843,0.8626223599404795
1537,0.4999275265475387,0.10216705483500192,0.9347823227484768,-0.0012395721511480665,-0.000737296676584802,-0.00041427405074296155,0.333514057595371,0.8491143452176779,0.051840698539160256,0.8866650892549468
1538,0.5000183849244398,0.1002678537281204,0.9612900327838823,0.00015487119321446632,-0.00018824800989821513,-0.001843853932466162,0.3328501098040363,0.8235053449121109,0.24361805232667683,0.8410974673196696
1539,0.49910826754153803,0.10174524077863586,0.965021942254199,-0.0005723909299155671,-0.0012141460016438384,0.0001598030190515079,0.33217106514752115,0.8492625306779256,0.2517094773291516,0.8399492887461336
1540,0.4997298383227849,0.10347072003518845,0.9950486359119892,0.0009203029963672453,-0.00020527797282167873,0.4997121852336468,0.3346912049167663,0.9075890127373695,0.3278825294406957,0.8637725612355741
1541,0.5008183863583265,0.10139319019895238,0.9876467746287099,-0.0014331973881637036,-0.0008524360198559668,0.10030132358982667,0.3344314750172568,0.9364696821556218,0.44363117860622603,0.8627171236989141
1542,0.5011635647195631,0.1024796900066269,0.9046798704017683,0.0002986875760715197,-9.18138495042731e-05,-0.0014512438580017327,0.3333727173937922,0.8713206243074987,0.0943983736962132,0.885146640419651
1543,0.4991102222748545,0.1020944746430233,0.9577815256882263,0.0005125770394996306,-0.0005105869457058631,0.0006591017672181516,0.3316805254879829,0.866411806600478,0.25519849645026166,0.8865001534933131
1544,0.500166846019174,0.10262787982456202,0.9805776355411832,-0.0014365533129637258,0.0021113326186680435,-0.0005639666502649688,0.33179994861976925,0.911135777996604,0.3366382716055092,0.9105784648006076
1545,0.5010259309790973,0.10218801251585191,0.9855574556900423,0.00029387752207128194,-0.00018958616928516404,0.10051004310288185,0.33476579427104375,0.9261290253697947,0.3542876030961836,0.8879840767418379
1546,0.49911959152772295,0.10227523208053045,0.9413729207076719,-0.0028083446304499435,-0.0008514294873613522,0.0002828444205690207,0.3326279441263202,0.8421185043956548,0.18692530466707,0.8883245721161759
1547,0.8309657744590302,0.10191613561008032,0.979983303452134,-0.0010940034047510717,0.00024002804775021542,-0.00018860134258018063,0.5568191393290219,0.8890831230185262,0.2081428225050427,0.9083133050460468
1548,0.5014990611210806,0.10209296687583198,0.9578106473244352,-7.410851846168434e-05,-0.0004082598843576392,0.00017734459423204268,0.33334550028924265,0.8836733279235298,0.295867382121035,0.8848005220707105
1549,0.5005862731127962,0.10237752452014028,0.9610296306806166,-0.0004313524317500394,-0.0007033962380296117,0.0013307269264831636,0.33396684504575297,0.8628741268027564,0.17123820174982154,0.8637501064409274
1550,0.5006559211816896,0.10138516109415739,0.9164428481716255,0.00042562100430700917,0.0004964856081931635,0.001027291652540938,0.332229241213357,0.8326069729247312,0.10983189834949077,0.9100259821256267
1551,0.5006467691754549,0.10232851235836185,0.9318738739479157,0.0012097506652644827,0.001178679098703088,0.0019205849242593,0.33338237116636205,0.8525487372356032,0.19700822061625406,0.9087855733546754
1552,0.49976518868164627,0.10189069096342289,0.9604753886818599,-5.177886222610969e-05,-0.0006225306551144336,-0.0007244417076009592,0.3341155215542059,0.816080285999211,0.1282972349106069,0.8179519494311701
1553,0.5006419291640141,0.10250404146602742,0.9278963505734367,0.0003260850531156476,0.001775721844630764,-0.00024061565812929137,0.3314367436213898,0.7703644567150901,0.06828207379151967,0.8410975279449673
1554,0.8333986898710504,0.10310944656749371,0.9706761281992853,0.00020289525120240236,0.0007438016488473824,0.0008970947428602539,0.5536420266558203,0.8280608240303051,0.1537571656402268,0.885973876683457
1555,0.8344910475847851,0.10237563688496858,0.9693701944343279,-0.000392954381328724,-0.0010828151465256649,2.609999333954973e-07,0.5570886469936559,0.8223996337505676,0.15043431445416075,0.8870520041972255
1556,0.8349725404051022,0.10392748197392408,0.9461455539360943,-0.0013185382337188157,-0.0005850194841428376,-0.000384695486407753,0.5548119586911042,0.7466696549396074,0.1092995703420252,0.8873802252186014
1557,0.4979941884116174,0.10164242582708058,0.948121219819299,-0.0013356310519369937,-0.0002864341595569419,-0.0008770347289666081,0.333489735416303,0.756203221725093,0.1723948107109779,0.8627360383234235
1558,0.4999239941436316,0.10201654787407227,0.9647748690537596,0.0018636470737595089,-1.728282714077553e-05,-0.0014080982312038898,0.3349408010174149,0.8861599806135994,0.03205539557458547,0.8412270764718037
1559,0.5005449855768465,0.10244831918819103,0.9241810947250737,-0.0005468321438653798,-0.00010454571717299444,0.001044341229034869,0.3340425358564171,0.8633617839766977,0.2855896310207906,0.8660599106738927
1560,0.4989240603478254,0.10128106471709117,0.9632190268169201,-0.0018153047457547004,-0.001234761586684082,-0.0006176423003046703,0.33227738679123786,0.9181334859782213,0.325493587726151,0.8849625855085507
1561,0.5010382105814514,0.10235250755595894,0.9138012039200051,0.0015511005676522845,-0.0010261571358912056,0.0010724997225094637,0.3318671565011953,0.8562166211404971,0.039831587388418285,0.8885166240978724
1562,0.5012764004953028,0.10219778799881679,0.997119788277561,4.970690911717578e-05,0.000329885832738216,0.2983249467126653,0.33496298402618846,0.8495616847737477,0.4728168617031882,0.8632134060222869
1563,0.5002610600475063,0.10193862430337997,0.9867914064695344,0.0005574818147417389,-0.0006852014705010053,0.10090397955795788,0.33047830686814894,0.876627808413111,0.15257661705024986,0.8169141215038432
1564,0.5012937296740754,0.10206809336715604,0.9235347069742041,0.0009120543220909403,-0.0008092748413547573,0.0006038603048129039,0.33251953376924964,0.7765866207236758,0.044901137109207505,0.8398163601883724
1565,0.4994996362947865,0.10368167294869836,0.9558535350359093,-0.0019374722073892095,-0.0012039733820155257,-0.0004093921280026768,0.3336215037318582,0.8019355179539778,0.22454486159932752,0.8195332294038251
1566,0.5003777421375185,0.1019979169418624,0.9256428705375284,0.0005984168475140427,0.0013758223755982444,0.0011252917154358293,0.33348695377475013,0.8138963391148262,0.3080817474982763,0.8626994507409966
1567,0.5001541413456106,0.10378707426408863,0.9805525905499397,-0.0019843761668203942,0.00019945155054713754,-0.00023120032680713513,0.33388490663487436,0.8863234711607237,0.17900785749715792,0.8650729900348085
1568,0.5015109896490257,0.10316270945128056,0.9220745503296652,0.0009695553728597018,0.0007493572649440609,-0.0005842542351426341,0.3346692827971026,0.8733932074351528,0.24130331299954114,0.8870223482029975
1569,0.4994885094148564,0.10212095628471023,0.9724933064533487,-0.00043128890334858793,0.00046633307075472124,-0.0012461714568789111,0.3335660913484909,0.8816725866552237,0.2940230534877468,0.8654506731405632
1570,0.5002838206146607,0.1026379316848491,0.9602783763940063,0.0009890808041454469,-0.0007351662585820844,-0.0020297047386832264,0.3356920389016774,0.8891328469481358,0.11318845206107332,0.8652547192047068
1571,0.4988468025890014,0.10314086178232727,0.943979406665319,0.0004615293633123633,-0.0004556998631765639,0.0018115112787721965,0.331813567637694,0.8848057524503306,0.14214233114030334,0.8642854950364496
1572,0.5009587684743313,0.10382058364703578,0.9586046176069215,0.0013416183219641252,-0.0004570722184049896,0.001013368563648859,0.3321922694956399,0.8937234697600442,0.1960342288134387,0.8864655399916326
1573,0.4987589456167072,0.10099743991212994,0.966593273703246,-0.0012916293886328523,-0.0011601428988881324,0.0005902165208439143,0.33365466551777423,0.8763897272130952,0.2149086706756885,0.8628293468805472
1574,0.49938560596596554,0.10282499934869012,0.8871988612641005,-0.00012126898770085332,-0.00022964706939645284,-0.0007096413411347037,0.334188172792104,0.8665098573919734,0.10805326287222902,0.8859351859759055
1575,0.49986813299898725,0.10109145447426775,0.9833640929913431,0.00043211153481157783,-0.0014013373011794834,-0.001249676967820298,0.33398133302942934,0.8876476955079075,0.23575994430586364,0.8858082658583479
1576,0.4996303742367915,0.10058575384762487,0.9790706416687872,-0.0014828644619667639,-0.0005397760202339481,0.0015947020636014316,0.33398558123331207,0.9163342778683229,0.19152111292634025,0.8628874792921523
1577,0.5004150468882472,0.10214688476144845,0.9810563337526279,-0.0001842236312198822,-0.0008403706592352738,-0.0007218950033777372,0.33256906593116203,0.9019854681906275,0.1831280888791905,0.8398761739808642
1578,0.49985410768782296,0.10144550848735806,0.9759864277901908,0.0011225793896174558,0.0009453907860189203,-0.0003551871903674986,0.33294730515268134,0.881763181766427,0.18349177814019527,0.8644319743348822
1579,0.500597359475571,0.1020457923169277,0.982840066584937,-0.0007231591876896363,0.00018067494282013996,0.0005634554179207937,0.3331985602030556,0.8981433456092669,0.30967971234072356,0.8642389505965771
1580,0.5024713983884415,0.10296798860791574,0.9848864533901736,-0.0008350238791387422,-0.000623476598188869,-0.0014955622133832613,0.3336693755665764,0.9097493909975019,0.35562427378762373,0.8653570900607022
1581,0.499933542484021,0.10059774681668776,0.8996299814052318,-0.002966185851507894,-0.001387633312389113,0.001218008991567793,0.3336210029920089,0.8433789449264751,0.2858678679568478,0.9081768693589679
1582,0.49876145279164097,0.10359551853358406,0.9690103006777178,0.0001540059423732725,0.0010216663669883111,0.0001102888828222754,0.33418169168670714,0.8738190148232768,0.19850662063468863,0.8866419757924509
1583,0.5004223005304282,0.10355016086369868,0.9293562454200539,0.00045825465607278015,-0.00043998284263830603,0.0021969835187051205,0.332288218841617,0.8681947947685462,0.2151993849986568,0.8626518067891199
1584,0.5004529898225636,0.10138904599378534,0.9277559324764814,-0.0003944730280624924,-0.00023742003764998655,-0.0002271140717631142,0.33284944932127986,0.7985090345202205,0.12862280009689792,0.863698466951176
1585,0.5002259943400722,0.10208343312533713,0.9670762280239477,-0.0008312941576122287,0.0008327847188308774,0.0005702894852071252,0.33373974355524366,0.8762773512843814,0.28354248743143035,0.8628686357546912
1586,0.49927425762438793,0.10312728564890246,0.9196144664191865,-0.0012407699928240253,0.0003131387756899831,-0.0004657683022990402,0.3352875870682663,0.8565583375256549,0.06242908731177637,0.8864885660358067
1587,0.49978929315075654,0.10205148769287768,0.9648132313245548,0.0010283522001908595,0.0005627561614419491,0.0006981331561369968,0.3322824989950874,0.9028833339021688,0.22943795974369613,0.8840817846347707
1588,0.5008424213085282,0.10220409836472956,0.9738631774249981,-0.0008992544934374035,0.002123526948329681,-0.00019003308767854128,0.3334475929987029,0.9182149997425461,0.21880595643039497,0.8862676368497925
1589,0.5005130215872619,0.10349032326689375,0.9421636237262833,0.0005707045385293113,-0.0005740997828515579,-0.0012133542120866187,0.33234633889025234,0.8787536520721211,0.26203320444592904,0.8861314305385932
1590,0.5002901791435004,0.10100446374747002,0.9548177156003603,-0.0008995635128531901,0.002334984803803469,-0.000493360548932343,0.3314324205019122,0.8657670227707354,0.16116934065660482,0.864025879790886
1591,0.499604274199942,0.10089643323852591,0.94125466773716,0.0009376726085674457,-0.0004143895059421634,9.661913996180123e-05,0.33209417001334446,0.8568992221541478,0.11026910638059527,0.864423108390467
1592,0.5002803210711605,0.10240063506031435,0.9464487962028286,-0.0007589903135618947,0.0012578091877707932,0.0007627701482171114,0.33369128142015614,0.7494627361620895,0.11664722192563516,0.8648974718335697
1593,0.4982283976381007,0.10196507342300741,0.9535050194146648,-0.0020625376793157687,-0.0009249678333147823,-0.0015813933404201013,0.3329823212966026,0.8038922067252047,0.14631214373340798,0.8424730686828528
1594,0.8322556345488958,0.10202063813586472,0.9775891903022897,-1.8592331540857316e-05,-9.91943766081891e-05,-0.0006398404053443187,0.5573061456478816,0.8883554792579123,0.11227688089113465,0.8858040239075476
1595,0.5001427023932709,0.10299650390161944,0.9575399762963096,0.0010830294398235525,0.0004804947744629233,-0.0014928867296593545,0.33445044388653566,0.8861498650190645,0.32727771726314314,0.8860359829911739
1596,0.5011157945741933,0.10062858818235168,0.9628353520041415,0.002350314225852185,-0.0004053691043072915,-0.00021945154915308822,0.3334693782993067,0.8743044474289909,0.2474822125147855,0.8655505223414738
1597,0.4989179830841164,0.10430448968370283,0.9773961567569894,0.0013465723796487396,0.0004196545381955432,0.0009097247443893124,0.33373275829362203,0.8527138897010383,0.3355879085595108,0.8870281881442591
1598,0.501522443036571,0.10263660484545972,0.9394907118856297,0.0005725395314049915,0.0009335326313094853,-0.0005483900860756447,0.33346609639344094,0.7501764443830458,0.1784315717475984,0.8860310154867584
1599,0.4993457760614876,0.10325677923444687,0.9246154522834356,-0.002736164945876473,-0.0009902100331542554,-6.111901269622371e-07,0.33336936885237806,0.7299506165829335,0.14954865245447396,0.8624757814937385
1600,0.5025235497510901,0.10192310922173214,0.9526762354599096,0.0009040020264906283,-0.000881502554918098,-0.00044893986885357034,0.33429822659379227,0.7830312773863749,0.17177065544293185,0.8637577372368666
1601,0.49944258694025767,0.1022928729414459,0.9501144493957887,-0.0009256429685856757,0.0012090779668740691,-0.0016019400157652242,0.3334583800862847,0.7686370108875901,0.11719150096726501,0.8636727416802287
1602,0.4986096653911534,0.10144814897559075,0.975088562793538,-0.000100475126461325,-0.0015300510351954034,0.0011373429376654925,0.3315655803585803,0.8978191373747463,0.2534469842758672,0.8643905152374258
1603,0.5008311514036277,0.10469952791937032,0.9803948131997636,-0.0009010966282430022,-0.00017388599484019891,0.00036706237115023373,0.3330617901931102,0.8964209981804915,0.3200036673582387,0.8621251814204808
1604,0.49882326993254505,0.10297068964419134,0.9609890673536681,0.0018651960789322797,0.00010776323694421332,-0.0012275919491194238,0.3344634132641978,0.7653546849401948,0.30007341818527744,0.8863721851409367
1605,0.5004016919560419,0.10214821978054162,0.9595014602630249,-0.0015317771352520088,-0.0020862935356822983,-4.898434505928205e-05,0.3335849439982226,0.8282796049213866,0.23586457417566775,0.8868224690727594
1606,0.5003248284611153,0.10179308613548949,0.9904314790249574,-0.001008735199694163,0.001868852687134764,0.3004770823208689,0.33376140060260967,0.911293201536448,0.24982926523362547,0.8632180332936508
1607,0.49924836949294793,0.10404112098045788,0.9701701343257518,-0.0015768221738046552,0.00044256183463976296,0.00028627256215060716,0.3341557790126217,0.8961177885939532,0.3569167018522608,0.8627036556530064
1608,0.4996626410140239,0.10158069020914504,0.9475027490376645,0.0007179079786055673,0.0004070391011579865,0.0008832199118166996,0.333905366762684,0.8809069051241101,0.20748324909577182,0.8855081302626291
1609,0.4999250633920341,0.10204066308888948,0.947731919041535,0.0017652239046037504,7.17619336126659e-05,-0.0014868385567740024,0.332898772259834,0.8526114277088142,0.3002724503416609,0.8629996686925633
1610,0.49913902707679,0.10232710268276182,0.96402950244964,-0.001056867739614826,0.0008517468996408663,-0.0010122985004200823,0.33191100475603313,0.9124883037642808,0.3966998174780713,0.8856480419073672
1611,0.4997938543126657,0.10192748185761433,0.9615281739949418,0.002443928504849949,0.0024703893781157496,0.0011262467686761215,0.3339132033718039,0.8989560870011014,0.24115413330046043,0.8857282524592389
1612,0.49953064659299246,0.10298906715910369,0.9785271509723195,0.0007679207496716163,0.0005438009172878108,-0.001701214531125193,0.33495926569849466,0.867019341722331,0.3515689930306912,0.886074022507565
1613,0.4996251886709041,0.10168039363292813,0.9714396265782147,0.0001240919099792241,0.0010681616880202592,0.0017984649330276062,0.33329532559273534,0.8640052668352799,0.35749507900682087,0.9082746638776923
1614,0.5006517598626287,0.10207167366427468,0.9161989018371881,0.00041377184704043633,-0.00017436303949270424,0.00019815515759566144,0.3326067385889048,0.8260901196525025,0.1153126524345242,0.8641518803903885
1615,0.4995045879683872,0.10181709627346025,0.9826745007901763,0.002452263214437261,0.0014967883793543285,0.10093604369901969,0.33438637705831176,0.8717403085653345,0.1758289567704231,0.8625457269003854
1616,0.5011553990514953,0.10298962646241774,0.9645008917201922,0.0009488427269862672,-0.0006874508119081082,0.0006664048058701442,0.3330215784583916,0.8710518857011962,0.37178517188429444,0.8624641651945256
1617,0.4990923181604667,0.10415956486541404,0.9632811009258384,-0.0008647677363859301,-0.0002872385791778617,-0.0019401778965002356,0.33275601141362043,0.883480159283477,0.27011572823066193,0.8627390288882922
1618,0.4994498933234122,0.10337646389528042,0.9876878463314461,0.0009232579850973772,-0.0016067038786060964,0.09969218473881605,0.3335819898078972,0.8982055778987372,0.2092175113223038,0.8182877911757297
1619,0.501279084536851,0.10297459093364351,0.9868778572777873,0.0004640454697291893,8.558894270532955e-05,0.19820094088695664,0.3328266541164397,0.8646830053946335,0.3519848030595126,0.8402433846283297
1620,0.8328867622996026,0.10271686301022291,0.9785530865276115,-0.00011251736511147502,0.0005177592327222059,0.0001122258975317939,0.5569270376091405,0.8372304678421392,0.09333115489549115,0.8860007509078203
1621,0.8318146085597982,0.10442997710670152,0.9839362696552528,-0.0005734004425477996,-5.2176164575216515e-05,0.0999994557953296,0.5544214694112429,0.8460578274636955,0.09582330963652154,0.8857856610208753
1622,0.49964883895695306,0.10087107135913104,0.9432205263858947,0.0016075012556080906,-0.0001578314941759818,0.0005066285523877863,0.33203557046070453,0.7173897401543259,0.17080908201546016,0.8634693754519227
1623,0.8360464926500363,0.10246036033403477,0.9497879831617362,-0.0003006116991096921,-0.0010095348127426727,-0.00011547622507990574,0.5548202059284131,0.7670035657586466,0.11462715383567527,0.8865887754328331
1624,0.4987531208586342,0.10295173365290602,0.96510522152062,-0.001037427116635875,-1.492210939389319e-05,0.0013739780749961632,0.3318210279895988,0.8991272192254762,0.17844106164543055,0.8649436712937115
1625,0.49944003772737094,0.10223004708662432,0.9647941044765121,0.0002802440008546895,0.0013041395374977349,-0.0019350070602722259,0.3323871297310853,0.8979948995218937,0.17391824466730832,0.8421699088428042
1626,0.49986154744751043,0.10190184343368378,0.9541124401122957,-0.0013659874518538243,9.485374090488002e-05,-0.00020929003912872277,0.33296573945215724,0.8907361904376094,0.20893691262117584,0.8866077820685232
1627,0.49949069112758787,0.10188163995955543,0.9131660859403303,0.0012628719180637078,0.0002459098331177809,0.0003083534297909989,0.33382510100546997,0.8556801497478669,0.03806374615488327,0.8866313784903187
1628,0.49885752025957264,0.10300692684813326,0.9739911163360547,-0.0006031962245074725,0.0011568032178369252,-0.0006219504850314925,0.33355203564336233,0.8276053038267343,0.13497875884301327,0.8396489040444676
1629,0.5002055110143,0.10286975430051441,0.9299195104439216,-0.0002819580375099013,0.0014494564927763356,0.0009875677526234683,0.33511133924263126,0.8038172368460914,0.14027279881251972,0.8628799388892813
1630,0.49934401477002766,0.10368123273393992,0.9277118998629652,0.0007931692133731524,-0.0013577511539003757,0.0002405258346104586,0.3337934147321405,0.7626094809113121,0.07825505780861038,0.8405064307893125
1631,0.5002935060995136,0.1018425589856091,0.9438314466082162,0.0011940556965453512,-7.675444975013896e-05,-0.0006838188997077309,0.3343143883893354,0.7889427785476829,0.22309176465269828,0.8193733562422185
1632,0.500190648459756,0.10277571750022699,0.9361815320237287,-0.0005931058922973213,-0.0002527579074705069,0.0010301006845487707,0.3342211951281544,0.8463192022651267,0.25961486447484167,0.8653941914959223
1633,0.4999952090981968,0.10228610206114548,0.9578668117088895,0.0007804294755263269,0.0008818156869222365,0.0009331582959511382,0.33355231848351485,0.8731563321812682,0.16175284790776503,0.8618350226515051
1634,0.5006345575845613,0.10147836204275804,0.9398576155817011,-0.0009413136935844777,-0.0005855228253269169,-0.0016845248567870566,0.332383495937197,0.8961323525176669,0.31561906886542945,0.886389924338395
1635,0.5007416958581083,0.10399797160452033,0.9655865325969234,0.0009028714069680332,-0.0020522776943174273,-3.75474369101403e-05,0.33321927604556545,0.9028316435543051,0.29394372986391404,0.8635557785518079
1636,0.5009620082489785,0.1030215778772371,0.9736045453934941,0.0022041916169921296,-0.0018407265373435267,-0.0010686329709057507,0.3344925294205009,0.9099204598572951,0.2390441405675675,0.8638734505031442
1637,0.49743320305774164,0.10318906247736191,0.95817654929391,-0.0013091250625853707,-0.0002220235308261847,0.00031130808314615505,0.33321802106570764,0.9066118346840668,0.23081259840258697,0.8642136782032707
1638,0.5017034418127115,0.10217520907607706,0.9164787462672843,0.0010143856291613433,-0.0006553736805816562,-0.0014949371693124846,0.3325880379696147,0.8751083811462906,0.24095230670488657,0.8853936167187646
1639,0.5003200194719661,0.10209519521824563,0.9314043229761123,-0.0010696035229665103,0.0007698768319955865,0.0006414308243672516,0.33432781808892603,0.8295266324675741,0.21224178295451554,0.8641466420330317
1640,0.4993025863166027,0.10193799732526543,0.9516558456443593,-0.0006484171613401022,-0.0006599607518816398,0.0019860773714779393,0.334925300498636,0.8811943517265206,0.2485376949810665,0.8419540389670678
1641,0.49860608708636667,0.10352237220117873,0.9741992991798887,0.0002306606299933722,-0.002233541450092881,-0.000694784607968222,0.3341066259229219,0.8807092493003095,0.22363576557641865,0.8850920731809427
1642,0.5005519857525096,0.10326384481135097,0.9779275674231475,-0.000631281213752215,0.0007514420684518021,0.0009564584819392463,0.33408691991704903,0.9190161166671017,0.2162339925354976,0.863391242353623
1643,0.4999904932155402,0.10307006280994217,0.9842389260385347,0.000820026643264088,-0.00044631563689509366,0.09922733979551983,0.3325732951184589,0.9073575053682079,0.1922755907557133,0.8410369482265174
1644,0.5015231055138282,0.10209094155866202,0.9553315183534782,0.0005477381536332046,0.0008832914382982835,0.0007275123540121764,0.3352180772943632,0.8535454425793377,0.23879430955394776,0.8403721575608782
1645,0.5000228203529625,0.10135140874625269,0.9699890848827838,0.000758089050270851,0.00033967848027236566,-0.0009827401398172892,0.33406095628185745,0.8843802687449506,0.27778647183409333,0.8646457268051498
1646,0.4979681955746864,0.10141575710836431,0.9707726883565616,0.0012183023122255012,0.3326413840399772,-0.0004318293261585389,0.3352230071985315,0.8835664157305632,0.2525232052694269,0.8854051058341468
1647,0.4997279047512613,0.10233083317560952,0.952558142483902,-0.001806297302767337,0.0012223367572273673,-0.0005182995908858618,0.33099884283568975,0.8716528839753208,0.29668944980388584,0.9092577837039303
1648,0.5016016893529991,0.10352285160724868,0.9375607286236793,-0.0011067736527446842,0.001716704664997678,-9.053406865030985e-05,0.3314815524289503,0.8673671883988608,0.1231364748091913,0.8619725008297632
1649,0.49886378113681135,0.10318121159460081,0.9168362742847053,-0.0016108373477548897,-0.0006947097831749923,-0.0013603823905167633,0.33284863376408275,0.8357705399569252,0.17509910802945533,0.8638073624786783
1650,0.5013052684865522,0.10488022482464471,0.9648279629616335,0.00025882542028269495,-0.00034803720289823444,0.0002869529181286847,0.33235415074281066,0.8476420070042733,0.35831666819985414,0.8630171213229711
1651,0.49876804661621205,0.10296012348340448,0.9689784737328154,-7.346366226534213e-06,0.000749545292468334,-0.001065016094036612,0.3318399920318453,0.825181819726892,0.1484051441770021,0.8417847958845048
1652,0.4999520342735259,0.10185895281193605,0.9328525332502565,0.00035287960493075854,-0.00016727794420004808,0.00034649801590444805,0.33372706767112004,0.8543665565502414,0.042509845383004084,0.8859849219859579
1653,0.49910691910453114,0.10158413814282778,0.9174263934129862,-0.0013387688388037703,-0.0001895886066180389,0.0017518774086890496,0.33266911297773444,0.8567765185695989,0.07475358717912471,0.8882915367437035
1654,0.5006633450008033,0.10266716507078973,0.9419037488889082,-0.0003272403888821118,-0.0008715447750622824,0.001019966362596295,0.3326650790801084,0.8883111897294701,0.29602538570953973,0.885559670840553
1655,0.49827992615169026,0.10242163531397255,0.8867066234256046,-0.0019074889270214734,0.0011094085261692055,-6.454001695924697e-05,0.3337408432569591,0.8507049732805526,0.16753863975472316,0.8864473355902843
1656,0.5011573637902863,0.10204966194865331,0.9619215664351097,-9.603187075973751e-05,-0.00022258257308574678,-0.000610098323011733,0.3324806452536864,0.8666863203873668,0.1169706065543956,0.8402250652727785
1657,0.4976089021807082,0.1030125494125053,0.9695814416817964,0.0002870992234014086,0.0005756137955724757,0.0004646902167528236,0.3323212575577768,0.873740701635477,0.1259283154980771,0.8395633774313844
1658,0.4997747868843552,0.10238807413246381,0.9480791119296664,0.000796029503933641,-0.0016886676089984327,-0.002235579042381813,0.3319187051361514,0.759552555848179,0.08809837089941489,0.8184158051212423
1659,0.4973923869435131,0.10181591631559496,0.9369719421156248,0.0018721896675657182,0.00033151016723378187,-0.000872423841404703,0.33217659107023206,0.7527623304586205,0.2218196236875851,0.8393884067429781
1660,0.8342609874811973,0.10310963635628852,0.9649247240405308,0.0008686782988485338,-0.0014980543727708122,-0.00044728213615640236,0.5564293017944293,0.8540305632481534,0.1575333419084304,0.8880308413687005
1661,0.49807991661678347,0.10305782479834244,0.9729018567617658,0.0010030525809981007,-0.0010983838617569072,-0.0007094224149653911,0.3345859940615391,0.8925563594316792,0.18484738478935758,0.8635817787807459
1662,0.4998758378384564,0.10240367382522232,0.9723562386037706,-0.0006739094259847914,0.0004154851714111072,0.0006685904951483058,0.3343296598829825,0.8828890077822282,0.22840964692569046,0.8635368757329334
1663,0.8340652322618367,0.10370686594050708,0.9735891399862876,-0.00047071384935771615,-0.001921156559392333,0.00029971752290275583,0.5545941464724173,0.8907090903580167,0.10585484121349004,0.8846793574721035
1664,0.4990314614072039,0.10378206182114905,0.9349186722646118,-0.000662543494262491,0.0019134552520020652,-0.0007544363090115127,0.3330183673191821,0.7414033036655503,0.2069834678307779,0.8853475002286165
1665,0.49977900341727555,0.10348340318744531,0.9352788860003707,-0.000729800754441099,-0.00047197433608976643,0.00177810007227866,0.3327855486769188,0.7741188373383096,0.25206850195720215,0.8392517455279251
1666,0.498564094452467,0.10228090813337495,0.9529542051819546,-0.0007905020605027597,-0.0007782053552205852,0.0001232181816237453,0.3327040601930372,0.7810145556973809,0.20169231823416983,0.8621843093423907
1667,0.49980366954709193,0.10126492320852144,0.9462054056455305,0.0017793032355411904,0.000579251587320265,0.0006508138746679657,0.3316912236851888,0.7707718701127486,0.14167955320916306,0.8615567639238622
1668,0.4988911657298839,0.10203607078716158,0.9823346533582948,-0.0006425403028768438,0.0003490296705566748,0.0006162283088570445,0.3329017512676183,0.918976926794014,0.1596718928871029,0.8621048305351828
1669,0.4985177828713212,0.0993911048173496,0.9897982236727392,-0.0021322627616055544,0.0017288874757527687,0.09977722638210486,0.3331222304701463,0.9291500868178677,0.3363721804985464,0.8623768929480953
1670,0.5008244637061772,0.10144939918898223,0.9341448958752346,-0.0013305879325081003,0.000793371311161179,-0.0010037795303250534,0.3337189839602119,0.8518359915833086,0.05311996867551001,0.8862514602402614
1671,0.5000902743401533,0.10494040517855595,0.9359433315669935,-0.001298071059268413,0.0010780620892824504,0.00014773136861413638,0.33171918450634114,0.8672537548713068,0.1000741496352249,0.8850591186543444
1672,0.4985888675855298,0.10170755136690444,0.9426727536024512,-0.00027749101440268487,-0.0008317913130114388,-7.994950236778317e-05,0.3323239389442399,0.793530594987444,0.04888618855937392,0.8416917784207848
1673,0.4990253101267715,0.10154238128398968,0.9429067097737084,-0.0011109598524086516,-0.0014752429815978352,0.00018538802148469795,0.3341492234847269,0.7762924744907976,0.11125251526629287,0.8411905868782645
1674,0.5006295075732723,0.10158481645253485,0.9508555356765477,-0.00047556616583511167,0.0012299516479165583,9.455022143034501e-05,0.3336054546308029,0.8022368267017204,0.21277653444404004,0.8401585299867491
1675,0.49826218085560603,0.10214821183173926,0.9704292481539728,-0.0010142365688479574,-0.0002285814983756091,3.168039554144737e-05,0.33374253386063235,0.852098681395148,0.3271479244487382,0.8406790619494935
1676,0.5008945918536118,0.10200110808809841,0.9878673834298098,0.0012813653022448158,-0.0004010297959757712,0.2010085665941859,0.33303197997777495,0.8740279838341346,0.26451162220683416,0.8400278358878801
1677,0.501222735497771,0.10312775665037018,0.9893435581590369,0.0002802058888720028,9.810593779820091e-06,0.19970988406094858,0.3347746016165558,0.8984428839020906,0.22475504668662605,0.8627728455665453
1678,0.5002790220560719,0.10299032241089276,0.9509788831473671,2.9730069388878068e-05,-0.00011790784217651956,-0.00027345524625537387,0.33341434518682456,0.8842992257455635,0.34770680442145585,0.8642937663381293
1679,0.4997312488907451,0.10416386859702377,0.9379963502572597,-0.0006907391148219926,-0.0010381268300898344,-0.0012096848399053377,0.33504194224640554,0.8659726459315412,0.39730734600776146,0.8633258964417874
1680,0.5011093165732583,0.10220800740416638,0.8818875515023026,-0.0009909336808289443,0.00040343315047948984,0.0004295157957101409,0.33340883074861294,0.8632161592908707,0.08859261811431345,0.8870033150384318
1681,0.49983988533658413,0.10266792129320153,0.9124589587334156,0.0010243403479219266,0.0003381542645192969,0.0013220587909688359,0.33191281310949977,0.8348552875263775,0.28293827840056657,0.8637658099026123
1682,0.49878225778734653,0.10039067982623052,0.9462941552708104,-3.2929941435411665e-06,0.00043159075852688923,-0.000628881793661804,0.3318865128282378,0.8531052184554041,0.2132537406195772,0.8648425507668891
1683,0.5008472988977826,0.10246639866716963,0.9097895453337089,-0.0005291059994850174,-0.002282593778142229,-0.0003602608158504173,0.33278348546477005,0.820167426457525,0.18086663986167922,0.8634706238373692
1684,0.5002959607143451,0.1013213051803975,0.9586000045183003,0.00046630122349769856,5.4876999321070035e-05,0.001478530794968007,0.3324302392712074,0.8751156962197705,0.23863630007605452,0.9092447631590754
1685,0.49966839565573684,0.10208250591605328,0.9376688081692353,-1.631292218103715e-05,0.0016017536581110555,-0.0010496844071519863,0.33339106972463495,0.879702752080834,0.16494531592542178,0.9097172634578793
1686,0.500599815008932,0.1022535411763814,0.878744435037023,-0.0012711201890647323,-0.0006163111547488332,0.0017707490277390659,0.3324523281587082,0.8535389475041179,0.16522769022871694,0.8850755074146696
1687,0.5011746604547396,0.10226476258636619,0.9553783854909014,-0.00017411834070329692,-0.0009570147747480881,-0.0011839314119887058,0.33544189378602685,0.887147343940901,0.20132331861478323,0.9102413038051246
1688,0.4988572637190919,0.10136533008879209,0.9564684947593901,-0.0004559102846975675,0.0002845344566413216,0.000286535964700312,0.3340246472886595,0.8681040984079674,0.14541800518415335,0.8614526912996255
1689,0.49962521013478994,0.10042069857355199,0.9610214412636296,0.00045885489335172264,-0.000660308772446787,0.00038279316078664163,0.3333213204273558,0.8637955757870304,0.21132572401590896,0.8856984137167495
1690,0.8321205390941827,0.10286128151595124,0.9859256504723476,0.0010462845309173999,-0.0005100892127595381,0.09940886245297947,0.5553070988072449,0.8730630826409633,0.15356514086249043,0.9080402384460678
1691,0.8334080781783433,0.10399478882434439,0.9777232235049372,0.0021885559832520458,0.000973401834355542,1.2218926882803904e-05,0.5550044095669098,0.8693129013870622,0.1478800671579728,0.9102375358156862
1692,0.5001755827144168,0.10348659670938914,0.9596731832734227,-0.0006001215883395446,-0.0004557827121731917,0.0017189200705227073,0.3320989414537297,0.8846559491383214,0.28231620430463317,0.863727661032135
1693,0.4988844877565603,0.10060562977279625,0.9625460640795471,0.0005941698535209749,-0.0005589185169099835,-0.0019685941294881274,0.3334840180801651,0.8804959084724365,0.305526469797387,0.8656302780749041
1694,0.5003465983815681,0.10282143761332778,0.9828540404462821,-0.0005364442864968281,0.0007576833575699618,0.0010158737133767418,0.33362200695290345,0.8716228920008792,0.2613416454598436,0.8629273228859519
1695,0.49920315450805536,0.10431185589606885,0.9165294825499177,-0.0007928338393003697,-0.000756608002930078,-0.00015319526587454716,0.33339592844146826,0.8384541006829757,0.12584314579140796,0.862872989335504
1696,0.5015095149416673,0.10418541316592592,0.9083783790690502,0.0009334322049096032,-0.0007240612868016422,-0.0005304526246613595,0.33312538723013946,0.8414876189118446,0.12732477013425653,0.9095873654486611
1697,0.5023960957361921,0.10204293801867102,0.9063384078407039,-3.292211036935085e-05,-0.0015969924952588656,0.002055917637199625,0.33032943362655387,0.835020317663006,0.11045989316715027,0.9099015992600221
1698,0.5002115249924234,0.10179367819688012,0.9762980937446627,0.0005029073435473872,-0.0009890819751573912,0.0011443815298639766,0.33460734478334253,0.8836951820758496,0.17365212949590234,0.9088710763424769
1699,0.49851067451354925,0.10154725770594955,0.9605349615460973,-0.0011328695077151938,0.001959680872054256,0.0001803741037735726,0.33440394199530943,0.8836751297682953,0.2145933320350024,0.8866330677167326
1700,0.4993219381077288,0.10272559947046904,0.9494974106133358,-0.0006142129512737207,-0.0008338079816448649,0.0005186623894640334,0.3349014583236699,0.7981375665179746,0.1371438901672916,0.841341253474206
1701,0.49897835187068773,0.10255733520472217,0.943985050564957,0.00016197449944855468,0.0012051422129439673,0.000333265845910456,0.3319629472334178,0.8317391207717673,0.1956035054339565,0.8416722275815758
1702,0.5012457146802423,0.10147784665135262,0.9398989942150349,-0.0005998634150295184,-0.0011438380374829216,-0.0010610932688288391,0.3325038189585557,0.7885973455729198,0.04473927331489821,0.8422335786432685
1703,0.49857760221249203,0.10278982618852024,0.9312929054555564,0.0005507239529554194,0.0017302775102659102,0.0002375995377955887,0.3320330520646279,0.7590132348085005,0.2646274597946935,0.8416496676803092
1704,0.8334390075520862,0.1029712971491335,0.9710417670334688,0.0011422851456931804,-0.001120450465292415,0.002291586039587863,0.5558523388896942,0.8517907687938268,0.10161564226595476,0.8854906554175221
1705,0.4989757923025344,0.10051546265529805,0.9695231854162685,-0.001293787709303067,-0.0011172672253462954,0.001171711011790309,0.33415969963971137,0.8587378707153166,0.2807580112029174,0.8635139332007963
1706,0.8356647780468537,0.10149373019118409,0.9694812050377576,4.316642991643783e-05,-0.0006472234232824486,-0.0008903838614810289,0.5562793897277678,0.8589428869002306,0.10846071146653988,0.8870134107137891
1707,0.5006918463028002,0.10280984597177269,0.9787696319769476,0.00017870364920589727,0.0005505292534527127,0.0004254216049306194,0.333703729670445,0.8863364984638894,0.2685715426830658,0.8654987671379355
1708,0.49986147620433496,0.10230390106936443,0.9455203903802412,0.0013839803857202823,-0.0012537536967623822,-0.0009366160234908885,0.3313803225381979,0.7654937555040969,0.103021406115748,0.8637656936514004
1709,0.834201170865661,0.10270911651055163,0.9465265435872872,-3.903558972987974e-05,-5.685151025395366e-06,0.0013410992158452788,0.5552020470615169,0.7313958457192089,0.1722509019091472,0.8859369392738332
1710,0.5001567503213556,0.10292854830534727,0.9537466090828887,0.0003055882919495909,-0.0008883932675438384,4.9019942349108766e-05,0.3328734369550482,0.7886764717809973,0.170941582899446,0.8855844509608252
1711,0.49958987229727975,0.1042218385163128,0.9546976597903691,0.0008138741450920869,0.0004180009298742489,-0.0029473024977235323,0.33346442199341675,0.7659903997903521,0.23453231560402016,0.8622185074775115
1712,0.500080065777392,0.10227568100599074,0.965266699589074,0.00032066554937100765,0.000703104137519347,-0.0009260641700326677,0.33318889586536565,0.8864572954515225,0.03266992894521896,0.8403589374490948
1713,0.5011065730680242,0.10267479818133146,0.9736550312811872,0.0005684219259375306,0.0005768554355883359,0.0016913105227722516,0.33310152705582324,0.8993989285774353,0.19401964320064036,0.8414941328812174
1714,0.4986193007162072,0.10252630179851295,0.9657975215058868,-0.0003615578640080012,-0.0001637190381009742,-7.573573240567585e-05,0.3336587340600264,0.898117596724462,0.2610932021453561,0.8644117034478699
1715,0.5009103524754863,0.10161831824216797,0.9235800245321746,3.036608761149488e-05,0.0004614854683987656,0.0017328396784631178,0.3329518279671167,0.863655577858542,0.26041048608407835,0.886149439067777
1716,0.5002774860966029,0.10204752254222113,0.8812384258801399,0.0001795077601075241,0.0014510366371418154,0.0002968821746417655,0.3343420524429237,0.8652513937217223,0.10642155984787884,0.8867559595287317
1717,0.50058821138766,0.10187117781550672,0.9121122715152509,0.0017701779842197694,0.0023852126145457392,0.0008659035227225147,0.33129844705491185,0.8780400302566297,0.1863186599502952,0.8864235441975846
1718,0.4987524326897074,0.10112344591491136,0.8892296276539993,-0.00017984290741474937,-0.001072217042910111,-0.0005155597127189793,0.3339512808858595,0.8602920905445561,0.17346093377376018,0.8876502443694392
1719,0.5013500858274733,0.10251193451587268,0.9144924233699739,0.002106211900492775,0.001543252378936049,0.0012780269166910712,0.33570038480309583,0.8642179687879297,0.16428061748117812,0.8865267208144434
1720,0.5003255053480394,0.10317551663188901,0.9438273772352271,-0.00021837220110435432,0.0004025341746258346,-0.0005990078392068591,0.33108454098042045,0.8514014911364339,0.2747927366484451,0.8416142685623664
1721,0.5006210426039751,0.10364188539767585,0.9749552752220466,0.0004348370165949504,-0.0009478621641225384,-0.00034888376002801196,0.3320304599217103,0.8433087751940531,0.2958076867621248,0.8408855485850432
1722,0.4997697488893575,0.10229513576865329,0.9825163082192535,-1.2816931559275424e-05,0.0017476004450480596,-5.90404208339361e-05,0.3341455627021607,0.8604061645144035,0.13642872605415338,0.8196112188687483
1723,0.500062093989374,0.10304891024777668,0.9905094554091877,-0.0010615121612617972,-5.672753467488158e-05,0.10117966840164602,0.3331870755043773,0.8882806605054095,0.41381501787238956,0.8187484538872263
1724,0.49974867058270156,0.10086107611022241,0.9445374238448596,3.820937169550828e-05,-0.0004157322840357019,-0.00011834571364448952,0.33408313443467585,0.7796352260918886,0.27120326779539816,0.8413750995485075
1725,0.5004602216129409,0.10177935967766939,0.9330019808924901,-0.001835412314296651,5.6755602689402225e-05,0.0001888728945432742,0.33374478708557437,0.7826766145201206,0.04867273361164438,0.8407127512911642
1726,0.49977365953096714,0.10193545563932285,0.9610071759943248,-0.0012566474508787233,0.00018362455009878482,-0.0016001754367203607,0.33432586814344833,0.784825860912152,0.18685974266585675,0.8394093910698206
1727,0.5003279793207981,0.10008120983952311,0.9571108584680202,0.00017601115587401048,0.00016433423747381468,-0.00020656169525304875,0.33218718858548124,0.7693433716523975,0.22620476509558882,0.8422604931982971
1728,0.4996331702062927,0.10187133841776749,0.97350556360094,-0.0004211779963893612,-0.0014728809890700563,0.00011705883699561843,0.3335810437163767,0.8354108871545776,0.3253911492659037,0.840002814112083
1729,0.5000975754177035,0.1029354896321044,0.9913012030539606,-0.001383908405997088,3.021720437354943e-05,0.20033286358303923,0.33179800563206524,0.9049723464372976,0.4750080706361184,0.8630877553073066
1730,0.49866503764624,0.10260550429730883,0.94291429126192,0.0002413725447716677,0.0006776503576646463,0.0003900802526285092,0.3335469079730979,0.8328109638285359,0.23956518199512367,0.8639832353273784
1731,0.49875758432788553,0.10103064046987617,0.9763160071719512,0.000490525431178106,0.0002722556797748496,-0.0015269693839309148,0.33478609908715057,0.8691160573728378,0.2943475752640461,0.865300167166412
1732,0.49989118718742814,0.10242086942342138,0.9366656803412174,-0.0001194165073342943,-0.001121964754261242,0.0001092411404326901,0.3323119113207984,0.8739451866313889,0.24071383641993982,0.887467550075141
1733,0.4994773413963082,0.10132513347376015,0.8830051108293195,0.00011351200207130802,0.0009214324556468711,0.0002792558958436363,0.3343376530168236,0.8494296099032252,0.20574592622751076,0.8860861119950377
1734,0.4998215770409351,0.1001479756043997,0.9693380381832633,-0.0005677658313968451,0.0004227176912869454,-0.0006254037296144758,0.3331447660102181,0.8954480215216294,0.3351743103293242,0.8868780534527582
1735,0.5004037435976398,0.10246737595451048,0.9696283973251961,-0.0005854266127161013,0.0005049767991773527,-0.0003845396039024657,0.33419329010759946,0.9009385437640912,0.37822480319362406,0.8640738542867099
1736,0.5001182100223052,0.10417511925620997,0.9480840129710529,0.0009225004906786885,-0.0013396709502920925,0.0012709398645202937,0.33486698056207054,0.8873834680361518,0.12720940312035733,0.8643902063318208
1737,0.50053556297325,0.1033224129724803,0.9575510386445999,-6.394152144994502e-05,1.839276675926082e-05,-0.0009968944554087737,0.3337144698001286,0.8914776955527679,0.11739785117755096,0.8622261008853994
1738,0.5021062768997498,0.1035546630630602,0.9545609269403564,0.00021473571226134143,-0.0016819359481079284,-0.0003907430889046226,0.3330561780917236,0.902812638205859,0.22380844765456667,0.8855108899791875
1739,0.49892094547404264,0.10400972167244382,0.9682629999658376,0.000786137460136929,0.00011683857231157103,0.00036431000379556506,0.33603227755551046,0.9155499176313764,0.2147087275163757,0.8639728774618189
1740,0.5010320999979102,0.10265212503568964,0.973476413567398,-0.00029993437588486926,0.00021053900931916803,0.0021444835626194475,0.33162935677887007,0.9060098239759958,0.23753349218344522,0.885523725556136
1741,0.49877940258756687,0.10271109858367804,0.9491741020423242,-0.00014610948558904272,0.001408393972789747,0.0006869428177377865,0.33243430946085745,0.8812313407459965,0.1849404002334607,0.8633692838694014
1742,0.501156666816941,0.10330582324588433,0.9806281831501897,-0.0004305462404225344,-1.7109707512707632e-05,-6.284196388763405e-05,0.33339963482869284,0.8731975007067729,0.251491861979747,0.8625854534011137
1743,0.5008804763151085,0.10248501138399438,0.9836824420824507,-0.0007807059101323575,-9.686755447197245e-05,0.0015518918947228187,0.3335685831862082,0.9022275889440126,0.2537207235132329,0.863069104329876
1744,0.5001935274722188,0.1018868304574216,0.9469721834141734,-0.0004237045867100262,0.000930496381421787,0.00036017704726056736,0.3344731654984595,0.8965810565319265,0.07029137101388673,0.8875067572424041
1745,0.5005959520241935,0.10146284364821309,0.9455357126515639,0.0013327112787961562,0.0010134857034214645,-0.00012030417980557763,0.33328665194901874,0.8964886665281874,0.07079884750753904,0.8869249383409438
1746,0.4994700085232903,0.1033259886012712,0.9381999968452852,-0.0032560711908365026,-0.00030032271884389766,0.0006776268911682604,0.33364118798199743,0.8814025625402572,0.21345560502205246,0.9067684338548411
1747,0.5005370353072724,0.10264293180660945,0.9788745088241484,-0.000203794262459159,-0.00013118769040759001,0.00022265127459585894,0.3333335291722636,0.8979971720877582,0.3108243013604342,0.888044743184467
1748,0.5005574436661544,0.10315336728542203,0.9786610865977247,-0.00013949987472377593,0.0003191196184180862,-0.0010781399889391219,0.33513324713040427,0.9105154875023316,0.11448139485767553,0.8636602514291916
1749,0.4992948390769814,0.10437463356084946,0.9755174532648279,0.0017143688786851886,-0.0011984071922225895,-0.00017981415464716008,0.33381895824579194,0.9081620927061217,0.18815077684401474,0.8632929357507426
1750,0.5009792081083526,0.10140110127058158,0.9744614426044204,0.0006881833008376045,0.0003378117347252707,0.0006607938771319375,0.3340618779444486,0.8972297823105468,0.29043164311194397,0.8409441670178301
1751,0.5012637046940401,0.10152917309295523,0.9664446826316323,0.0003106483595515203,-0.001994533415752187,0.0008585008081173631,0.3319308026020713,0.8824684771761799,0.08891153137015148,0.8405672622642448
1752,0.5012487493163298,0.10328590711600867,0.9578940204907556,0.0019980475318999223,-2.0668383103445766e-05,0.0012513396639882606,0.3320359650265916,0.8784631710811001,0.18302323548003113,0.8633925986930588
1753,0.5007232734140395,0.1028427205269213,0.9541632766438725,0.001022525344522433,-0.0007117734504804509,0.000899671482539823,0.3345215217419945,0.8607077973018857,0.2053346388114771,0.8633892307724448
1754,0.5007250773704071,0.10314076670316658,0.9552766041777541,0.00038874229768160726,0.000492876379839796,0.001072344895947168,0.33329820161999996,0.860423844374935,0.2461957484188441,0.8628895080311515
1755,0.498223679360277,0.10208636179654822,0.8958714636357896,0.0009566121938117177,0.0014210654480745293,-0.0017916259297100989,0.33488132946654,0.8575591055682501,0.19084029759452403,0.8637027679954624
1756,0.49984232347979674,0.10004364782731186,0.9714330378661193,0.0015278246264732707,0.0011064727051248058,0.0009094211826915899,0.33214126465465194,0.8802737668122663,0.20750915072714307,0.8648269759380267
1757,0.5002312434456792,0.10263293576354161,0.9824822016663309,0.001933117894879197,0.0007698834453516375,0.00019738690914728455,0.33258092065808054,0.9100099805032892,0.26299295312179183,0.8640326676946388
1758,0.4990679041011879,0.10337183464691684,0.8842419407704647,-0.0008221739659298245,-0.0021514727863603043,-0.0007299976839056296,0.33528655257612305,0.8378936251199111,0.2517288800573545,0.885244172352005
1759,0.49921619546312046,0.10360598402660005,0.9378363215525473,0.00047444652439022683,-0.0007692184226687478,-7.761479527419232e-05,0.33323067923795396,0.8702231769681245,0.2807446356366091,0.8852692638051434
1760,0.49961124682847186,0.1032970465180614,0.9332282645079337,0.0006404815031724778,0.0013777629893315503,0.0010645619626945442,0.3332473404299983,0.8533344278765215,0.11572687607271902,0.8645259560711016
1761,0.49904564747415603,0.10189843477497924,0.9689024440782911,0.0011781228801541978,-0.002616927926118585,0.0008147566138244772,0.3344286422390235,0.8841611898181532,0.20981435348303779,0.885378471517851
1762,0.5002370039602807,0.10343352532412287,0.8647683058126715,0.0003166976919332816,0.0006403107112218939,0.0002484894316030763,0.3331096244592287,0.8593109754308426,0.21652113713309865,0.886791900808969
1763,0.5007470129015564,0.10270789728551381,0.9327335244716007,0.0014317016808706136,0.0019912668350988167,-0.0009102667406626479,0.3325942926562036,0.8675087761859993,0.12405409922106478,0.8627449542535506
1764,0.4997749260205452,0.10046533605736321,0.9503469900930168,-0.0005928374322664464,0.0002835049400982569,0.00024084018030086295,0.3325420971506132,0.8664068591355574,0.2911828721867266,0.863768115095628
1765,0.5011850058974072,0.10102772598415764,0.9746418082176589,-0.000911784581283006,0.0009543628078527393,-0.0005080406585413786,0.3322442548096326,0.8784139535169326,0.2881636857684451,0.8864413860657319
1766,0.4995376221055844,0.10257217515272246,0.9520677845108042,-0.00078060758368189,-4.086766864509406e-05,0.0010727447667512413,0.33125314023062474,0.8947690072883366,0.26175622802394116,0.8870129322993989
1767,0.49940208790451807,0.10447105196446692,0.9485130559703464,0.00021893759224520489,7.559536342273941e-05,0.001280141367287159,0.3322697259088834,0.8301364879295976,0.23704825542943644,0.8413437435181097
1768,0.49916497967934703,0.10287946113561416,0.9225700302321718,-0.000668356352499632,0.000137048756797874,-0.001540606967843415,0.33093735523598566,0.8534977116023192,0.0381931638852036,0.8854509275911183
1769,0.5006416593345148,0.10134115022862171,0.9319494660141486,-5.9996763386297494e-05,0.0008641622269040662,0.0012390982439316014,0.3361671054009221,0.851011171826012,0.042020283697101465,0.8850115944249113
1770,0.49874891064651367,0.10164640920119723,0.87035655093282,0.0009348278139700582,0.0006077134324638541,0.0006917474068243687,0.33288463463846485,0.8329346943106972,0.12437236414933321,0.8863007210071493
1771,0.4998078680684946,0.10272280217830045,0.8841196008030908,-0.0015862782281814375,0.0005681066616536,-0.0001589660494459609,0.33516132630303597,0.8371784624322166,0.1249951655469061,0.8866119530201493
1772,0.5006970474858307,0.10262054339539743,0.9648229190026625,-2.7836181837068097e-05,-0.000910578474940034,0.0009991647324087698,0.3344627044170719,0.9115721473599739,0.2505167088381136,0.8861569765074574
1773,0.5003758679453574,0.1017752668315097,0.936478322989277,-0.0005659913756185547,0.0018277415263376966,0.00021001420456098763,0.3332446273154646,0.8877541489009113,0.2376898139133723,0.8866665761507649
1774,0.5002566794005622,0.10086361953823625,0.9081527359851121,-0.0005053742643527986,-0.00011212823553510875,-0.00020137234171229866,0.3341203622738065,0.8586467332219119,0.09920647516195415,0.885505951548158
1775,0.49923382483796896,0.10318624574041349,0.9715261952624851,9.06169806150284e-05,-0.0002780541989094245,0.0005356356201674463,0.3335699776366998,0.909341530451821,0.2644650890763186,0.8878227734630535
1776,0.4993660336715112,0.1031728139558478,0.9572910155237849,0.0016821714660019851,0.00011564579050627647,0.0018157714305004073,0.3341496749075246,0.8779277875122103,0.17233780871418078,0.8648188560601049
1777,0.4984264575822905,0.10225000025887074,0.9510101831849387,0.0010805253949750487,-0.001628942415183125,0.00046985419454139446,0.33233289107844194,0.8716807738733201,0.2606389284794227,0.8646056981169984
1778,0.4993163004913637,0.10332894891553929,0.9341960028991064,-0.0006765929753909996,0.00017323139033949937,-0.000341517374963106,0.3336319596859811,0.852158368311191,0.09144079710971305,0.8643093316401609
1779,0.5008184144800498,0.10146703808279404,0.9316278620761665,3.431928855128792e-05,-0.0009239728589798456,-0.0018247710961163182,0.33201805040296567,0.8556954144583715,0.09172270306416673,0.8631717627081142
1780,0.5009459745204957,0.10217693861048081,0.94207501931646,-0.00016457266585886063,-2.3288322597716618e-05,0.0009537908677317346,0.33242805504036765,0.7364366750289161,0.17004541374354304,0.8636736044813448
1781,0.4993623698067124,0.1025307654158402,0.9377323086667423,-0.002189297295871092,2.309699307983404e-05,-0.0018119414982413224,0.33352280240369053,0.7494928718458264,0.17072445717456297,0.8396417702659055
1782,0.49900341432823786,0.10131177705382101,0.9335339619160519,-0.0007532478694079641,-0.0003291356487567802,0.0009042454083398249,0.33328047041814524,0.7805793811439518,0.06846473347248104,0.8390051257783308
1783,0.5011927039952199,0.10209828361537117,0.9403838924263981,0.0011205466362147456,-0.0008648993859912837,-0.0021076430911920055,0.33266735324168245,0.7775962381174167,0.07937523220462815,0.840198026492609
1784,0.49786615036299176,0.10242548453929116,0.9712122987548459,-0.00041096444193664867,0.001103785671540263,-0.0010155936075182594,0.33545870520918913,0.8871604190847716,0.4117349087987728,0.8649044203610353
1785,0.8335855054804424,0.10153381713347759,0.9706671617135391,0.00018162672201288738,0.0003183406854795216,0.0011070329313624871,0.555128530061564,0.8772770637361641,0.09996461499976392,0.8875177143492253
1786,0.5011389728164366,0.10209308742378524,0.8880686519791253,-0.0010469558869264707,0.001462033248787919,-0.002121404127888088,0.33403084978943703,0.8430171481893398,0.21316883758548644,0.8866065651565871
1787,0.4996219746796225,0.10031259377765192,0.9183376873148601,0.0010529548377892362,-0.0012074425503929495,-0.0007978661621060785,0.33420724966881477,0.8664965716589822,0.10785087966646424,0.8849862548394749
1788,0.5002648988819708,0.10176772731184208,0.9734541671586131,0.001960392736780208,0.000600384959099035,-0.000540208234703474,0.33412071640067587,0.8817008504405748,0.41536923621930405,0.8638402254856379
1789,0.5001274563193931,0.10176750911210708,0.9777632876817142,0.0008956095078013849,0.0013117564173147863,3.7704936548462965e-05,0.33297058307538036,0.8914138084604698,0.26774094989351427,0.8640824376356598
1790,0.5001138237220188,0.10164004771118157,0.9485600066838672,-0.0013064452454253665,-0.0018713441891924517,0.002671600197468131,0.33192997017883474,0.8574871947795624,0.13502779058904132,0.8618048045741266
1791,0.4993174437391982,0.10358554009766097,0.9843820341360168,0.0005517021579165102,6.992421871682109e-05,0.10013788804791547,0.33279541253629685,0.8972758689005559,0.2324809668860704,0.8619498162213909
1792,0.49929644329419737,0.10390187869642038,0.9435851480228763,-0.0001808672817999429,0.0012122641985261881,-0.0006905864920599089,0.3323721587526173,0.7657828472827171,0.10844593317011882,0.8629810710231698
1793,0.4994588553210278,0.103140861602476,0.9419993671059068,-0.0008128943524049749,-0.0006264740783077758,-0.0005954184970209558,0.3336702619144434,0.7330139643549709,0.1699760801823823,0.8617361947042261
1794,0.49815686416399974,0.1012960768137545,0.9346236232568591,-0.0026060466593052643,-0.0015792937882072857,0.0015956205440483494,0.3323335436455065,0.7547222756993791,0.09928988321976243,0.863581665794594
1795,0.4992698444791203,0.10149763422801089,0.9458923689787969,0.00040555049691179244,0.00030516516254696605,-0.0004321234845790557,0.3350246756298973,0.7691210171681415,0.1782491523911707,0.8630124620570897
1796,0.4992391421439201,0.10220791745600731,0.9531489421477836,-0.001983295098577122,-0.0004789415041305767,-0.0016134156858482241,0.332912545624396,0.7931034298768229,0.20692804736494597,0.8625927877358188
1797,0.4994020475244666,0.10196729280133006,0.9442985557881931,0.0007399621028193151,0.002328487520846026,-0.001078491635102906,0.33184444373315525,0.7678617295334063,0.19928141979047015,0.8874057244558918
1798,0.49959015747891794,0.10327813303237202,0.9468171800981129,0.0007333678795310794,-0.0006681448632831752,0.0005635864377097079,0.3319435740916849,0.7605375527504653,0.11300287416202211,0.8633112028908434
1799,0.5016042641005389,0.1036568126891008,0.9515383687567551,-0.00016273586031474702,0.0014843019845317976,0.00045549392468932404,0.33456013257172673,0.7754333069016068,0.09599194880224776,0.8174406117125668
1800,0.49947679930132205,0.09795340576362135,0.8976553732704977,0.0006200286910216024,-0.00020097612077196253,0.0005012912070701574,0.3331203223635833,0.8553243376730527,0.030493753818123463,0.9298813454298039
1801,0.5000478774567683,0.09714636486022622,0.6869604524451376,5.1417555374383654e-05,-0.0003897834611609946,0.0007362936808128708,0.33292723504125804,0.7053899143405906,0.10796509718316055,0.910474596364598
1802,0.501771987912542,0.09890989365403323,0.4061458549629316,0.0013376670806851268,-0.0011818188564958949,0.0002433035026709681,0.33284383361801134,0.5492046441825008,0.07708023737229677,0.9078813486212297
1803,0.5013166387866893,0.0968412874345169,0.5806683641709467,-0.001425243797533948,0.0005358949328493681,-0.00017459134137891495,0.3334881855110659,0.6675176430793157,0.021783132990865532,0.9083824732367478
1804,0.500266216091842,0.09826038562790794,0.527387929788018,0.0002052894532387743,0.000257804095457999,-0.0014495838540974448,0.33438309164991437,0.6702933675966041,0.01079317286412861,0.908165709905439
1805,0.501112563959206,0.09834454993734737,0.7646000712182104,-0.0004769556901328396,0.0011872533438368226,-2.997527303949639e-06,0.33256831916652724,0.7316927118717075,0.10883829377235435,0.9071761213402424
1806,0.8327752853737451,0.09761202860095942,0.5575368798368294,0.028473100611765233,0.000640481955605235,-0.0008664098359106547,0.6656534901752503,0.6542443916570002,0.10353952214837878,0.9320579739917265
1807,0.8335072815298138,0.09780136773597352,0.5327654663150623,0.03212458039597247,1.080924836078739e-05,-0.0006018655430947875,0.6673366131116932,0.6757752454104108,0.07003394043121712,0.931203411643447
1808,0.5001587663772437,0.0965682640566265,0.325972590150921,0.00019794415545223642,0.0009308733094481868,-0.0005584871452266914,0.3323597598132462,0.5844342122726877,0.18311660853469092,0.9099817119474691
1809,0.5024117361622948,0.09736402348487427,0.4754160836547405,0.0016079430805894229,-0.0009335448838655228,-0.00017399263528074485,0.3327979410247485,0.6643698808878273,0.06473266300799979,0.9088775479453205
1810,0.49908590196062236,0.09822386042237256,0.479294806539182,-0.0003161472894902009,-0.0002362914070328695,0.0005378752956671746,0.33278231673939,0.6769146210504486,0.021941599584827474,0.9091088129218851
1811,0.4995185027800777,0.09630117905794129,0.32152829678460476,-5.420557673324557e-05,0.0005379223115375117,-0.0002837222194851054,0.3346131098599738,0.6220155566226947,0.05609894698184891,0.9106076831450859
1812,0.4991836695495763,0.09809645787621045,0.5324987055160446,-0.0018653981490957356,0.0003895624584666681,-0.00020082531235792798,0.3315128281929357,0.6998519991569906,0.024118799918720287,0.909065242232559
1813,0.4985491677103142,0.09798563925771446,0.13241176301496618,0.0007371812716193472,0.00044706517869128363,0.00012071028838912884,0.33237198565948495,0.5619978368887413,0.09662972398674109,0.9094467823313451
1814,0.5016526408537244,0.09784822069248864,0.5889566879044571,-0.001136680806222182,-0.0005756509721099154,-0.0012454844130722652,0.33591356104690984,0.7015975511204359,0.1485117879729104,0.9082486555433749
1815,0.500837324738338,0.09838225599063638,0.12441592615492568,0.0004484822150225874,-0.00048796166104870994,-0.0015088204686061373,0.33228011092466797,0.5407009898008166,0.12147913015782533,0.9089300651837597
1816,0.5005316625760514,0.0975133869902049,0.3790037296247284,-0.00016499479207830725,-0.0005145424716818895,0.0008068573196091988,0.3338645003743346,0.5809783281657637,0.03777452867614063,0.9101229533607578
1817,0.8335405778974234,0.09861183391966387,0.6195531219225829,0.029054774034909206,0.3338207222600317,-0.0003205279739668223,0.6658303482911424,0.7646659684034964,0.13676852437217413,0.932162617123956
1818,0.5000960612557127,0.0982359267842321,0.5117927831496083,0.0013075550608469407,0.0008378085803123073,0.0013421553184536953,0.3315956057394312,0.6483825227765321,0.02344875903768033,0.9100809300404682
1819,0.5009628593392761,0.09749582417759889,0.49077806038779587,0.0010040607330008438,-0.0010617801618678351,0.0003252484104894532,0.3325867237753728,0.6461209880209781,0.007122473487984976,0.9086896748540946
1820,0.8325819071265355,0.09656020645342206,0.39414142448821554,0.030706967323582954,0.0003187854116653292,0.00021595696824076743,0.6669912184753496,0.6579387353733979,0.09863844018640992,0.9305060727255532
1821,0.49988562007615894,0.09546343752094899,0.48987305232192063,-0.0006310949503891053,0.001068079377832403,0.001625764821148147,0.3346151540964993,0.6865979055606286,0.046484785436678736,0.9091942442401999
1822,0.5000622369425407,0.09710415502728352,0.5896521710876266,-0.0003142539358189675,0.0001784600030281119,-0.0010752963830931936,0.33203925479221613,0.7208400418510204,0.07547335666358389,0.9093374107938018
1823,0.5007071894056004,0.09831983261666827,0.35564974668708144,0.0007721767934383381,0.00032442784469836124,0.0013441392324904213,0.333964477946105,0.6107142108994601,0.0565060036206863,0.9098780009399579
1824,0.5013624728785555,0.09597092122532995,0.9044512107620328,0.001005140697573897,-0.0012627547955697696,0.001116370267393895,0.3328037955271682,0.846694974029159,0.046213547270160076,0.9088607428222377
1825,0.4988882260583801,0.09735506197140982,0.8359319519776323,-0.0002767670486820429,-8.487809297046291e-05,0.0005242702609939976,0.33161221937213614,0.790164784891141,0.12260826616824906,0.9090038233262288
1826,0.49825247997165717,0.09646623009305541,0.4126966577186351,-0.0010422309837687539,-0.0008648785744669531,-0.00011212875712691691,0.3324641141711833,0.5738735514949498,0.08143045976973122,0.9083653558262965
1827,0.49696890746067734,0.09684936464802425,0.5861436830294778,0.0006325374401554306,0.0003973923540975155,-0.0003251702312485519,0.33377401190867645,0.6735382842445258,0.007858915024910488,0.9102741254593693
1828,0.5010988459717916,0.09644866305313143,0.5485598335707956,3.170494346044129e-05,0.0017034773617642313,-0.001894245012678801,0.332299223576403,0.6743889370956043,0.03959384033805413,0.9090086058170792
1829,0.5004093420212367,0.09483817186780229,0.4948370059350723,3.633639963331869e-05,-0.001268063833633032,0.0007894237864565625,0.3336036960311328,0.6449570672389103,0.012994295111729533,0.9074306752318477
1830,0.8337412297059141,0.09770650637762014,0.7164330765687938,0.03153371946067832,0.0007152683642739975,-0.0013847952911411642,0.6683091723083354,0.7136946122464664,0.05040929635532825,0.9305923696729537
1831,0.8347274421253298,0.09818438143154314,0.7348836120329465,0.03136693053088887,0.001647693452675162,-0.00019745292724615156,0.6673179372047874,0.7293000880684947,0.03623618060790201,0.931311472274639
1832,0.49872809968533494,0.09644046688687744,0.6795228557934223,0.00018271363333849426,0.00041585241851040176,0.0008832438319075886,0.33453561667729337,0.6877949392045507,0.14705075625160083,0.9093259571481982
1833,0.49940101978593365,0.09821938816515084,0.6828026886756193,0.0004126661659953061,0.0005045779085196989,0.0005991507900968691,0.33286946262008016,0.7279553264727245,0.05213731001657205,0.9084480812105029
1834,0.5017254830988321,0.09924399010569321,0.47668434067543936,-0.0009292073637124254,0.0005230670336644599,-0.0010847049517894837,0.3326978865592953,0.6711956016064571,0.011891976985346464,0.9077689635605432
1835,0.4989324265363657,0.09726935868503565,0.4920006854599049,0.0013328163937865079,-0.0006445199597446804,0.0014520737567530904,0.33350609341066684,0.6680124446852399,0.016638990157168167,0.9104709614140839
1836,0.5005252093798759,0.09561867725530913,0.530203905851166,0.0004416634155540851,0.0005367076260974792,0.0012542465873770234,0.3323495940581387,0.6800596887844871,0.05131799200803634,0.9090304072459765
1837,0.49841381758883907,0.09778803069479255,0.21353247773894238,0.00022008858181607423,0.00010715858646603517,0.0003258739702078853,0.33460182808077865,0.5232017273416638,0.04153107494081307,0.9078144954691527
1838,0.5009226608025098,0.09653227541761678,0.28272036582305,-0.0016810011626919674,0.000976243838473144,0.0011037762203255912,0.3328572038421448,0.5898632303678153,0.225356100197022,0.909335652638365
1839,0.5004035696477298,0.09692783818319271,0.23037900367249095,0.0004403596716452306,0.0006622128005449684,0.00019027533979653274,0.33462333876992834,0.5987034381608178,0.10749663253137555,0.9073001799316979
1840,0.49908523589812975,0.09789646803395152,0.4241951546105992,-0.0011276412928102795,0.0008667175599747652,0.0006888961670053385,0.3340767389232387,0.5705760211051428,0.022084732167967275,0.9082176636419959
1841,0.5002002026469882,0.0985101540790233,0.3619662109121463,-0.000628988547395295,-0.0013186660093302252,0.0009428717887629605,0.3344597520750717,0.5653480295876359,0.04689898967090702,0.9095860924220164
1842,0.49995043130951355,0.09576165132228542,0.48390871153973136,-0.0008007454109790143,-0.0005385908085462202,0.001347368922984751,0.33427354020516103,0.6430369719999796,0.010527956849402349,0.9080798455241723
1843,0.5007326107365334,0.0978902276425504,0.5038910686689778,0.0010082810101047705,-0.001977312546530394,0.0009573320388762439,0.33427428726013897,0.6647358945077302,0.007307686767290047,0.9101840491079956
1844,0.8332852211623551,0.09606284392717049,0.4325766288478149,0.031899152815796965,-0.000669739277160812,0.0005844665582192815,0.666741586262502,0.6808706492909651,0.08708799553969568,0.9310964892763623
1845,0.4986491053010549,0.09719159879553957,0.44447206740418443,-0.0003236036747374481,-0.0007560586643633341,-0.0023461000232301646,0.3323161273950096,0.6698114368769477,0.013863143155093826,0.9090882705295726
1846,0.4997010613331,0.09639826975935442,0.24286007110676222,0.0009806785586842163,0.0007348337271466732,-0.001261778924748306,0.33234326172348405,0.5708152564402342,0.05079448319562786,0.9096866844385059
1847,0.5019587146435733,0.09629132004390481,0.25275262014369676,0.0006708072862000908,-0.001138211080838902,0.0016589280499600548,0.3348045781509035,0.5620278594904478,0.04298850582500062,0.908244965966117
1848,0.4997080858361186,0.0964771646991285,0.7941905995173181,0.00011154956972587628,0.0009139698586810997,0.001017047023541961,0.333022423941994,0.7642492247163233,0.046767069572246356,0.931448068897528
1849,0.831849920714155,0.09772609062056162,0.8949610271302039,0.03221791982283523,-0.0008363869252837836,-0.000552496054286536,0.6660526000445522,0.8629386231847254,0.11238210949884635,0.9308479250362194
1850,0.49884573278345834,0.09667243983948538,0.47196275413810185,-0.0006168036294017949,0.00037638797995498315,0.0001394198882707129,0.33318778598662563,0.6827835396940448,0.01072833928832602,0.9086296088731013
1851,0.5014432626500079,0.09699647170439132,0.7290137639387567,-0.00026984202315292295,0.00031936109990342635,0.0007960943184512954,0.33324695474037797,0.7090197088912074,0.08391828057464815,0.9313442965354011
1852,0.499886354295558,0.09850091326861282,0.40571198947835047,0.0008624397294167768,-0.0025312463268347173,-0.002410923207939174,0.3360341021903262,0.5665613487016263,0.08779214064344824,0.9087043136443032
1853,0.5015247022283694,0.09578385209603964,0.20583677811102866,-1.0440129204608824e-06,0.00045535121687151055,0.001600548758432672,0.33331207788417067,0.5270939915677524,0.03369268994334102,0.9099375321868065
1854,0.5019406347364405,0.09758065908092489,0.5345479396307531,-0.0003028116407850879,0.00035708958554337333,-0.0007738109130716338,0.3322829899852536,0.6338345884888953,0.04864338562083058,0.9100238076229988
1855,0.49892816914676574,0.09816186435093092,0.305111582483686,-0.0005756005993416745,-0.0005393684197854971,-0.0007163567961747505,0.3341643467746585,0.6103064014265798,0.07154829581575357,0.9083717323151964
1856,0.5003319524790012,0.0964152238345347,0.5152518811469808,-0.0008278088980564673,0.00044732632687807165,-0.0006558147999732513,0.3343476329589134,0.6567772068716708,0.006115140264037066,0.9092390816428121
1857,0.49994884092003916,0.0982138355646432,0.4888420570786792,0.0006963772773678464,-0.0005149565835384588,-0.0009475318613203647,0.3335355486891625,0.6585304016319475,0.016841584591966833,0.9097819010175391
1858,0.5006178555108733,0.09741228273893919,0.5073454236597279,0.0020148588229491,-0.0007555615616022693,-0.0012568320237339424,0.3343197855686018,0.6965806870786954,0.022259615174413026,0.9071974590732695
1859,0.49909646115475187,0.0978939558115776,0.3662015005816182,0.001022175788096453,-0.0007814491665811659,-0.0005413606799689758,0.33305838933998566,0.6192083755306419,0.07048802236162408,0.9071348973081869
1860,0.5008790702084255,0.09701535788043107,0.34363109049690066,0.0008318430374131044,-0.0010045650888020029,0.0009445490886105814,0.3327143569526766,0.6181731451084457,0.05578336377280716,0.9307782432752187
1861,0.8338934530586622,0.09750651542878566,0.7972505224537706,0.031838244432411664,-0.0012816961117157054,-0.001112373274522424,0.666003175839581,0.763390357373262,0.07525183665498279,0.9323714276723105
1862,0.49967234323191334,0.09744812499560421,0.719524991840495,-0.00021586893106019718,-0.0006586915688110706,2.6570606739694604e-05,0.33496897368699735,0.7611019174263228,0.0765025656481414,0.9067602293383364
1863,0.49820953301679965,0.0959848957858916,0.5011142622894902,-0.0005561451527748285,0.0008797130843908761,0.0021577535396901863,0.33379186878098555,0.6935154142121287,0.023056154995211492,0.9087655602056418
1864,0.4989055315523683,0.09707977603690261,0.6058483178029878,0.0013341662214261998,0.0020752829984552958,-0.0009698673129269449,0.3323794506928534,0.689222389300121,0.14300828217054024,0.9090154401753084
1865,0.5001874160809774,0.09612888476082129,0.5336671363550186,-0.0006983843409286991,-0.0005920970905655108,0.001820214440714067,0.3342446921658278,0.7088413283027114,0.12256837398308448,0.9079104920556194
1866,0.4980225910483133,0.09713453212669182,0.589055206023399,0.0006555627022530449,0.0010772398484688872,-0.00035090967246232,0.3341428668951709,0.7271426288365846,0.03792120113329174,0.9092421481996774
1867,0.5011304552163368,0.09592261823393076,0.5238228496309405,-0.0003260340152504922,-0.001061815063112392,0.00026258661677299377,0.33431615200247206,0.6884460806068479,0.04415768656742746,0.9072219056398388
1868,0.5016535211949222,0.09704719046628163,0.5049397523078875,0.0014499332901908423,-0.0008131926661110146,0.0015793097482838735,0.3330256077777464,0.682226644265156,0.018945706970251983,0.908501577599653
1869,0.49935378778282524,0.09868599653118182,0.4878210221996857,0.0002721282873006287,0.0004845340524484976,0.00012787377152143173,0.3331442114452051,0.6725798665854756,0.0474132563901438,0.9067673093824247
1870,0.5004353833009781,0.09621129316622472,0.4798116341918638,3.9030523433566175e-05,-0.0005901933626749089,0.0005541666325312107,0.33319590925666925,0.6451500854689676,0.015547337766512214,0.9068131302373762
1871,0.4995093767380761,0.09828714646668116,0.3555484144622143,0.00024157477748811332,0.000854490319418437,0.0002423875562945404,0.3346415732554278,0.60899394267143,0.0666541196501257,0.9102478704406195
1872,0.500309369097857,0.09609571455146906,0.5923473178686076,-6.843345653547628e-05,-0.00012648649172428817,0.00020199826134232316,0.33311197048939384,0.728477411308407,0.1041557360460597,0.9105956699645608
1873,0.5005785315868356,0.09510647803397916,0.54562086043304,-2.4188679542480134e-05,-0.0014564072218506312,-0.00015458506570647512,0.3341193549071282,0.6962361169752098,0.039739908416726845,0.9115715670350611
1874,0.500102360288144,0.09844265487088817,0.2815297601055932,0.00024903324296301154,-0.0012829959142259216,-0.001337493946056627,0.3342460844471858,0.6285440454534794,0.10110947262709462,0.9057057639040421
1875,0.5013813645646931,0.09720147100991053,0.28848268196197696,0.00034327263615419257,0.0005765184301652676,-0.000702230384808704,0.3326711139170477,0.6269601484407669,0.10832896469418586,0.9085534770658444
1876,0.5000972546727639,0.09616208462707646,0.5530185270094201,8.421422945885837e-05,0.0013187034472003274,2.4192216494949566e-05,0.3336530263688432,0.6833031319885811,0.0768186118319788,0.9095783950103778
1877,0.5002073736498682,0.09820128314647751,0.18167905116778538,-0.00020103447801733844,-0.0007469012413593618,0.0012478900667330238,0.3338343729610956,0.6238613752832335,0.13141581088483792,0.9105598786446422
1878,0.4992977829796531,0.09805131449293082,0.4162490321285663,-0.0004199645590075525,0.0011125034893087005,-0.0013422209647060734,0.33476996551585897,0.6439137278298444,0.05220703594784605,0.9088619188866492
1879,0.4996337238631124,0.09632378837266718,0.5033035722141702,0.001261701071714931,0.001822018922835542,0.00011162117806370242,0.33208032101548,0.6417553806956857,0.07219606920567197,0.9082628391271773
1880,0.5006506566624636,0.09803211637072025,0.5036438761933876,-0.0002905922789264705,-0.00018053543083683111,-0.0003127435890708832,0.33425337701881025,0.6627627580513249,0.1199488324235195,0.9091531808992267
1881,0.5009644536887349,0.09598299908992403,0.2028965385032041,-0.0009795125409335125,-0.00043914556846946215,-0.0011844884648128005,0.33286837570898953,0.5337749042706115,0.0208718382985805,0.9093052821030636
1882,0.8347239795665617,0.09518514593578893,0.4871779237768741,0.031298577591952724,0.0013893876262217211,-0.00030230966811847196,0.6663625554986847,0.656514328799859,0.07617541871891687,0.9307045772259495
1883,0.5008072834456643,0.09607524861282345,0.5786540041320111,-0.0009429244615517061,0.0011013430009916534,-0.0010233615695686743,0.33185175720179755,0.7081026440091217,0.08843367972158654,0.9109100312119595
1884,0.49874330915525833,0.09653052676086253,0.49410095485842437,-0.00012560965938825645,-0.00057157513076791,-0.0002987643851589055,0.33316506783269145,0.6590084748937953,0.011760936505041305,0.90904193548511
1885,0.5006873571047126,0.09770937265614056,0.5070406629167749,-0.0002753610542474818,-0.0004309780981978556,-0.0001614048862165613,0.33297100075939734,0.6531356359325593,0.026465172653797102,0.9074393255145816
1886,0.4996594306203726,0.09583083243448295,0.4865324251362779,0.00040726059518239485,0.0011148106569068854,0.0003806625323639874,0.33437314516438443,0.6492591062485308,0.008382746926991598,0.910837684201625
1887,0.4983379458183312,0.09759307080595948,0.5491916417304159,-0.0009898793251705777,-0.0003039668942999361,-0.0016534956161438183,0.33415361864771403,0.6818120655465653,0.04258731435394375,0.9073422381975994
1888,0.4981886915902798,0.09761740650931285,0.3707585644423156,0.0010743737273082503,-0.0011002436593921972,-6.441203822471389e-05,0.33399964976855806,0.6249687870735422,0.1070138065547369,0.9097265343058473
1889,0.8330544506146748,0.09721290397823504,0.3057335139886253,0.03271465519828929,0.001273763244801955,-0.0002103790276260471,0.6657636922364161,0.614244840457938,0.1157852199525119,0.9322911364363737
1890,0.49875083312761803,0.09656178304456592,0.5001714525780049,0.00045983714715383225,-0.0012185457752614734,0.0015530184757413803,0.33197464133813387,0.7073521197448946,0.034673521661771636,0.9095173519344121
1891,0.49862040978102773,0.09645969820924105,0.46503321170421613,-0.0008494763563746311,0.0003738573726552789,0.0017855888661894113,0.33333825315871757,0.68169241503208,0.07659280722475936,0.908151932515662
1892,0.49922744851319706,0.09567726289016883,0.4327675010666336,-0.0002514242652387751,0.00048769662691923514,-0.00016004808429908042,0.3336918706128977,0.670321548667376,0.08231405180658471,0.909064856083171
1893,0.5003644111219512,0.0949526041032263,0.5776799414156311,-0.00013878925511440264,0.00025650909306660383,0.001335649012204868,0.3338234426062693,0.7057329179364216,0.049669756800615146,0.9089447856375308
1894,0.49961750995865006,0.09699727024446138,0.580820896568543,-0.0017533333988236093,0.0011700018744726854,-0.0014135372117514964,0.3343510680991281,0.7342531641940643,0.13991550525558355,0.9088326578902819
1895,0.4999370149179488,0.09751681014463544,0.2220461706368499,0.00038132475975075986,-0.0010624696401235025,-0.0004012308597357282,0.33400825602261186,0.5525165082057919,0.044725382329683615,0.9090731355519743
1896,0.49946362907812347,0.09771552804732268,0.9034967196481091,0.0003324358111904141,0.002478616705037426,-0.0010632529905623472,0.33341651055651594,0.8431853471335532,0.02780300926292775,0.908544720584941
1897,0.5006142077201368,0.09751097653484897,0.824268096100926,-0.0009289449478006263,0.000985573057731528,0.0007062935400100835,0.3336589990567379,0.7792179406297345,0.13573696381885264,0.9100357300685811
1898,0.497819935576465,0.09674948816346124,0.5242241130903881,-0.0006275617902937657,0.0016593030658382149,5.353746182880226e-06,0.3333191334507835,0.6244762944452164,0.11786118334150728,0.9095100490763303
1899,0.5012748126882252,0.09800869381570473,0.5756927216192831,-0.00011912143177593868,-0.0005388980075396771,0.00018180180052772762,0.33400578604307374,0.6577521462163229,0.1307365899013516,0.9107771726294263
1900,0.49993723587504835,0.09857414855404353,0.5644842159475233,-0.0001452572357535801,-0.001042790223448438,-0.0004573836481249611,0.3339251259828295,0.6828207789888474,0.040023250980639524,0.9083038097314089
1901,0.5021784465025874,0.09633680393376737,0.5255965339331915,-0.0004776738540866624,0.0014222430240975962,0.000915971685717982,0.33453578015598545,0.6636366529396677,0.02688421798141412,0.910371858767466
1902,0.8331254761072366,0.09629365311913668,0.8335240003568735,0.03219105727340508,0.0007186997604836269,0.00014179248376807547,0.6668249855398998,0.7879253899966252,0.06004254586083904,0.9304739201345842
1903,0.8340174562578162,0.096369649811023,0.8321800917020916,0.03278260079497631,-0.001279902207689713,0.0007056062867104835,0.6658471877383256,0.7879425675162576,0.10482933770368313,0.9313188904639832
1904,0.5004034591067941,0.09606615312297868,0.6009705708672043,-0.00029485787376516264,0.00039376076066603607,-0.0008493263616924358,0.33311478116257076,0.708949393445858,0.15349560717786423,0.9080417321140891
1905,0.49906941817868,0.09756037260030866,0.6284657634706343,0.0011216419485441378,0.0013301875747219725,-0.00027191815442052786,0.3344119361255004,0.6946147201919284,0.14429606253382884,0.9092524534218505
1906,0.500125004212493,0.09779490079590694,0.47293220015504733,-6.433794210002233e-05,-0.0018013569232803806,0.001525760563046525,0.3328136149489273,0.6572832383444122,0.025763469640591716,0.9101869210030339
1907,0.5008225058020744,0.09833786046523632,0.48835878517702846,-0.0011234745252084591,0.00024811287501223144,-0.00044261201554209983,0.33471725743585995,0.6580688676619773,0.02029183851787283,0.9092159171982754
1908,0.4992331300249546,0.09554096880394147,0.49884363371822105,-0.0005595528008285211,-0.0003959853478976426,-0.0008545770901970825,0.3313817767485236,0.6656589084962462,0.07083162999641315,0.9094818755621071
1909,0.4996081822602147,0.09754914656360332,0.4369676804132194,0.00015404772842023698,0.00034651978933348745,-5.825825011304069e-05,0.3344593135965647,0.5797992691984452,0.0815145453286375,0.9090202518183239
1910,0.5009757388904991,0.09813253929715109,0.13874708723805096,-0.0006493578571393115,-0.00040381946104989133,-4.303149060055192e-05,0.3336699579730194,0.5859414135086898,0.20762469265735556,0.9083125504902181
1911,0.4996990325852029,0.09497016507309072,0.0946508460427135,-0.0012289978248338277,0.0019504220007765575,-0.0003863659697912929,0.3335581917595291,0.5070237470125308,0.13352582295746626,0.9079116576246697
1912,0.4987707909903442,0.09614425823339899,0.4262120130438252,-0.0009202048912579886,3.76817570608601e-05,-0.0002868912055350477,0.3348374282138593,0.5652221287493585,0.020632543915790124,0.9090091751360699
1913,0.5010775841456605,0.0970690241474041,0.3614896029685091,-0.0007845458598137064,0.0007870067861136527,0.00010896632664104762,0.33318809898396745,0.5561186894643997,0.0468119442067194,0.910264933918101
1914,0.5009803752361514,0.0993408973572725,0.4994957897623656,0.0010301130210587507,0.0023329336008264404,-1.0779526707782505e-05,0.33389160729469747,0.6635268803408254,0.013802988368351022,0.9102965271492323
1915,0.5009517985742429,0.09593416663865112,0.5040897351180054,0.0002938638944613521,-0.0005330677868234477,-0.00010159079040392389,0.33275924525594414,0.6703561857926271,0.03238551798165126,0.9113568448210212
1916,0.4984920159729487,0.09746119242823546,0.4954535587443896,-0.0002833595081909176,9.143241791114489e-05,-0.0008303322170129294,0.33292665605519617,0.7010222125540727,0.020346849799775208,0.9104943307006841
1917,0.4993247423831042,0.0966345676899163,0.47714812638280313,0.0010388996947477513,-0.0008844966415268204,-0.0008110518233950717,0.33447334727986944,0.6828932009409153,0.05292940691068941,0.9315619070074092
1918,0.4998696197552003,0.0967200986559589,0.48766905805491223,-0.00012031303170225368,-0.0002470707672125196,-0.00017728994159103866,0.3335623464702708,0.6653784707549744,0.14389713503036772,0.908407380506742
1919,0.49936150761668946,0.0971007150014904,0.20735515996733941,-0.00043570200870636245,-0.002114384800090986,-0.00047496327227617444,0.33139622350577774,0.5360778597176317,0.03533431081368481,0.9088269241514944
1920,0.4981187292398847,0.09761107140803031,0.9039113420960592,0.0019507397348845702,-0.00030743203066041155,0.0007934798400562049,0.3324108424005443,0.8558363310252466,0.034429300034091795,0.9323611440456991
1921,0.500219794396203,0.09697691130055203,0.8703624361755289,0.0009067187565531834,0.000694885236310106,-0.00045323953379856603,0.3324557321304105,0.8375270320005782,0.021028735085287405,0.9320205599909676
1922,0.49944885144607487,0.09782250453206183,0.3734974865039526,-0.00043646784074770676,0.002147971605837516,0.00040624985275791725,0.3334392241003982,0.6219364412014553,0.11071624449671165,0.908663985584933
1923,0.8325894488974233,0.0966863940143073,0.757173726584961,0.03254030319383185,-0.00019675546083841589,0.0007469875559078049,0.6673576729454485,0.7367729946785785,0.08944671872027347,0.9304930469157052
1924,0.49918373063253035,0.09684169878922261,0.2532971880635802,0.0002864686957334021,-0.00023344113078400583,-0.0012447508205379453,0.3346134783211553,0.6022751818737034,0.13996884470172474,0.9072284083058605
1925,0.5005703330985567,0.09739068339566011,0.37449987961910314,0.0010978417633659193,-0.0007527513906628419,-0.0003221527709728145,0.33339142497439983,0.5939224061434618,0.08955618457606046,0.9101425913825967
1926,0.5005230696007221,0.09644527142054228,0.5544423129143752,-0.0015141919691570834,0.0009718017794726574,0.00109282962891669,0.3329353654012043,0.6441372823349071,0.07611489081249202,0.908719992138174
1927,0.49992537548904137,0.09583219047748322,0.586416318711755,0.00012083336662600215,-0.0011815916877043555,-0.0015465583622853625,0.3339085497773782,0.6695000153865196,0.02281068127460381,0.9090357802337151
1928,0.500460230892568,0.09730045780981579,0.5200841906869377,0.001624421483978799,-0.00012640375335063394,-0.002144600135456977,0.33450140474446827,0.6647681546684207,0.017613258172217153,0.9093927833382994
1929,0.49728581028321767,0.0985691895272456,0.5410210522605728,0.0011771367667213048,0.000361666264917537,-0.0008293698983340621,0.3337370245446274,0.6731220980638221,0.02527614737966359,0.907679899772976
1930,0.8329257072724426,0.09724817098961556,0.6756866995848391,0.031733426387179464,-0.0005836403737920276,-0.0011747034308829598,0.6670983408533251,0.7445193560199794,0.135227286635263,0.9316151163095241
1931,0.4999996923200838,0.09762773653765323,0.5734510691926108,0.0009377160980099704,0.00045777334659030823,-0.0003163660060316516,0.3321908487814368,0.6611890207978203,0.06735034363196789,0.9084955250576293
1932,0.8333142890828584,0.09666634573301797,0.677508146775739,0.03308261572708187,0.0006689456532862338,-0.0003023247543638267,0.6670750360826658,0.6948490883040878,0.07246395863313722,0.9300171230503613
1933,0.8334777180193659,0.09732168021844997,0.5981065864910278,0.031125903252164373,0.0007423738311275661,0.0013633494840153333,0.6666029834884765,0.660451104878165,0.06544066821158936,0.9318347199143073
1934,0.5003445073079877,0.09844436485465646,0.5101005579105568,0.0016081850669783866,-0.0015766160367477466,0.001592923888696423,0.33427565535761344,0.6949241128777592,0.07873300985365346,0.9093359777321902
1935,0.500996362334712,0.0978566883827569,0.47661416147766733,0.00010237663847670079,-0.0012994981656415264,-0.0009595901010280696,0.33350853831845545,0.6841968482250467,0.023562573696824452,0.9094875853112292
1936,0.49886451114489005,0.09684200721071913,0.45707688862778056,-0.0008465123788083887,-0.0009555599071485435,0.0004146073180849969,0.3338290937498177,0.6503993776938718,0.16993801262568042,0.9090484844053424
1937,0.5005272042736684,0.09731331672356787,0.26803024461132186,0.0007885693463219313,-0.0001292925364288263,4.877195798542585e-05,0.3317982798677819,0.6380114793501251,0.26728269356258866,0.9101953130142817
1938,0.5005661720377271,0.09673260443199784,0.4479818045818942,-0.0004870723608785644,-0.0010058475589301982,0.0011561457715527875,0.333819246193955,0.6769643491166867,0.08741224166429054,0.9085028137268909
1939,0.4993625145904288,0.09769039051927474,0.43080249435778284,-0.000854432957754847,-0.0002251169081653621,0.0002635527745185518,0.33438371312301135,0.6285315246996039,0.10538237155428903,0.9072051936398562
1940,0.4999029885643235,0.09618228085341797,0.4822328318417915,0.0011545510686220457,-0.00015881256107145434,0.000386265046132257,0.3325887916676358,0.6778252156377902,0.02152037648246213,0.9101677750294994
1941,0.500805361503081,0.09670916648797721,0.47851121701699273,0.0003739950612781964,0.001283143040982184,-0.00031098511000628566,0.3335220323976057,0.6713127812936871,0.01107334570092181,0.9098310554903694
1942,0.49957693718463947,0.09651848963567405,0.46887691835348255,-0.0001005887686543602,0.0003525723287503256,0.000500212750174913,0.3340521628557368,0.658261432081089,0.05246089294771628,0.9092298611244775
1943,0.49927341036886763,0.09638827297927173,0.36748476529776847,0.0009907863774093809,6.885914776815202e-05,-0.0018757334406363068,0.33185319626784354,0.6357805742819651,0.05850720692352329,0.9100047447475604
1944,0.5011317991036227,0.097736966352584,0.4546966618069369,-4.604736056516643e-05,0.00070566477204643,-0.00013042227201951538,0.33181070362120213,0.6793098722267102,0.07028794241018844,0.9081870923337109
1945,0.5002339470214636,0.09745719912148834,0.4881524775265363,-0.0009167338161544054,-0.001609043749096905,-0.002468452949302176,0.3333098653435871,0.6911356960353061,0.1257575871521854,0.9081756999649703
1946,0.5013357700225161,0.09674689242526628,0.14819177768501318,-0.0009981262080550903,0.0004546728334479806,-0.0007295406698447796,0.3342441284087428,0.5649695101546918,0.05356521781164473,0.9077646035273859
1947,0.5000636424402899,0.09769268515423671,0.18761815105362287,-0.0016469256992586786,-0.0009927824409761534,0.0006804082073540365,0.33313291727320227,0.5738959806511994,0.10718624165296145,0.9102039166563091
1948,0.5002612402394488,0.09787486592884062,0.5896501373844035,-0.0006676915197106919,-0.00045593517573016954,-9.696891206578483e-05,0.33442816996180097,0.7236732601646317,0.07541903091093397,0.9100045727803939
1949,0.4983842664128623,0.0961883958391055,0.7370511090447418,-0.000868066043809802,-0.0004990380369197699,-0.00039652531691104927,0.33299362200031063,0.7437177091046374,0.16475080680451412,0.9096536801783054
1950,0.49873896675901774,0.09631950951032339,0.45945183455272665,0.00133491833961674,0.0009574954283739951,-0.0019527377631160918,0.33393609535543045,0.6529205547952273,0.052279860738761924,0.9083515588461671
1951,0.5000093692512116,0.0957453656682796,0.5479645287913333,0.0013956902227774124,-0.001783641288107296,0.0017113226613080556,0.3325132010207473,0.6652740036908271,0.09980399190276404,0.909808825755781
1952,0.4999078715162939,0.0969173728555839,0.3699226172567628,-3.763796434120964e-05,0.0009136548706644578,-0.0008783231919644212,0.3331784630549915,0.6090598052881764,0.02078295684446354,0.909526227531628
1953,0.4999521752195937,0.09761039802091333,0.2639149515766043,-0.0005496399765810637,0.0004290145325395966,-0.000550588172009267,0.33472763270914174,0.560291409752211,0.042008120770761256,0.9073701042299912
1954,0.8328995496383226,0.09797426709882584,0.5113731626711127,0.031728060992499425,-0.0011646818715206435,-0.0011815963699013776,0.6666867242806288,0.6720658450684834,0.07857020965964723,0.9309231767943839
1955,0.501644205535545,0.09834209360210935,0.5932951652331727,-0.0007091595548004886,0.0004739573636520131,-0.0005739632135531493,0.33131425628736294,0.7279900210834352,0.09576953277108234,0.9084435276361094
1956,0.5008435476311242,0.09809137198697128,0.4975337311453546,0.001010942672373814,-8.164692515517741e-05,0.00020971405655856383,0.33334427234590003,0.6485820564918716,0.026655406449092516,0.9095991332272861
1957,0.4982599971095205,0.09646546332578661,0.5271895110487559,0.00034630860128669744,-0.00017131993796265144,-1.0980276350977148e-05,0.3342358694166732,0.6630980130715448,0.018002056499393765,0.9086193522333156
1958,0.5002607298299591,0.09645266842039156,0.4890481066290444,0.001207455641893978,-0.0014066035479480877,-0.0003016631011849278,0.33423677998235063,0.6468250747696527,0.007404309660903793,0.9065758989494921
1959,0.4987607789038585,0.09764542598300431,0.4931385038475572,0.0010456783264506725,-0.000765978689617084,0.0002122782911793133,0.33341814782872087,0.650873977976505,0.012843045271121636,0.9096289313209681
1960,0.4999886208330463,0.09558203178096762,0.36587242797605335,0.0006450684788625936,0.0011719330775434888,-0.000622564947736383,0.3326489492922043,0.6487778860784236,0.06605672023021027,0.9307688160567396
1961,0.8345090229067089,0.0977497347673678,0.31937582220595756,0.029440756925762642,-0.000495602084073966,-5.6303699614063506e-05,0.6661651892607263,0.6311231305517865,0.09319544963107565,0.9307664824356124
1962,0.49854527893552436,0.09722536667834197,0.4878701157873174,-0.0011127758469661078,-0.0002732884285577942,0.0002208484210939009,0.3348174062134343,0.6908863099247374,0.038534039374830166,0.9089812917119114
1963,0.5017936030943847,0.09636317553725698,0.496329032732964,0.0018341308031780683,0.0020171623309602716,-0.0011636548383094061,0.3324145272028667,0.6869528698070437,0.018651380808050108,0.909308110500143
1964,0.5007793979613346,0.09918769394693848,0.5563654152000583,0.0007550579890361795,-0.00029918454663655235,0.000532536129087165,0.33295677256088935,0.7054038593562284,0.07151029093490403,0.9087263597779562
1965,0.5006829913232326,0.09702025390325389,0.5756086140086522,-0.0014250476828599145,-8.717465319664565e-05,-0.0002932681447437212,0.3324875163620025,0.7107936314630299,0.053865978822502554,0.9093771588711885
1966,0.49895475043632115,0.09802334200697932,0.3296989486418774,-0.00035814455180803104,0.0020295157686913913,-0.0011206681684457012,0.3327690048944206,0.5845288107901506,0.05527474103845707,0.908101402333063
1967,0.5009240500636618,0.09832239039972956,0.24433938981846914,-0.0010602714948059957,-0.0021978134754913254,0.0013307721618871513,0.33444325005863174,0.568588790965473,0.05911869654291073,0.9095818234250643
1968,0.8338905288101668,0.0999417716452318,0.8863604928649775,0.03045203783373672,0.002346582392968416,0.00014834424086849235,0.6667447371891628,0.8532882737523734,0.09436831560244147,0.9317616760760601
1969,0.8347694924219072,0.09698014487216479,0.9018805466049653,0.030543215178713667,0.33387945350416187,0.0017290996344545171,0.667317301326551,0.8662225597446013,0.11575988254876064,0.930978683806969
1970,0.5003014802959164,0.09776769243609451,0.8416135253065861,0.0008216432586513038,-0.0001309590802612212,-0.0008982975973526738,0.3333985104415059,0.800552995586138,0.13461849393177402,0.9089697475487485
1971,0.49838662092435815,0.097469294958476,0.8831945703643064,-0.0010482846279856641,-7.824893125314795e-06,-0.0008468221227413454,0.3334881767370711,0.8448948597357178,0.0433605896384721,0.9326474324291968
1972,0.5007954573530486,0.09694108180621985,0.3577713192919993,0.00022387545460179022,0.001207684820701398,0.0010402848234788977,0.3327086257023614,0.6068317595332542,0.07212671320035703,0.9095086250111378
1973,0.5001299017959754,0.09554589259349971,0.39711731526301886,0.00018223144231312334,0.000733612895867085,0.0008654346809042432,0.33189915919655805,0.5613465300374177,0.08089259341957296,0.9081144790876563
1974,0.4978999848261126,0.09728027209649795,0.5348247195283178,-0.0006737416952518233,1.0450799809982451e-05,0.0001504778330119653,0.33262841149339994,0.6297693696007958,0.0712632165210578,0.9092157340623378
1975,0.5002370976386643,0.09927853646084998,0.5863588126844913,-0.001085518349961797,0.00015155004127830616,-6.510441687903317e-06,0.3346739988083459,0.673850702994701,0.0067868826472010455,0.9097600328203729
1976,0.5006695677708323,0.09607536735317801,0.5281957030795534,-0.0004197955773038375,0.0006526107834807912,0.00016973412923470527,0.3339395051522551,0.6726360320983202,0.009687244166823417,0.9096235776956622
1977,0.5011774982963824,0.09855422631207678,0.525406061840327,0.002154638354453333,-0.0022548913389927195,-5.2401630672929626e-05,0.3323526889264202,0.6607939020651785,0.01124450999065431,0.9082986500085904
1978,0.5003036830552521,0.09485462514556339,0.4697001162500964,0.0011490980670044101,0.000458812954212778,0.000938149169750345,0.3330127707695117,0.6409557799542135,0.026214800034922978,0.9104420404096814
1979,0.4997340764840557,0.09793640881012337,0.49398883006524574,0.0002234889054412879,-0.0024920460749951246,-0.0014522964244176994,0.33270382274468674,0.6628495315197281,0.018463040599279706,0.9103596378303056
1980,0.8333131682058623,0.09531414410405441,0.7638075541103314,0.030725612806919718,0.0018548595566644612,0.0009073126337775872,0.6658861325139521,0.737782599439487,0.07059762034434974,0.9307578708972516
1981,0.8341621414130677,0.0964072134058111,0.7070686981680825,0.030261837589668654,-0.0007075889671664285,-0.0001931054054833077,0.6659433534080833,0.7048522179056155,0.04843776460704269,0.9334849171226048
1982,0.8332771039354988,0.09847565005579331,0.8572877252819269,0.03233952416934212,-0.0007764618115935201,-0.0008819641518358549,0.6668260949695987,0.8059193012706782,0.11266550788760467,0.9316909975544604
1983,0.8338996441475729,0.09729154915351604,0.7274984865524402,0.033305683667962105,0.00046323972050425186,0.0009372783525409042,0.6664684955234067,0.7228878972906919,0.0339378070077552,0.9311920239688176
1984,0.4994074698447844,0.09834318724954533,0.5863194594412776,0.002010805391194286,-0.00014742031540414423,0.0006304951014725009,0.3342460055713919,0.6809762935967368,0.1770309970927256,0.9110078989558342
1985,0.5014648567310446,0.09788345012942087,0.4544814025570627,-0.0010876814204081287,0.00043775485723688824,-0.0017451243833949259,0.3329733381178819,0.645180069345708,0.17917135943859336,0.9097241578427143
1986,0.4989977799608413,0.09802911701203533,0.6235782976393727,-0.0013830050652822467,0.00023966870281202048,0.0011192207327955755,0.33243448041972784,0.7156155578118872,0.05380921490092234,0.9091816254383663
1987,0.5008907204121058,0.09555022987554888,0.5366984343120049,0.0011307651137194513,0.0008220922045181133,-0.002143070354416041,0.33371813608771633,0.7010738994891614,0.023891151417138795,0.9114059122865951
1988,0.5003322576037161,0.0976168913189237,0.4833320899996918,-0.0007638393492429881,0.0011487522505133612,-0.0002891264703097559,0.3343810564934776,0.6627410654356123,0.015782531110256726,0.9103389123207922
1989,0.49971404483610554,0.0973340340507413,0.38226318037507145,0.0006547632022620186,0.0008128821876202564,-0.0001513098106443394,0.33354054636114155,0.6400447532113105,0.0633086397744492,0.9083934670047887
1990,0.49905435900064776,0.0962181003107236,0.4872106028928854,-0.0005878636617450841,0.00017282792664004024,-0.00026090889139890295,0.3330576609188421,0.6568953356219502,0.008858387821902595,0.9092728678351314
1991,0.4987822621551945,0.09613168665110322,0.4854551356707155,0.0008803959594916979,-0.0004808198551761778,0.000471619629756431,0.33331459178179523,0.6550690828773891,0.008196276421837364,0.9092163280777887
1992,0.5000170038308718,0.09671395199809321,0.49095624510718777,0.0009970603712927478,-0.0013324067564578382,-0.0014948227534637465,0.3352160308449669,0.6730381976207597,0.04900501452881571,0.9092079814225239
1993,0.5030451526951095,0.097211363265769,0.2650670293767028,-0.00017117216472928512,0.00022379664362360744,-0.0003044291023635368,0.3333591051522808,0.5727664746989279,0.09456561280318707,0.9087082769446743
1994,0.5013978448422619,0.09702417418181061,0.21089517935942953,-0.0004059961073868341,-0.00017459275998595072,-0.0006704131716125821,0.3345514431776346,0.5320325840638204,0.04031568351026924,0.9097047433932335
1995,0.498520055091804,0.09678318979206549,0.5248949651908161,0.0008676643005529753,-0.0008519427534978607,0.00027339281638106265,0.3336581285756342,0.6771798137170261,0.1476400544419415,0.9087056340453269
1996,0.5011757929528318,0.09706461990094152,0.26108256498565996,0.0001776056185644214,0.0018225344167587172,-0.00019314582417436648,0.3337951094419423,0.5867472537394433,0.07442195418148129,0.9090714114176255
1997,0.5021608549036479,0.0977497519497853,0.5972861875811865,0.0004424469541387236,-0.0002617631888467724,0.0006841632714693637,0.33302209598895277,0.7345241814611588,0.2160626821143086,0.907384214605343
1998,0.5006100870671262,0.09645572896523709,0.48939811034192904,0.0011809585970327151,-0.0009330700582760971,5.018618246344665e-05,0.33303002128793857,0.6012660827770692,0.06864583632275573,0.9107084717669073
1999,0.4994472900480605,0.09624254552822932,0.28659317643562404,-0.0015876596916423614,0.0012807764862474297,-0.0007890334406638853,0.33407356771099994,0.6143683234348009,0.0953550241985785,0.9099835216196175
2000,0.49979785850656494,0.09656308930770903,0.23060944609174072,0.00022969908186988198,2.932351311817957e-05,0.0014887685749675615,0.3311026855697737,0.5305461181306934,0.042040283197231985,0.909174713592249
2001,0.49821268596570006,0.09544431063713026,0.33856575952731544,0.0019505166125222552,0.0009568131522361231,0.00015716855565398163,0.33270326577521325,0.5705536567917726,0.03600429454446132,0.9083647721135448
2002,0.498562685193096,0.09541850595515736,0.21798303527849514,-0.0013252511301754442,0.0003163084302689831,-0.0010055443862841944,0.33255881587743286,0.5404049636845469,0.041851321565037986,0.9093799953110452
2003,0.499824791764841,0.09436197773469879,0.22956433310250704,-0.0009435636818808545,0.0010403298503900884,0.001581044201275962,0.3345311890955475,0.5477565147888257,0.05136964012936159,0.9111976638321861
2004,0.5003917370512406,0.09664506026635386,0.4838313275108482,0.00014383314849245447,-0.0015684912443520939,0.00036586614626073715,0.33402731169501754,0.6410497276059727,0.010717396250095611,0.9103254545629229
2005,0.49987413915228884,0.09796838321013564,0.4756906593845838,-0.0011009468452608986,-0.00027015229384401787,0.0012682179397646867,0.33343602589059207,0.6365714864568364,0.02754728273117321,0.908453218320944
2006,0.501079266969196,0.09726266225521811,0.501915579356187,-0.00043286209505356225,-0.0013253042078684191,0.0007482113774873836,0.3346619691388824,0.6615143493712737,0.00670410232340708,0.9070501807186582
2007,0.4991492584452137,0.09691332991926778,0.4914977271643422,-0.001230013338103859,-0.0012651308819936634,0.00016140294025922177,0.33154063398379513,0.654612837831721,0.021953429634270775,0.9094868085460901
2008,0.8334599726946086,0.09653853277207619,0.45845000609943387,0.031131519185174074,-0.00016911310851536388,0.00022632327879550812,0.6679492467552743,0.686523973069819,0.07997932810428142,0.9318410531055007
2009,0.4996411285160803,0.09800551353931199,0.49843935250874705,-0.0020543088285555292,-0.0025145860377323134,0.0007174276872144372,0.33320329455811776,0.693149453080664,0.08490873957800171,0.930464628527339
2010,0.500366056365477,0.09689348748300486,0.6117946495221517,0.0006023421301904546,0.002190258183517886,0.0001259341138712974,0.3338178003687999,0.6910154615489636,0.028940980300729523,0.9089668945091547
2011,0.49778139422207673,0.09875037462509043,0.6613450132143045,-0.002587777659350375,-0.0010740365759718702,0.0009767344937663797,0.3341135646151476,0.7029283124966499,0.030389124176216933,0.9086556471519661
2012,0.4997600487755403,0.09559336092938239,0.23107441443419904,-0.0004250488204871339,-5.699244233447145e-05,-8.798271349249188e-05,0.33290153020292723,0.5625786041561243,0.04788192012166801,0.9099532279954945
2013,0.5012726077947944,0.09589009753383118,0.2304778370477463,-0.0014016746757823091,0.00034861816024096294,-0.00022389069602760675,0.3336431156368986,0.5635515380525612,0.046229549558269245,0.9080881933072135
2014,0.4987943829148179,0.09803891527577108,0.351407226480439,7.580715069286514e-05,0.000978906712805615,0.0003732234812994757,0.3336832353176886,0.5759158730605188,0.035914944997941754,0.9096462029487989
2015,0.5002210536282202,0.09707388771835916,0.3282006073799026,0.0009060802996095128,-0.0010857266021061984,-0.0006179620691872996,0.33573139218668274,0.5589062954474322,0.04608152577645823,0.9098720531411745
2016,0.49861757612834406,0.09784568378646465,0.8691753695836972,0.0005127050961144634,0.0006537691138164105,6.781267127275215e-05,0.33317254564006393,0.8347925295560709,0.022581227162133847,0.9314974692426431
2017,0.5007506575143807,0.09601557397554936,0.8082738919399226,-0.0006703251261828664,-0.00039004939804148124,-0.001323064200260394,0.3347984788636859,0.7744154588949256,0.0907518080432064,0.909248307171158
2018,0.5008594137061677,0.09765338691880653,0.8835754743542187,0.0003594592225813655,-1.5323040222055026e-06,0.0015913080678371164,0.333129646696156,0.8445440945271204,0.05505108219806815,0.930648261797037
2019,0.8328828830887403,0.09634533181448457,0.796609168352401,0.0324683382756825,0.0005732342631798991,0.0006304643452804664,0.6675768005453531,0.7649205035136846,0.04761607786325465,0.9321802086865675
2020,0.4993563024996276,0.09731519758254031,0.3570513802195462,0.0017311265408166399,-0.00011988037508169553,-0.0012924714679065545,0.3343263313594946,0.6388657002301267,0.06275197212805457,0.9084288247859102
2021,0.49983181095666124,0.09566039959883797,0.25308114777132695,0.00010835277965428183,0.0004902106819961296,-0.0009593400274239828,0.331102211837505,0.61700037410072,0.11710190172644075,0.9078950655742027
2022,0.5004220808660329,0.09496303055302373,0.7704510360061003,-0.0011579313764819598,-0.001122982324256643,0.00013884822354934137,0.3309039280372988,0.734603068031421,0.11065697575479452,0.90814402140738
2023,0.5005319163765506,0.0960606299488123,0.6770133616547349,0.0011409767925148265,4.068846073647133e-05,-0.0014890449282438114,0.3332837905195962,0.7024551545457597,0.07271530675346832,0.9091996370527984
2024,0.5008690476893881,0.09844998661767247,0.3204221856237874,-0.0012435433882646725,0.0018181843465560625,-0.002532609640244788,0.3333156026959991,0.592333806595511,0.20870219799536313,0.9102496448454397
2025,0.5009971168563782,0.09627768239718279,0.23200603086368737,0.0011078114128565118,-0.002033756066128054,3.822234720942491e-05,0.3329596917541319,0.5614945960002529,0.08313683179900552,0.9089259179638348
2026,0.5008954111764864,0.0988895249937093,0.21910947953316978,-0.0012323088574855581,0.0003441370362909925,0.00031366764266139643,0.333432233133537,0.5765428950976563,0.08102224326305481,0.9100950517873608
2027,0.49926992790327646,0.09866923666820938,0.3197469657099982,0.001222026345941147,-0.000605485490395795,0.0021442808544029543,0.33374997731894535,0.5772725090864667,0.09418266562770698,0.90866293947938
2028,0.49933760452765763,0.09860295976519401,0.5201859951268174,-0.000200824578979994,-0.00104821364828798,-0.0007973764958696187,0.3324736802393754,0.6285782652642619,0.05191615132814133,0.9094578955343996
2029,0.5002110292790642,0.09695750564264558,0.5315036526898216,0.0008967689461818996,0.0009365064727908,0.00141620441026588,0.3337079688626898,0.6711091989199569,0.12871592464110831,0.9090395492166521
2030,0.49951363269324894,0.09748023953403738,0.1912351689388137,0.0011372758807137327,0.000976867230467253,-0.0005961733897406493,0.33555825617201546,0.5854024591330022,0.10460848053532307,0.9100667162892203
2031,0.5004800556739734,0.09756590607326038,0.21824369702326554,0.00044472477731888376,-0.0004530954610448051,-0.0009945672972952984,0.33397181781719115,0.5986069397756751,0.070794858148552,0.9084702974916313
2032,0.4980052048973555,0.09664318115716185,0.4943749558454673,0.0009382388927298851,-0.0008392009790333258,0.0004912486291878845,0.33354255430612284,0.6411316501324011,0.01351510923876232,0.910377389315369
2033,0.5009811448727262,0.09582359409533327,0.4975643900996414,9.84692604171075e-05,-0.00042447264534564873,-0.00109849110136425,0.3334966203500256,0.6458852202865202,0.01257319971545851,0.9100227257092047
2034,0.4990511940521172,0.09768422105322921,0.4851121270573697,0.00069978628873003,2.6028295551963398e-05,0.0002211445624240002,0.332703043232671,0.6477664881172621,0.00783277406320283,0.9078218832515049
2035,0.49870428662262645,0.09783373876597419,0.4856425749062428,0.0007975893548057452,0.0007609038711284975,5.9532066421114735e-05,0.3300450076911989,0.6589519647253347,0.017567112140921555,0.9088315546247789
2036,0.5012524215640815,0.09681383736348875,0.5002291716860086,0.0009230819905275661,-0.0013553218685657673,-0.0014096619963921047,0.3328115751327862,0.688776530401249,0.01750644581145939,0.9094486919863786
2037,0.8341446215968672,0.0961976338024242,0.43977807182504197,0.030701719057477057,0.000418752737919914,-1.3796187684476023e-05,0.6653539928265273,0.6688494106033611,0.09413901619050236,0.9304759519755955
2038,0.4989935188412355,0.09700444608659169,0.4784919981026224,0.00011327109652112737,-0.0010437122467147981,-9.879392668153081e-05,0.3319315331406467,0.6838250232124302,0.010636413792441266,0.9088686567555642
2039,0.50077639011626,0.09715852906647073,0.41308320295409484,-0.00025520299478267746,0.000498733844523816,-0.0002770604897378863,0.3336614620855846,0.655597299710481,0.07015060860924688,0.9098614590363938
2040,0.5022540206805017,0.09489403560656498,0.35148649627491146,-0.00038226106296893915,-0.00033239716170117237,0.00037260412955740084,0.3348451084823286,0.6193255707949452,0.05547092697040345,0.9300853338698375
2041,0.5000323665830617,0.09682256406310576,0.44677394336145326,-0.0015527451172712805,0.0019554049801503875,0.0006062246770078782,0.33360649334238185,0.6747530879154524,0.07523836370980784,0.9312031654505318
2042,0.8336523004983059,0.09526452990512163,0.7406634907178109,0.03132367085350866,-0.0003659151869690996,-0.0009154564683104198,0.6654994909569476,0.732241432886313,0.04341242429349171,0.932843953655248
2043,0.8324142931114994,0.09621074610531026,0.8483000686886734,0.03013144489884191,-0.00110025951095097,0.0011039999529842252,0.6679210606348881,0.8018466397451688,0.06270511702315855,0.9340531329330052
2044,0.50071267073935,0.09759264992882957,0.6358080983201024,-0.001246816890472863,-0.0007700994411204516,0.0003813666730038776,0.3322795092486995,0.7526843523577186,0.07531567840441127,0.9095598675462687
2045,0.4998790647271385,0.09683454656054914,0.5230076296712155,0.00048294098255124935,-0.0008092111146454102,-0.00092258064753293,0.3342854269339771,0.6944097981356212,0.07406073499015783,0.9323908000005773
2046,0.5015889721032082,0.09816126968491835,0.3816888881019179,0.00018151677218895032,4.348119802889382e-05,-0.0005771466663801978,0.33309327922736126,0.6374335268679047,0.08971206180801027,0.9083715999039229
2047,0.5006355383249222,0.09712524966957493,0.4231963193088852,-0.00015345681548685405,-0.0015074032816470133,9.090498611336174e-05,0.3330039353934539,0.6502797475208928,0.09658112786836294,0.9080772698439059
2048,0.5011039637970975,0.09648813690130405,0.5714547774099096,-0.0022884871456953088,0.0013055532994578915,0.0008507192943880213,0.3322680548221537,0.7162111087684374,0.16476677142878934,0.9074198398045897
2049,0.5011563611502065,0.09678191790131893,0.7746961805786887,1.1129102807645685e-05,-0.0007983057007128812,0.00045583963296643934,0.33358978180910154,0.7727433476447584,0.23900622653702108,0.9073342318484103
2050,0.5006144528600809,0.09599607122773042,0.5997359750525122,-2.63818197378852e-05,0.00137096519455634,-0.00028644612864305144,0.3339729577714913,0.6878297654938841,0.18826695267314664,0.9078513462151344
2051,0.5015881193512615,0.0965402543532933,0.6203596287076737,-0.0002591062160459126,0.0015365834445646683,-6.179038222242114e-06,0.3332865258190561,0.7264586159329319,0.16861170404265796,0.9093140923489057
2052,0.4992146834811245,0.09727291814037271,0.5915628257510925,0.0004096392625921222,-4.937961150892827e-05,0.0011171407639293408,0.33471615243192493,0.7315126225278289,0.037395907292221586,0.9082260816875921
2053,0.49863566427425265,0.09773666669415507,0.582112054208627,0.001216639519846017,-0.0013130298960799696,0.00015449264457065382,0.3336014153950665,0.7146833911774528,0.04869621826765972,0.9090001137726084
2054,0.5019234770862744,0.09611746019685508,0.5193235349697987,0.0005963771303347528,-0.0004396113002638301,0.0002803589548125221,0.33368114052324416,0.6862516402918494,0.06141390758388672,0.9098119231815748
2055,0.5008925722179355,0.09811182184974207,0.5444999503225926,-0.001578871384378513,0.0017037046449782216,-0.0008095227118923859,0.3330799361695384,0.7025768483344432,0.041651587459387185,0.9098818584286213
2056,0.5007835120642082,0.09635540201324802,0.43676293477284717,-0.0010821732713754404,-0.0012337104615229356,-0.0015948908763121726,0.33452739051859126,0.6602347556659492,0.057046884003702135,0.9096246675186638
2057,0.500295347279669,0.09664396004688212,0.4948777961390757,-0.003045478474968081,0.0004713490099072361,-0.001670847761480714,0.334507982263266,0.6784124844559942,0.02015102058779118,0.9089239889910917
2058,0.49820220779378255,0.09791523723297613,0.48067743842406896,-0.001793096341600039,-5.33522248468138e-05,0.0006022646848170766,0.3341769999592255,0.653131035840063,0.02052415550462074,0.9091845123640395
2059,0.5008607872858003,0.09751104105685207,0.4841656150510375,-0.0002894986476242487,0.0001524428627877693,0.000749202539555397,0.3343613172223883,0.6622662143555689,0.02428507526920091,0.9078967939257134
2060,0.5003583493438233,0.09565918422900148,0.5042778469852895,0.0006248792172096419,-0.0009526312898727295,-0.000728616404070502,0.3324554185995825,0.6670350682898186,0.03375471879410919,0.9064722662374144
2061,0.4985793272744718,0.09684134941140354,0.48251638600292296,-0.001089244731092327,0.00028776468874003287,-0.0007400761569483635,0.33370413344789185,0.6414492128021878,0.011272011448931476,0.9088952913524884
2062,0.49937486399840236,0.09728092022107016,0.4646467359426429,-0.0006655489477032332,0.0005598151406446289,-0.0012451885839234891,0.335180763668788,0.6722116410243429,0.05864557989650039,0.9093887388093114
2063,0.5006365745018956,0.09716673542489827,0.38893847209390114,-0.0005634806059890996,0.0003859264901655551,-0.001305118758747445,0.3321422837208516,0.6357766251130218,0.08098191742581415,0.9088129463600271
2064,0.5013755493166568,0.09686367711776764,0.5449573863096486,9.609382749998388e-06,-0.0005873579199835805,-0.0006865592907400102,0.3320631908831602,0.710298975569148,0.03571169044545086,0.9107632236232522
2065,0.5012740434152981,0.09830679772435255,0.5461672010847922,-0.0010349548445936422,-0.0006541833178427242,0.0005685881594811307,0.3338416944850048,0.7049253976359326,0.035403171702705544,0.908447098834464
2066,0.500469686063329,0.09741552417717542,0.533099112315792,-0.0012478910552601657,-0.0011813794150073342,1.7777210665303205e-05,0.3330461824424116,0.69026497384997,0.038669012736488484,0.9102555899692558
2067,0.4989053496724055,0.0976486908348745,0.5507062681510417,0.0007009352838073565,0.00017969054144134804,5.346229458329568e-05,0.33458501588374306,0.679121681913597,0.07619169997491412,0.9080734053972577
2068,0.499005348400637,0.0961094792598388,0.18178191059627666,0.0015955009734558753,-0.001170137154604319,-0.00020999148859650785,0.33537531004782367,0.5820185285060178,0.05500463478356171,0.9082135873419743
2069,0.5020337795869206,0.09830752515958606,0.5486139871754343,-0.0008656001319430546,0.001871503000310045,-0.0013440840409482705,0.3342640449470418,0.7381621918458112,0.12851618737829001,0.9334177006758473
2070,0.4996844296805189,0.09525375038949134,0.3888508890851193,-0.0007005394031962783,0.0006025722511659932,-0.00046896816312706584,0.33209705611930174,0.6581777736965385,0.16957683377010369,0.9082670986638904
2071,0.49955449814179226,0.09723164934594102,0.4765540692766641,-0.0006165199366947976,-0.001603308193967397,-0.0013905613440355138,0.3334180978202317,0.6733694387318045,0.11491165875779882,0.9092689836649381
2072,0.5011054312023847,0.0960598156365575,0.33408001212552785,0.0016469309202123117,-0.0007870099787539048,0.00012758477788894383,0.33294005699029217,0.6523583446975841,0.20438077284098435,0.9097174512313752
2073,0.49765430217710044,0.09728725096003522,0.5525538910533552,-0.001765777813488019,0.00030219501518894743,0.0007587438726260384,0.33325233627667955,0.6810586914773169,0.12408956399139048,0.9104172990092296
2074,0.4997429772385137,0.09610249430762861,0.15669395706081063,0.0008814877298231584,7.295314786043974e-05,-0.0006310570144226792,0.33347344268591034,0.6163766698737255,0.1280749815459668,0.9093225319357815
2075,0.5001905970074576,0.09628355915113082,0.5677825113408181,-0.00028803050821977794,-7.722602128026918e-05,-0.0008162076761995441,0.3321438995565744,0.7194271361625487,0.07845880959077144,0.9085803218883313
2076,0.49960399819588625,0.09705394306244874,0.48776584963275915,-0.0003546265174949307,-0.0011588227755429368,-0.0020153246468968622,0.33543604856524134,0.6575578543681038,0.09671509973004515,0.9085527582792318
2077,0.49990861836623623,0.09792959636931463,0.4136042231047044,0.0014601580466384828,-0.000696859275424301,0.00025489761810081014,0.333336895398384,0.6063918975898689,0.09229600462029768,0.9082798266653317
2078,0.4999115048468065,0.09822835601417385,0.5486145235292809,-0.00020806025040941308,-0.0010087309805243483,0.000502726328215395,0.33388699015905127,0.6576430205555532,0.09535651707017004,0.9087936782088968
2079,0.4984945750539054,0.09807073402851131,0.5165395927875516,-0.00020149406475419507,-0.00016425589965659605,-0.0002993645340549158,0.3328550866153623,0.6454465964905264,0.07491334679612759,0.9080729002810066
2080,0.500333432278093,0.09619456084020522,0.36358992044547783,-0.0010977985614756946,0.0009233517704684723,0.00102823443692598,0.33335912003472695,0.6002887484955629,0.01981003561168614,0.9098408225537287
2081,0.49903782644012595,0.0967076546515826,0.5500071857990612,-0.003101433917462668,-0.00019865944523763591,-0.0004170070478840252,0.33247707900946405,0.6776551289416778,0.07128902778460233,0.909864157776911
2082,0.5002217521066749,0.10010842245442221,0.2110011896976775,0.00033867055560019124,0.0007692614017651107,-0.0011413578552423903,0.33448241633066794,0.5537791250336869,0.04483167512521776,0.9080398283957543
2083,0.499123793869644,0.0963789765113654,0.20542717565944618,-0.0014165269850064195,0.00048762001428694074,0.0008379139474681658,0.332160450584384,0.5299197516987676,0.019929339467988624,0.9081449309278498
2084,0.5004785461671302,0.09831381777612004,0.37323675898068287,0.0004759980877529389,-0.000661521098801219,0.0003305442733568891,0.33518930542715925,0.6312265374655006,0.141338458643344,0.9087560172019089
2085,0.5000440967789276,0.09684946894093333,0.5180689831620662,-0.0009515799422737531,-0.0008166119261462138,7.229073336097973e-05,0.33427472790708945,0.6590656691019459,0.07866446125223654,0.9087044897856256
2086,0.49853473425451894,0.09718948056656568,0.5492451249434436,-0.0003850965610449804,-0.0005972329494172109,0.00016469035647584827,0.3333109670158507,0.6868236033529775,0.08015382471674105,0.9084512272769668
2087,0.5007557517648435,0.09639705164680527,0.5588446690337846,0.000583696090558363,0.00035117329817265625,0.0007303916082424402,0.3333291526160379,0.6757966228544803,0.10506652120346506,0.9089935216789743
2088,0.49993066992970114,0.09741364945036944,0.499067819476696,0.0011800887316571799,-0.0002081998591446024,-0.001398096952032678,0.3321236256724204,0.6591122736892254,0.014395332047644361,0.909172500729614
2089,0.5003756353484888,0.09581914712229071,0.4871559751137306,-0.0007333097669937078,-0.002877906396399445,-0.0006679348969565169,0.33346831796510945,0.6572247702249551,0.015903170844032796,0.9101147397646827
2090,0.499141242570461,0.09662288570316263,0.48401604151544975,6.166039057282158e-05,-0.0004768227716736968,-0.0007223626073936352,0.33193749849446164,0.6406646365458357,0.007353804011168755,0.9094235421903532
2091,0.49960389087469864,0.09623640508738945,0.4923336788756195,-0.002025252504847721,-0.00010381540609555052,-0.000232875630060257,0.33390616224466874,0.647195872115027,0.016813627837205716,0.9100503312680204
2092,0.5011523294505698,0.09729458045705275,0.48667700124791574,0.00033664517165669374,-3.226455204581794e-05,-0.00045795781835882715,0.33285023011688886,0.6517948851477178,0.014802328486179787,0.9094932364527281
2093,0.4995895472690041,0.09702012445142473,0.4829884213610563,0.0004889493589069206,0.0016964596411059639,-0.000610710588338529,0.3322478149876054,0.6407582787802844,0.011166747254968166,0.9102275639333179
2094,0.4985484173208811,0.09795221152529815,0.5250543863306455,0.0007381310897417771,0.001978936641563354,0.0013790527417274238,0.3326709464883359,0.6644254053573442,0.011446792413309707,0.9094058454876003
2095,0.4998986311299787,0.09662059948100443,0.5167092639503175,-0.0006565491775253125,4.515971941132818e-05,0.00013516881800522895,0.3325428049877178,0.657967939156077,0.007528613637718343,0.9092297052270765
2096,0.49895808888799265,0.09552069812059076,0.4356346717281333,-6.128572587889777e-05,5.53387080656603e-05,-0.0009384491369978105,0.3333256700094729,0.6641999055648767,0.014470828349769612,0.9086876821355042
2097,0.4992952096870344,0.09666961346696212,0.37316995962692606,-0.0004744331319707916,-0.001103000188087865,-0.001614864140991664,0.33366282029825645,0.628588602403832,0.08368621440741869,0.9299076207244723
2098,0.49881108410607805,0.09620741039362454,0.43866611593939847,9.235844014871091e-05,0.00022857425865293454,-0.000506040458170931,0.33391833319704206,0.6658649059458213,0.0877717007326394,0.9323096512339132
2099,0.5010953730991273,0.0969787274220571,0.37369135954125254,-0.0003594824876517486,0.0005640204915106323,0.0008999557658224141,0.3322656170761486,0.6365147574136295,0.08444678128551937,0.9086693799897947
2100,0.5011477619351005,0.09910502597432862,0.39449853693214904,-0.0002873946964563731,-0.0009770299870883454,0.0010834577190996853,0.33389369380993744,0.6510091921369915,0.09878800510054098,0.910666383536437
2101,0.4996394533498192,0.09622978644563307,0.4394336743355798,0.0021127440548440618,-5.79286785445619e-05,-3.89272537628797e-05,0.332633893815942,0.6702228594176546,0.04624876927798193,0.9079159261649848
2102,0.49985436123128807,0.09725821261853514,0.4666812509869922,0.00036938330555772445,0.000603664719550028,-0.0008814755750170349,0.3335421738324981,0.6865083870330055,0.04794240951822293,0.9089964860486872
2103,0.5007477029490314,0.0968633344377211,0.4530242250234276,-0.0005218810792538082,-0.0018219496640306076,0.0010624333398155765,0.3338957914657994,0.6688332344577236,0.10258742948771937,0.9088959575050188
2104,0.5007969470469938,0.09798419294544777,0.5093944100183143,-0.0005895754882587043,0.0013710837364444772,0.00023985010828747784,0.3326300449855944,0.686075666247346,0.05508656164996227,0.9099387033285696
2105,0.5002127286490361,0.0977971552868708,0.4594054248154794,0.0002223029682863681,-0.000269810506720098,0.002094756489690992,0.3349370390776329,0.6770350372984808,0.056035652505831715,0.9107644112268477
2106,0.5001593820827449,0.09571711277470758,0.5792589491423304,0.0005739310233184048,-0.0017800444898028196,-0.0005584314954105755,0.3336399129391015,0.7030402029925606,0.05187605933358472,0.9079074981261586
2107,0.5000310420418699,0.09936828643973414,0.5616083975147848,9.816679620819689e-05,0.001259237031533589,-0.001118455312833396,0.33372717957053455,0.6982274278521271,0.048730040619714525,0.9083106145306187
2108,0.5010387854678189,0.09694783829765087,0.7232391940681374,-0.0003606684456373452,0.0017710314230992023,0.002289010071527519,0.3315133261533699,0.7786298395506323,0.1287993523541526,0.9089680214518975
2109,0.49898804394260515,0.09505001417604489,0.6165451110162786,-0.0011522348834401258,-0.0003845502676497499,-0.0009752188630524183,0.33297269196551865,0.7531539204222859,0.11843632361043444,0.9086607632195753
2110,0.4997941224300552,0.09646289825004045,0.3079741828589015,-0.0002920964450985453,0.00028496836012122676,-0.0011657158777669007,0.3317782035408073,0.5701893610741956,0.05496194016471261,0.9098184728058797
2111,0.5000985814459215,0.09840891111387681,0.3198121843176283,-0.0008565815539483976,-0.0010419853115188477,0.0017770174508088914,0.33105443229555903,0.5914961730652646,0.08800543689714622,0.9075551487478303
