Row,TD_P,CL,LSC,DCP,N1,kDN,TD_U,LSR,N2,F1
1,1.5831078134678676,1.9437208183461474,1.0401645123046726,1.8622467950650479,1.6426841600936937,1.7872141412363873,9.020562075079397e-17,0.7071700198321432,1.7787716173546866,1.349210329638829
2,1.5827695106318593,0.37506029519371764,0.7559646928121917,1.8405290342732834,0.3483439328776496,1.2258592615191477,9.020562075079397e-17,0.021751327064288256,0.658320344415328,1.3358944988721304
3,1.5761311261309523,0.7015759434375224,0.9064547599574706,1.8669288992783062,1.6426841600936937,1.5283500574934128,9.020562075079397e-17,0.5931675795859245,1.644325054787154,0.5903792216598112
4,-1.3465692231440067,0.7007421125585579,1.0828857430727585,0.9309737377828878,1.6426841600936937,1.395137863233719,-1.5612511283791264e-17,-0.04728354319234533,1.405061385504709,-0.8888002814535593
5,-1.362993552905065,-1.6979866534720813,0.9621707886000502,0.5890134733890797,-0.6628371062339738,1.2236735602564013,-1.0408340855860843e-17,-0.590288592216414,-0.0809297800159083,-0.9275265100700155
6,1.58214005817358,-0.1284181178871836,-0.5952023912474911,1.8758984766305524,-0.4027182436550717,-1.0195561228069248,9.020562075079397e-17,-0.5710373470456079,-0.6267634242387379,-0.9391588729031526
7,1.5843060259613881,1.9437208183461474,0.447834253838327,1.8550579376347105,1.6426841600936937,1.2255837892057868,9.020562075079397e-17,0.9849366610825661,-0.6304413744444441,2.1286089520290687
8,1.5854294510176075,-0.1572696273135197,0.612232598544027,1.8963846704283154,1.6426841600936937,1.0073618445754844,9.020562075079397e-17,0.08888584483825268,0.7688296507211694,-0.8490397207425249
9,1.5833668365029605,-0.12258537004786275,0.9287041989109205,1.8371029653596782,1.6426841600936937,1.5282982969266479,9.020562075079397e-17,1.4823214338943531,1.7679842294316275,0.5739538015845383
10,1.5819374061827327,0.4133638634442588,0.9170633474276082,1.8827432806116675,1.6426841600936937,1.3969303941786626,9.020562075079397e-17,1.7236899460306359,1.5758058834445494,1.2868805953570055
11,1.585680698763541,0.4068829720494916,0.766536708119947,-0.667773425813934,1.6426841600936937,0.7128993330346232,9.020562075079397e-17,0.23130110360512532,-0.38779594023067293,0.6031468052352604
12,-1.361080176759563,-1.6979866534720813,1.0210041542284765,0.152303156414414,1.6426841600936937,1.0043406662748116,-4.85722573273506e-17,2.0283106457652513,2.1624410214761522,0.5999265515757783
13,1.5816997598421392,-0.11882501741413704,0.545498055715235,1.8324499319028489,-0.6610225203488718,0.7086420504903123,9.020562075079397e-17,-0.3260997692461162,1.0171849834363154,0.5577401012552488
14,0.1329122229235501,1.9437208183461474,0.9242908920223449,-0.5559907273228153,1.6426841600936937,1.7184874816615516,-1.214306433183765e-17,-0.3554974215102941,1.373309458476125,-2.341542205353558
15,1.5859258298898968,1.9437208183461474,0.9684626866749625,1.8492853105316769,1.6426841600936937,1.7175911806614772,9.020562075079397e-17,0.38354398607978124,1.4943394567112347,0.5714936721562065
16,1.5804290279906585,-0.17527383443510486,1.0076347724517105,1.8805777425254249,1.6426841600936937,1.7183388476660126,9.020562075079397e-17,1.7209635760141804,1.556321100797159,2.07956496688082
17,-1.3838786482922478,-1.6979866534720813,0.660268531862528,0.3044723305274649,-0.9218561400346431,0.32656600231915095,-5.204170427930421e-18,0.31614004082356356,0.9828518742109733,-0.9137851210527462
18,0.14126226826900745,1.9437208183461474,1.1279459321656573,-0.18779487358789615,1.6426841600936937,0.7171167556963552,-1.3877787807814457e-17,0.06110024022190442,1.402235825931679,-1.6406807464023736
19,-1.3454822522069056,-1.5489637179149274,0.8534905686542131,0.40500568617221083,-1.0355001457022224,1.226968563625247,-1.734723475976807e-17,-0.06506771566951448,0.9486316563572965,-0.14209115655529928
20,-1.3731487741162283,-1.6297010031981238,0.9221454956677156,0.8883111352444709,1.6426841600936937,-0.24179272405052654,1.0408340855860843e-17,-0.060600069092152646,0.4092680011722148,-0.179465300441499
21,-1.3633246062897177,-1.6979866534720813,1.0545973511566131,0.7755863715060173,1.6426841600936937,1.5265396894264829,-3.469446951953614e-18,1.0718763559539306,1.4455704453599696,-0.8797526820561622
22,1.5858468217738046,1.9437208183461474,0.8944954126209167,-0.9956626812013623,-0.6961358998471527,0.3147825354578052,9.020562075079397e-17,0.18990755191379585,1.0300981608215192,-0.8166871972727455
23,1.5833236707126113,1.9437208183461474,0.5163268705299239,1.8858553124209183,-0.27531762994128656,1.230837341445504,9.020562075079397e-17,0.8495193738777047,-0.7111828795952922,1.2936544944185737
24,0.13559476458768616,0.2769943114853314,0.6411214044757602,-1.037546660988007,-0.5216954011154972,0.3169633674204822,-1.3877787807814457e-17,0.0126232247721246,0.06913538363324974,-0.8617431261621425
25,1.5795214358702725,-0.08764249393750152,0.6419831059872682,1.874618725660981,1.6426841600936937,1.529465054645045,9.020562075079397e-17,1.7383048568031092,0.09451521376107622,0.5631090858270108
26,1.945790862462432,0.16929732288897564,0.9466566924879679,-1.0395218753334556,1.6426841600936937,1.3950737504912991,9.020562075079397e-17,0.8661684583674724,1.8364971795228244,-1.6454652197413508
27,1.948082062037848,-0.04103554962864395,1.0041983788825124,-0.2436315015308075,1.6426841600936937,1.7201639786278944,9.020562075079397e-17,0.353496691435697,1.6678753822187768,-3.828693148234763
28,1.5816113317919935,-0.15994374370108422,0.6649581808356378,1.8565484499479057,1.6426841600936937,1.3952105474473186,9.020562075079397e-17,0.3277809790322574,-0.5083241864358345,-0.8655934930101018
29,1.5853122801079527,1.9437208183461474,0.934537792751818,1.83481946093562,1.6426841600936937,1.5280106822958721,9.020562075079397e-17,0.9013542852429184,1.2848107734612795,1.3527996767602246
30,1.949346938978661,1.9437208183461474,0.7912158175349825,-1.2785749719781614,1.6426841600936937,0.31946392714970046,9.020562075079397e-17,-0.34937961079409313,1.3626185599808844,-0.922939194777558
31,-1.3434200218390866,-1.3174648831063356,0.7474558812246334,1.0343505405978908,1.6426841600936937,1.2275400894996642,-2.42861286636753e-17,-0.6478491284046389,0.014179197205203357,-1.639668511109868
32,-1.375318818924945,-1.6979866534720813,0.46575712400762115,0.8058234951375766,-0.43225988853460284,-0.22451568140680772,-3.469446951953614e-18,-0.598492227068858,0.3294473008041355,-0.863460965482571
33,1.5851211652071786,0.46183063493596566,1.0255871153897471,1.8392239693397807,1.6426841600936937,1.6320428234954598,9.020562075079397e-17,-0.5060012533876155,1.3655726660822762,0.5949722346611895
34,-1.3675953395632614,-1.6979866534720813,0.9087979886728095,0.19048735859885493,-1.1486919461797875,1.2250129834880878,-2.42861286636753e-17,-1.0843753178097832,-0.34102923377688377,-1.5985894166229762
35,1.579212852597803,-0.12378469484202,-0.2472722930357292,1.8418545656917988,-1.132367220631601,-0.2446864189672621,9.020562075079397e-17,-0.6223037599306752,0.281280110447998,-0.8806726399537032
36,-1.3865781642592698,-1.6979866534720813,0.6481647022842808,0.16723443791372702,-1.2870039990003959,-0.23573334517280578,-3.2959746043559335e-17,-0.5801594627291065,0.6774610514757444,-0.13475164115016963
37,1.5844792667242695,-0.1408156507050025,0.5693492119858568,1.880422211353418,-0.05401902706701887,-0.2393893092926781,9.020562075079397e-17,-0.008306396450282326,0.9583752718602092,-0.1756354720299686
38,1.5879058419741356,1.9437208183461474,0.46898039880342235,1.831297906193206,-0.7931854487828573,0.714980134765235,9.020562075079397e-17,0.8349836321954053,0.7480880314381319,0.6222530591816416
39,1.5851698959602458,1.9437208183461474,0.6197829005009262,1.8578289199162288,1.6426841600936937,1.3955106525585919,9.020562075079397e-17,1.8578801477082838,0.15473733436882686,1.3247644570679804
40,-1.3580620099257619,-1.4600161657081527,0.9690380181125191,0.668031408514666,1.6426841600936937,1.2306162902389772,-8.673617379884035e-18,0.8037065128740593,1.305983746326026,-0.1730792388512403
41,-1.3534790340364198,-1.6979866534720813,0.8871751454910971,0.06892927289884457,1.6426841600936937,0.7110899295554367,-4.163336342344337e-17,0.8872443120625768,0.01636464719710981,0.5659850218058335
42,1.580278203657951,-0.17582347831959874,0.48534730942448295,1.788750004179716,-0.12015216445716116,0.32382019315001775,9.020562075079397e-17,-0.5482825142936832,-0.16937350726441278,-0.8727679592551486
43,1.5886362627625623,-0.0467677109686342,0.7394605432800021,1.8603470597895253,-0.08636134002021523,1.3953341030806306,9.020562075079397e-17,0.1237643155680526,1.1396794985453789,1.3753209456132884
44,1.5818071608862443,0.026941292869555246,0.39588438596478787,1.8418080472457459,1.6426841600936937,1.0104499851495883,9.020562075079397e-17,0.8575920369308822,0.9221050849714152,-0.16840595221200025
45,1.584117584729001,-0.049158392514891396,1.0655051292564959,1.8666967782630064,1.6426841600936937,1.0031316472522311,9.020562075079397e-17,0.6567300494295598,1.7948755500661122,0.5575204310276791
46,-1.3654233816110721,-1.6979866534720813,0.9919145740318248,0.24657642000017632,1.6426841600936937,0.31625465468104347,-3.8163916471489756e-17,0.6744970721114861,0.6727283009424391,0.6464222348451455
47,1.5851076690852055,-0.14362342248119608,0.8114664967339891,1.8630532776387425,-0.7515204744189179,1.717248022156523,9.020562075079397e-17,0.5159420367317512,-1.2898165829159056,0.5595441536398741
48,1.5814122447921355,0.5266900857770809,0.7225833891386784,1.8277626822187982,1.6426841600936937,1.7184928155619834,9.020562075079397e-17,0.6619634411956303,-1.2417509960179718,1.337155544147388
49,1.5857196796179582,-0.12889547194814632,0.9355051008384176,1.7733352854158477,1.6426841600936937,1.2265975840158496,9.020562075079397e-17,0.9160895381253076,1.3377451715342696,1.3574649029601678
50,1.5804649547501552,-0.1914406200223582,0.5669318183068882,1.8294753061207016,-0.3171510881881079,0.3105476995953945,9.020562075079397e-17,0.6921207620451088,1.1064864202412668,-0.18715859413397942
51,1.5830452248163347,1.9437208183461474,0.7700182151377105,1.8986250467594925,-0.43558753342846934,1.7184714548489954,9.020562075079397e-17,0.14799448125990583,0.8986602433723816,1.3477909654000357
52,1.5835657519741142,0.6847624197252928,0.21070637176688858,1.832146050877264,0.03814607131369226,0.32055939438876513,9.020562075079397e-17,0.9855691878101895,-1.3227710182044001,-0.18562516658081982
53,1.9522037445071527,1.9437208183461474,0.9575145481245932,-1.005644632145717,1.6426841600936937,1.528537590600341,9.020562075079397e-17,-0.21929822335433036,1.5628161877992581,-0.9484964493779086
54,1.5833851577410147,-0.17867881302134367,0.769781364331845,1.8182866129699793,1.6426841600936937,1.7179347378075256,9.020562075079397e-17,0.8650521201176841,0.9961483519311022,1.3654426603972678
55,1.5812185987794276,-0.15612242489221326,0.7471979501934154,1.8648076694228286,1.6426841600936937,1.5280882308455759,9.020562075079397e-17,1.2674812688948252,0.9643437182636274,-0.11580264128536388
56,1.5823246260313013,-0.19332751457998898,0.5398380166532767,1.8497013038712424,-1.8629798153076826,0.309889232143441,9.020562075079397e-17,-0.3366405618982248,-0.001663039815526888,-0.9337442336540067
57,1.5840552332690476,1.9437208183461474,0.9808086103134122,1.8472895225463188,1.6426841600936937,1.7173243380755894,9.020562075079397e-17,2.871198559092026,2.5706892417599194,1.3631974279075698
58,1.5816018086346662,1.1266734116025479,0.771934985587603,1.858464148298454,-0.1576940692367614,1.3958412269249232,9.020562075079397e-17,-0.4733120444315015,1.1447413227007404,1.3049852287800283
59,1.5817397377032698,1.9437208183461474,0.9348467347299323,1.856820921497403,1.6426841600936937,1.6342719227307363,9.020562075079397e-17,2.3794504921634747,2.302764409869074,0.5591672030074334
60,0.13569758386246883,0.10070400517713823,-0.8553636211516172,-1.5425503228816653,0.10684807249797619,-1.0272919676710905,-2.0816681711721685e-17,0.173955901307746,-0.4569855932730201,-0.9037762917672644
61,1.5823080310559772,-0.16425000261899284,1.0054434531283356,1.8352522436987981,1.6426841600936937,1.2236910710438158,9.020562075079397e-17,0.4810735623335324,1.3912707879255557,-0.17543266887419043
62,1.587140864178825,-0.16036693157388301,-0.08794524007074586,1.8633172081598686,-0.926541555414568,-0.22984450693442798,9.020562075079397e-17,-0.07024938714409215,0.23222605278660982,-0.9351940200798023
63,1.584058835333475,-0.16241273058682132,0.9185721837099701,1.8654594304030108,1.6426841600936937,1.6330702131854167,9.020562075079397e-17,1.5659886714595759,1.9193356177810668,-0.8485685372879808
64,1.9478512210318881,0.35208807357663074,0.9170810049991186,-0.4096675745591064,1.6426841600936937,1.7873305875407985,9.020562075079397e-17,2.453987574866257,2.2377011369231554,-0.1864385209524951
65,1.584146072798927,-0.14869288148254492,-0.15725582650179165,1.859458936209241,-0.6467877701359583,-0.2376388893677292,9.020562075079397e-17,0.09532607283211098,-1.0812180349709242,0.5983940543095894
66,-1.3582292160633531,-1.6979866534720813,0.9614085853960054,0.30539075342942984,1.6426841600936937,1.3975643670567435,-4.336808689942018e-17,0.9067623024761968,1.542521305338365,0.593573946011461
67,-1.3784336467163203,-1.6979866534720813,0.5903770991309051,0.7449883744720016,-0.47371145437787804,0.7169858729999657,-2.0816681711721685e-17,-0.20422605491796575,-1.6591419196287052,-0.8765025129970747
68,0.14144754472379645,0.2352162587130483,1.0983874671977516,-0.2735712306856465,1.6426841600936937,1.5280181475762955,-3.122502256758253e-17,0.8472821773190076,1.4963455953651177,-0.09983615280010316
69,0.11969778947747263,0.19171233542925048,0.28265699284520013,-0.7591240359721327,-0.22741742521981625,-1.0252011251675703,-3.2959746043559335e-17,-0.3538001711451434,0.6503978059774256,-0.8808849837428623
70,1.5816673012042939,1.9437208183461474,0.661592206746553,-0.7706198643262681,0.1899499976493426,1.6327446805222587,9.020562075079397e-17,-0.09627758735875083,0.9692164208102035,1.4096921958826774
71,-1.3639113067341286,1.9437208183461474,0.45737700954406646,0.8053386948817884,-0.15816383349767094,0.31352801306792805,-6.938893903907228e-18,0.5392597642146384,-1.2511453964819341,-0.15757195413533126
72,0.13002747926654437,0.14943222095104455,0.9388969229035401,-0.651822217132691,1.6426841600936937,1.719287384741518,-8.673617379884035e-18,1.3577439609997164,1.970433706926915,1.3835454046774749
73,1.5803012744647986,-0.16469870330260394,0.9661716313847878,1.8440611440119854,1.6426841600936937,1.5286209892332157,9.020562075079397e-17,0.6930130553277457,1.7049163769923101,0.5560386376096935
74,1.5823629469102674,1.9437208183461474,0.8788080092897163,1.893917845931294,1.6426841600936937,1.6344425434506913,9.020562075079397e-17,2.081067180989769,2.1672067358074107,1.3088765068378025
75,-1.3743596885730645,1.9437208183461474,0.8855760873116416,0.2814517142263552,-0.36820569087166183,1.5292351128235768,-2.949029909160572e-17,0.48753589680078824,1.0464247757624414,-0.19957998543045288
76,0.12975351054899598,0.11126750299810888,0.936979959987838,-0.319881416076307,1.6426841600936937,1.5287908341695797,-1.9081958235744878e-17,0.49850468340678855,1.451380686313605,1.3071961756914305
77,0.1327036227997555,0.3549163303644214,0.9922640966761658,-1.0700540103541953,1.6426841600936937,1.7865521110988303,-3.469446951953614e-17,0.5412142407321677,1.9197160523182106,0.6057060836868854
78,-1.3780425686159816,-1.6979866534720813,1.0677295728310083,0.08253825573424634,1.6426841600936937,1.0011010318678963,-2.6020852139652106e-17,0.9007210060761341,1.231601737299666,0.49706477299994445
79,0.12441891674166373,0.18556503119770335,1.1289155998678053,-1.0686335116341088,1.6426841600936937,1.3961045384301922,-3.469446951953614e-17,0.28387119870478544,1.2225210411551994,0.5931132225267832
80,1.5877699803465548,-0.12513113230860365,0.49784406319373675,1.7925826088670802,-1.2593582789347955,1.0036001401451338,9.020562075079397e-17,0.8807729137571694,0.7147224603972123,0.6052610484615514
81,1.5818243519043116,-0.15251499781268543,0.8343682852089332,1.8286892138615636,1.6426841600936937,1.6324086516368044,9.020562075079397e-17,1.1984813844023725,0.9723543482839626,0.5810616683796401
82,-1.3732944213106852,0.6293451167053357,0.9879677951382385,0.7160921435896455,1.6426841600936937,1.396625837455249,-2.949029909160572e-17,2.0121450035181048,1.4064357155664353,-0.1914532430243252
83,0.12621011520767558,0.30722451907803466,0.548905683289784,-0.6814008693896274,1.6426841600936937,0.7092555556151924,-1.734723475976807e-18,1.1191255008827923,0.29108861943759484,0.5475796997370848
84,0.1349327799934558,0.07335748340118213,0.7441752266565308,-1.0292442377909006,1.6426841600936937,0.3196212650052489,-4.5102810375396984e-17,1.0220261800589348,0.36376205488142993,0.7159948535828037
85,-1.3681293181055072,1.9437208183461474,0.9052550379976668,0.2407345042728095,1.6426841600936937,1.0053765410625939,-8.673617379884035e-18,1.9282216023961325,-0.7125681697098567,0.6297131277749207
86,1.5836592975741441,-0.1913545639304835,0.8769358285304913,1.8549565147079259,-0.7443817334282992,1.005209248106406,9.020562075079397e-17,1.987657807267246,-0.21216558231448068,0.6598712147617232
87,1.5850016065587091,1.9437208183461474,0.974934815690726,1.8712038710329701,1.6426841600936937,1.71880414193262,9.020562075079397e-17,1.8706965552035366,1.960641217671715,0.6224194777000287
88,-1.364467983090433,-1.6979866534720813,1.010538385465468,0.7661286673588434,1.6426841600936937,1.6348715137048222,6.938893903907228e-18,1.4748853639722261,1.3876135944869428,0.5822342057091834
89,1.5827035915393333,1.9437208183461474,0.9292034567443219,1.859786080268283,1.6426841600936937,1.7878709379382887,9.020562075079397e-17,1.469732285963592,1.8987349813178678,1.4185086628154642
90,-1.369446603973939,-1.6979866534720813,0.6821639781947552,0.40497077804122134,-0.19068822897242563,1.2244678240759546,-3.469446951953614e-17,-0.567302729091496,-0.22251569059216816,-0.1473229276766058
91,1.5838339093888125,1.9437208183461474,1.074465585717481,1.932364664753031,1.6426841600936937,1.7869397721579916,9.020562075079397e-17,0.24018752569283464,2.0925551727677028,-0.14902685481614725
92,1.5850024476529485,1.9437208183461474,0.9325495467550764,1.826572714811585,1.6426841600936937,1.3969945947702196,9.020562075079397e-17,-0.1489324327933793,1.3073835586040472,1.3780245657320063
93,-1.3856937858792953,-1.6979866534720813,0.9429418056427238,0.655840804490917,-1.0016405932333265,1.2274522862452262,0.0,-0.677118470278967,1.0966602758064135,-3.121979028954371
94,1.5840621804095314,-0.21806769541477874,0.8105693252046281,1.8433047216834342,1.6426841600936937,1.63343020535583,9.020562075079397e-17,0.4537519031949483,0.5296212661486368,0.6163399404809571
95,1.584446570461882,1.9437208183461474,0.0349101398934913,1.831038958635736,-0.14542016090575036,0.7088872276678168,9.020562075079397e-17,-0.5864385351835062,0.8977668468684641,1.3174132063008348
96,1.5796434244034412,1.9437208183461474,0.760391102069632,1.8946150764599607,-0.5997574649064298,1.527290977237527,9.020562075079397e-17,-0.7554362643272567,0.9760071344380387,0.6172055696423412
97,1.5795058419349368,-0.1547280745789897,1.0425666304873071,1.8521449018439098,1.6426841600936937,0.7099642927218449,9.020562075079397e-17,0.7095539984244692,1.260327582128833,-0.11846925515557116
98,0.1232164563267441,0.6204759530410214,-0.5558635409508791,-1.7876060126665163,1.6426841600936937,-1.007781936623784,-3.122502256758253e-17,-0.1703283213099473,-1.787168807422082,-0.1489041221372943
99,0.14789711877867445,0.6674845461082772,-0.5256558206628948,-0.6723278052592362,-0.33940588995098453,-1.0131542531038837,-1.734723475976807e-18,-0.13760536900272968,-1.797148864436754,-0.10618736658363806
100,1.5859863717960825,-0.17791586528659056,1.0315287918401008,1.825671836522437,1.6426841600936937,0.3145779465947602,9.020562075079397e-17,0.8522217144033379,1.2022248079900353,-0.8503257722880145
101,1.5864757908594953,-0.15296232932267398,0.9478912120068517,1.8729832276137879,1.6426841600936937,1.7870178905389804,9.020562075079397e-17,2.572892144488251,2.44102141326212,-0.16658960651607438
102,1.5797599764369838,-0.02299175832596399,0.8121633056275948,1.8789815298144057,1.6426841600936937,1.0028621923501657,9.020562075079397e-17,2.3036760558726566,0.11939443105877376,1.3915648685396542
103,1.5794007101429317,-0.014174398861255053,-0.27964453595019056,1.855363922136045,-0.4960000621007323,-0.22930197370240157,9.020562075079397e-17,-0.8423883750291815,0.4587949392506522,-0.1760920144620832
104,1.583847309863217,-0.17491805906630645,0.2954953950823693,1.7927200172454094,-0.11886069159058978,1.0077370823648326,9.020562075079397e-17,-0.016775555968997807,0.19372296957346896,0.6385825667015602
105,0.12316493350011135,0.21580898564934822,0.07822868006468339,-0.8760499913516568,-0.4418280703573821,-1.0242777032589194,-1.214306433183765e-17,0.9359394078412253,-0.33320768068647855,-0.1372960475363501
106,1.583546362854308,-0.0903002387368793,0.8545700137918977,1.8672461170828207,1.6426841600936937,1.0043424230683422,9.020562075079397e-17,-0.13077665909617722,-1.798048868389048,-0.8347549470751341
107,1.581648962579589,-0.10923359234417444,0.8179325136179627,1.8386379522302019,1.6426841600936937,1.0039937269024954,9.020562075079397e-17,-0.15137743722839422,-1.7983075327737534,-0.9566519110237559
108,-1.3670070161801309,-1.3467759205094658,1.0431648674947882,0.4978172675072846,1.6426841600936937,0.7140856794208165,-3.469446951953614e-17,2.861528181648671,2.221760456675943,0.5981778082056136
109,0.123745593060877,1.9437208183461474,0.9315468652100821,-1.40894638854658,1.6426841600936937,-0.23686742291863386,-4.336808689942018e-17,0.8402713567604543,-0.9442104894160076,-0.9227453326000835
110,1.5807150071339784,0.17815374169718873,0.3827348434174953,-1.1345393056121091,1.6426841600936937,-0.21782628409066626,9.020562075079397e-17,-0.17435818755506285,0.02540568475024053,0.5732545673010377
111,1.582463231297799,1.9437208183461474,0.9527491332999007,1.8969636070438198,1.6426841600936937,1.3957818918626022,9.020562075079397e-17,1.1702862892230168,1.512570459580603,2.099380170625581
112,1.579830507698338,0.5246835744479549,0.9131531574028885,1.8419483667617957,1.6426841600936937,1.7871466449122595,9.020562075079397e-17,1.229039438186151,1.865851477269398,0.6689382124792511
113,1.5824829357747008,-0.2443427567279771,0.9711233531030472,1.8478304827002663,1.6426841600936937,1.395983444773674,9.020562075079397e-17,0.7165586069334455,1.248776523105274,-0.13511636582289482
114,1.584576462608981,-0.16277640821809558,0.3488841521517122,1.8412066155662679,-0.4107699472843106,1.396732811445764,9.020562075079397e-17,-0.7601555284303642,0.1399796657531919,-0.8630369344649773
115,1.5861222472033385,1.9437208183461474,0.979093939844487,1.8419427881901889,1.6426841600936937,1.7192937817565632,9.020562075079397e-17,0.34026678164041485,1.3649348737019638,0.5464791296406427
116,1.5866079902948764,1.9437208183461474,0.9619451940811445,1.8523375872834884,1.6426841600936937,1.528507498282298,9.020562075079397e-17,1.9854050152453127,1.7646208842392974,1.3496610074871516
117,1.580565878435623,0.34420591839864023,0.955039366506559,-0.7561496126483606,-1.6436263371225708,1.0093938998051621,9.020562075079397e-17,-0.3387062676203735,0.9638344668034183,-2.2935657679172623
118,-1.3704345980293675,-1.6979866534720813,0.6351864699686631,0.4981021698928403,1.6426841600936937,-0.22503472084873513,-3.469446951953614e-17,0.5974015151571632,0.9675850945151901,-0.17711700280695458
119,1.5834519501965334,-0.16114481590702895,0.6706583899580115,1.854996733936357,-0.8093784825254032,0.3203511419358583,9.020562075079397e-17,1.3608429014114836,-0.2103719045312277,0.58179125776376
120,-1.35793253902902,-1.6979866534720813,0.9281168740646681,0.6224061054734237,1.6426841600936937,0.7126740608494974,-4.683753385137379e-17,1.497423749951304,1.500250143854395,1.281162238491567
121,-1.3702591206067996,-1.6979866534720813,0.5846001258975919,0.003943247306939714,-0.9499591352690153,0.3157709123192582,-1.0408340855860843e-17,0.7161068621708,-1.0404796965342986,-0.17477939065648035
122,-1.359126432523179,-1.6979866534720813,0.7162164840061336,0.5618768673952871,0.06930666184172644,0.7170134048186222,-1.0408340855860843e-17,-0.12985416883749515,-1.6482373276957578,-0.8937370973295843
123,0.1347464923436056,0.11782685837575643,0.9726468376702336,-0.845548615713235,1.6426841600936937,1.6337111100164325,-2.0816681711721685e-17,-0.16443195448621528,1.6686942096240716,0.5646260923767976
124,1.584352996378129,1.9437208183461474,0.6742768137549816,1.8374969141691975,-0.1692558290864094,1.5283539254378447,9.020562075079397e-17,0.2743622978471031,0.8820405952675657,1.3370015812887803
125,-1.3832144878050878,-1.6979866534720813,0.8334711864818993,0.6267920954617898,-0.4152178921873069,1.0059338246029168,-3.2959746043559335e-17,-0.15434626263799847,0.4553010765675693,0.6004811472389855
126,-1.3670962419280266,-1.6979866534720813,0.9817709352155028,0.4812612479006389,1.6426841600936937,1.0111729141684846,-6.418476861114186e-17,0.7932909278612127,-0.1739550120933785,-0.15537070084271493
127,1.5815026517079727,1.9437208183461474,-0.19203122373387907,1.8381859973954184,1.6426841600936937,0.31920934450455024,9.020562075079397e-17,0.21526719222217994,-0.908310817103379,0.6744782315846428
128,1.5812074530732774,-0.1566962270262727,0.8268278716148233,1.7647528977783764,1.6426841600936937,1.3937135030961956,9.020562075079397e-17,-0.23262337557062066,1.0098670457041543,-0.10360860305867596
129,1.5814176547588292,0.7871868370425852,0.47581466908233067,1.8099849915290316,-1.1057372188471564,1.5285532190202566,9.020562075079397e-17,0.08937689965375356,1.1003261973393228,2.052461511016896
130,-1.3521862335221666,-1.6979866534720813,0.9827788110827036,0.8745391110836191,1.6426841600936937,1.3968303163350086,-2.42861286636753e-17,-0.3523401297771935,1.0568725640477727,-0.8802454930883614
131,1.5820384366705642,-0.0994408434827417,0.9628252292586962,1.8928930140560105,1.6426841600936937,0.7165454572835265,9.020562075079397e-17,0.6243846854732559,1.2937144546535362,-0.2140053589439725
132,1.5804770763439784,-0.18397274388103882,0.7082636521361494,1.8358317949786849,-0.19713181562145046,1.0072401678083862,9.020562075079397e-17,-0.256218681447011,0.9369455898299444,-0.17470898979608893
133,1.948071943948198,-0.24051172761869474,1.0083959363019164,-1.6913429675823382,1.6426841600936937,1.6338981250769065,9.020562075079397e-17,0.3088295840511889,1.5981504636122985,-0.15481416393500205
134,1.5786952901915394,1.9437208183461474,0.41057431342513934,1.8242165538955237,-0.05244383239689187,1.3956286353686653,9.020562075079397e-17,-1.20001097199157,0.8405759396575226,-2.3811244626153822
135,1.576403676965302,0.24967506720595653,0.9312484767861479,-1.802344451720257,1.6426841600936937,-0.22986916903092636,9.020562075079397e-17,0.767947869286576,-0.026119992913986385,0.5450479769748335
136,-1.3679723209394663,-1.6979866534720813,0.8432335394273205,0.3752004038826016,1.6426841600936937,0.32374728443596756,8.673617379884035e-18,2.0270757245287037,0.7994912977767802,0.5989283569344291
137,1.5820813774019493,0.1673473065563678,0.503066268009112,1.850232407409446,-0.5800373762444154,0.7082148229903841,9.020562075079397e-17,1.3836658951617198,-0.20182409216403494,0.6228253832220936
138,0.1363949084843712,1.9437208183461474,1.1638796647513374,-0.578555006480652,1.6426841600936937,1.528679107201229,-4.163336342344337e-17,-0.23348105615197726,1.2145876512991804,-0.8570086872911781
139,1.5838731566745226,1.9437208183461474,0.9813715960499804,1.8628779278925853,1.6426841600936937,1.3960724610496926,9.020562075079397e-17,1.0098947558669988,1.9856182349223856,0.5659665399929983
140,1.5858448066690753,0.1372000194070585,0.650691190132468,1.8336401439824495,1.6426841600936937,0.7059955041937264,9.020562075079397e-17,0.13429685296861305,-0.6597072735454597,0.607470123807774
141,0.13675847361381063,0.35849513965024515,0.9810395788832252,-1.4637602500920932,1.6426841600936937,1.5270461062967953,-4.5102810375396984e-17,2.3434827822384987,2.257071078745402,1.3754709253096407
142,1.5811567494609438,0.24992916613565286,0.9730098708043425,1.8718012453204942,1.6426841600936937,1.393925069117397,9.020562075079397e-17,-0.06431764832630499,1.3582756856460825,0.6058506789314105
143,0.1355059142108152,1.9437208183461474,1.0074757054580363,-0.1828169128915066,1.6426841600936937,1.7187064634089322,-1.734723475976807e-18,0.7924035844273436,1.699974119540208,-0.8963538810310422
144,-1.3645658425421527,-1.6979866534720813,1.0301049772884283,0.3787226581048975,1.6426841600936937,1.7169105936640563,-3.122502256758253e-17,1.5810250066580478,1.4198314167003048,-0.8924725900449797
145,-1.3865568173453444,-0.22404126388794907,0.9454627923367562,0.7478739151156408,0.6090885456164016,1.3980065209126549,-1.214306433183765e-17,-0.10729731107823669,0.9748270509968534,-0.9219906661665388
146,-1.3790871506309754,-1.6979866534720813,-0.5268458722942047,0.6141887196547814,0.005298651704805318,-1.0330767083455925,-5.204170427930421e-18,-0.19612007117638808,-1.7916025804858209,-0.9561602018766564
147,1.9513478730143348,-0.1728406730458127,1.0179930164288795,-1.221000236147427,1.6426841600936937,1.7184661106096755,9.020562075079397e-17,-0.14741542760475274,1.4930244670590134,-0.8751254927387135
148,1.5829408778392546,1.9437208183461474,1.0476911494596166,-0.8939557953727255,1.6426841600936937,1.786521782581572,9.020562075079397e-17,0.8109828786672328,1.9693149184007062,1.3315963859220745
149,1.573507365292725,0.3486009729539908,0.6451249706934082,1.8695748027772425,1.6426841600936937,1.397027268815094,9.020562075079397e-17,0.9601324956886362,0.12222896724601398,0.5644074500236667
150,1.5799806017887368,0.24724945994052067,0.9582913217658444,-1.1005748093975538,-0.41350718724148616,1.2266014035461632,9.020562075079397e-17,0.52813345577113,1.099686302554854,-0.07149068144319042
151,1.585970747785024,1.9437208183461474,0.9029441676608437,1.8363791417543243,1.6426841600936937,1.7186427794401555,9.020562075079397e-17,2.8094419474877044,2.60924243743367,0.6996609151166664
152,1.5815428009626826,1.9437208183461474,0.4687416805758788,1.8408979923660365,-1.1995529521960118,1.3958093157221645,9.020562075079397e-17,0.65257086834953,-0.05536808239569447,0.6108144547770077
153,-1.3797453352246798,-1.6979866534720813,1.0019299975356526,0.9379238382865351,1.6426841600936937,1.5271025363155295,-1.734723475976807e-17,1.3644738880661955,0.6513189290827524,-0.9006438523137624
154,-1.3639398705186252,-1.6979866534720813,1.071918878202157,0.7487779879527114,1.6426841600936937,1.5291232274374786,-1.9081958235744878e-17,0.6622635722166682,1.6064859773335272,-0.10473450152845652
155,0.1323727671629057,0.19678745162417954,1.0391006010896735,-1.0992900918970203,1.6426841600936937,0.9996221081939101,8.673617379884035e-18,1.7899085785664703,1.5927889553012344,0.5042346151103884
156,1.579650081958521,0.22323420640855282,0.8087732753199142,1.819179831325897,-0.4497906290800322,1.3911513984850674,9.020562075079397e-17,0.3201404938457004,1.161094499988693,-0.13608746253523954
157,1.584752955888465,-0.1488307234143994,0.9808123839562719,1.8397792250117764,1.6426841600936937,1.3970154737019265,9.020562075079397e-17,0.18632649162441384,1.3570078948831865,0.6004252038135318
158,1.5836393845010484,-0.20369177470916705,0.09617700970872646,1.8620255733751818,-0.4772652754154062,1.0069552857097845,9.020562075079397e-17,0.7925210724182676,-0.4778856707327892,0.6042999994147635
159,-1.3740837654852833,-1.6979866534720813,1.1267566186505158,0.954974659658508,1.6426841600936937,1.3963911849773625,-3.122502256758253e-17,0.18495883184445858,1.340640380830662,-0.17491556214549933
160,-1.3446317332602302,0.4018892500906217,0.14361254520438196,0.5019321879630749,-0.3623470838596565,-1.0022231391843675,-6.938893903907228e-18,-0.6725825160992821,-0.12120848482752221,-1.5971859522283889
161,1.5820206338768334,-0.11126139101020116,0.4973685773710019,1.8311202047596382,-0.30132242322747943,1.0065353948609348,9.020562075079397e-17,-0.9355521511646758,0.3041484046814683,1.363248372496787
162,-1.3707340171210316,-1.6979866534720813,1.019720715003599,0.5138658963623279,-0.6719453629339326,1.2269894286751237,-3.642919299551295e-17,-0.25041399108453943,-0.9996268360410705,-2.3968740022780417
163,1.5815306754377845,1.9437208183461474,0.48109325208904935,1.8059545686801646,1.6426841600936937,1.3965571998129436,9.020562075079397e-17,0.7998783738873426,0.05645770428507082,1.3995516181912404
164,1.5822265375676923,-0.19644408798316856,0.7559452324325313,1.8254721862581,1.6426841600936937,1.3958724179906072,9.020562075079397e-17,1.6998913511974312,0.0925793678966377,-0.2429185445680059
165,-1.3567361224604406,-1.6979866534720813,0.8605075536369334,0.4809892277268372,-0.15779060849096438,1.3948410498105699,-6.938893903907228e-18,-0.19061690140096746,1.0580881788524037,0.5498088025917741
166,0.13451184164959792,0.24907118932181999,1.055532811827865,-1.652363225119952,1.6426841600936937,0.7144852450952286,-8.673617379884035e-18,-0.07233840898058971,1.3670845908263378,-0.09144588442652929
167,1.5827006841753655,1.4849332010433882,0.9403161483582001,1.8813211450671004,1.6426841600936937,1.2273043364735072,9.020562075079397e-17,0.9867695302957457,1.2609203911674451,1.3566045236728923
168,-1.3642369025459282,-1.6979866534720813,1.0320565749485713,0.6868885346161432,1.6426841600936937,0.7120608184201043,-3.642919299551295e-17,1.026686427874378,1.297696871332601,-0.14805962175915682
169,-1.3729604146926893,-1.6979866534720813,1.0542269242224374,0.3830114013168659,1.6426841600936937,1.3940479340310388,-4.5102810375396984e-17,1.997318958421732,0.9181146164214299,-0.123848056178994
170,-1.3728135386791513,1.9437208183461474,0.8094828605379717,0.5887297885244298,1.6426841600936937,1.5282496746025078,-5.204170427930421e-18,1.1385097149063919,0.685203249989442,-0.9131238283017834
171,-1.3566669632957176,-1.6979866534720813,1.1074216327888287,0.8560387605996544,1.6426841600936937,0.32368424283666636,-3.122502256758253e-17,2.342517134718911,2.4153173305113076,-0.8353216108471206
172,1.5804586508742158,0.12483673589556571,0.7572369514340302,1.8376576546838799,1.6426841600936937,1.632766780944266,9.020562075079397e-17,1.8847024436802713,0.7879503451172577,0.5742090020647833
173,1.9469966087213997,-0.19043848832094853,0.9622341148912055,-1.3333689862398421,1.6426841600936937,1.6342304808348336,9.020562075079397e-17,-0.6515419397295881,1.2996036717461796,-0.9437690840923401
174,1.5818047175833525,-0.21668825579944181,0.9816006388967807,1.8393498164208146,1.6426841600936937,0.3136494581164918,9.020562075079397e-17,-0.03441528235925225,1.3278832654048334,0.5841013243403537
175,-1.3571620191768705,-1.6979866534720813,-0.5136488847503213,0.3332774660853423,0.08116866283622079,-1.021077544624627,-2.42861286636753e-17,-0.18136018658636632,-1.7888342094304468,-0.8533228518635739
176,1.584197290122521,1.3939106949438744,0.7941794432531134,1.839975577855464,-0.8712648249304549,1.6333928581122552,9.020562075079397e-17,0.18041895004752728,1.1541335446358032,-0.15988487096907975
177,1.5829833450674584,1.9437208183461474,0.9488862692332084,1.817786177455601,1.6426841600936937,1.2217053819431614,9.020562075079397e-17,-0.20501530598069664,1.1904575271926099,0.5595305494058566
178,1.5832143752414833,1.9437208183461474,0.36477127231521156,1.8117590057168693,-0.7639135621805271,1.227369941074093,9.020562075079397e-17,0.7112475442472806,0.08209109327892153,1.3058197873749997
179,1.949174806588629,0.1254687638729609,0.9638966879510982,-0.5070879046869204,1.6426841600936937,1.7171964191185918,9.020562075079397e-17,0.13101776705111243,1.2838117463220724,0.5764041413492577
180,-1.367829160610862,-1.6979866534720813,-0.5354250176473507,0.6369864087876699,-0.7715044341425694,-1.0055078473242731,-1.734723475976807e-17,-0.1781491277249928,-1.7980393745247794,-0.9198050396555935
181,1.578012732491,1.9437208183461474,0.08671585297710993,1.8764418083966947,-0.3433087542054662,-0.21741842152585078,9.020562075079397e-17,-0.32773045603044976,0.5440718283653573,-0.080554622653521
182,1.5774795457920443,1.9079972534328544,1.0067244192290417,1.9076512689188831,1.6426841600936937,1.7857719196756117,9.020562075079397e-17,2.108000272210616,2.24293683587183,1.37350528061486
183,0.1373176801282481,0.1270484153192859,0.7273845199960162,-0.6737569144579995,-0.43325535846125407,1.528978010073882,-1.734723475976807e-18,-0.44532064494834694,1.1092449147225074,0.5677346881249801
184,-1.3725801354917733,-1.6979866534720813,1.091360069644,-0.11506866865060024,1.6426841600936937,1.0035187396261642,-3.469446951953614e-17,1.1665158348400915,1.6321825820606974,-0.1188677368624077
185,-1.3478533545719555,-1.6979866534720813,-0.5216487190888754,0.2582838763041548,-0.47900893503705744,-1.0138764503725042,-1.9081958235744878e-17,-0.1610614435511934,-1.8033637905352784,-0.9411244201192633
186,-1.353465974934942,1.9437208183461474,0.9501278504761586,0.9919409074751336,-1.521884987871034,1.7176768903450121,-3.122502256758253e-17,0.4412679714718172,1.0477535713032788,-0.17854447062436488
187,0.12810522415561257,1.9437208183461474,0.9407181651079459,-0.8288609763600006,1.6426841600936937,1.3963086651952266,-1.5612511283791264e-17,0.05908640798766948,0.7677507817120104,-0.1659039921970005
188,0.12874106184369216,1.9437208183461474,1.0444037860039275,-0.8799858728450581,-0.09651857383376365,-0.23548099385228216,0.0,0.6470277563155572,-0.9996260335213971,-0.9233878533508966
189,1.5804589170357615,0.1828096917147774,0.6397712282578796,-0.6384421601191388,0.15463702886447153,0.3145094211635104,9.020562075079397e-17,-0.8970268813734588,0.20789024553578808,-1.6843123725266866
190,1.5828132204806968,1.9437208183461474,0.5790340773895996,1.8586138030987989,1.6426841600936937,1.0101421375544266,9.020562075079397e-17,0.7002180600036157,1.1839387142003406,0.6432837815387468
191,1.58263276009348,-0.12369189755254828,-0.1426095741872224,1.8593169062745165,-0.36843616637295584,-0.2257651600952119,9.020562075079397e-17,0.09107181282808544,-0.932640538803391,-0.17894255220251357
192,-1.3750082790448173,-1.6979866534720813,0.6550777990616894,0.24761461255813125,-0.3272611618574835,0.7128886310748878,-2.2551405187698492e-17,0.41714115795381856,-0.2737666951364488,0.6021200876624352
193,-1.3948102246839582,1.9437208183461474,1.099286365204352,0.6771244519341949,1.6426841600936937,1.396378657812967,-2.0816681711721685e-17,0.8392512029938352,1.8063823424426335,0.6323301833708149
194,1.5841156785478407,-0.13870457548471177,0.29942198002088943,1.8534791620873827,-0.6043406554795822,0.7167166841286112,9.020562075079397e-17,-1.4222588575279276,0.6233217436567641,-0.8671868132960723
195,1.5822675005631321,0.2577761808066115,1.0371579939193258,-1.3606673977206079,1.6426841600936937,1.2293704399989642,9.020562075079397e-17,-0.11197036011023595,1.1857795760007754,0.6224396815167813
196,-1.3761374726204931,-1.6979866534720813,1.0207063965179495,0.8962573548061173,1.6426841600936937,1.3969154026943618,-7.806255641895632e-17,1.4875420856283865,1.3610253574413316,1.3702423699861106
197,1.948572445457878,1.9437208183461474,0.9128615686330109,-0.4714720749871656,1.6426841600936937,1.6334200207118363,9.020562075079397e-17,0.9364488480499525,1.9021899761294911,0.5603358621850134
198,0.11923555972055253,0.17478175895138745,0.3661303810155403,-0.07985536413960076,0.024789847008544384,-1.0093995434332745,-5.724587470723463e-17,0.7939819183201483,-0.05994451425140402,-0.15067707556390317
199,0.12832730887178165,0.09338512007061445,0.9766723515712453,-0.6799942321152246,1.6426841600936937,1.719146060444922,-8.673617379884035e-18,0.8988311078714876,1.8572487132336988,-0.8868830386616493
200,1.5829173469509894,-0.1279857002036946,0.305914055044078,1.816419229211903,-0.35891887116926374,0.3140088869608196,9.020562075079397e-17,-0.23184365074384625,0.5952253361959241,-0.18544247135220793
201,1.5785041017502683,1.9437208183461474,0.9668901835967888,-0.9395725858681818,-0.6494108125859355,1.2241969453057395,9.020562075079397e-17,-1.245773757674039,0.8155875213506643,-0.19366522523858584
202,0.12849379601596472,0.18766245014432956,0.12437879691572856,-0.6612527227865208,-0.4865957239715667,-1.0298757405069288,-2.949029909160572e-17,1.2067460477305072,-1.4619604029301343,-0.9103927661617013
203,0.12289009277612485,0.0824710662353265,-1.3672678664097508,-1.083487366635942,-0.11983973874575175,-1.0351967265144038,-2.6020852139652106e-17,-0.34927712208063677,-1.583687694841091,1.349252486927864
204,0.1352298997496794,1.9437208183461474,1.012770169037012,-0.11586081546954217,1.6426841600936937,1.2314339792945508,-1.9081958235744878e-17,1.4605264705231877,1.6871699261742878,-0.12853080056322078
205,1.9481374335266772,-0.12689885972036735,0.715794304862188,-0.032907144865115645,0.09743990664612846,1.6340261740757749,9.020562075079397e-17,1.005635219653466,0.5284492527090149,-1.690297016889734
206,0.1260279392969398,1.9437208183461474,1.1183477472013843,-0.1857629240050866,1.6426841600936937,1.00224001241295,-2.949029909160572e-17,1.0679236022303136,1.61857237064293,-0.8824870342862658
207,0.12209153888966844,0.23322171141553352,0.28835330782271074,-1.5767046839440388,1.6426841600936937,-1.0252919472656872,-4.336808689942018e-17,0.25974651124093234,-0.16064906161851558,0.5624923118643572
208,1.586702349729246,1.9437208183461474,0.4838847441363035,1.8497633209640203,1.6426841600936937,1.225960703099068,9.020562075079397e-17,0.24471929216514549,0.861485674931116,0.5689021666682553
209,1.5842191568706976,0.13125470659820765,0.5849760832374721,1.8238343405921926,1.6426841600936937,1.2242162449473142,9.020562075079397e-17,0.8780553934270688,-1.7973976765618191,0.6611667398869328
210,1.5857594117618707,0.11823877996110681,0.7181783602077655,1.8904134749512058,-0.931651317895312,1.2269065169808735,9.020562075079397e-17,0.8786102714189253,-1.7898414397978055,0.6187344111698354
211,0.13042197780573833,0.20475152112892156,-0.015346435920219033,0.21169504731432362,-1.2167939481085253,-1.0025566723860282,-3.642919299551295e-17,0.44669481286398627,-0.2964803523581414,0.6428736597691697
212,1.5785636130991159,1.9437208183461474,0.6081220115437833,1.8327907892733173,-0.24234822289880603,1.0033462486172955,9.020562075079397e-17,-0.228995829160861,1.0633091230826046,-0.939753528452169
213,-1.3793631835662856,-1.6979866534720813,0.3886407712135233,0.6567300663643938,-0.4866881079729167,-0.23110780756181193,3.469446951953614e-18,0.01023764912098483,-0.20213939612772358,-0.16847001975378487
214,1.584960693284042,1.9437208183461474,0.9265910205729438,1.8363803548417617,1.6426841600936937,1.6333018992473491,9.020562075079397e-17,0.34956846112187473,1.2204154608358204,1.356093828735695
215,1.5819080314511895,0.4407074905505781,0.7881532618769324,1.8457684776123429,-0.15250583708178878,1.6324728969298987,9.020562075079397e-17,1.8129368081801622,0.6843207858711537,0.5952562721459521
216,1.9466127505738924,1.9437208183461474,0.7284587509265171,-0.9763444680683079,1.6426841600936937,1.634167840734451,9.020562075079397e-17,0.7670561414666898,1.1650753302886137,1.360435885710787
217,1.5796576126627018,0.8794599085957185,0.44362877446308807,1.9004194794650076,-0.24205175774715781,1.225415895101082,9.020562075079397e-17,-0.07524201245398869,0.696452293723345,1.2874337533467421
218,-1.3819977311854523,1.9437208183461474,1.0184324425210787,0.4919617681145242,1.6426841600936937,1.6343110667303744,-8.673617379884035e-18,0.9467849197187246,1.943477104908952,-1.591334561520974
219,1.5834311727194532,1.9437208183461474,0.3474437199330635,1.8658737489751775,-0.2731125437728662,1.2236369337235513,9.020562075079397e-17,-1.3843488606803336,-0.030355442111389404,-0.09775328836167592
220,-1.367128168913499,-1.6979866534720813,-0.006049721285910955,0.6116459252572487,-0.854577725691568,-1.0205730641602484,-8.673617379884035e-18,-0.3778699390603878,-0.6244283585442699,0.5482276721905068
221,-1.3589940865497778,1.9437208183461474,1.0483194636024795,0.4580885828887868,1.6426841600936937,0.7120884158684436,-1.3877787807814457e-17,-0.2452269660417295,1.231677656975433,-0.8312869088545014
222,-1.3917104903483177,-1.6979866534720813,0.6718987787690063,0.3893432303800353,1.6426841600936937,-0.21842324124582135,1.9081958235744878e-17,0.47094389413400767,0.3991593145285153,-0.16656634701471934
223,1.9501085115135701,-0.11135089052954378,0.9859910321914862,-0.9318313794526791,1.6426841600936937,1.6324287937412152,9.020562075079397e-17,-0.37308517538991437,1.2774744699319136,-0.13540734394650572
224,1.582756919796388,1.9437208183461474,1.030858942838955,1.8499446417323364,1.6426841600936937,1.6344061917585697,9.020562075079397e-17,0.481422107467791,1.5005846359511705,2.0608371795816076
225,0.13498471957469885,0.8631971373633582,0.21297053211703257,-0.3033319456181365,-0.18874281997710002,-1.023157049514574,-3.2959746043559335e-17,1.4282771763339668,-1.5728183127143045,-0.21507929823489222
226,1.5824328943758583,0.18365005824096647,1.1776174942111546,-0.9975022345877452,1.6426841600936937,1.5279659993165255,9.020562075079397e-17,0.22707175767594745,1.4722738604703691,1.3505253535608208
227,1.5897949994868013,1.9437208183461474,0.6554109046455272,1.857100744426335,-0.684143288915541,1.2259074575454754,9.020562075079397e-17,0.6340705444231063,0.6301080250268505,-0.14334054875672153
228,1.583222953626406,-0.15680431318972554,0.5850563262291069,1.9074492568180168,1.6426841600936937,1.2246570480148458,9.020562075079397e-17,0.5702038547336887,0.8520663793737135,0.5927579634223548
229,-1.381536835523956,-1.6979866534720813,0.9667662597118041,0.7821668482785884,1.6426841600936937,1.5293960695070536,-8.673617379884035e-18,-0.3723274314930656,1.3598342396194463,-0.8707405470725492
230,1.5850127082889391,0.16507732188629537,0.9613385413866505,1.932364664753031,-1.0614849816046625,0.7102235309877183,9.020562075079397e-17,-1.547425864448914,1.0869381184900944,0.6164869045428202
231,-1.3703784303996143,0.9076381800616018,0.9669937531571426,0.4223178048368717,1.6426841600936937,1.006594709791051,-3.642919299551295e-17,1.2291675862008167,1.4161272834841006,0.5991580901030724
232,1.5858304174418312,1.9437208183461474,0.9393094443732416,1.8882051264672666,1.6426841600936937,1.6330584813813023,9.020562075079397e-17,0.0642218941518944,1.5286503301977161,1.3611905099655417
233,1.5821298237737955,-0.0941520499009151,0.8959744893260033,1.859337059691942,1.6426841600936937,1.3952444727600697,9.020562075079397e-17,0.6060784393252747,1.8455631340645389,-0.1058642702699114
234,-1.3534766639121736,-1.6979866534720813,0.6357875987599817,0.19368456447087126,-0.7886380002806289,1.0051478612397964,3.469446951953614e-18,-0.38156732721087383,0.5708260863653765,-0.14300379241560765
235,1.5847876905432596,1.9437208183461474,1.085054611925404,1.8818941361504335,1.6426841600936937,1.7176703496144285,9.020562075079397e-17,0.11714254135412158,1.2104642836293482,-0.14535869929381803
236,1.57882677573999,1.9437208183461474,0.5833738316442225,1.8329886973131675,-0.25898503129842054,1.3947228126319857,9.020562075079397e-17,-0.024798239379148972,0.514089935902332,0.6280024254191408
237,1.5831157849994695,-0.17801706840117093,0.6531633626425569,1.8316000734623272,0.3202423567342228,0.7074140079921951,9.020562075079397e-17,-0.9639412373466585,0.7067931912600222,-0.8773015962883272
238,1.5818462127748136,1.9063288013770971,0.7382899561414221,1.8270881121943798,1.6426841600936937,1.2255417446064136,9.020562075079397e-17,1.2679155250027694,-0.9038307289111948,1.422181041286427
239,1.5849657135003543,-0.09187433445030309,0.7941679124162112,1.854068319532244,1.6426841600936937,1.5275931241220178,9.020562075079397e-17,0.13889265316286212,0.9255429718527567,-0.15882847556737928
240,1.5812724781599716,-0.14607911859471176,0.9698053705123569,1.881718039258785,1.6426841600936937,1.6330828883007305,9.020562075079397e-17,0.770956753785582,1.5988383894938367,0.5708211492050297
241,1.5816687226993915,1.9437208183461474,0.3835375807235712,1.8755449296610456,-1.9105192924620709,1.2264010393127203,9.020562075079397e-17,-1.1339312935874126,0.30026465401249625,-0.9489993765250441
242,-1.362170782200929,1.9437208183461474,0.7974445183662314,0.4024270163289173,1.6426841600936937,0.7201386991278759,-3.9898639947466563e-17,-0.1271948198250811,0.8287971372972405,-0.10189555088315823
243,1.948310485760468,1.2212263389112576,0.7605438512746988,-1.2093507492742388,1.6426841600936937,1.526707455485174,9.020562075079397e-17,0.8327119748272613,0.8791997488273373,0.5935921992423012
244,-1.3567871750325253,1.9437208183461474,1.0036501796444075,0.5041556351357225,1.6426841600936937,1.398333508560373,-5.377642775528102e-17,1.6836839584291723,1.2867676072024095,-0.15911480928000496
245,1.5845009044810938,-0.19088637863632055,0.6349076205384738,1.7753578097510854,1.6426841600936937,1.2235838197611566,9.020562075079397e-17,-0.10757457361101909,0.5641311784430184,-0.1067083396509621
246,0.128488449147455,0.24384875682254284,-0.19394881140867787,-1.0031909616152483,1.6426841600936937,-0.23865752510739627,-1.9081958235744878e-17,-0.42138096388940716,-0.5136955270418648,0.5953431630033228
247,1.5811769569390395,0.9209684414952779,0.8083131298109785,1.841858154783699,-0.0689937103027455,1.007331895696569,9.020562075079397e-17,-0.38676744572697425,1.1229055757173934,1.359538696950668
248,1.583008313426344,0.3786284407375417,0.8048336530302901,1.8552828561320367,-0.5389846151073521,1.3968360019850703,9.020562075079397e-17,-0.6266376682824608,0.583437958802716,-0.14292577142324833
249,1.5860243524514555,1.9437208183461474,0.9228063285131154,1.8278710822093713,1.6426841600936937,1.5276609070276925,9.020562075079397e-17,1.1706054255794525,1.2250380543116828,1.3689881837126276
250,-1.3715562990470618,1.9437208183461474,0.7691741095343614,0.5359976265688167,0.06467649086000432,0.7152482010461254,-1.9081958235744878e-17,0.44826498945469134,-0.42896854942661977,-0.1705032788708543
251,-1.346841260530017,-1.6979866534720813,1.08290064361981,0.571169133454238,1.6426841600936937,1.3964719047236964,-6.938893903907228e-18,2.3658783621626016,2.04044324543668,0.735698176165004
252,-1.3843913738486944,-1.6979866534720813,0.808411232108124,0.8226182538317748,-0.5665118399886248,1.0014933045759398,-2.42861286636753e-17,-0.9228136662999474,0.3793017651557349,-0.9209024103549676
253,-1.366891005514248,-1.6979866534720813,1.1069824681985003,0.5957918103097096,1.6426841600936937,1.7182371581668774,-3.8163916471489756e-17,-0.11178710254856292,1.723021433634473,-2.3603956063781535
254,1.9466506395059966,1.9437208183461474,0.8129932032063891,-1.203628858065017,-1.2759288635025012,1.6344037472763733,9.020562075079397e-17,0.08462483352247847,0.7526862085663152,-0.1624303026521788
255,1.5854390645427778,-0.16938427307349202,0.6390534669465451,1.7984008973024481,-0.9242657605337089,1.0007860739544636,9.020562075079397e-17,-0.11216136110790027,0.5960598690697844,1.3439725203607777
256,-1.3594326609549918,1.9437208183461474,1.0145232989652242,0.44288810528787215,1.6426841600936937,1.2263437972699214,3.469446951953614e-18,-0.45121405071393145,1.3756613887945217,-0.16306968681330902
257,-1.3449652320236205,-1.6979866534720813,1.0091041982574624,0.6281944687572361,1.6426841600936937,1.5279199515761317,-2.949029909160572e-17,1.5247979016675377,-0.3660222146830557,0.6222261488438157
258,0.1427479892059797,1.9437208183461474,1.0885855264826354,-1.3950410350873161,1.6426841600936937,1.633981642968229,-3.469446951953614e-18,0.14285880905578677,1.8467334308012162,-0.8491197227793102
259,-1.3746384722608909,-1.132626908468115,1.0748278347623654,0.7310024854662197,1.6426841600936937,1.5293032297590057,-3.469446951953614e-18,0.18744574764411762,1.802649465259334,-0.10079916161192827
260,0.13616555846321463,0.19522961014996632,0.7253922335150751,-1.1292530957125524,-0.6712573864269069,0.7085709422203007,-4.336808689942018e-17,-0.445248887783043,0.517550977834981,0.6201947175469562
261,-1.3756296267931556,1.9437208183461474,1.1127420695638521,0.24660770639891094,1.6426841600936937,1.7873516191052639,-4.336808689942018e-17,2.1787288626787364,2.345642764219361,-0.07927019390644491
262,-1.3637892554964972,0.5310564874644117,1.019776954141687,0.8013073516976817,1.6426841600936937,1.3941078292922298,-2.0816681711721685e-17,0.7887463708474011,1.756694076583329,-0.22030321906035633
263,1.5849766820436308,-0.01709654068815837,0.7869230267093988,1.8552722993369493,1.6426841600936937,0.3197036057647474,9.020562075079397e-17,1.3238786720008775,0.5370699635988175,0.5576025422619622
264,0.11976387797925414,0.19556599687557782,0.9508921263660963,-0.6815643261656424,1.6426841600936937,1.7183827215840934,-5.551115123125783e-17,-0.8779903096441861,1.3782661815141302,-1.6085798004174836
265,1.5867937617883061,1.9437208183461474,0.9447643852424402,1.8421956856893813,1.6426841600936937,1.7180649500355551,9.020562075079397e-17,2.405064740126749,2.2079458668984597,1.3593720059381798
266,0.1471810604270351,0.09967793820999236,0.8533342480204331,-0.34119906266253003,1.6426841600936937,1.5294266462225494,-1.9081958235744878e-17,-0.17096732357809585,0.17071282468336876,-0.14803761730990378
267,0.12420344899887673,1.9437208183461474,0.9659074617457587,-0.7191851203417925,1.6426841600936937,1.7182624713120358,-1.214306433183765e-17,0.04807704637398216,1.7879916433983414,-0.9255896182036021
268,-1.368172324286429,-1.6979866534720813,1.0165508730552169,0.4102276662150441,1.6426841600936937,1.634639965714075,-3.122502256758253e-17,0.340176984059831,1.4759020288787073,-0.879918739362371
269,1.949140074722879,-0.2082681845795734,0.2069015610565392,-0.3455803893987348,-0.5760930831131849,0.32502084923954755,9.020562075079397e-17,-0.9914728551330791,0.8663873890714593,-2.357185143189487
270,1.584711481284515,-0.0360445757834677,0.6853491288001892,1.8594721634878764,-0.9578592422658013,1.22436677312388,9.020562075079397e-17,2.078361336394666,0.00217881337042284,0.6006210278393551
271,0.13757652152256764,1.9437208183461474,1.1005703125604633,-1.27638955399698,1.6426841600936937,1.6334604345729757,5.204170427930421e-18,-0.624910466586209,1.3929287729169464,-0.14117242433512495
272,1.9484746435308478,-0.16309505806255664,0.8971960408665424,-3.0201530455151935,1.6426841600936937,1.2298597765726185,9.020562075079397e-17,1.3949873405908075,1.4809959200743992,-0.860351764913429
273,1.581623451958797,-0.1369698114484908,0.9434306351093361,1.8174198428140094,1.6426841600936937,-0.23799543842868287,9.020562075079397e-17,2.513234738072946,2.1790957692018353,-0.08106188668610076
274,1.583560535687035,1.9437208183461474,0.9230379575463089,1.8822240316506653,1.6426841600936937,1.6342061604206775,9.020562075079397e-17,2.0676723830916375,1.5027068785471356,1.3835437260279044
275,1.5879635052498913,-0.10102604267079117,1.0221828863047757,1.82882410271682,1.6426841600936937,1.634148075812632,9.020562075079397e-17,-0.45690210717157376,1.4890874699796373,0.5477582046726754
276,1.584798332310209,1.9437208183461474,0.699424365091219,1.8298785216697595,-0.6817963405768751,1.5277408993738626,9.020562075079397e-17,0.5716767322727603,0.9283821826654799,1.3385212070290233
277,0.13449690917345242,0.3288638755221023,0.9306091276281713,-0.8868723949664798,1.6426841600936937,1.78758404755862,-2.0816681711721685e-17,1.7853529811963313,2.4248822717267786,-0.9188210770102547
278,1.948416066859109,-0.11835483350733576,0.15071672751195914,0.06364027510349798,0.1180025675428953,1.0047430391416703,9.020562075079397e-17,-1.18097392223512,0.9711474643645314,-2.370353036574559
279,1.5804369545923656,1.9437208183461474,0.9729103075405047,1.8619332254818268,1.6426841600936937,1.529684163905473,9.020562075079397e-17,1.1877004883545859,1.4143652273910574,1.3947525872544513
280,0.12882966762899517,0.06241032989646164,1.0422440059079454,-0.39698552250538416,1.6426841600936937,1.3987106379661454,-2.7755575615628914e-17,0.5441018583549116,1.6790984960032578,0.6033866143463513
281,1.5797638120525541,-0.1664289806036631,0.8456745897389054,1.8250792568930256,-0.39127244252443294,0.30388898653798807,9.020562075079397e-17,-0.12400245140780426,0.483448119531154,-0.1200927455043404
282,1.5849138652258807,1.9437208183461474,0.6723182699013716,1.878118053429619,1.6426841600936937,1.3947875231513065,9.020562075079397e-17,1.2122169195837693,0.8275878504543723,1.3414878922766016
283,1.5845141949855366,-0.1556078612382549,-0.1499027506839986,1.864825121861703,-0.6292544708626545,0.31938363690611815,9.020562075079397e-17,0.036065566384272586,-1.8023703760467462,0.5596945707639724
284,1.5811876768643178,-0.16241812475349238,0.7521838988240916,1.8229246335861764,1.6426841600936937,0.31800769404421936,9.020562075079397e-17,0.0844649312199817,1.1204339435713841,-0.8778579864524597
285,1.5850429096765735,-0.17215955661816085,0.8456522090260192,1.7995334901167834,-0.019041829858691763,1.6336233492997536,9.020562075079397e-17,0.008910469043502187,0.9683037289575273,-0.21188478401802208
286,0.1347608219833235,0.20390768538578427,0.6734344174663591,-0.7289123363213461,0.2281048943009139,1.008646150914313,-3.122502256758253e-17,1.1345380850711453,-0.3335679020303444,0.5872741407576936
287,1.5851140356766018,0.07538420102652027,0.9358902301625381,1.8504923033256822,1.6426841600936937,1.5295692248423924,9.020562075079397e-17,1.3935475584285029,1.4335459101409982,0.6302418323119028
288,1.5831964860522885,-0.18247372955723093,0.9179768542319605,1.8534453944732001,1.6426841600936937,1.6323942451294737,9.020562075079397e-17,0.8888696445234332,1.679016997838117,-0.1573352192642692
289,1.9495584963225445,-0.18064258090982682,0.46978951397298224,-1.4981013908288288,-0.6313668124820804,0.7142951747031673,9.020562075079397e-17,-0.4779883413446591,-1.432624523809579,-0.8765506037597071
290,1.5859697297845547,-0.1460633409092118,0.6086848265163233,1.884226756941316,-0.7673943055569218,0.715133020990819,9.020562075079397e-17,0.11616672529595817,0.7344940578359058,-0.9096839028702974
291,1.5769728456103234,-0.14987940127908628,0.35449704513095875,1.8074460745746541,-0.012255228414461116,1.0037242416683378,9.020562075079397e-17,0.7107447189970941,-0.5352722585105666,-0.17580722009675362
292,0.12773789793231818,0.09814784675651823,0.9952988764879886,-1.9531078493073102,1.6426841600936937,1.6330782525703467,-3.122502256758253e-17,2.4258187891628777,2.5068604946587616,-0.8835671457309747
293,1.5823959194847628,-0.11890716373455287,0.9315878050695385,1.812172019294849,1.6426841600936937,1.6319382442008434,9.020562075079397e-17,1.2989465392274122,1.4612163508782154,0.6286361436958411
294,1.5812139592354535,-0.06761736927131357,0.6382279800906322,1.8387418540807148,0.006431730931683784,1.2230741165569874,9.020562075079397e-17,1.075435299575992,-1.7247342607415694,0.5689394858275869
295,0.1324038572912004,0.2557552277847202,0.8426560969113169,-1.212840444194012,1.6426841600936937,-0.2383812568965045,-1.734723475976807e-18,0.6788592761242289,0.17935969542459665,-0.9584100540001619
296,1.5845693971945252,-0.14818500701336446,0.8013732565651807,1.8646801607858923,1.6426841600936937,1.5286889427281964,9.020562075079397e-17,0.7440818479755116,-1.7853046824264625,-1.6059695714509068
297,1.5821581603314943,-0.18694998931221019,0.5226215314854661,1.8564655755842778,-0.7203061203002411,1.6332984262232204,9.020562075079397e-17,0.7282184487511546,-1.0239105451027963,0.6031361942068971
298,-1.3506878934131887,1.9437208183461474,1.116704974023681,0.5164991058762536,1.6426841600936937,1.5266460495298084,-3.642919299551295e-17,0.39894761873994056,1.4324495267140305,-0.18841881980042902
299,1.5854200102407476,1.9437208183461474,0.7898574544290935,1.871891914551276,0.40315458861874454,1.717450114706595,9.020562075079397e-17,1.403774102675339,1.1695343406557595,0.606864469617675
300,-1.3603207879341084,1.481491050984937,0.9515632703010157,0.7703517491281867,0.04045993125425646,1.2240363368078722,-1.734723475976807e-18,-0.36126968874733933,0.9993938262927835,-0.1377535438747969
301,1.581117190358256,1.1312600975020712,0.590147506875583,1.866600481092438,-0.4105238326558123,0.316026095023488,9.020562075079397e-17,0.38404261076999985,0.8818109923935994,0.5800375070919996
302,1.5842854203264554,1.9437208183461474,0.9188924698841083,1.8378007239012082,1.6426841600936937,0.7114008654275128,9.020562075079397e-17,0.4974258336370854,1.3025340180229277,-0.1282667009548156
303,0.12422756457769059,1.9437208183461474,0.9654383707594536,-0.4079717757700416,1.6426841600936937,1.718661554209426,-5.0306980803327406e-17,0.02126526238473986,1.4496299856386479,-0.8805139112141062
304,1.5774731623379938,0.06980823126238168,0.7740110398415723,1.820968533366685,-0.6288992776566119,1.2247320359627456,9.020562075079397e-17,0.46983623338594815,0.8009945767250598,-1.6524000911219006
305,-1.36276350446261,-1.6979866534720813,1.157599036550073,0.3412930825602366,1.6426841600936937,0.32092141265204427,-1.734723475976807e-17,2.1303925629044302,2.098478767460243,0.572039798443986
306,0.134696317586907,0.1616359367065171,0.45922405449476195,-0.5797918780550474,-0.794141687177311,-0.23269560315942833,-2.949029909160572e-17,0.6797815108625636,-0.3046231810964166,1.2782185934615382
307,1.9508586225722941,1.9437208183461474,0.8473823383349753,0.0015337006061971528,1.6426841600936937,1.5282552913227911,9.020562075079397e-17,0.8656857331058528,0.9241560937932731,0.5784824030847718
308,1.9505275935457833,1.9437208183461474,0.963380626686773,-0.07936000517942676,1.6426841600936937,1.529496048284609,9.020562075079397e-17,1.0994014018217815,1.2681548822862072,-0.15776595686015296
309,1.5862268932551613,-0.12531987807840855,0.7861404817748486,1.8735507931784705,-0.012084329600222914,1.2249622560346605,9.020562075079397e-17,-0.40683616585575905,1.1799909840163194,0.553492863265287
310,1.5814308139302877,-0.12665491781573718,0.8418889494038211,1.8522728895917824,1.6426841600936937,1.5272392203432188,9.020562075079397e-17,0.7191731874316486,-1.7994967534929187,-1.6655797338472276
311,0.13219414539596036,0.1241049934019946,0.8107854460457917,0.014686414931969875,1.6426841600936937,0.7119945291839606,-2.0816681711721685e-17,1.539682283354431,0.7243470519068372,-0.9063213479482666
312,1.5822921379686998,-0.11998972854122741,0.5602631835252706,1.8814353861991635,1.6426841600936937,0.32208618318268556,9.020562075079397e-17,1.134324837762013,1.0340012390212314,-1.6085176180673717
313,1.581950047900228,-0.18246433002335538,0.1711464108710618,1.8355633195716483,-0.34158643896675056,0.7193875119302167,9.020562075079397e-17,-0.6289308215433096,0.5002961994414368,-0.8493791748348595
314,1.5797966518059001,-0.09775816009664413,0.24861577322458386,1.859245300769133,1.6426841600936937,1.0063122635332649,9.020562075079397e-17,0.17040880459132773,0.9171516947468735,-0.11553544597147215
315,1.5816943280534361,-0.13208484131262604,0.9358392908652382,1.874200738080844,1.6426841600936937,1.0084482245604338,9.020562075079397e-17,0.6442568911032464,1.4538740778184371,1.3424532346474243
316,1.5808920299364075,1.9437208183461474,-0.41383348193189107,1.890451425622728,-0.7715473642095232,-1.0144348420983995,9.020562075079397e-17,-0.38004361739785814,-0.5377013672811459,0.5852510092599262
317,1.582683003572433,1.9437208183461474,0.4477848373753317,1.8257343915486344,-0.48068811828720054,1.0053000002378742,9.020562075079397e-17,-1.0154318586607658,-0.4161328449695955,1.3505963284668718
318,1.5801175739391997,-0.15448371975941672,0.5962333639226994,1.84908230259212,-1.1275258691846397,0.7154162246204523,9.020562075079397e-17,-0.35130697869314104,0.1940057869948625,0.6089806852311138
319,1.5787936272143583,1.9437208183461474,-0.040387713276362876,-0.13842533008511126,-0.31565494693741636,0.3168172979773687,9.020562075079397e-17,0.6461934750135551,-0.5430668146999074,0.5721418532915431
320,-1.358237482056919,-0.8325603075601845,1.1094666602607854,0.6462138288199983,1.6426841600936937,1.3961958821879519,-5.204170427930421e-18,1.677741274522334,1.3856875821833121,-0.9294259365757529
321,1.578316554737418,1.9437208183461474,0.8061324312684033,1.8415676715966556,1.6426841600936937,1.634157751925364,9.020562075079397e-17,0.1801016753042898,0.9268711813698572,1.3418334478084846
322,1.5851051400810463,1.9437208183461474,0.3195748529219054,1.8301415915535382,-0.4951316330662927,0.7129926097709087,9.020562075079397e-17,-1.316394284100316,-0.6129227114774576,0.663108384838995
323,0.13056693722005783,0.7437281868522624,0.49088034640465555,-0.30537221191730224,-0.4748039007790325,-0.23048408896075642,1.5612511283791264e-17,0.2942107444992438,0.9493782997974967,0.574021431331009
324,1.5803404678980806,-0.10413424398389555,0.4179346805753217,1.887219874950429,-0.8930604426912296,1.0012981465887651,9.020562075079397e-17,0.243789077424864,0.9393088281383795,-0.14145446261831465
325,-1.363948099947484,-1.6979866534720813,0.7832658245363928,0.6766112787134996,1.6426841600936937,1.5275496691879595,-4.85722573273506e-17,2.071636859120207,-0.6342503762182017,-0.17984391414506076
326,1.5893414781212318,0.7642433210084187,0.9509036430660474,1.8496964944437781,1.6426841600936937,1.0041079425766752,9.020562075079397e-17,0.5697636118490492,1.3729772382160506,-0.13308302110479742
327,1.580059435604978,1.9437208183461474,0.5188940384819366,1.8143317410044648,0.18313395926938558,1.224822206547148,9.020562075079397e-17,0.5836100107392721,0.0439959965496737,0.6393379302694645
328,-1.374215330989156,1.9437208183461474,1.0240096510668477,0.18200854089680477,1.6426841600936937,1.6321108372449105,-1.734723475976807e-18,-0.18010728463061712,1.4809471654835695,0.6180464757500435
329,1.581106301127063,1.8895192930718205,0.9771031447372441,1.8950928004925058,1.6426841600936937,1.5305574641461257,9.020562075079397e-17,-0.4752696798784398,1.477168370339311,0.5663674190590445
330,1.585117146471888,1.9437208183461474,0.9435043357780233,-0.23916228964726943,1.6426841600936937,1.7187707403241146,9.020562075079397e-17,1.2398835241244774,1.0713145632591212,2.0601428030019404
331,0.1361211909655948,0.0800768941103202,-0.6539447532694849,-1.6708883167529065,-0.790555666448856,-1.0198339656009956,-2.42861286636753e-17,-0.6438906580798894,-0.9396387475797878,-0.908594029239947
332,1.5863999897318066,1.9437208183461474,0.9883716999472676,-2.2645797228585,1.6426841600936937,1.6317342062615923,9.020562075079397e-17,1.3167468211671896,1.3879422646416628,0.6193525890715854
333,1.5771913215914606,-0.08055932079788372,0.9629454797824233,1.896853692300655,1.6426841600936937,1.52915785133865,9.020562075079397e-17,1.0931160928915011,1.4602681781003388,-0.8822163338011416
334,1.586424634079225,0.3660389584548322,0.7941869343376567,1.8347003580945958,-0.7146319121109632,1.6352963782030123,9.020562075079397e-17,0.5302824584170029,0.4562429356725937,-0.9616610890063028
335,-1.3679240455718031,1.9437208183461474,1.034256189048657,0.7518964022077318,1.6426841600936937,1.5290447327441488,-2.0816681711721685e-17,0.4081361418894531,1.5370029906138547,-1.6303923880324391
336,0.1351591400338615,0.10822541777893643,0.7303954225884925,-0.621231504967383,-0.8422350407544422,1.004739927055677,-1.0408340855860843e-17,-0.4223983090402645,-0.012640572125545521,-0.8703874082531048
337,1.5825431621312807,-0.11526231438399312,0.6355794120044325,1.8389616593094065,-0.4901919125434535,1.0023521507684965,9.020562075079397e-17,0.130056497621279,-0.6338249653605289,-0.14302210061684226
338,1.948826540591596,-0.08228102522852276,0.6731362493067091,-1.1865988040010642,-0.21601388326722723,1.5265538928164175,9.020562075079397e-17,-0.2482716904466732,0.685568268179383,-0.15653466822911064
339,-1.3675919548015385,1.9437208183461474,1.0971683806872947,1.0939359888026587,1.6426841600936937,1.6346631192280972,1.0408340855860843e-17,0.06522292609372923,1.3428876726043537,-1.6285793526110375
340,0.12304175023332174,1.3739988671581727,0.23588962660337034,-0.3535707336772091,0.0765493140939198,-0.22922145429272123,-4.336808689942018e-17,-0.4841664773771526,1.0698124141880294,-0.8773441918134102
341,1.5839748458338667,-0.09150545304150326,0.6526115666979957,1.894785159306013,0.08621023068502658,0.7172854812923569,9.020562075079397e-17,0.23620788687167113,0.5533656096813928,0.5993296173185491
342,1.5831179707403396,-0.04327511329001467,0.20253495852394954,1.865868447531059,1.6426841600936937,0.716005661237291,9.020562075079397e-17,-0.7861230540571637,0.6362133508132619,-0.12184439466015487
343,1.5859278926084617,0.2429385440464665,0.7335912964720354,-1.5394703832043104,1.6426841600936937,-0.22283402023892668,9.020562075079397e-17,0.960553941719184,0.521405459689918,1.3706805178332069
344,1.5827333737573526,-0.1270919029109997,0.7861739728261955,1.87381034621487,1.6426841600936937,1.396235977952457,9.020562075079397e-17,2.1403977954276474,0.6183847657596337,0.5674999612990506
345,0.1218930505435298,1.9437208183461474,0.9255304838145831,-0.46669156551368723,1.6426841600936937,1.7879001701569175,-4.5102810375396984e-17,-0.131031719801819,1.6954456608439312,1.2983499859343202
346,1.5830409921191604,1.9437208183461474,0.7227646297150558,1.7973596654228141,-0.03801744328435296,1.2259591029367645,9.020562075079397e-17,-0.15484218679954567,0.8585584433157826,-0.1479587159722971
347,1.5877904060616015,-0.06562598502473016,0.8128179273405746,1.893692846096108,1.6426841600936937,1.0061037824611458,9.020562075079397e-17,-0.11508325041380685,0.9786076578939609,1.3659878440418143
348,-1.3806703873191803,1.9437208183461474,0.9806353995338781,0.2824913139388255,1.6426841600936937,1.5281015591293603,9.020562075079397e-17,2.453820251357648,0.5174267941099436,0.5722604510230337
349,1.951584202490433,1.4666544530825703,0.8338845816653183,-0.5698996317092361,1.6426841600936937,1.6319302925887296,9.020562075079397e-17,1.3332673364189749,0.8109552837855626,-0.1581337081069711
350,0.14324075490403337,0.18768007366598885,0.7476753720776098,-1.2906934708793851,1.6426841600936937,0.7157926607321822,-2.0816681711721685e-17,2.4614637783390183,-0.39250331722182663,0.5532746240497712
351,1.9458049213411448,-0.1318040829817656,0.802152840667073,-0.6809939442754177,-1.0161010027614836,1.397667580152688,9.020562075079397e-17,-0.2111274151850974,0.9372037098210563,-0.8850413777565076
352,1.5848773737396753,-0.19701042617292386,0.6400642078402828,1.8593894143474397,1.6426841600936937,1.3987564151338034,9.020562075079397e-17,0.25351658594064075,0.8426339085256465,-0.11255015535631381
353,1.9513884110652553,-0.1771830236065753,0.9712659378008313,-0.8336113420415444,1.6426841600936937,1.7871696114652824,9.020562075079397e-17,0.5835115494778925,1.6609445393259825,-1.6412956484866879
354,1.589011470213695,-0.11650007174433841,1.022065651761593,1.831003402692837,1.6426841600936937,1.397147053721722,9.020562075079397e-17,0.7386965757385787,1.2896290310450649,0.5945218807550288
355,1.948492807080393,-0.08307087727205964,0.7539256595686115,-0.9577668994775179,1.6426841600936937,1.2269602334963357,9.020562075079397e-17,0.2963879801524658,1.0160864521199828,-0.8351101430073834
356,-1.3514824093215854,1.8242019897792348,1.0246027430606803,0.5948898134945563,1.6426841600936937,1.7175870846951127,-3.469446951953614e-18,1.0924516407788287,1.1425116316302102,-0.9210277085418928
357,0.13729489487930732,0.08710171447149412,0.9601773488584711,-0.47932613063304885,1.6426841600936937,1.7178936569125844,-2.949029909160572e-17,0.2890140705122431,1.499894339890371,-0.8251709216060165
358,1.5862345321104614,1.9437208183461474,0.2344108621991618,1.8902891719788693,-0.008097191591229146,0.32261765340030113,9.020562075079397e-17,-0.13618296245903103,0.6520546333766949,-0.15832570294060835
359,0.1305167513635249,0.18680701111694942,1.015022572797205,-1.9667697420091343,-1.4623977768976342,1.3946481961887092,-6.938893903907228e-18,-1.3964430722614762,0.8655605373355325,-2.3289587031912626
360,1.5818740682168537,-0.14477456408988332,0.9878544788285442,1.8905569710490584,1.6426841600936937,1.2267730380236692,9.020562075079397e-17,0.5974365208325236,1.5244287498136062,-0.23027177878648128
361,1.5789583447350937,-0.188960095542417,0.09506848388318971,1.8678824787064692,-1.1159943024076548,0.3098148798050664,9.020562075079397e-17,0.573582375506728,-1.3838548347875448,-0.1261207660996688
362,0.13240421350137568,0.23762628583031292,1.0484558329234088,-1.5714160588038972,1.6426841600936937,0.3196104648446468,-3.8163916471489756e-17,1.3838760175761453,1.3181800234468053,-1.6313314674323482
363,-1.3795765554594552,-1.6979866534720813,0.9136707752201577,0.4978855107499015,1.6426841600936937,1.3932248405672656,-8.673617379884035e-18,0.9837123465801741,0.8265918985731813,0.6412245118876486
364,1.585981600798451,1.9437208183461474,1.0771078843162987,1.7958074618403799,1.6426841600936937,1.5291678392073296,9.020562075079397e-17,2.3652818352422353,2.4475652998556514,-0.14339510629852173
365,-1.3553015592179742,-1.6979866534720813,1.0843086864703007,0.07006539169672808,1.6426841600936937,0.3162615732865213,-1.3877787807814457e-17,2.8091783123458187,2.5654177906049473,-0.1030616040862662
366,1.5839787554239328,0.02948458678245208,0.9453166603464849,1.8630363963194096,1.6426841600936937,1.0044917658158796,9.020562075079397e-17,1.1950305041911131,1.2866830754669332,1.3074045661440024
367,-1.3529777123390727,-1.6979866534720813,0.7753411186557354,0.5562152775633101,-0.3699835620462658,0.324535555074212,-2.949029909160572e-17,0.11752654081776337,0.4811166645239327,-1.6342000460357433
368,-1.3688340042856806,-1.6979866534720813,1.0236882243096046,0.34225700469314935,1.6426841600936937,1.7187296488902128,-1.0408340855860843e-17,-0.3150077942938922,1.463827958546144,-2.422777345305236
369,-1.3669880552799825,1.9437208183461474,0.94227199178584,0.9130636358732644,1.6426841600936937,1.6326063032498854,-1.9081958235744878e-17,2.012503645372714,1.6948521746499945,-0.9477038650077698
370,-1.355580405585481,-1.6979866534720813,0.9844812817387201,0.10393721173943375,1.6426841600936937,1.7193749809897207,-5.0306980803327406e-17,0.8560116570999271,1.5995964922590244,-0.10192992468031103
371,1.5839020260807526,1.9437208183461474,0.015751258435071105,-0.8940446970202351,-0.08826304418617215,0.32734203002013074,9.020562075079397e-17,0.3186014050091322,0.46219460782318517,0.6350123226816025
372,-1.3639953181798932,-1.6979866534720813,1.0617565909592268,0.627182681688805,1.6426841600936937,1.2257821546736318,-3.469446951953614e-18,0.5255917895498986,1.6721815857035986,-0.8612121592946046
373,1.9504289343329593,-0.14125370793869732,0.4671076157491448,-0.9817720006327673,-0.24684062623149255,0.7127219153259409,9.020562075079397e-17,-0.5090523929852822,-1.4450844707991326,-0.18351976936003608
374,1.9483847854028475,0.19655815822025088,0.9696370596328108,-0.026776515554482926,1.6426841600936937,1.7172453997101946,9.020562075079397e-17,1.5494156775157857,1.9385110656577027,-0.8213882719025154
375,1.5810751149113813,-0.03213010245284224,0.9160179621972895,1.839112743607848,1.6426841600936937,1.635124718405302,9.020562075079397e-17,2.3586280459305065,2.077164326735444,-0.15761675332012062
376,-1.3696486889461763,-0.5224444262305369,0.4812321636021429,0.2912373425482924,-0.33066264186474575,0.32333111620661653,-2.6020852139652106e-17,-0.010883970649849195,0.11925940192491565,-1.6839729847719291
377,1.579624923144993,1.9437208183461474,0.7489745164471456,1.8891120856386918,1.6426841600936937,1.3958261941295795,9.020562075079397e-17,0.1552131721153229,1.1008349208351549,1.3127556676300864
378,1.5830196741414053,-0.13136756759007073,0.4540131398927023,1.8610573086428814,-0.3245866024981117,0.3225781493438086,9.020562075079397e-17,-0.32215032326426596,0.3666788502152792,-0.9005711447785241
379,1.5844001591046428,-0.07942157577292011,0.5286343069093129,1.8895721174116429,-0.8438851348556825,0.714556811990618,9.020562075079397e-17,-0.05090531666263579,1.0377319065481723,1.349052512749572
380,1.9449801130618005,1.9437208183461474,0.870140138711647,-0.8062293611284772,1.6426841600936937,1.5297989131532057,9.020562075079397e-17,0.7419073556614335,1.1869895175828278,0.5751849406188585
381,-1.372615249231305,-1.6979866534720813,0.900924980759083,0.4191477043679471,-0.6379823693879837,0.7034408503981577,-5.204170427930421e-18,-0.6171535136626204,0.4458050521849598,-0.17050338907412402
382,1.5828901848821724,-0.005863312569282512,0.8439259051343084,1.8473223803760443,1.6426841600936937,1.0033150078104645,9.020562075079397e-17,0.8689467664161039,1.075101728169809,2.1212675300594097
383,1.5859810321201782,-0.1783740064529595,1.0263365584685475,1.8997790984671816,1.6426841600936937,1.6326374821803893,9.020562075079397e-17,0.4694784812619969,1.6019391518565644,-0.1356013637061543
384,0.13678199535103872,1.9437208183461474,1.1163068335268493,-0.801138953613184,1.6426841600936937,1.7868682842357204,-1.3877787807814457e-17,-0.061365553246358055,1.7115508218995228,-0.20340855707596422
385,1.9489232834627437,0.1915476191866138,0.8986630122735562,-0.2144413319773948,1.6426841600936937,1.6345299002708045,9.020562075079397e-17,0.7019286975729091,1.5741413442263996,0.5331295253353763
386,1.5848593790157537,1.9437208183461474,0.35720505193729707,1.8543761276011004,-0.14929817421268382,1.0088256066184917,9.020562075079397e-17,-0.3051681260255973,0.587969760613974,-0.14790750993665652
387,1.951092322552158,-0.10015490405375231,0.8791187007408688,-0.5804733786382401,1.6426841600936937,1.0060165006344495,9.020562075079397e-17,-1.0531258639532974,1.225367076782799,-0.8711473828695233
388,0.1316629733844046,0.20359244471599156,0.26275013950020476,-1.0214310232771808,1.6426841600936937,-1.0154960541208589,-3.122502256758253e-17,1.5805792086075865,-0.7150744806168253,-0.1357484740443755
389,0.12298680884711324,1.9437208183461474,1.1023942203729635,-0.1242290615924374,1.6426841600936937,1.5298804222905813,-6.938893903907228e-18,0.9475366304686604,1.4161574517885906,0.6368196991886702
390,-1.3550367789336344,1.3610548938605502,0.9007637163739549,0.11262403657903708,0.18500828490784962,1.6332296745518247,-2.949029909160572e-17,0.39028338896878145,0.7740257981125739,-0.9015297914051648
391,0.13564392578753148,0.11640636422233758,0.8608550263573403,-0.3828411602966952,-0.14564976582829947,1.224044243110284,5.204170427930421e-18,0.01102277517982294,1.1718547191731603,-0.13501450308511442
392,0.13356475093185485,0.053662498429759835,0.11887980402523562,-1.2705722056071536,1.6426841600936937,0.7137421008390558,-1.9081958235744878e-17,-0.792044259080121,0.767067513194857,-0.1322568074448635
393,1.9505793037495538,-0.16265272763377614,0.9332187199364639,-0.1244413601368966,1.6426841600936937,1.0044959227692953,9.020562075079397e-17,-0.3820246266289938,1.3771231672440205,-0.1137264282242428
394,-1.3771592300376438,-1.3936681778571143,1.0707751182282703,0.4798051828924059,1.6426841600936937,1.6328202440536845,-3.469446951953614e-18,-0.15337270551880988,1.2147101651210161,-0.16525172672133237
395,1.5810945174320412,0.5238483749471402,0.10188497747107561,1.7990514399211623,0.7210786583165337,1.226860167545918,9.020562075079397e-17,0.14807652266125532,0.5089826924938962,0.5474843126416886
396,0.13671513435873917,0.10916283021869264,1.018978516219806,0.0705491097734748,1.6426841600936937,1.3946239750766865,-1.9081958235744878e-17,0.7633693736511817,1.8834771991589816,-0.8775863521185246
397,1.5864385071404625,1.9437208183461474,0.5483273462052107,1.8360689689410647,-1.2405146488643872,1.2278786277840052,9.020562075079397e-17,-0.5274123488360584,0.8224876679970787,0.6033888397745765
398,1.583734788315976,-0.17323407618668313,0.8836751181511879,1.8087072448066024,1.6426841600936937,1.0061732862085648,9.020562075079397e-17,-0.6301769006036947,1.2077175462735132,-0.8858880348752612
399,1.582317156564868,0.2186214465982912,0.688585829550409,-0.929941024583769,1.6426841600936937,0.7140232776854741,9.020562075079397e-17,-0.09345551105394405,0.6130208684718722,0.5564780321629103
400,1.5848189350841368,-0.16345449896184897,0.938747874345666,1.8849731388448938,1.6426841600936937,1.527686710194092,9.020562075079397e-17,0.11325655610658547,1.5252565366738073,-0.1588572299831631
401,-1.361107555913189,-0.6594801150537697,1.064332721224218,0.7587176234176141,1.6426841600936937,1.6325204466514533,-4.336808689942018e-17,2.287193433228555,2.30345490613003,0.597188408426783
402,1.5843921078138832,1.9437208183461474,0.5931151816636969,1.8306636045777782,0.07884838402919478,-0.22836053716679205,9.020562075079397e-17,0.6210614913527511,0.0491246523351199,0.5779576239075135
403,-1.389846045015268,1.9437208183461474,0.7233633661528106,0.23666085557599603,-1.1734640440725463,0.7070516646900613,-6.765421556309548e-17,0.3601442642522878,-0.026306426081661855,-0.1676580516458906
404,0.1327351991694927,1.9437208183461474,1.0185674072605488,-0.48495281361678366,1.6426841600936937,1.2262979213667045,5.204170427930421e-18,-1.0936695785885584,1.465012343525512,1.3922845240903792
405,1.583961706094809,0.025180590924596517,0.23601110948311385,1.8711487663437036,1.6426841600936937,-0.23830797566720657,9.020562075079397e-17,-0.48034166369076237,-4.324560908133486e-05,-0.8930247082132571
406,-1.3640507028002353,-0.5836742909378967,1.0247655349465845,0.8158297790424851,1.6426841600936937,1.3981881049471063,-2.949029909160572e-17,2.0862877242213718,2.2404505018087577,-0.1027958739647905
407,1.5822038342654907,-0.12531880441934146,0.562819194099984,1.8937681721841118,-1.3296261362537192,0.7125732358727038,9.020562075079397e-17,-0.14987845109965475,0.649571890214198,-1.582771522003095
408,-1.371540133067661,1.9437208183461474,1.0753084474848245,1.0170620901798524,1.6426841600936937,1.633657183508398,-1.9081958235744878e-17,1.1407567136327945,1.8363911541499043,0.5934081174159737
409,1.5825165249523487,1.9437208183461474,0.5309789458399782,1.8128219949492281,-0.13046334010555244,1.3945454515625693,9.020562075079397e-17,-0.667888235626424,1.0205236212673805,1.357143671721379
410,1.5862774811210756,1.9437208183461474,0.8892094685965892,1.7980749191973582,1.6426841600936937,1.7177819491972057,9.020562075079397e-17,0.2452562666500329,1.2523843324758346,0.6112727992620846
411,1.5860003894434251,0.052651002589629,0.3047286790946976,1.8245809367986057,-1.1496968595409147,0.31385840177538515,9.020562075079397e-17,-0.34683717962483174,0.1161171244028317,-0.17102790467118434
412,-1.3588789575047104,1.9437208183461474,1.0525706902298522,0.6249103473887977,1.6426841600936937,1.7176518599495167,-5.204170427930421e-17,1.0533649082457972,1.4326832555563622,0.580457067519472
413,1.5813363234031432,1.9437208183461474,0.04261382957461638,1.8760308023676566,1.6426841600936937,0.3202119088010825,9.020562075079397e-17,0.052828876326794595,0.19622524984996562,-0.19177613386212106
414,-1.376795937731257,-1.6979866534720813,0.9650962981062339,1.0705534878544145,0.14861715798350092,1.5301470617296762,-1.734723475976807e-17,-0.43337939324247515,0.9871778087112271,-0.907988442285912
415,0.1212962639850088,0.23199597312120324,1.0013453405631587,-1.6255683115694815,1.6426841600936937,0.7107601230350261,-1.3877787807814457e-17,0.2175479281554916,0.9423875832209097,-2.407472404296751
416,1.5811905830293178,1.9437208183461474,0.7758098643118249,1.8544456237778244,1.6426841600936937,1.6334080546658416,9.020562075079397e-17,0.4131821423994152,0.9062061030811022,-0.9021974743749145
417,-1.3671295054041708,-1.0890671980937436,0.9584067743949252,0.6670726220946214,1.6426841600936937,-0.23955806228296225,-1.734723475976807e-17,1.2896841379983195,0.27129051483028055,-0.13275662420337314
418,-1.3707952141700952,-1.6979866534720813,1.0460667628687754,0.39774714642319065,1.6426841600936937,1.528229671216018,-1.734723475976807e-17,1.5533799105995554,1.3669523258529617,0.6447361915895417
419,1.5818256784152362,1.9437208183461474,1.0443652277593753,-0.4043716802242683,1.6426841600936937,1.7868979334036073,9.020562075079397e-17,0.5838427078628647,1.9265535249984955,0.6091831331008901
420,0.13261612161059536,0.21159145227771364,0.5434536939750985,-0.9501245450775829,-1.1916394830287886,-0.22569195027414504,-4.5102810375396984e-17,-0.125512132450022,0.2640251895394636,-0.13184775732227416
421,0.12796155915187746,0.10635513313328633,0.13489858938651736,-0.1531287720269729,-0.036051602940442705,0.31827062478174545,-2.6020852139652106e-17,0.6970940210453497,-1.7251446774890944,0.5992752297588251
422,0.12805442920117124,0.09653306510228808,0.19704056013106924,-0.5872836782411966,1.6426841600936937,0.3183228081422717,-3.8163916471489756e-17,0.7356056141940175,-1.7099653511911683,0.5700265734103709
423,1.5854218366780228,1.9437208183461474,0.2358782480773835,1.8112124975272204,0.07108738529475697,0.31656010775129406,9.020562075079397e-17,-0.10260369339427859,0.44762197284947697,0.5829311320547882
424,-1.365133224137461,-1.5070739650479945,0.7085930630146782,0.5242481820367635,-0.5669517487436312,-0.2295601195942189,-2.6020852139652106e-17,0.9738925219813178,0.12415068898474517,-0.16289766296282587
425,-1.3707057547116468,1.9437208183461474,0.9617840433737805,0.9789978686445577,1.6426841600936937,1.7177795505218463,-2.0816681711721685e-17,-0.7997717968435465,1.466860129455466,-1.6092637152867812
426,1.58522238284528,-0.18201071314208586,1.0019589190923528,1.8050707962337578,1.6426841600936937,1.2271927670560907,9.020562075079397e-17,2.01727072075207,1.8572978316259812,0.6470916383131018
427,1.5804469353134751,-0.12305588202667224,0.5877703615187596,1.8298388748706327,1.6426841600936937,0.3098677315922283,9.020562075079397e-17,-0.009920885503496967,0.8586691156260235,0.6103890578069548
428,1.5864131665231767,-0.12848378631675836,0.006902174190505389,1.8872825676318088,1.6426841600936937,0.3190952750716629,9.020562075079397e-17,-0.6867521357008736,0.3184372315837589,-0.14226414916876937
429,1.579683938693806,0.12424010795802043,0.6919433703387096,1.8702731855032548,-0.8451117041574432,0.7140119472957557,9.020562075079397e-17,-0.5111306811535948,0.7955783458541558,0.6237940919703228
430,1.580025770757069,-0.1558180296442062,0.9510485220901993,1.8214801647317582,1.6426841600936937,1.7876904654410066,9.020562075079397e-17,1.928899551456585,2.04101231362792,0.587143255848874
431,0.1356479861827055,1.9437208183461474,1.0265726601687235,-0.9147958499294407,1.6426841600936937,1.7864522571139623,-3.122502256758253e-17,0.8443729375516572,1.6890975384268176,-0.11055910292158347
432,1.5884410394760113,-0.18484142869435038,0.5661951841311019,1.8932327646336544,0.025401997260591367,1.396726441460248,9.020562075079397e-17,0.33169688127202984,-0.5266872011478864,-0.9230861867118043
433,1.577455411670642,-0.18771816345447104,0.9302007210097636,1.8771815584971636,1.6426841600936937,1.5306241397089246,9.020562075079397e-17,1.1480953165173386,1.8007427141957204,0.6082689794117876
434,1.5894885941466914,-0.1256546480018268,0.3725953462096145,1.8621788588869863,1.6426841600936937,1.0064348268038412,9.020562075079397e-17,0.9612657801272133,-0.9546380570737861,0.5954240596432149
435,1.5759224694759286,0.12450547918391439,0.03958050703558727,1.8813642417792198,-0.39247761139738135,-0.2355839585039182,9.020562075079397e-17,-0.7411396164223759,0.6156103475485099,-1.7114577750985867
436,-1.3701924816253899,-1.539255006394945,0.6574226133925879,0.3945461498860771,1.6426841600936937,1.2278920745471633,-2.6020852139652106e-17,0.14139385051323874,0.25183861595738033,-0.9148969675987382
437,1.5836323975437987,-0.22300412858615823,0.3161382408105875,1.8358357554420532,-0.042127402857805384,0.32394005519163965,9.020562075079397e-17,0.47471732444152054,0.5703297745691264,-0.8426488468937681
438,1.5859106851139744,-0.08572932768353891,0.8510094634075832,1.8412697798961937,1.6426841600936937,1.6344786788257466,9.020562075079397e-17,2.0872487725846174,2.008996746421744,-0.1954659089757446
439,1.5838616718216596,-0.16779200552030812,0.8265038837664664,1.8117645429361031,1.6426841600936937,1.634005460123473,9.020562075079397e-17,0.8336654554069707,-0.9953897710840883,1.3144346426455675
440,1.5849663883638168,0.025730362907220704,1.018298965163593,1.8337678138995661,1.6426841600936937,1.5285014277532456,9.020562075079397e-17,1.1370079838420983,1.2987951668245437,0.5744137531288553
441,1.581588234437742,-0.09037006701476621,0.8988401505559424,1.8431667622448071,1.6426841600936937,-0.23440726855526126,9.020562075079397e-17,2.7240370325743095,2.415764231178507,0.6314251055513441
442,1.951028987244847,-0.18049285610832239,0.8183158937684046,0.09750358904776131,1.6426841600936937,1.6336635636995995,9.020562075079397e-17,1.1127491872801052,1.2021489667590948,0.5965761873154399
443,1.5801698041715135,-0.08374125045667721,0.62891870591058,1.8833518731114898,1.6426841600936937,1.2250312515733248,9.020562075079397e-17,2.114196981462613,0.06465029078437512,0.5810728887706547
444,0.1258448951150142,0.1730158979806607,0.7784802727007485,-0.5863364664829687,1.6426841600936937,1.225429318351565,0.0,2.427348395385507,-1.803685251170634,-0.1086714430934882
445,1.585108951221526,-0.15225623514831071,1.0185674884289089,1.8941191282662864,1.6426841600936937,1.6335276747261491,9.020562075079397e-17,1.1530622814698388,1.602790842248173,-0.15202610004071704
446,1.5833499929242678,0.1052850165695068,0.2707587142287417,1.8550592593848978,-0.3858916319856182,0.7184947772273875,9.020562075079397e-17,-0.8729790553868514,0.8085905528015163,-1.6179629977612902
447,1.583422029865381,1.9437208183461474,0.8138697312458039,1.88106319550436,1.6426841600936937,1.5264773806567875,9.020562075079397e-17,1.115780551588034,1.059775774038228,2.0897710227158637
448,-1.3683863313514815,-1.6979866534720813,1.1215662962770556,0.9996972542936813,1.6426841600936937,1.3963158145170527,-1.734723475976807e-17,2.3846320251495934,2.1686552687823593,-0.1745132144601315
449,1.5815252208937678,0.17572206415633063,1.0930696786491159,-0.28341631014560936,1.6426841600936937,1.719695314700002,9.020562075079397e-17,0.11046706503912923,1.532372856479607,0.5936270641812936
450,1.9488728192065912,0.32001255796438083,0.9690886303680712,-0.4262431245665658,1.6426841600936937,1.398264195738793,9.020562075079397e-17,0.9081686509929903,1.5360615315383357,0.6541275650407752
451,1.584747600801132,0.7910616875239908,0.9850457094198959,1.8456921749166078,1.6426841600936937,1.2269481559255313,9.020562075079397e-17,1.2686477680638006,1.2194170619375493,1.3207467994781381
452,1.5851990527347817,-0.07470599675347497,0.6542120834570452,1.8449648087536274,-0.42665707760425237,1.2236020372075942,9.020562075079397e-17,1.0406006584590581,-1.7210052930730013,0.582300448707195
453,1.5822096065184654,-0.15291499090017585,0.9453457970573376,1.8483572683799543,1.6426841600936937,1.0025289643792357,9.020562075079397e-17,0.7147962229326668,1.6424443968723694,0.6321931338523763
454,1.5841579311703775,1.9437208183461474,0.9669588879296099,1.8753747994695513,1.6426841600936937,1.3951604670850446,9.020562075079397e-17,1.5564020369561873,1.5781483042534024,1.3730585903796424
455,1.585055358533015,0.16093915097759784,0.9462895373107314,1.8135054192333353,1.6426841600936937,1.528561321028042,9.020562075079397e-17,1.013799896444666,1.5059355000084649,0.5827703499481617
456,1.5823925119441267,1.9437208183461474,0.04178483629805765,1.8737280278349782,1.6426841600936937,0.714617693932204,9.020562075079397e-17,0.3148977652760232,-1.1292248643832818,-0.13570761544577575
457,1.5887411908901523,1.9437208183461474,0.9516682859158269,1.862036706539176,1.6426841600936937,1.5293068144362054,9.020562075079397e-17,0.349511229602011,1.4656733125409949,-0.12544840654459036
458,1.579362468805416,-0.05621446256212498,0.2285973512924766,1.8428028162735506,-0.4507479906796988,0.32224428740714156,9.020562075079397e-17,1.0646833486408855,-1.2876424377785756,-0.19347414821247008
459,1.5867594210823566,-0.17986236547314186,0.10918060235915975,1.8350057380764453,-0.2538795843140054,0.7174911010531608,9.020562075079397e-17,0.4633043765516543,-1.4146610085624378,-0.15020817703315137
460,-1.375842499936344,-1.6080965678317594,1.0546896781504131,0.7520577811685453,1.6426841600936937,1.2229700941109165,-2.949029909160572e-17,0.5641073983660837,1.4999730100185038,-0.9531097338918366
461,1.585607752531794,-0.15969247618837665,-0.12225508072290046,1.8419504828821296,-0.7055574121376177,0.33032349525389487,9.020562075079397e-17,0.019264241954292785,-1.7981587325233126,0.6276805907464414
462,0.1338543070428062,0.14892953775506876,0.4345609806621311,-0.48928814681948263,-0.7370437429635337,-0.22957414842943988,-1.214306433183765e-17,0.0300056607834366,-0.7066732949946807,-0.8330175875446512
463,-1.369985760368523,1.9437208183461474,0.33633906176300865,0.42715126178141416,-0.4503012231774958,-0.23347037695746317,-3.642919299551295e-17,-0.027374973657192634,0.2581306425445849,-0.9022825530641456
464,1.5807761153860775,-0.14511439807494114,0.7830848093085969,1.8645947648569676,1.6426841600936937,1.2248436659077686,9.020562075079397e-17,0.1246477261369389,0.7899266660628782,-0.1853415438734846
465,1.5824226589427877,-0.1656499986539723,0.8084958363843797,1.8165915805925656,1.6426841600936937,0.7164775038633927,9.020562075079397e-17,-0.04878939988264809,1.183326458462734,0.5651474607534575
466,1.582160268751528,0.0903148270697345,0.36889952627504846,1.8303804053095296,-0.3146943786685917,1.0019266809987974,9.020562075079397e-17,0.8100967815937749,-1.0388282235939383,0.6142649181040276
467,1.5823452701799148,1.9437208183461474,0.9166714029886314,1.8637018145770152,1.6426841600936937,1.395085706118011,9.020562075079397e-17,0.3281501103682851,-1.7976079530390692,2.104478385185227
468,1.5843458098307148,1.9437208183461474,0.8140597509988182,1.8555762333376062,1.6426841600936937,1.394297657647598,9.020562075079397e-17,0.32699642406818785,-1.7888551433188746,2.1035344594318857
469,0.11868260436391083,0.09189620718269678,0.7895102123415771,-1.4754099809597303,1.6426841600936937,1.528718066004123,-1.734723475976807e-18,1.050585984391434,0.1752528868797451,0.6028766574224775
470,0.13526211088530907,0.17543268248168647,-0.40577928626621945,-1.166554646152669,-1.0343425027326039,-1.0180953507345423,-2.42861286636753e-17,-0.45903509214139876,0.31265887374667395,-0.14869221401313149
471,1.5868739923874138,-0.13041349266655447,0.24207277127029095,1.7792799155451362,1.6426841600936937,0.31759098203316416,9.020562075079397e-17,-0.42478106246200736,0.49899007217909686,-0.8734202120966701
472,0.12465289852539778,0.21254096170565548,1.129241689284029,-0.29878673395060684,1.6426841600936937,0.7108332002178551,-3.122502256758253e-17,1.3273788030885911,1.496202216877775,0.5859861086221444
473,-1.3575157720657283,-1.6979866534720813,1.0367557429265528,0.34746221313256526,1.6426841600936937,1.6344234811335479,9.020562075079397e-17,-0.46509125107643423,1.4695964264456038,0.47635546699280124
474,1.5799323616798802,1.9437208183461474,0.4789132229788818,1.864432166382269,-0.11222485281700716,1.2280924449524404,9.020562075079397e-17,-0.2486755001659939,0.9589162319985874,0.6095556038781252
475,1.5809641031962378,-0.09821222120641547,0.9064881174202256,1.8335984459097274,1.6426841600936937,0.31438651815839197,9.020562075079397e-17,2.0755065435409095,2.0795430038114393,-0.07326393442882079
476,-1.3589780433148817,1.9437208183461474,1.0976787322584303,0.07165554848807201,1.6426841600936937,1.7178845206837792,-5.724587470723463e-17,0.8809665977389601,1.9471031395769263,-1.6964211313569562
477,-1.3656540247008901,-1.1757606296747223,0.9616992142286136,0.3593515529525391,1.6426841600936937,1.787255388960411,-1.3877787807814457e-17,1.2166817155303684,1.6898393482170448,1.3476344955531014
478,1.5878276984780668,-0.14110473311922542,0.8323676012306647,1.8828245575034557,1.6426841600936937,1.2271292708594304,9.020562075079397e-17,1.439120567122167,-0.8261480115216877,1.3010076408439013
479,1.578796099426651,-0.13331492998900837,0.11203340641903337,1.8813132133212633,-0.3274455235903315,0.32238852009753066,9.020562075079397e-17,0.6529252644379208,-1.2285911046016158,-0.18815521904867985
480,1.9503549457948417,0.013989218297628664,0.7248391054808101,-1.1264510948738764,-0.32757259401513367,1.3947556913008874,9.020562075079397e-17,-0.4329346583853357,1.1547042094137905,-2.3384810103147413
481,1.5825728934948182,-0.10601197629939037,0.9039323878342259,1.860982498998453,1.6426841600936937,1.0070481064419123,9.020562075079397e-17,1.7597994507527517,1.4339262706628793,-0.14643679624079348
482,1.5860710453138402,-0.14830749823915385,0.8252408503772387,1.856090018256578,-0.4167207909438345,1.634317713826725,9.020562075079397e-17,0.6833991519779605,0.8917929813880218,0.5855625922649152
483,1.5814788666051687,-0.1854534550535472,0.5139209365306208,1.8324877741608627,1.6426841600936937,1.0028984080105106,9.020562075079397e-17,0.5870555679539301,1.1263620851497498,-0.17267130772111078
484,-1.3790011800288677,1.9437208183461474,1.0930014158623444,0.7511950811617694,1.6426841600936937,1.7864685911862805,-1.0408340855860843e-17,2.7152235810430567,2.598607825935444,-0.18390757840303484
485,-1.37795085239555,1.9437208183461474,0.3846326432521673,0.824354821367301,-0.29861482607609235,-0.22668574122692653,-5.0306980803327406e-17,0.061412161436596065,0.2570231201606602,-0.8120598260307361
486,1.5881604898817614,-0.12448604828114222,0.222662350548566,1.9040357643849835,-0.3344263339543336,1.0070303265291507,9.020562075079397e-17,-0.5544959490293845,0.856032413483369,-0.1586916013056417
487,1.5782439006519255,1.9437208183461474,0.027649646946080006,1.8513879223193437,-0.16272922754876357,-0.23352269565428688,9.020562075079397e-17,-0.2923112137982664,0.3072878358385995,-0.18388232814544303
488,0.13426768796510066,1.9437208183461474,1.0227568934870528,-1.9192403678512389,1.6426841600936937,1.3963900045814888,-3.642919299551295e-17,0.5891980244658742,1.365562033389143,-0.21710604182545398
489,1.5865638859861506,1.9437208183461474,0.9053009308562221,1.8764449105334173,1.6426841600936937,1.6327759681201661,9.020562075079397e-17,1.0997195544973566,1.2751151905156284,2.0926148104219195
490,1.9498145144889654,-0.18088641162970653,1.022520489346344,-1.5549455749087837,1.6426841600936937,1.5276279115740594,9.020562075079397e-17,0.7609744035570302,1.4516371475622052,-1.63311994061418
491,-1.3743065783175106,-1.6979866534720813,1.0571680484965003,0.25374794863072414,1.6426841600936937,1.7868517857159587,-1.9081958235744878e-17,1.1033372463251303,1.8847292724738802,0.6308434102857481
492,1.5803378959770762,1.9437208183461474,0.2645351357849253,1.8552380126997006,1.6426841600936937,0.319964503771679,9.020562075079397e-17,0.8834694119153408,-0.03322407755086084,0.5815706487167667
493,-1.3646727072387186,-1.6979866534720813,0.7069109968237655,0.8110939773474463,-0.6492846113374895,0.7156756939398404,-3.2959746043559335e-17,-0.7929996789970993,0.023345175560807657,-0.88735640318183
494,1.5876001897433565,-0.15064136824920873,0.7608174122599655,1.8653097259322078,-0.9904988665413007,0.3260995825092541,9.020562075079397e-17,0.3578045482943101,0.9756796535733863,-0.09440011175705926
495,1.5825400078614333,0.010188491113236083,0.780921707994683,1.8403088536290853,1.6426841600936937,1.5280523205728127,9.020562075079397e-17,1.111571602730508,0.22317037639880064,1.341809950417152
496,1.5823135504756898,1.9437208183461474,0.9212661295718357,1.932364664753031,1.6426841600936937,1.2235118803019123,9.020562075079397e-17,0.12404703617304264,1.4299936684956578,1.3041612232002047
497,0.12117592945407223,0.1768459479603141,0.8291737833205809,-0.9369017218676772,1.6426841600936937,1.226637535640918,-2.7755575615628914e-17,2.3886713752426747,-1.7901519423261336,-0.22377110865114522
498,1.579780919116388,1.9437208183461474,0.6248221424775497,-1.6325733685782196,1.6426841600936937,0.31222963145383203,9.020562075079397e-17,0.5744669151523757,0.6354695747526349,0.6128549483440512
499,1.5800189680960477,0.02599657475206188,-1.4849531829888252,1.932364664753031,-0.3731652469520685,-1.0386216695209824,9.020562075079397e-17,-0.3903698255188413,-0.5140528740707502,2.1416800679856736
500,0.13164235295028043,0.04982412373799932,-1.8384885876510977,-0.5248519529635294,0.12338353408514947,-1.0045198709222085,-3.469446951953614e-17,-1.0206853398969022,-0.499937669136159,1.2867211336155184
501,0.13156031792296655,0.0823922911950309,-1.8957968783314048,-1.3308746118059833,0.1617039116687657,-1.018789184233524,-2.42861286636753e-17,-1.749035116588025,-1.6618282255169066,1.3973661509711985
502,0.13447192410273268,0.02516643839496263,-1.8957968783314048,-0.2556757155102248,-1.2763228781051663,-1.0275230541545544,-4.5102810375396984e-17,-1.7702712328416503,-0.6936912579224626,1.4053799486922558
503,0.1310165839227465,0.040536335965059955,-1.8957968783314048,-2.0640693115564965,-0.7133262115145972,-1.0176249092175893,-2.6020852139652106e-17,-2.153262657998261,-0.5310697933442748,1.3231696753246085
504,0.11929399844701546,0.07698857096962486,-1.8957968783314048,-0.9995756561524878,-0.731651285908839,-1.0096265976589158,-2.949029909160572e-17,-2.0854527553595608,-1.4178424053783905,1.2965897886258493
505,0.12711377727854833,0.05345888918449169,-1.8957968783314048,0.3229517730619684,-0.5195432881522148,-1.0158960572005376,-2.0816681711721685e-17,-1.6510726087502647,-1.396856708520193,1.3396008290767392
506,0.13658721179427144,-0.003917399362642671,-1.8957968783314048,-0.9766849822378542,-0.7371691459205708,-1.0118969858296385,-3.469446951953614e-18,-1.4866102685004947,-1.5945433468174923,2.1114649296502916
507,0.1303221059364021,0.03675111854927027,-1.8957968783314048,-0.28440397009023693,-0.3320639711558423,-1.021635620574788,-1.734723475976807e-17,-2.108584293446744,-1.4492905077956684,1.3855627842333762
508,0.12739882149928827,0.2178436963438903,-0.4416280136279861,-0.6132380091647855,-1.7212183356594501,-0.9974759195399451,3.469446951953614e-17,0.14620318323341877,0.3848960343981621,-0.8950193554383844
509,0.127134715979171,0.08126438275926842,0.15994090908331857,-0.3267983673046153,-1.4384265162667962,-0.24658209850996224,3.469446951953614e-18,0.4516356524594568,0.8366520653766331,-1.6326861168482274
510,0.14140503670668617,0.3256476591725141,0.8747437450556701,-1.2612137033032733,1.6426841600936937,1.002502039788252,-1.3877787807814457e-17,0.8718837445342743,1.505763437696138,-0.1445040196896158
511,0.12843077730979663,0.09972744235297419,0.1813129044686222,-1.0021771778774287,1.6426841600936937,-0.22884040930185193,-1.9081958235744878e-17,0.30824833210148744,-0.3522711309935964,1.3446350568628813
512,0.1264542225760423,0.0704374795474794,0.3269415155584107,-0.5992491446910506,-0.114040824791175,-0.2390002464251728,-2.2551405187698492e-17,0.015544370717540206,-0.5458763039523149,1.3269916704332372
513,0.1335930868300752,0.08212483500261081,0.25672784831535267,-0.3985489877165973,-0.8313950527945895,1.227302633050411,-1.0408340855860843e-17,-0.02241686761618297,0.7935628073972841,-0.9315508874772144
514,0.12787146098479937,0.12000635330683784,-0.3909580947158578,-0.42645310461659325,-0.21748125562436654,-1.0258610069233838,-5.377642775528102e-17,-0.02073013207261315,-0.7007256678043472,-0.11115013347113004
515,0.13230318432166246,0.04597911510047453,-0.05781207205692319,-1.0981333595891793,-1.101499330993624,-0.22926221126622956,-2.0816681711721685e-17,0.40293264294149533,0.6901262961063639,-0.17275785914026123
516,0.1244503886502611,0.17120948630490204,-0.40470729944807343,-0.3441915880911886,-0.6086580946747602,-1.0352705902564574,-1.5612511283791264e-17,-0.4296385094307207,-0.3741807961659709,-0.12515308623765747
517,0.11639368247476221,0.13936544086182862,0.09256276133637656,-0.13125615356236092,-0.4445226764624268,-0.23078095645411498,-3.469446951953614e-18,-0.5179862722051549,0.30665965182633287,-0.9553934810234669
518,0.1189666100858719,0.21173105379445228,-0.7969434575976769,-1.1025967930777416,-0.2250460230543759,-1.007885953082432,-1.214306433183765e-17,-0.7663702506198936,-0.14653304385975627,-0.8831326433702271
519,0.13415357734822814,0.13045337711121013,0.4837324503384975,-1.0540792879500354,1.6426841600936937,0.31315820496243196,-6.938893903907228e-18,0.3584771310942451,0.42231695549194714,-0.17768584291687028
520,0.13408549867532363,-0.017915640403193895,-0.33214668411758214,-0.107276174739898,-0.042906242987459674,-0.23436719969952177,0.0,-1.1732037828743487,0.05411701560057492,-0.8824428506272557
521,0.12365907497142084,0.05318687141846994,0.4146942469838333,-0.7295540333299524,-1.0154231992934228,1.225767245603564,-2.949029909160572e-17,-0.6810038630896936,-0.5090596871587734,-0.11019413793400552
522,0.1324836529147799,0.057157203959277356,0.560138518383845,-1.4431319517095598,-0.31084753408860966,0.7176896473895793,3.469446951953614e-18,-0.40665560921849564,0.30957726396457247,-0.15578093296336318
523,0.13475204172034316,0.10713492884804614,-1.2947151690226595,-0.6814410069836461,-0.06013741084167204,-1.0063305256396344,-2.0816681711721685e-17,-0.07754127856280785,-0.2164196012863974,-0.9104038256595741
524,0.11483352348359016,0.23743233374453096,0.40641935930020967,-0.5189409034596525,1.6426841600936937,-0.23989979616343005,-6.938893903907228e-18,2.5933744752877654,-1.806498629959982,-0.17540464755154694
525,1.585484506718789,0.33613813897228323,0.778612125189347,1.932364664753031,1.6426841600936937,1.5270244868006808,9.020562075079397e-17,1.366521240252351,0.3731892830390771,0.5221212983213415
526,0.12943200589034223,0.18016108726461455,-1.2306370198441836,-0.22697211278360505,-0.4123522980871956,-1.0044198009541208,-3.2959746043559335e-17,-0.09252577297847363,-0.39907687053600693,-0.11425790192222439
527,0.13267562814480874,0.11813608214405795,-0.9069875272744229,0.08669869880684396,-0.1390623513189619,-1.0083856702823226,-3.122502256758253e-17,0.8664633239150374,-0.9973151399467984,-0.18309763347360114
528,0.1279084787589136,0.20024083679087135,0.35729009038218834,-0.5169868174810732,1.6426841600936937,-0.23767325757093416,-5.724587470723463e-17,2.5526753203145183,-1.7817227210440443,-0.09328613341504233
529,0.13511379711595448,0.04965043814038235,-0.06689758192647882,-0.7602873712623723,-0.35245343127664724,-0.2397794502735337,-3.9898639947466563e-17,-0.6260718865571031,-0.24105543862486276,-0.19914891230604495
530,0.12580405346077375,0.14718605729379716,-0.3436214478081203,0.012507401611879356,-0.9202161494677394,-0.2212274585983916,-2.6020852139652106e-17,-0.31985055171065296,-0.09968236546849017,-0.18668338664379502
531,0.1401839708766105,0.08970020127600019,0.02892771731307345,-0.18910091845384217,-1.087686047061893,-0.21824814989221744,-2.42861286636753e-17,-1.1100928853010419,1.017082463676445,-0.8507420159699887
532,0.13265717915728023,0.35896057087440275,0.409274982984609,-1.183574527499436,0.3660088637388096,1.2302833555529098,-1.3877787807814457e-17,0.5853948939897275,0.7920836497140483,1.3403044070652965
533,1.5759990365204766,0.657303967695146,0.6350528315559182,1.932364664753031,-0.7744491906054446,1.226162390852432,9.020562075079397e-17,0.3777295803183668,0.9588270045801802,1.366072401956008
534,0.13720055429368924,0.1634467092499637,0.7934874382012201,-0.4160741025296295,1.6426841600936937,1.3951626195766509,-3.8163916471489756e-17,0.904531733432539,0.7303617170744604,1.3159795061528847
535,0.142403389449897,0.08155534890475138,0.32410123965239224,-0.6055236221708873,-0.6329587604174403,1.0058418834001446,-1.5612511283791264e-17,0.17611864565406626,-0.9303867602205137,1.3108535660092688
536,0.14574758910368607,0.1052774206772893,0.9596715523837869,-1.9984269453390295,1.6426841600936937,1.528181081556765,-1.214306433183765e-17,0.1088953748864607,1.5210407420968195,0.565391508920047
537,0.13409286688209976,0.12466418024889428,0.3127492044416437,-0.4401078012916582,1.6426841600936937,0.7109457317074507,-2.6020852139652106e-17,0.425303042324585,-0.8302438807577409,1.3718541913944118
538,0.13723963655427032,0.10331939526274772,0.15783476399189636,-1.169197209057352,-1.0771686041919577,0.3240241983178913,-2.0816681711721685e-17,0.11478220353243274,-0.7743405392868689,-1.6114008219609304
539,0.12659648435446605,0.078995539138853,0.7074359903224877,-0.3797108134991368,1.6426841600936937,1.00360283798879,-3.122502256758253e-17,1.1465962006141799,-0.058953605347539455,-1.586803822211819
540,0.13708068195560869,0.0936753496433569,-1.2886988547648344,-0.08065016665803822,-0.7322622502812722,-1.0234888914896625,-3.469446951953614e-18,-0.6275579675859064,-0.13915890448466328,-1.6718090533476029
541,0.1244410245574474,0.0986841573835625,-0.6869483155678187,-1.3949058573105715,-0.6671895426510362,-1.0310093473178603,-1.734723475976807e-18,-0.7182468175294557,0.03665270663548722,-0.9361032091205448
542,0.14081555054981174,0.0478627184516867,-0.5734139945693627,-0.26190430970863676,-0.1628086341983124,-1.0337389603967173,-1.214306433183765e-17,-0.8065140744495713,-1.6556957171131186,-0.1115999604568358
543,0.12757959892618134,0.11394380569418117,-0.6866493652820159,-1.0583451290490913,-0.45478921734757355,-1.0370528692558116,-3.122502256758253e-17,-0.8062741490679737,-0.28536427783006835,-0.12476609556113143
544,0.12251323507018155,0.10936657937227069,0.3380553546912392,-0.8082257593818559,-0.6136183899872801,1.0022693519301664,-2.0816681711721685e-17,-0.019976026910505713,0.7672650944895082,-0.11298852241295702
545,0.12213728513601843,0.11075162638561233,0.03147649420068788,-0.5383032102036832,-0.8634232677857848,-0.24621061061460314,-3.8163916471489756e-17,-0.9350704642037938,0.625545221741153,-1.6855447063022402
546,0.14167026624684878,0.0694539328528322,0.2569251906055132,-1.4977070604963496,-1.1662887270586537,1.3950293362357946,-2.0816681711721685e-17,-0.28084760741693116,0.8880531230264685,-0.1320078346544644
547,0.12934149285060303,0.1365075938917528,-0.6866006194612762,-0.8731345810597742,-0.042710700101777695,-1.0080676729863232,1.734723475976807e-17,-0.19219780973704545,-0.17168904935721688,-0.13839098194842192
548,0.12710965108016697,0.09966446072942603,-0.5420403352457085,-0.6327115816691731,1.6426841600936937,-1.008613992055936,-2.949029909160572e-17,0.09796806296257835,-0.539749229107106,-0.8948520013135376
549,0.12185810647794142,0.10819702634802199,-0.1308491837647127,-1.6678741340169316,-0.8254442525094935,0.31962794564347874,-2.6020852139652106e-17,-0.1280128091686745,0.5269662332572709,-0.14566125595509027
550,1.579244891380976,1.9437208183461474,0.9904180988340182,1.932364664753031,1.6426841600936937,1.395036843959732,9.020562075079397e-17,0.1172842937790213,1.4678170519926053,-0.1422344741266215
551,0.1389976942468265,1.9437208183461474,0.766010725555004,-0.0073512973562565274,-0.010168582187625261,0.712214998363793,-6.938893903907228e-18,0.041827797801381725,1.039417442850812,-0.19859315027626975
552,0.1411713688710681,0.7756366047947093,0.6239674493074028,-0.2470357163970458,-1.7076132578782492,1.2250528708243091,-2.7755575615628914e-17,-0.12836370279244044,0.5084366055066017,0.5945099497619424
553,0.12623550981267495,0.11085276845588657,0.14374333352938973,-1.1170448308370653,-0.35430888097756985,1.003730956243845,-3.642919299551295e-17,-0.6415665890416166,-0.021331924945671904,-1.6751077058722001
554,0.1409960681752722,0.07217763714789827,0.9775972803594501,-0.11061300316666624,1.6426841600936937,1.005150853028123,-1.734723475976807e-17,0.23275723663509162,1.4498195244907048,-1.6558044951247457
555,0.142995386377863,0.733179616224685,0.6685487019440502,-1.0929796941054277,-0.056432236050069313,1.3953178695199964,-3.469446951953614e-18,0.03453661269588081,0.7580532851945143,-1.6932493917253686
556,0.12995249970010475,0.022706686283897493,0.5879995579690751,-0.6060045893868009,-0.24573291076369702,1.0051395043417426,-1.9081958235744878e-17,0.5201897719145618,-0.4117373048371422,-0.13896538638545308
557,0.1320775442436851,0.12207097922888344,0.9437315116858475,-0.8151213691259074,1.6426841600936937,1.0044496523435538,-1.734723475976807e-17,1.2314036454035988,1.3851628841768877,-0.1350780697635057
558,0.14034437575974448,0.0870806342155817,0.183985310983965,-0.7312198572981071,-1.0952280289166114,1.0050736431755685,-4.5102810375396984e-17,-0.3918407012947188,0.7909766111381554,-0.9486925718080219
559,0.13257490616896606,0.10648721012670656,-1.5303887980392399,-0.7286552216872499,-0.3512236902440399,-1.005115543237567,-2.2551405187698492e-17,-0.28071585504025576,-0.9183315240116101,-0.9055280749734277
560,0.125226443891411,0.3024902561391654,-1.1888902550708123,-0.029953253316325663,-1.151908079907137,-1.011397324019546,-1.9081958235744878e-17,-0.21966715850194504,-0.9265352775638647,-0.9121281877229793
561,0.12664062536012777,0.16541471315881845,-0.45704509347790195,-1.1142293284597302,-0.12693155055712446,-1.0144919615067027,-1.0408340855860843e-17,0.5502813501873414,0.2280363687815759,-0.8546156414423215
562,0.13294692067323674,0.06731223252902055,-0.10133767802738615,-1.004180689034753,0.03065622014222637,0.3111741459573909,-4.5102810375396984e-17,-0.6603516387034005,-0.26505257025397416,-2.3456013612545825
563,0.1304827515523621,0.05964185422814337,0.16885407503504335,-0.30845942960004724,1.6426841600936937,0.714150279218065,-2.2551405187698492e-17,-0.1710930405670585,0.14439560902838225,-2.3651772090499006
564,0.12903667515758124,0.22598240175953568,0.1295501365821483,-0.7207120498200378,-0.8582410106639747,0.31844991519659693,-3.469446951953614e-17,-0.034823460795831165,0.0006374171314531167,-2.3804761088235753
565,1.5837137597526914,0.4086407515389832,-1.5094408218375448,1.932364664753031,-0.454244066692804,-1.0189488531970465,9.020562075079397e-17,-0.46790431123633475,-1.0715919168023393,-0.16029114049253648
566,0.13546558590885674,0.1619723604945861,-1.5092882339103697,-0.5253973192517659,-1.4058508589893852,-1.0204572284278972,-2.949029909160572e-17,-0.5368521897959867,-1.351865718739488,-0.9153759020673262
567,0.1377937954827991,0.06444688127198357,-0.9911732059739232,-1.723160996090997,-0.6921320434587275,-1.0260716190625099,-2.2551405187698492e-17,0.27225151976744966,-0.4579771584065168,-0.9249716837459717
568,1.586570815567257,1.9437208183461474,0.9611863164837865,1.932364664753031,1.6426841600936937,0.32013258510892934,9.020562075079397e-17,1.7216203897191729,1.6650241256292753,2.1289243876496986
569,0.13265501881197353,0.11006167824958496,0.32132068012871773,-0.757487253420745,-0.578553151559554,-0.23157704110970914,-1.9081958235744878e-17,-0.10422352784052963,0.14961528659082812,-0.8893634187174534
570,0.1220691985198416,0.14736906606579978,0.3318546909689325,-0.5094874058357487,-0.663549941908569,0.7170895487209178,6.938893903907228e-18,0.1656360385486679,-1.1114731539374731,1.3672978620123457
571,0.12993845798565998,0.1100054245942537,-0.07474148376756311,-0.8492065239244011,-0.9529493567714741,0.31795543248078506,1.214306433183765e-17,0.4011188057074877,0.2668590556802006,-0.19978505065005253
572,0.12866493242575697,0.11599971959427861,-0.18169872394615547,-0.2524855477872818,-1.200936114750228,0.31219122344540556,-6.938893903907228e-18,0.23669197515673598,0.23107352409541854,-0.8984967822211263
573,0.13046418253685507,0.06344763501249609,-0.24213249554141225,-0.42423947199334405,-0.14763310064876173,-0.23238456275123354,-4.163336342344337e-17,-0.1818667845358765,-0.1795270649440869,-0.11358127329186776
574,0.13403591077500046,0.13117699836782493,-0.997614386422353,-0.6584470665217584,-1.0953246860528276,-1.016553272119339,-6.938893903907228e-18,-0.4251977928617725,-0.5841339817070419,-0.8710553821267677
575,0.12505556508596768,0.045570389537372996,0.3024049381100555,-1.1081020800186998,1.6426841600936937,0.32297700214850206,0.0,0.24347968625227268,0.8313456957559865,-0.8420683327345985
576,0.13490366192964906,0.1167378708566287,-0.9885747657230401,-0.8717236633070286,-1.2532881515321317,-1.016928549107114,-2.7755575615628914e-17,-0.49848785661452577,-0.6738910577260426,-1.6179565330978707
577,0.12234231275404885,0.0066383321784273235,-0.9052851638450982,-1.5276375446428498,-0.33143843580545856,-1.0045429111813016,-1.9081958235744878e-17,-0.617043732348654,-1.3967782320005109,-0.1916099046112949
578,0.12912773478229686,0.28865416922359166,-1.4196157310418474,-0.4046432791803087,-0.7407161901934102,-1.021776491998627,-1.5612511283791264e-17,-1.2257465800597283,0.22016303435391407,-0.9547637856388728
579,0.1379742366262801,0.16450538480467394,-0.8505376076569517,-0.8252249376577667,0.040311076678959855,-1.0269945787807528,5.204170427930421e-18,-0.9401407415812486,0.7720762574659871,-0.8922247676789791
580,0.12457758087509417,0.06838668272833476,0.576859729782025,-1.0035289127895024,-0.523549969296548,0.3250766695511786,-2.42861286636753e-17,0.9604531595903162,-1.2836045858269183,-0.9223560954031086
581,0.13721561906817512,0.1591517897517987,0.6682917483549208,-1.1363008462180095,1.6426841600936937,-0.21925686583045376,-1.214306433183765e-17,1.4963479997087032,0.06037413802201947,-0.9405825817518962
582,0.13525359640294635,-0.0013957172520063532,-0.3462242810089711,-0.07186216446981175,-0.5682488856114848,-0.23755272181922057,-1.214306433183765e-17,0.8066813815844325,0.571630885965433,-1.6414516908274057
583,0.14153168739204453,0.08926318248349897,-0.06864445537064762,-0.24122547533963218,-1.5342984140924136,0.7079308085446535,-2.949029909160572e-17,-0.7860084306276087,0.1333292592818722,-0.13899067946518712
584,0.13433134128435192,0.05134884131998968,-0.37515473651651676,-0.17172707582580132,-0.10419074785717806,-1.0087559832447677,1.214306433183765e-17,-0.5854192304040083,-0.689543310668651,-0.1660681899478457
585,0.12367922797544648,0.11564414225578194,0.0007244617442321298,-0.5663879946438932,-0.5227529599131129,0.3101690352609455,-3.642919299551295e-17,-0.7558749559092556,0.2543945103385043,-0.9030341829390762
586,0.13554423582364297,0.08332430587227552,0.94731118982192,-0.4507776983567492,1.6426841600936937,1.2271168229285347,3.469446951953614e-18,1.1478606693557423,1.4219956705393118,-1.610697604002864
587,0.12053018180038111,0.11849691068568768,0.5985986513751606,0.06333558179018338,-0.08506682937415469,0.7131947662138619,-5.724587470723463e-17,0.3125723188762153,-0.11321418432692172,-0.18374850042908927
588,0.13092820977900962,0.06966108423847789,-0.022219859198869034,-0.36812727367831066,-0.6003230325752622,-0.2323629580002102,-1.734723475976807e-17,0.011013469646595185,-0.5358849404884126,-0.8726968888493204
589,0.13942774288311255,0.04209381943286654,0.7880962839026027,-0.4129296157351729,-0.8814118064071168,1.0033865116070593,-2.949029909160572e-17,-0.20459847424046523,0.7990422107506723,-1.5772082479561331
590,0.13419456972982335,0.096347781740145,0.12296268475448835,0.10661307822471826,-0.08183438311676423,0.7169840448669085,-4.163336342344337e-17,-0.4152305999293541,0.8136900290059292,-0.8108650613389705
591,0.12360603141698609,0.06514218506354892,0.7673413497201031,-1.1135255016598353,1.6426841600936937,1.5286873074732608,-3.122502256758253e-17,0.4759244820206002,0.21370326025398587,-0.9238452485281917
592,0.1361643468717234,0.07946310304012486,-1.2508422611002836,-0.31815987329381995,-1.1010718942999684,-1.0072876089907552,-2.2551405187698492e-17,0.2585308765314093,-0.26618956845808656,-0.12192773618973488
593,0.13882895288299027,0.11023042385939658,-1.2597442606432725,-0.501309496078513,-1.1278605336536989,-1.044166402479534,-1.3877787807814457e-17,-0.30655842388021526,-1.0133607967752463,-0.8432374307239255
594,0.12860644606246308,0.08072705267839601,-1.1730906623456894,-0.4351286364633762,-1.1923939991306485,-1.02716867075787,-3.2959746043559335e-17,-0.10154223180730114,0.16642923497764597,-0.9338870448386195
595,0.12950859590355338,0.09105543470760091,-1.0464683770861607,-0.03286903484213905,-0.2927647738718047,-1.0218841487865797,-1.734723475976807e-18,0.08078466210831438,-1.7679946447011756,0.6094726783171369
596,0.1282133918376969,0.07255467009406932,-1.5470909462327362,-0.1841805860424395,-0.5388572088914501,-1.0245786709959808,-6.938893903907228e-18,-0.36633253883548716,-1.0568960302678183,-0.9048987680887387
597,0.11383856282544023,0.3613370655983852,-1.4109600253368613,-0.5006768209064415,-0.476399181920797,-1.0180385172689,3.469446951953614e-18,-0.2930903449282063,-0.9969909166605287,-0.9039514045803214
598,0.13139381442803175,0.10927245407916314,0.19120338449505397,-0.617377145500699,-0.07704801905652774,0.7130482113296602,-2.6020852139652106e-17,1.4414055841552207,0.16219108034275834,-0.1341207761017761
599,0.12981533230114656,0.09512340792405102,0.691760901875999,0.08186409184115184,1.6426841600936937,1.0032892110037486,-2.42861286636753e-17,1.6541463160778282,0.3495186097820907,-0.13323329875072065
600,0.15059138266644767,0.10613063855728304,-0.6198406391568383,-0.774397052986378,-0.21431889079230704,-1.0347744385769058,-1.0408340855860843e-17,-0.018661902498292617,-0.45791121784687516,-0.0969397252802132
601,0.12916809169309804,0.3647129012034298,-0.8022392969342174,-0.2854083243082156,-0.6953728454241328,-1.008939818548832,-2.7755575615628914e-17,-0.5227788502463692,-0.49507683842054956,-0.12734179229359854
602,0.12509554497730618,0.13768497361786186,-0.820647994175505,-0.0032214605126203695,-0.166468524818171,-1.0113489392917727,-4.85722573273506e-17,-0.37203494457088615,-0.5077764925083741,0.6103774398203079
603,0.13297921472155105,0.1383562789470058,-0.16670487942136852,-0.34372234532202134,-0.49131572376229643,-0.21173484625597333,-1.9081958235744878e-17,-0.40440777761396485,-1.3312914615587905,0.6057739227831679
604,0.13692502403213327,0.08105822509248606,-0.9976543098492938,-0.10004388109222061,-0.3615649648400519,-1.0360633195151885,-2.949029909160572e-17,0.7066596054426761,-1.0368566419663683,-0.1891830817273567
605,0.13103147162452816,0.1053634669386125,-0.3200134457997023,-0.7889416241624428,-0.0842893301715181,-0.24034759976273826,-1.734723475976807e-17,-0.7932841062743051,0.24844182757831326,-0.8934153594209081
606,0.1348120398629046,0.12680202048274508,-1.2268504044599564,-1.5721876433026851,-0.7774911819261789,-1.0168414009594198,8.673617379884035e-18,-0.37747749205719483,-0.7876130292011384,-0.25956495575001526
607,0.12605652244137155,0.12365370367950754,-0.6570484099964546,-0.049322626023442666,-1.3477893734072508,-1.0263233560829728,-1.3877787807814457e-17,-0.4137977996057697,-0.012431892760447007,-0.118241764540106
608,0.1274525509763421,0.06238497956343765,-0.050641039898107636,-0.73150451528446,-0.23819309848692843,0.3184561749130664,-6.938893903907228e-18,-0.04290981424069132,-0.23036992540278148,-0.8652830390337678
609,0.12079841193922129,0.12757863799195937,-0.20950651289217637,-0.43020808989703213,-0.2898977430600541,0.3153401976570987,-6.938893903907228e-18,-0.11155525783190888,-0.3168370388489531,-0.16546007626555148
610,0.12349880838131472,0.1550238859284584,-0.714062749133012,-0.8659195144995004,-0.019526600290536322,-1.0237173902173438,-1.3877787807814457e-17,0.5032999485704768,-0.2769625170117364,-0.8910775922580167
611,0.11945161521743418,0.10103135556599849,0.04805713945414146,-0.02233871025355751,-0.6151969432204445,0.3141580411249531,-3.2959746043559335e-17,-0.33349037290256067,0.0011386455913528586,-0.15776825284371818
612,0.1236132715927107,0.0700023019114203,0.41543734042172625,-0.9891239824637298,-0.21957778081046017,-0.22832073378066892,3.469446951953614e-18,0.6982919806780377,0.13255718153829352,-0.15857565923877182
613,0.12462994607819712,0.2605489967190403,-0.3143863852710564,-0.6272156046043447,0.43899082573353154,-0.2281019637656442,-1.734723475976807e-17,-0.17187277916940485,0.672909406974097,-0.9407712758612373
614,0.13371955398262952,0.09546362206020097,-0.4576455676185441,-0.2861633618219115,-0.75880417077082,-1.0213429934588056,-1.9081958235744878e-17,-0.5102342206813167,-1.3453500459827012,0.6046693234737796
615,0.12662860316767396,0.0900753240223848,-0.16289006983644902,0.007184825039789501,-0.6447235039427028,-0.22783000958484648,-2.2551405187698492e-17,1.7194587401759125,-0.18136678057112315,-0.9389272573651636
616,0.1293902844992508,0.1303136108840019,-0.04219085276400729,-0.6472182077917811,-0.7945073497796791,-0.223793137721074,-1.3877787807814457e-17,1.7678916582675002,-0.10315132471890763,-0.9043836026667311
617,0.1308390456313786,0.16067655622482022,0.8864558041972619,-0.6092198358643897,1.6426841600936937,1.7880345187610507,-6.938893903907228e-18,-0.25484426702576707,1.6535131679106783,-0.14676562249725258
618,0.13160610826958494,0.22374927718961538,0.6667467039106713,-1.0561846883624815,1.6426841600936937,0.7118031328903012,-4.163336342344337e-17,0.8177909791914583,0.9061042038727494,0.5656923414878232
619,0.12324294462365797,0.12190729513333125,0.3933336146494115,-0.41697411815348934,0.1079844822444423,0.7100884792833638,-6.418476861114186e-17,0.3176561514281269,0.7801408638539834,0.6111094368460323
620,0.13309365060000014,0.08741466106599878,0.2456419611625867,-0.35388248045916243,1.6426841600936937,0.7119177280960327,-3.2959746043559335e-17,0.34195453650445534,-0.6939497846586516,-1.5828188436153239
621,0.13952750684672638,0.14334318310945784,-0.22215635654701232,-0.2685706530631285,1.6426841600936937,-0.22320142256712733,-1.3877787807814457e-17,-0.5303809704110859,-0.7393732298302597,-0.18058951381325272
622,0.12753855660282973,0.15939193620854594,0.40357970400638543,-0.374485039751646,-0.7346997066781896,0.3104692254654414,-3.122502256758253e-17,-0.6293825242947416,0.9203057252806671,-0.13251011703379392
623,0.1294868267524723,0.02634008608062898,-0.9349305540712773,-0.590533723615741,-0.30435065370106995,-1.0062228476209756,-2.0816681711721685e-17,-0.38387994247352153,-0.5376198813563414,-0.8865206783986997
624,0.145931732834892,1.9437208183461474,0.07227896656959339,-0.9466349776715797,-0.26400340168106773,0.7117037293749996,-8.673617379884035e-18,-0.6611253643258078,0.8294095441076039,-0.8511350023062848
625,0.12547639535930827,0.09972484197701922,0.5305970467769034,-0.7459475110555944,-0.27133869319021514,1.634745879785178,-1.214306433183765e-17,0.10782497796307032,0.732850293405814,-1.598090988597878
626,0.12673433527906997,0.014376871757559381,0.5519286932944126,-0.4257112934624988,-0.6420798553582965,1.0061442546524622,-2.0816681711721685e-17,0.826040230837934,-0.7470724749450706,-0.13372577075693395
627,0.12125917863300316,0.07052635285132322,-0.8275775965258383,-1.2183285129961194,-0.16417979035551641,-0.9969765129557601,-3.2959746043559335e-17,0.8160261652867088,0.58403830870296,-0.8761768635401208
628,0.12964695981160806,1.9437208183461474,-0.22894995816280628,-0.2756363004936129,-0.5546856205858167,0.31360804143974275,-3.8163916471489756e-17,-0.9508131613283545,-0.42016841661726745,-2.348658702227788
629,0.14066833538186926,0.13424927339897302,-0.13647962268252103,-0.47509126008947394,-0.14676895492565298,-0.21920198209104438,-2.7755575615628914e-17,0.867075114728076,0.16453916221215253,-1.6211370498883775
630,0.13861363879005303,0.23396199489184202,-0.3217657207808428,-0.4402492691989211,-0.6527570497005272,-0.23782694186783404,-2.6020852139652106e-17,-0.8066875126350528,0.46217053546724063,-0.12888182747487728
631,0.13378868544187594,0.07740520045801669,-0.7849926068994304,-0.7159708814863598,-0.5280495330021301,-1.0232674035503229,-2.2551405187698492e-17,-0.6279396889112198,-0.926972122901089,-1.5704697907489282
632,0.13285539508540725,0.04060332971414028,-0.911033914123505,-0.6899884149989639,-0.2559085736052906,-1.0122426516760596,-2.0816681711721685e-17,-0.9573946631038962,-0.32457012218131465,-0.9049815136034568
633,0.13885432149666913,0.14783025061015875,-1.3933975730609058,-1.6301010282453594,-0.9984218286654194,-1.008621041955208,-1.734723475976807e-18,-0.96398162689064,-0.07809657492408276,-0.8849998873875689
634,0.12343582259315607,0.1049612268948612,-1.1866922025082174,-0.19303069652521943,-0.8070013390877294,-1.017378179376058,-1.214306433183765e-17,-0.20347006149619803,0.14960880290277895,-1.6455069774765103
635,0.1290422097006032,0.11877170674434734,0.7627642813842317,-0.7108618462185508,-0.4518886099920217,1.2282307501157692,-6.765421556309548e-17,0.06615335593384457,1.1752582056635843,-0.13180176112740793
636,0.13576256208698492,0.09819247126426942,0.850591212906968,-1.6773221237510199,1.6426841600936937,1.52896876012076,-3.9898639947466563e-17,1.100585812593068,1.3922361448672766,-0.9435255479390402
637,0.13421200821275422,0.060531461247995355,0.7499831079073082,-0.31723884940968994,-0.3404772974655654,1.0010213602350626,-5.204170427930421e-18,-0.09509638914922118,1.0945925730950345,-2.3611300799168475
638,0.12170059788664248,0.021058542409161447,-1.0458755588431294,-0.4630093941125526,-0.170571470955564,-1.0051407796927345,-2.42861286636753e-17,0.07997971224381727,-1.7525977189521162,0.6080866466389727
639,0.1420903222550231,0.14661611004233335,-1.196371121403819,0.23693063931248892,-0.8220482020245024,-1.0398278630439624,-1.734723475976807e-17,-0.1670946458014732,-0.9341824618642789,-0.8981538830372848
640,0.13926997024766474,0.13811053281614427,0.4217112968270884,-0.5181714604783699,1.6426841600936937,1.2244247852706072,-3.9898639947466563e-17,1.3483681200559419,0.726804830669541,-0.17033321994077302
641,0.14308234510381931,0.08861405519738352,-0.6656379767585395,-0.39718553737403306,-1.0118125506636635,-1.0209151527006117,-3.2959746043559335e-17,-0.2152585619048397,-0.7782042466641833,-0.13728208396466118
642,0.13191961413845973,0.13917058217283504,-1.2981744966763464,-0.6763632136695161,-0.6917514247490345,-1.030958672720622,-2.42861286636753e-17,-0.6881892344056127,-0.8533134009035972,-0.15801807510204488
643,0.12707116153491768,0.13108692136345035,-0.17032450132638252,-0.931863694992208,-1.5507544830098472,-0.23267827660523652,-3.122502256758253e-17,0.9681963918807517,0.6676310317382911,-0.17122492121264837
644,0.13527350113056164,0.1342779647943584,-1.1356091165655702,-0.6240329282994146,-0.6632979554997686,-1.0028671867454577,-3.9898639947466563e-17,-0.22334427973284388,-0.1460901150081386,-0.8921995457548934
645,0.1252666956790415,0.09001099613916647,-1.0930514251035497,-0.3458765074293729,-0.451814857822851,-1.0159998007921094,-4.683753385137379e-17,0.21411984628996447,-0.4998317711146919,-1.6839650578262146
646,0.13067940435187375,0.09412323915318237,0.5160459894318468,-0.9856156221542081,-0.39633279993086906,0.32015056903846845,-3.8163916471489756e-17,-0.27467954756449564,0.9841026163038619,-0.14516058886019526
647,0.125633327105531,0.10506904723866382,-0.9123636164696034,-0.9923228848751617,-0.1634137074187754,-1.0204622414689055,-2.7755575615628914e-17,-0.7416902261016203,0.33002295238075774,-0.8770621359066684
648,0.13119285602514577,0.10639474291405869,-0.22438729300714721,-0.26085133859242166,-0.40592163955084776,-0.2399354737210688,-1.214306433183765e-17,-0.3867429720326293,-0.6885116198334538,-0.18302398951540166
649,0.13346985723446064,0.07037218225205805,0.9378808173696467,-0.5922938847836094,1.6426841600936937,1.5302662100430302,-2.42861286636753e-17,0.21031102003382163,1.2239705039656323,-0.18604829595303565
650,0.13813366012671868,0.15282996400103108,-0.4385803023528577,-1.1096851547869369,-0.07744522553159962,-0.9985056309393193,-1.9081958235744878e-17,-0.054637543501380316,-1.1509854649101312,-0.1518742910501957
651,0.13238383226465306,0.15629969317814527,-0.024680105869704056,-0.574605503244225,-0.8955817981639993,-0.23023063787676162,-1.0408340855860843e-17,0.1502692791454469,0.2521798623500697,-0.8604734059477162
652,0.14094719147263124,0.11547017513340183,-0.4720198887647133,-1.272183136115139,-0.8036690524333368,-1.0232085727427105,-1.214306433183765e-17,-0.17396258929151256,-1.1935751424760617,-0.16647619444566428
653,0.1253527032208196,0.16231862489328383,0.1329575648425488,-0.8938929335338245,1.6426841600936937,0.31318391511214755,-1.0408340855860843e-17,0.013554413214231465,0.20134297206262383,-0.8625082703186403
654,0.12773720670565175,0.2070596120528403,-0.3864855788968835,-1.027704543902892,-0.47701386624243686,-1.0186243831482111,-3.2959746043559335e-17,-0.12339093789417896,0.4892753617289049,-0.8725170148718064
655,0.1363411485399644,0.12400476875217711,-0.21816605009418308,-0.1331600654177875,-1.411445609307379,-0.21742555644011927,-1.734723475976807e-17,0.2688280808638106,0.3352338982372147,-0.8706041395537414
656,0.12408206228217616,0.032716316016806565,0.9323377386724103,-0.3147837810651172,1.6426841600936937,1.397717110725257,-1.734723475976807e-18,-0.9745419353649885,1.2488307809891,0.5427671488291848
657,0.12897754458318014,0.07574712375491423,0.19832699752138025,0.007329224836202786,0.0810347830948011,0.31086627593287336,-4.163336342344337e-17,-1.0210218163547662,-0.63220000859028,-0.19663896187014898
658,0.13423979754945434,0.033960503228449235,0.6192154107079695,-1.0355933576220366,1.6426841600936937,-0.22934365911648827,1.214306433183765e-17,-0.5027725173867829,0.31595627641106827,-0.19330790177108192
659,0.12762684654826034,0.051334096315819866,-0.820775985282691,-1.391677809200554,-1.1262135153193529,-1.0037459848598955,-1.734723475976807e-17,0.9770267298678127,-0.04272328944728854,-0.9079906231988645
660,0.1274901590802657,0.236447606856576,0.4555994235886031,-0.7849193059374876,1.6426841600936937,-0.22428297232189046,-2.0816681711721685e-17,2.5416778201472656,-1.7917254931671522,-0.1409403557760631
661,0.14538340495194121,0.12441152396219704,-0.498637312658759,-0.5460926968589601,-0.3631318687233722,-1.0147547820010603,-1.3877787807814457e-17,-0.12631613659899843,-1.018808513232735,-0.16270575888957461
662,0.13540750567115364,0.07094751368267105,-1.2972973835470862,-0.6656509357329007,-0.04827313435201096,-1.0197989145145823,-1.734723475976807e-17,-0.030860791225883456,-0.1832384108666096,-0.912301756747765
663,0.12868017417473965,0.21542190998215052,0.1270194447161055,-1.5308406656131652,-0.06939099822220472,-0.2364856968578004,-2.949029909160572e-17,1.9377570194875855,0.5985017132758561,-0.20092783578486856
664,0.1327738006369168,0.23373993622048167,0.45283541587663967,-0.5229819390934609,1.6426841600936937,-0.23663662726815426,-3.469446951953614e-17,2.5637339900839735,-1.781930831630738,-0.18469278196351366
665,0.12660685328347268,0.08637901072099018,0.45399679614349864,-1.7834794543778882,-0.36617905601888395,0.31514750571956357,-2.949029909160572e-17,-0.06673047929151395,0.5890876889904711,0.610007256044371
666,0.11082147410022831,0.07082346132455151,-0.11310912371512592,0.003676428412562824,-0.08477538969249827,0.31797583994417933,6.938893903907228e-18,-0.7572408369805694,-0.11092925900395267,0.657830108092327
667,0.1310932515702356,0.055944817325525684,-0.7966363088791791,-1.334796099858679,-0.27678750471118085,-1.0080550762255247,-5.0306980803327406e-17,-0.4390544726613209,-0.4221382654134555,-0.9299868120157666
668,0.13459585502852997,0.11855292525128798,0.2418333527144238,-0.8664759258159282,-0.8481151485678748,1.005367924973471,-2.7755575615628914e-17,0.38950988442664036,0.40501243090064265,0.5663009192798456
669,0.13973863453360907,0.14063854925727853,0.6481827611767292,-0.5934408454388832,-0.5802082226055524,0.7099430391950567,3.469446951953614e-18,0.5884747237348363,1.012452240522546,0.6163062371926964
670,0.11957608423211598,0.2295643509136951,-1.094880693515152,-0.12886748937714945,-0.7359194555314327,-1.012823890739116,-2.0816681711721685e-17,-0.1568524711686928,0.2156243523451044,-0.8745767168648048
671,0.1383239739471883,0.05050554964683754,0.6067362835539646,-0.4975974749475877,1.6426841600936937,1.2277957858796953,-3.122502256758253e-17,1.395382609854178,1.0403578153246493,1.3310360442521127
672,0.1380125777582096,0.051701980810862726,-0.27108066401439246,0.21931453167486117,-0.6905612192483943,-0.23365265987705994,-1.3877787807814457e-17,-0.7630753336979877,0.8225509950290284,-0.16672005098150888
673,0.13463189035097142,0.15585669035933478,0.44096468477701584,-0.7856082334055088,0.026641435131995607,0.708905908130028,-4.163336342344337e-17,0.608189395980325,-0.23260709159448537,-0.16643117165239832
674,0.1379535459239249,0.09497844218695828,-1.477691074004776,-0.9125740337267784,-0.4261195518744889,-1.0254414121164177,-3.122502256758253e-17,-0.6930836967515439,-0.49699988322645533,-1.6229916226714176
675,0.1328159373445185,0.06751149387513039,0.40248699815829586,-0.3636569548286536,-0.5884261850141518,0.7123056370704928,-6.938893903907228e-18,0.8279973889054881,-0.22163927382927429,-1.7174121328841299
676,0.1196014496937722,0.07902633028182851,-1.516184995749233,-0.6657294579762426,-0.38999742120106373,-1.002866448233109,-1.9081958235744878e-17,-0.5456575207662232,-0.4629486607232241,-1.5813966567152844
677,0.1343992011655114,0.06537748220519543,-0.16741047129405487,-0.08089771618725201,-0.6962575749285567,0.31572283206119556,-1.3877787807814457e-17,0.27036223716192354,0.001073634678702622,-0.881722444973128
678,0.14253662694648567,0.11679004696351229,-0.6149573712084596,-0.11042066231618293,-0.4735776900606376,-1.023281692509106,-3.8163916471489756e-17,-0.8422817904119145,-1.6569847014878578,-0.18016029638292835
679,0.13842603798956934,0.14078107220061759,-0.8501004834008381,0.009265547929635529,-0.35362746074798324,-1.0211419512138808,-2.42861286636753e-17,-0.820112674923337,-0.25141347378026324,-0.84755470411819
680,0.1292626880527801,0.055236504879656624,-0.581214609832746,-1.1397820883528322,0.4879598988053362,-1.0186244432792924,-2.2551405187698492e-17,-0.9833386307383292,0.511893181367679,-0.16055113314019162
681,0.12736435879203623,0.12558297403608748,-1.1738688185410957,-0.23070757109731818,-0.20938292608833275,-1.0222773080954082,-8.673617379884035e-18,-0.0662721252357572,-0.7452795639841276,-1.6281813357072608
682,0.1329206759988991,0.09491306129909335,0.5766341957538582,-1.322228245882401,-0.8031383058924298,1.0045300802280162,6.938893903907228e-18,-0.20065468186850574,1.1794446280045698,-0.15356740205719774
683,0.13684111325396373,0.05975948508869595,-0.7973573544072179,-1.2169381496500387,-1.1971017553693408,-1.0133560807449362,-2.949029909160572e-17,-0.24928216295042233,-0.6720139261569591,-0.8625280790668035
684,0.12866666858712225,0.07586101482660297,-0.8366041655116173,-0.4935069468671507,-0.8315296893413132,-1.0350113437940776,-1.214306433183765e-17,-0.26528836333216216,-0.6091867424543971,-0.922113409069703
685,0.1392035968316114,0.1409331759874727,-0.2256679542385973,-0.6783371843005018,-1.3910742039517596,-0.22196759366512997,-1.3877787807814457e-17,-0.010692593625422178,-0.11260153534789771,-0.8859497466997623
686,0.11796512517328964,1.8642013064166871,0.9793388458332623,-0.3580338707722378,1.6426841600936937,1.5283765429096086,-3.2959746043559335e-17,0.40099119429019814,1.5335092833267687,-1.6651414151345663
687,0.1345640105675854,0.26488671488216625,0.19205687571537586,-0.17362716545691684,-0.6972418415726714,1.2273841305248898,-2.7755575615628914e-17,-0.2853570535528439,0.7474813127471255,-0.15906362115562472
688,0.13437824831458195,0.3423528553549377,-0.03630517123737859,-0.7256945379620373,-1.559980697991349,0.3157742212540666,-3.8163916471489756e-17,-0.3396015910118813,0.5041475139902032,0.6162258869041404
689,0.1257711885817816,0.08557494622917193,0.4915978143947206,-0.11636293732478256,-1.1825016631595873,1.0022702395065943,-1.3877787807814457e-17,-0.0669466821155231,0.310513519880373,-1.6836868790363926
690,0.13002093808350265,0.11631841644424155,-0.42197161114373777,0.3334437207629185,-0.37861261190527,-1.0312543096497941,-5.377642775528102e-17,-0.4784977202591721,0.6135324723103974,-1.5873312408487539
691,0.13517186104467757,0.1235232452475465,0.6057923666654085,-1.195117768796603,-0.06574733460973553,0.7089688638844273,2.0816681711721685e-17,0.4978362083289634,1.0484074681816071,-1.7020958919229259
692,0.12597093014595737,0.07011321734501905,0.6519727617548932,-1.1320811866695546,1.6426841600936937,1.0081456179089654,-1.734723475976807e-17,0.9331749064072347,-0.7213820860219903,-0.20289660751009642
693,0.12956038052971658,0.09684725961208955,0.5416888060295275,0.06202676990281975,0.024557334509343345,1.0040146743749687,-2.0816681711721685e-17,0.5516870985112585,0.6172257209185089,0.5966123660708155
694,0.12223778620750694,0.12090521177841568,0.4137580280212376,-0.047414306262058344,-1.1040502700575532,0.31878291852670304,-6.245004513516506e-17,0.6472483510065725,-0.23609497895269158,-0.16163796327932753
695,0.1285409040172039,0.15671770799479035,-1.5106801718751095,-0.8055222931396835,0.14511191266161438,-1.043233377775272,-4.336808689942018e-17,-0.1675474403519255,-0.8865955489837142,-0.8888358529213621
696,0.14149833741169188,0.1400282187056271,-0.6965533531487006,0.05500345231434332,-0.5688454739706214,-1.010305296451595,-3.469446951953614e-17,0.338378097414008,0.26778958109471074,-1.6775482786585516
697,0.11976283683328794,0.1608385488694795,-1.191601959568045,-0.6468502960276763,0.15806506181319405,-1.005918094502723,-3.122502256758253e-17,-0.05044156493395329,-0.84811786311159,-0.8880974645669141
698,0.13082533773277918,0.07278332746630144,-0.33145700281731744,-1.4303189680153774,-0.17284186596946366,-0.22914855939642806,8.673617379884035e-18,-1.066007318720417,0.15263857841569023,-1.6027188469417832
699,0.1351815472975128,0.23775250392763225,0.02676195243430415,-0.7718094625267649,0.39101705212868354,0.3186011639576979,1.734723475976807e-18,-0.2080030255429899,-0.6059052065120583,-3.07531486335816
700,0.14222419207029674,0.0962928286663358,0.03914010303135513,-0.08747490241025876,-0.8588570339770324,0.31513439559666884,-1.0408340855860843e-17,-0.028925789649557953,-0.5402354644094001,-3.0972231578298723
701,0.13983182903030364,0.05685223757034855,-1.4267969920858854,0.06190296656924372,-0.7998343501203138,-1.0184912299289333,-5.0306980803327406e-17,-0.42766596802396567,-0.9923088553704846,-1.5921904445051358
702,0.12181527952174254,0.19700228075031637,-1.4728484205270056,-0.663080621748492,-0.7711095435327175,-1.0080643445900714,0.0,-0.39902856903678663,-0.6475828096976959,-1.6246474275366203
703,0.1367178014281089,0.10783165006918526,-1.2391550382441396,-0.7123168794042299,-0.39083730083134754,-1.0085269311758926,-2.42861286636753e-17,-0.2159052290618866,-0.9277009326342648,-0.8852001700169141
704,0.13440517841492633,0.24231884299112627,0.4422644762944314,-0.15876639566776418,-0.938084300403681,0.3100017935395188,3.469446951953614e-18,0.16130943721407062,0.7608902000637477,1.352456895310615
705,0.13144498848598007,0.10568253031519645,-1.1221207883046096,-1.3066570461335345,-0.15308003260528863,-1.0226878712337253,-2.0816681711721685e-17,-0.13972976597105982,0.4567716786356746,-0.936241401560723
706,0.12441690288683889,0.21148369420796231,0.34756500504267096,-0.42951772241923475,1.6426841600936937,1.0064575906476996,-8.673617379884035e-18,0.3655860849579775,-1.052081473794561,1.3094644132501456
707,0.1238971719425071,0.059477863510295395,0.3149640298487465,-0.510729153894993,1.6426841600936937,0.32604002005700405,-2.0816681711721685e-17,0.7968598001337888,0.544607701931146,-0.8650535379142418
708,0.13190192363375552,0.14288126328534823,-0.5353608123088779,-0.1032815908106813,-1.2546731714966408,-1.0233218137157314,-1.3877787807814457e-17,-0.40247352166998107,-0.0456453913892097,-1.5792765614109545
709,0.11149365885724728,0.10021359560629542,-1.0107091445903713,-0.5602462751217626,-0.45695394788274984,-1.0161297820040158,-4.5102810375396984e-17,-0.4305892194918846,-0.13112572414385673,-0.9465935320288116
710,0.1286073074099202,0.07683294830224503,-0.09182898403924379,-0.6898078742383598,-0.6522682239355228,-0.23587044481322247,-1.5612511283791264e-17,0.07571900825397263,-0.4680529408373407,-1.6098394130436855
711,0.13416436301353452,0.02341154757663926,-1.0641393091350948,-0.6548195789472633,-1.9042243013414393,-1.0183503149516224,-3.642919299551295e-17,-0.5986832295905069,-0.744279010947402,-0.8675155966118644
712,0.14365815618861158,0.07508424492758252,-0.8689564702624465,-1.8333954972156756,-0.6654519738399549,-1.004575362374865,-2.6020852139652106e-17,-0.47795735779413184,-0.6968394722570425,-0.9239298033486343
713,0.13480621910543014,0.06050289220968732,-0.8774448769513037,-1.4658659058633141,-0.8050021263140027,-1.0066755816908652,3.469446951953614e-18,-0.6499232279707076,-1.417023973775958,-0.17312594111433932
714,0.13545056992924365,0.1692491319972102,0.16660320494557765,-0.5877818162713269,-0.471099161591126,-0.22746749992044943,-2.949029909160572e-17,1.6639253448504394,0.7377716727586722,-0.850539972265203
715,0.1305987161755525,0.039763035596039824,-1.329869878097171,-0.6280220110130635,-1.0419799882297205,-1.0194094185208713,-3.469446951953614e-18,-0.35243128772199456,-0.5115663997263225,-0.8796715507312695
716,0.12723634057047556,0.09381607822128615,0.5939297476750931,0.09400536226342725,-0.16998933418533782,0.31195499572067603,-6.245004513516506e-17,1.0605147846119876,-1.252433065000414,-0.9043710738731994
717,0.12489067217526437,0.11726030703724835,-1.4365526095489682,-0.36976235251804446,-0.8681321198880166,-1.0099674173040023,-2.2551405187698492e-17,-0.09564967489569569,-0.21760398940009062,-1.5951412372536196
718,0.1271457618124925,0.1051239255482175,-1.4507412890752696,-0.9629794748333662,-0.666670340954087,-1.018927852182058,-4.85722573273506e-17,-0.09911898987722333,-0.8842827386680923,-1.656845073090758
719,0.1370126771742938,0.025458072179610866,0.2332558383553649,-0.507353470032062,-0.6686630259700708,0.7173506863575871,-1.0408340855860843e-17,-0.6298418206881585,-0.07639964871116776,-0.06818492053253163
720,0.13350335517424203,0.13138101595105228,-0.37563358213277065,-1.1593129258283543,1.6426841600936937,-1.0093801622777439,-8.673617379884035e-18,-0.5627205926620865,-0.6959576427012862,-0.8488489553069086
721,0.14532443889169025,0.04094549558396388,0.4506240400890108,-0.4241319830998264,-0.35529471938264046,0.31906512718999946,-1.734723475976807e-17,-0.3754058053766277,0.4773904336436337,-0.9014474630756959
722,0.12776136481627326,0.06527106115015176,0.1019264512977572,-0.3416832766509225,-0.7153264609393459,0.3254772380538635,-4.85722573273506e-17,0.3648732465892907,-0.36658671318759306,-1.6408498390534614
723,0.11973444718641993,0.10992999037608285,0.8150190494184854,-0.45112524283347016,1.6426841600936937,1.0054456307524917,-1.214306433183765e-17,0.9452480814064353,0.8367163343777628,-0.15718831963994961
724,0.13808344113666932,0.07215541633660774,-0.1141676809207231,-0.0025436068484621915,-0.32387509581865964,-0.23148636286409702,-3.469446951953614e-18,-0.2623763673355154,-0.364296394963046,-0.9107885181482546
725,0.1368678349934328,0.05421971944568798,0.7531470989171415,-0.039245615401220506,-0.5119665276448228,1.0027339244821833,-2.7755575615628914e-17,0.6976564962757137,1.0268346376308781,-1.6231781484867343
726,0.13413353186863886,0.11070385441096206,0.4563198459707046,-1.14107190698697,-0.3214161852255575,-0.24022510719282442,1.3877787807814457e-17,-0.3872527212749213,0.7568376333721447,-1.6376088370097597
727,0.1266501875681505,0.08455993152279086,0.6701237639181051,-0.3501719511924513,-0.2537822581912452,1.3976077977700618,-3.642919299551295e-17,0.1989702234009974,0.02338910660959431,-0.880451447755348
728,0.12661411263546166,0.06708810880619927,-1.2118888030653538,-0.15153299914238222,-0.3055248978981733,-1.027810699195122,-1.734723475976807e-18,-0.10467884241863726,-0.4160208016430664,-0.8876750973980349
729,0.13137931441072725,0.12615646095936225,-1.2703301053477085,-0.710193329945797,-0.8977329119739245,-1.0311852059223892,-3.122502256758253e-17,-0.24876696637256793,-0.9848722287876909,-0.8823249762783588
730,0.12671278577090497,0.12330364704195843,-1.1523676619797447,-0.6964138083344594,-0.6854379309079881,-1.0345475607092978,-3.9898639947466563e-17,0.28921239225635825,-0.28004011439128085,-1.6361683030283392
731,0.13418872884769154,0.1370714884669181,-1.197553698155575,-0.6742799429303626,-0.7827433183649057,-1.0231046773355092,3.469446951953614e-18,-0.12114745815199394,-1.0890110021181871,-0.9276001679403048
732,0.1328786813072916,0.08211920025917972,-0.6121890485513798,-0.31471899858816993,-0.6376112124041771,-1.0122875112588943,-6.071532165918825e-17,0.7763243601303775,0.7651769647212571,-1.62355738248799
733,0.12798967753225063,0.2031618826461763,-1.4833336136237112,-0.6470636943390026,-0.5603773538428783,-1.0411397669555187,-1.734723475976807e-17,-0.4063435215936549,-1.3201860076705605,-0.8876171498520109
734,0.1342116207738356,0.08971502202570021,-0.6883994475672195,-0.32328776520728914,-0.34372759936669195,-1.0452947782611142,-1.734723475976807e-17,-0.04228938248386401,-0.43914689768631504,-0.15870057952922942
735,0.13059388851438267,0.12627289857512794,-0.4465056030256625,-0.7755451790751319,0.01076267446397304,-1.018098052468632,-4.163336342344337e-17,0.17711613675260132,-0.3647027489567896,-0.1622401835421618
736,0.13682659243722603,0.14728267932231534,0.7611961917492748,-0.4695860524643579,-0.3849329144969087,1.0058138085961534,-2.949029909160572e-17,0.890283037619112,0.8959163633807031,-0.13375933785015068
737,0.12709609933214752,0.16721768084879632,-0.8682379016307074,-0.4924868576030639,-0.2388630585947228,-1.0084379966332695,-1.734723475976807e-18,-0.45703392289834943,-1.0207182575986422,-0.15302152466425364
738,0.12824787509434474,0.15272783285364225,-0.5099948044502064,-0.40647075143197836,-0.03647335033134837,-1.016393080790021,-5.0306980803327406e-17,0.03120199862196227,-0.945624701062068,-0.19644862241416508
739,0.13277506595670638,0.1448670699144119,-0.12071133637433347,-0.13142292124338634,-0.5016874869743448,0.3160054760963253,-3.8163916471489756e-17,0.013055601808101999,-0.25957065735865686,0.6222668168184496
740,0.13273885000922278,0.1368706062048179,-1.0530426109327125,-0.009003691337351344,-0.572722823522338,-1.0242224388770824,-2.7755575615628914e-17,0.4296773793948955,-0.8927349163704378,-0.17340872105589206
741,0.12899976385100792,0.1279074064485621,-1.3807291338568892,-0.5071894467736424,-1.595127125840736,-1.0226504913915961,-2.6020852139652106e-17,-0.7535555902740959,-0.34628151728608947,-0.8474337544975824
742,0.1384079679543451,0.1427459778739739,-1.137754819075359,-0.27182886274561896,-0.06683328631429315,-1.0221903433724264,-6.938893903907228e-18,0.008539469087621626,-0.6742966016802995,-0.16971950911900324
743,0.1331731619697852,0.10020550729742121,-0.22963832651757463,-0.5897781015803909,-0.27527318621551566,-0.22452891159106214,-3.8163916471489756e-17,0.393307051581206,-0.24716628120763542,-0.1562997462015605
744,0.1308518056958796,0.176399513097438,0.3100355637258368,-0.9714566515225175,-0.6684275089508388,0.3202804019203263,-3.2959746043559335e-17,0.42904547590583497,0.042033942456504415,-0.942306922543589
745,0.13831363838649113,0.05069007579880311,-0.21248785373554102,-0.6920135886631505,0.3665786993651136,0.31573661381932056,-1.3877787807814457e-17,0.10483323806089509,-0.2714886130687227,-0.18847731559387396
746,-1.3446664190908968,-1.6354744927347462,0.7609843881303964,0.7986647905604678,-0.35571882732136656,0.7186152238818228,-1.3877787807814457e-17,-0.7014422813616032,0.26587148936917604,-1.5866842566927855
747,-1.3707967560425869,-1.610956781865391,0.688497193771355,0.8133169561631698,-0.13443293958491334,-0.2242090626926007,-6.938893903907228e-18,1.053618472906429,-0.7666833040019264,-0.8912704547654212
748,-1.376600040588841,0.698969300602048,0.8451994574071251,0.4608225766538746,1.6426841600936937,1.3982333109014955,-3.122502256758253e-17,0.3066375759431909,0.20888229814767542,-0.8904540862673895
749,-1.3802603518020096,-1.6979866534720813,0.31870508813106707,0.5649346902583731,-0.3342892965537406,-0.22821028344003347,-2.0816681711721685e-17,0.6846458917959777,-0.8730695178999233,-0.11714764736786362
750,-1.3495207785506311,-0.7759486295404443,0.8937513155243278,0.028366246065433382,-1.0808266189981957,1.634232230490521,-8.673617379884035e-18,-0.37858007989977227,1.0008667844825325,-0.13502174431837166
751,-1.3685291765596963,-1.6837124725809,1.0712375586487188,0.3227916126463776,1.6426841600936937,1.2239590216388123,5.204170427930421e-18,1.4395357945403222,0.9262543541433215,0.5597400106137472
752,-1.3777730006516473,-1.6979866534720813,0.9488447656051138,0.45594180334930273,-0.05983265659216495,1.5294499995557205,-1.734723475976807e-17,-0.9183520994910892,1.030183856456462,-3.1301954299893784
753,-1.370387321964945,-0.7050892528399518,0.9118356166804074,0.6804867388604277,-1.309274910450981,0.3245028133220955,-4.85722573273506e-17,1.2360984140016904,0.9978787619483819,0.6622874470748554
754,-1.3710459518670375,-1.6979866534720813,0.3148039774137419,0.4054763570647923,0.08822105111280734,-0.23328711669073532,-2.0816681711721685e-17,1.0486839811848148,0.32345925846668483,0.5903861213939479
755,-1.3418429352870314,-1.6979866534720813,0.46362419877421884,0.5595732914666155,0.15915856449870894,-0.22424117230566087,-3.2959746043559335e-17,-0.9746080846378139,0.9933735938599219,-1.694268724296197
756,-1.3593929525621802,-1.6979866534720813,0.598647286359355,0.8169446202585781,-0.8945973927755859,-0.2375750768002355,-8.673617379884035e-18,1.0093548618302597,-0.11886101031706285,-0.09622563028948797
757,-1.3652571004041587,-1.6979866534720813,0.7567220715385351,1.1267846687161585,-0.589949632467298,0.32000933696357164,-1.3877787807814457e-17,-0.05007774500012582,0.6975942704167362,-0.08575390175444157
758,-1.3617532951313966,-1.6979866534720813,0.46110377355634,0.7326867052018703,-1.2049808938736881,0.3196580338906824,-1.5612511283791264e-17,0.09457871932369562,0.47258574186484253,-0.9178838892882388
759,-1.3789605717927347,-1.6979866534720813,-0.39545963885186414,0.557320262491703,-0.9648386252570471,-1.022032502607902,-5.204170427930421e-18,0.08183721548449638,-0.13999348491061134,-0.8576281880560576
760,-1.3582537091621432,-1.6979866534720813,0.622194377053189,0.025942974267337965,-0.9483451699898907,0.7153583650210239,-1.3877787807814457e-17,-0.08483465703182026,0.8277318460621824,-1.5900705619148283
761,-1.3538912072502252,-1.6979866534720813,0.6289383858071547,0.7982577534876379,-2.3605058836080133,-0.23437051989772864,-2.0816681711721685e-17,0.3437986477196032,0.7283081626311022,-0.11073121484095771
762,-1.38013555021154,-1.6979866534720813,0.548204671290295,0.5583660571214178,0.3022386955523287,-0.23513137657286656,-3.9898639947466563e-17,0.4799467733400845,-0.7540097609361035,-0.8860139266920684
763,-1.3589960448147278,-1.6979866534720813,-0.34625139327025817,0.4308346124508042,-1.2808059632506659,-1.0248473049142397,-2.42861286636753e-17,0.632467456491781,0.12347455719238246,-0.8558231159205122
764,-1.3557286466309926,-1.6979866534720813,-0.555943398354057,0.8912008087384385,0.005627958216441318,-1.014957590301328,-3.8163916471489756e-17,-0.19283190051184113,-1.779045029428772,-0.9039860341429559
765,-1.3801770654204109,-1.6979866534720813,-0.4956811764114342,0.7281862450562004,-0.42804750445139256,-1.011550484661918,-6.938893903907228e-18,-0.16590799727757707,-1.8150357907277654,-0.9108503139073795
766,-1.3701092934392687,-1.6979866534720813,1.056580886834545,0.39971522901512674,1.6426841600936937,1.2256490267947393,-3.469446951953614e-17,1.0261160121916757,0.24761114376871982,-0.1547061133458656
767,-1.3804103936517316,-1.5862553050783528,0.7219161755209244,0.6900822954055893,-0.7063188226549354,0.9999426167175636,-1.0408340855860843e-17,0.0009784798237950187,-0.7896507367313262,-0.1461042929275413
768,-1.384832498745869,-1.4296383243332715,-0.11820502739501225,0.8803629927138618,-0.41652389407477586,-1.0177843602678003,-2.0816681711721685e-17,0.07086900374354792,-0.017156620767587,-0.8646368818703218
769,-1.3661557555705035,-1.6979866534720813,0.4850268170171235,0.971012993887143,0.025872101626429604,-0.22385938168578395,-1.3877787807814457e-17,0.6640088256930733,0.7273402257372003,1.364908903175505
770,-1.3755213929188588,-1.6979866534720813,0.7037237833332673,0.4113328176631987,1.6426841600936937,0.7179521928647847,-2.0816681711721685e-17,0.6155063698670694,0.2883889201777501,-0.18275982099703655
771,-1.3839004243991238,-1.6979866534720813,0.5992026798828471,0.43296864700975,-0.5360828566957568,0.3252460929739632,3.469446951953614e-18,0.46489873369407375,0.9742162867477739,-0.16967556533908168
772,-1.3603591082817788,-1.6979866534720813,0.7534325731200028,0.6163684072338099,1.6426841600936937,0.7173332872179774,-6.938893903907228e-18,0.8712118457126248,0.7493681580254394,-0.13821311199544317
773,-1.3631566540992601,-1.6979866534720813,0.08120128442919135,0.5619370874741624,0.3092509936577041,-1.0231004071070204,8.673617379884035e-18,0.598191158391654,0.3820093581737954,-0.14661795717109438
774,-1.3647527979320726,-1.6979866534720813,0.8279824058247467,0.5834676838511289,1.6426841600936937,1.000541661495167,-2.0816681711721685e-17,0.4849167410957951,0.9572313686864857,0.5845868413618809
775,-1.3639998410754806,-1.1026705777353811,0.8314196129123935,0.32449435917857694,1.6426841600936937,0.7137653107072984,-1.5612511283791264e-17,0.20325308074275703,-0.38387010227059054,-0.12537186263989847
776,-1.3498940484570863,1.4707236418302934,1.0856024765240633,0.21457663612716954,1.6426841600936937,1.6335405413269004,-1.734723475976807e-17,0.4994989880557371,1.087518820993644,-0.1231879878707223
777,-1.37747262041872,-1.6979866534720813,0.41956263074167693,0.6817525688260972,1.6426841600936937,0.3131190253640157,-1.3877787807814457e-17,1.6881663429050127,0.15736619382989983,0.584415439660438
778,-1.3804493673406524,-1.6979866534720813,0.7108509563619568,0.6044045341346681,-1.2853057739395892,0.7153129473166838,-3.2959746043559335e-17,0.6203589377971755,0.041528779205326875,-0.14327936891032694
779,-1.3527941455569554,-1.6979866534720813,0.7539037613321513,0.6723688420950641,0.0014162345586702283,1.0014641323792892,-1.734723475976807e-17,0.2720558848344351,1.1102320004421002,-0.83491418847599
780,-1.3654961673606276,-1.6979866534720813,0.8216678073069363,0.4362656041016541,-0.21786185333227617,1.3967962354770287,-2.42861286636753e-17,0.49976618838768627,0.47402256325972764,-0.09772441988373345
781,-1.3672237807491554,-1.6979866534720813,0.562523022031874,0.09227304868512151,-1.1276866364208065,-0.23263615433805448,-6.418476861114186e-17,1.223735500913777,0.03917810861181689,0.602205724673578
782,-1.3688141062475112,1.9437208183461474,1.0157653277590306,0.3060800965749527,1.6426841600936937,1.225622405213825,-4.683753385137379e-17,0.9301955029830788,1.1386785175474599,-0.19213517367740307
783,1.9476081289116376,-0.9324153661590121,0.39862286535777425,0.43768305109030237,-0.24547579947937587,-0.22417223775001938,9.020562075079397e-17,0.041776421571293645,-1.0639483199593858,-0.14715229837538252
784,-1.3661930752315428,-1.2363896965357297,0.8765471045783628,0.6411052633020053,0.1654199626958781,1.3972050258212556,1.0408340855860843e-17,-0.19317526989629497,0.7832675867195888,-0.17614109558023117
785,1.951303889993207,1.9437208183461474,0.9249146954017988,-0.48302463802991485,1.6426841600936937,1.3949242310958678,9.020562075079397e-17,1.7249708444024887,1.0886074795910565,-1.6687507771576375
786,-1.370448849577023,-1.672663329277069,1.0817651164201594,0.6369527211457863,1.6426841600936937,1.008499482531402,-3.2959746043559335e-17,0.7224492062866239,1.3843163478938765,-1.6613744608439225
787,1.95018985672693,1.9437208183461474,1.0076088191257975,-0.37404869230211085,-0.8604667285235524,1.6343883214447072,9.020562075079397e-17,-0.01653376691371965,0.8035652542134574,-0.9319905324514703
788,-1.3572099329528715,-1.6979866534720813,1.0063860742638944,0.5185866651032704,1.6426841600936937,1.2293559239983467,-3.2959746043559335e-17,0.8734835854851077,0.6544817438438671,-0.17249300873251264
789,-1.3547585812785485,-1.6979866534720813,0.6476874589442467,0.13503318109742504,0.22980850521624635,-0.22141639849940398,1.0408340855860843e-17,0.9849662495189271,-0.037519453849182614,-0.08965544050219422
790,-1.3697728209150801,-1.6979866534720813,0.8560670020577203,0.46387994042478425,-0.7282242033351133,0.31933962500341656,-4.5102810375396984e-17,-0.5043927016200148,1.0170864378119477,-0.9718708572776054
791,-1.3943366801675396,-1.6979866534720813,0.9290057225593431,0.7589033951339824,-0.6260152080010061,-0.23826232044617396,-6.938893903907228e-18,-0.36925544522900644,-0.31670923908359194,-1.6059057874268488
792,-1.3681991904850888,-1.6979866534720813,0.35592423951499846,0.40373182670662766,-0.31933133031660316,-0.23032987124589513,-3.642919299551295e-17,0.09115032106443896,0.11934230902047943,-1.5929867130293156
793,-1.3477971477190003,-1.6979866534720813,0.8079344578411809,0.527682975666714,-0.6289004966338025,1.529731354595706,-2.7755575615628914e-17,0.23621232762925684,1.120950503575507,-0.14214422925105993
794,-1.3825961035191565,1.9437208183461474,0.9141627396213424,0.8952382147001956,1.6426841600936937,1.2258555885139908,-3.2959746043559335e-17,0.9919923311469995,0.842365997288392,-0.9178278328160663
795,-1.382559187713118,-0.9531122196115904,0.7476881623022861,0.7539341629922285,-0.5770795281541988,-0.2314567892003306,-1.5612511283791264e-17,-0.006607563509803089,-0.9015280007439651,-0.8879897108486349
796,-1.3745652058957145,-0.8474274398936097,0.9843460166621435,0.5635759601134894,-0.38384789567929234,0.321361300661434,-3.469446951953614e-17,1.1798092697827125,-0.9977352400617141,-0.17534213274376972
797,-1.3625888149648042,-1.6979866534720813,0.4979662873748237,0.5348039160434153,0.07766865522398321,0.31694567687653136,1.214306433183765e-17,0.15559710949817113,-0.8388686956001951,-0.9224695283708421
798,-1.376336378594048,-1.6979866534720813,0.9582057854221517,0.3299653869825738,-0.09303535322612053,1.6332754952714998,3.469446951953614e-18,0.6147914388852372,0.8171900881905116,-0.14015140382355062
799,-1.369413953772784,-1.4998652232304568,0.24471858268822957,0.2931154440286438,-0.5350910051088538,-1.0137428782392643,-3.469446951953614e-18,0.3242508864611009,0.2798615952371575,-0.2097018058132298
800,-1.354849784784696,-1.6979866534720813,0.7532549445610287,1.0278063733730782,-0.8153087380829259,1.223016443367946,-3.642919299551295e-17,-0.8502754349365456,0.569872718752943,-1.6211358095904937
801,-1.385953806305639,-1.0531465962101787,0.668845349010564,0.39155502071758186,-0.48995932582800117,0.3208137175882736,-4.163336342344337e-17,0.8018720581344788,-0.8874737518240544,-0.8357462074341504
802,-1.364639481266114,-1.0288616327295617,0.7809978409442848,0.14861271354412667,1.6426841600936937,-0.218728863177683,-1.734723475976807e-18,0.12509108160296223,0.19214698631821683,-0.9225922971515875
803,-1.3804057270782164,-1.6979866534720813,0.9377163229554379,0.8108817881562115,1.6426841600936937,1.0020992660138748,-2.0816681711721685e-17,1.1191119508118539,1.031076807737088,-0.09974410786331332
804,-1.3665443241818815,-0.9217612924020492,0.8898787858641909,-0.1265602481257047,-0.07916118824092275,0.3116141668033196,-2.42861286636753e-17,1.240262892692839,-0.9874713280974411,-0.1844183631304595
805,-1.364382244092427,-1.6878378689713605,0.526944956266668,0.7422010117231036,-0.34030041085764934,-0.2275295372681866,-2.6020852139652106e-17,-0.47703422854542044,0.5100860427244691,-1.6371732155101435
806,-1.3582802035046209,-1.6979866534720813,0.9686652643499488,0.42837994086356035,1.6426841600936937,-0.22970726327726915,1.5612511283791264e-17,1.4270839502501043,-0.12316347948975402,-0.9091730225712195
807,-1.3609031972404964,-1.6170697488495032,0.9061149644385325,0.8284418396333681,-1.4960124791417955,-0.2381238623190182,-2.0816681711721685e-17,1.2776770548485663,-0.6692329962111777,-0.8572527071472907
808,-1.3730280296561412,0.9024757129457839,0.844015162833816,0.5351786934813236,-0.23995015446603613,1.3955368574630627,-1.214306433183765e-17,-0.2548067985064073,-0.14112464357161694,-1.6475680182283632
809,-1.3731550670784765,-1.6979866534720813,0.6241027682637122,0.5828708879123264,-0.8701472737965243,0.31666095832000707,-2.949029909160572e-17,1.7694009463007552,0.5599582315700933,0.6045280274390419
810,-1.373277238254491,-1.6979866534720813,0.34822585139690426,1.1573645825687893,-0.32590906427830046,-0.23392279225762524,-4.5102810375396984e-17,-0.14941553037959104,0.3395456276230155,-0.15618694094897287
811,-1.3833782405066155,-1.6979866534720813,0.7115364971503383,0.6771041734238615,-0.6228969278160565,0.7157840056884341,-1.734723475976807e-18,-0.27917395887329954,0.24398252949010837,-0.925860427131078
812,-1.3699986464365372,-1.6979866534720813,0.9713845908840254,0.3261343465582194,1.6426841600936937,1.006044605283492,-1.5612511283791264e-17,1.422080622650503,1.0614158405012994,0.5799586274848428
813,-1.3390080352499332,-1.6979866534720813,0.8088810906606922,0.6367604757103477,-0.3405838847496402,0.3174333914591579,-1.734723475976807e-18,1.6513513076774509,0.3892538825645482,0.5903869973341749
814,1.5853393474986373,-1.6979866534720813,1.1224605968077368,1.932364664753031,1.6426841600936937,1.0058498236015796,9.020562075079397e-17,1.1098762356391694,1.411531571825679,-0.11633006555950284
815,-1.3668499910414496,-1.5429760576825713,0.8250588725192248,0.777081703094913,-1.3442999808253662,-0.23103904826033678,-8.673617379884035e-18,1.6353811311136648,-0.2468693304408056,-0.15696141474593325
816,-1.3741535059669434,-1.67211511828419,1.0435140144114998,0.5642836811704769,-1.153860226450051,1.0117394918072524,-3.122502256758253e-17,2.1791654300144683,0.9520565671789514,0.5758538456855965
817,-1.3545778806181732,-1.6979866534720813,0.7686888468608607,0.40948188902998744,-1.1605639179115779,0.711609575681482,-3.2959746043559335e-17,1.704081979073749,-0.6498003097055103,-0.2072475085296339
818,-1.3593562895119222,-1.6979866534720813,0.9156081280874615,-0.7039514326974369,1.6426841600936937,1.2291640967439645,-6.245004513516506e-17,2.0905816946123674,0.2707213532997828,-0.15313334378261226
819,-1.3762684381899803,-1.6979866534720813,1.0170574699093275,0.5082349862506412,1.6426841600936937,1.0071167362489306,-1.9081958235744878e-17,0.8606655812310264,1.5601630481895425,-0.8728681404269344
820,-1.3448034973501855,-1.6979866534720813,0.3801587517672808,0.18942646516190254,-1.115351843477506,-0.2210804906842649,-2.0816681711721685e-17,0.26418095107496603,0.5505344901223082,-0.15026529991551535
821,-1.3689236695419047,-1.6979866534720813,0.7123344296502417,0.543620424315633,-0.42348389340599285,0.3181929287360027,-1.214306433183765e-17,-0.24209390094774366,-0.43119130204799583,-0.8988952832012016
822,-1.3654825637547265,-1.6979866534720813,0.602991238182264,0.43731277137907343,-0.5296420415161979,0.3128086825883097,-3.2959746043559335e-17,0.0194424830452364,0.7186739823090261,-0.919214621478579
823,-1.3965641659022636,-1.6979866534720813,0.4423650392646904,0.4753246535185328,-0.021096472821935216,-0.22943324157135303,-5.377642775528102e-17,-0.3489980233482824,0.5091627457206909,-0.9180097327991499
824,-1.3666699327241765,-1.6979866534720813,0.24481261400798507,0.6599143543942247,-0.17354203317605219,-1.0271473227350147,1.734723475976807e-18,-0.7231091692869036,0.28869147780177695,-0.8735301410326447
825,-1.38433811654384,-1.6979866534720813,-0.527722948589095,0.6723137717110538,-0.5131100082527978,-1.015457181532107,1.214306433183765e-17,-0.17325127236874688,-1.7955149373407622,-0.8847812038306977
826,-1.3638508534185299,-1.6979866534720813,0.976120635853532,0.6466055435903078,-0.2853878467162515,1.3963813289121216,-2.949029909160572e-17,0.7761726143420414,0.25347471101946695,-0.8722741921072471
827,-1.3688773261516487,-1.6979866534720813,0.5792935086184056,0.44963239147453005,-0.5151123790620415,1.0049435669717843,-1.214306433183765e-17,0.2201920156036098,0.5849637594062806,-0.8514774380129698
828,-1.3656212381559172,-1.6979866534720813,0.8568602074425358,0.6110175898008373,0.10134394611706989,0.31433232413062595,-5.551115123125783e-17,-0.3348517947639874,1.0201147521563565,-0.8540757163295647
829,-1.36133517994557,-1.6979866534720813,0.4853742510695477,0.686807362764079,-0.006971262764668501,0.7166718223648523,-4.163336342344337e-17,0.3601681822602149,-0.4950169350816063,-0.9062874718194158
830,-1.3681269142220975,-1.6979866534720813,0.4787898535410596,0.2812394611069264,-0.17603360065971305,-0.22882368962246613,-1.214306433183765e-17,0.46318543303056897,-0.7482202591638611,-0.9467324854071354
831,-1.372638153291056,-1.6979866534720813,-0.5159262714175854,0.6500756957439816,-0.6301385777135234,-1.0287193715455512,8.673617379884035e-18,-0.15218846558571728,-1.7849152590154302,-0.8862526185160423
832,-1.3649613320855039,-1.6979866534720813,-0.536041479434059,0.8316321812209329,0.013681379202264943,-1.0246114343315176,-1.734723475976807e-18,-0.16435353196530722,-1.7845300399229105,-0.8979796545550742
833,-1.3699914016647465,-1.6979866534720813,-0.537300163928195,0.9280012314437753,-0.8898948227996059,-1.0277875395517264,-2.42861286636753e-17,-0.19404624706500817,-1.7982897738975192,-0.9231109286707148
834,-1.3593367840807284,-1.6979866534720813,-0.5393788118615493,0.8681591059173083,-0.8284900152921417,-1.0067939684966205,-1.3877787807814457e-17,-0.15470698729523183,-1.8104261080382746,-0.8774087462551292
835,-1.376739188834882,-1.6979866534720813,-0.5570355520320309,0.6298736532336525,-0.0917223446963158,-1.018267795830135,-1.734723475976807e-18,-0.19238517770713107,-1.8224024219450223,-0.8324870901463712
836,-1.3565639905286673,-1.6979866534720813,0.6407627363821385,0.3772685745035355,-1.195215395259057,0.3128194000250827,-2.949029909160572e-17,0.4037188392533318,0.44619393849347994,-0.10695015981628068
837,-1.3791623834491769,-1.6979866534720813,0.9939987451240873,0.8575033552285163,1.6426841600936937,0.7136186892141084,-6.591949208711867e-17,0.14428948882655238,1.2589636652753347,-0.1424531759217579
838,-1.3654959922441063,-1.6979866534720813,0.636525877652455,0.5150649322545032,-0.2133633190558247,1.225521864756573,-1.734723475976807e-17,0.05283213375164745,-0.7503356976621753,-0.1582202835704781
839,-1.3734835770304856,-1.6979866534720813,0.975097240771377,0.5060370693480198,1.6426841600936937,0.9985634542920453,-5.204170427930421e-18,0.9968590815990965,1.1673205963963418,-0.1735198253780716
840,-1.374236465488426,-1.59238027848511,0.8061223514117426,0.9479386058189299,-0.08022009987142562,0.3162299322734563,-2.949029909160572e-17,1.1395286987162165,1.0213873336883772,1.3528368967435669
841,-1.353259868841331,-1.6979866534720813,0.21803096230004043,0.661026767923509,-0.42778691922442685,-1.0176821148387523,8.673617379884035e-18,0.7591333650373976,0.7546588239751404,-0.17308336229825558
842,-1.3621181673354035,-1.6979866534720813,0.9769062989359392,0.39298665508331915,-0.6954752437173675,1.3978051379761196,-2.949029909160572e-17,0.736675266921435,1.186717735665926,0.6749721329533966
843,-1.3695797588184868,-1.4777413784761668,0.4988115006090968,1.1145407031509431,-0.6780467146076635,-0.22583102719612616,-4.683753385137379e-17,0.6801326223078298,0.3066884287896417,-0.8869831140856183
844,-1.3646097942218611,-1.6979866534720813,0.8536757663884261,0.15119617948766054,-1.708071433118082,1.0031260150544876,-1.3877787807814457e-17,0.7710431081310339,0.9675029463099003,-0.15019632429787463
845,-1.3841775145278241,-1.6979866534720813,-0.14413902612586088,0.3531828241586674,-0.5247534340740485,-1.004638830169474,-1.9081958235744878e-17,-0.5702506855325734,-0.2330656107426122,-0.1256092477169958
846,-1.3817553609505533,-1.6979866534720813,0.35512079168790167,0.45953923140595027,-0.7502024433747533,0.710889308558382,-6.938893903907228e-18,0.23336186749930132,0.5916218080475524,-0.16404926756986618
847,-1.3593403491918437,-1.3574976919917037,0.5318132109440437,0.5860498927958622,-1.0652450119563353,0.7172285984981841,-3.2959746043559335e-17,-0.3955910254257366,0.4175355282057597,-0.9313715155300992
848,-1.373573150203418,-1.2423623106746862,0.7901614063200656,0.7455850896473729,0.05404322885878324,1.0030476629904317,-2.0816681711721685e-17,-0.42247300007961824,0.5647212861516152,-0.21495627774072046
849,-1.3576347213296394,-0.5827301312462594,0.8091410911014667,0.5880216762989868,1.6426841600936937,0.3167280880956066,5.204170427930421e-18,1.0588845806499825,0.7889297904354846,-0.2115969234148304
850,-1.3690942513105349,-1.16979124465066,0.38539690149500044,0.9181304456388787,-0.7014436519112083,-0.2187853067377538,-1.9081958235744878e-17,0.4071917881822757,0.2875203382197553,-0.17653106820297007
851,-1.3725438196778958,-1.6979866534720813,0.6074644040469965,0.2683027272492887,-0.3453579575412186,-0.24408986295626064,-2.42861286636753e-17,0.8418622030097943,0.8690698292250169,-0.15111798694335216
852,-1.357503894905165,1.6663098066617623,0.5949493412979142,0.31789223922243764,-0.39652686451432545,-0.24002557621053933,-3.122502256758253e-17,0.44455967001808994,-1.4286548468360658,-0.1696580416535381
853,-1.366459199957315,0.5453654947471192,0.6435115019856651,0.33917368085401267,-0.23650577384669447,-0.23909535925972622,5.204170427930421e-18,0.5659662809486297,-1.4023419450064987,-0.17742592711748054
854,-1.361975424937558,1.9437208183461474,0.695279377309811,0.7224495245227741,-1.060082152285133,0.7122617278336497,-2.7755575615628914e-17,-0.6282648607677562,0.37699363818827936,-0.8562802667224256
855,-1.3742977479510958,-1.5848453663682864,0.6156996658284298,0.3543763382231219,0.3054141102107086,0.31720012921528346,-4.5102810375396984e-17,1.2842468299919665,-0.09019902044701564,0.5382498772486378
856,-1.364992736157706,-1.6979866534720813,0.6791810023901598,0.562518978357717,-0.9379255141452539,0.7169498069504087,-3.9898639947466563e-17,1.5041363160115637,-0.3943403120036615,0.6792055915250025
857,-1.369585750384032,-1.6979866534720813,0.3262242439735373,0.6390710995486281,-0.3276537756890577,-0.231647091484274,-3.9898639947466563e-17,0.0785584489215688,-0.26929005897119285,-0.17693455356960672
858,-1.3498938765463462,-1.6979866534720813,1.023544684529487,0.17441513397693176,1.6426841600936937,1.528871912989116,-1.734723475976807e-17,-0.07431805896067507,1.3026390302285207,-0.8751041346453544
859,-1.3571984837247382,-1.6979866534720813,0.8419934954284709,0.24588276691445904,-0.14026023689488676,1.2242810622802485,-3.8163916471489756e-17,1.2465243145067244,1.049504844113176,-0.8849991170459313
860,-1.3858346039768066,-1.6979866534720813,0.8311887623904943,0.49766918278809064,1.6426841600936937,1.2270770101253898,-4.163336342344337e-17,0.4201177145784556,0.4263371837080487,-0.16727136663311157
861,-1.3696744911843979,-1.3989485451492516,0.8238151275551373,0.46952581243633895,1.6426841600936937,0.32107984877742324,-4.163336342344337e-17,1.304346193340377,0.9698157316373038,-0.1488855589394015
862,-1.3571673011114496,0.8284941082030364,0.9869407434641462,0.6346350555556552,1.6426841600936937,1.52687629695783,-1.5612511283791264e-17,1.5406467031088091,1.3048757964306756,-0.13289279775114746
863,-1.3646136120389427,-1.6979866534720813,0.8502879537304145,0.6491722080820188,1.6426841600936937,1.5267565338674616,-1.9081958235744878e-17,1.9079315968146968,-0.7670374770544932,-0.14829405036031013
864,-1.3687383996391178,-1.6979866534720813,0.9106212943881482,0.33941902288471426,-0.6849931274042153,1.5258602408705157,-1.214306433183765e-17,1.6262172638074652,0.12104629821185105,-0.18225919198777846
865,-1.3568839630604836,-1.6979866534720813,0.6994661504413171,0.8354401536214359,-0.31632929698665657,-0.2326404633706354,0.0,0.4969112088805992,1.057126481340368,-0.19511564618604385
866,-1.3441133109313061,1.9437208183461474,1.2397612321549891,0.4124150834397987,1.6426841600936937,1.2283226688458129,-2.949029909160572e-17,1.5322509943975227,1.5402021549218468,-0.8685277744431362
867,1.5807601793603103,1.9437208183461474,1.0422211227462297,1.932364664753031,1.6426841600936937,1.3969776634159832,9.020562075079397e-17,1.8557653207731089,1.4908824042854667,0.626803339617459
868,-1.3737464567166855,-1.0827287597350843,1.100275026027382,0.3990136133083279,1.6426841600936937,0.3160610735771598,-1.734723475976807e-18,1.7313902768469716,1.4094151214151227,-1.600840405803775
869,-1.3766763752346185,-1.2207659532156987,0.9890985348812216,0.5431103757342712,1.6426841600936937,0.7147911782683561,-2.6020852139652106e-17,-0.12181323041745051,1.3453461477263051,-0.8986634553654039
870,-1.3684217676276877,-1.2957182371349245,0.9949340020225718,0.6275475187814652,1.6426841600936937,1.2269436813740062,-3.122502256758253e-17,0.3431578006634842,1.2846834429819074,-1.6524416791816805
871,-1.391872243366153,-1.6979866534720813,0.8665779463113962,0.7026492242571034,-0.14090221167906578,1.2240977112737574,-3.642919299551295e-17,0.22099458321140533,0.20154021554912233,-0.1344055797539411
872,-1.3746735459784436,-1.307478513346187,0.8288871142843369,0.6439949975523027,-0.1788567115298398,0.7166069267878279,-1.9081958235744878e-17,1.1559955165006226,0.9787594910348395,-0.2032864796060759
873,-1.3625768834961856,-1.6979866534720813,0.7219146578541752,0.4399286929977363,-0.7002779148711213,-0.23629512159722865,-8.673617379884035e-18,0.5669976823913806,0.49484287002608845,-0.14096903881175865
874,-1.3694972157868006,-1.6979866534720813,0.8494966297004705,0.4392610695660729,-0.11381866188470471,-0.21808593895744874,0.0,-0.04808314625388888,0.8110234622006839,-0.8850715724694412
875,-1.3834854330246416,-1.6979866534720813,0.9124317884200744,0.3211146124857061,-0.8811634420661759,0.3160742571209652,1.214306433183765e-17,1.04112595017875,0.757971327937477,-1.6416925113627283
876,-1.369903402189736,1.9437208183461474,0.8674677183518462,0.46429205311854566,1.6426841600936937,1.5279463845426837,-2.6020852139652106e-17,0.5499351272873072,0.8825559934256042,-0.8517699687374348
877,-1.3849273367688966,-0.7478973014615956,1.0160019967826104,0.6359785602846181,1.6426841600936937,1.0024948015151822,-4.5102810375396984e-17,0.8756569034915027,1.3221767778498157,-0.9225074497577234
878,-1.3734944344178466,-1.5264117028663322,0.7622950393968041,0.4702950223816898,-0.4280222137346775,0.716420649316479,-2.949029909160572e-17,0.47821910098090814,0.73665360440422,-0.9028840391183124
879,-1.3953419445430362,-1.6979866534720813,1.0399376056476561,0.6705163509387729,1.6426841600936937,1.2285857525130368,-4.163336342344337e-17,0.6268841950992745,1.3753743613618472,-0.1702567273968232
880,-1.405836275661669,-1.5279112611356298,0.9814998970113491,0.6984639102846992,1.6426841600936937,1.0068167840387106,8.673617379884035e-18,0.8627661255868104,1.0216443710451988,-0.1393177751651631
881,-1.374054668318165,1.9437208183461474,0.7482946219372705,0.7497881275915117,-0.4894391612900575,0.7105790081170446,-1.734723475976807e-17,0.08282589477804052,0.9018184702128229,-1.5712587576504782
882,-1.37672053652739,-1.0014514181099594,1.054671555901248,0.6187039445399547,1.6426841600936937,1.6323141348205592,-1.214306433183765e-17,0.8689764269148708,1.5139639326397365,-0.16881195094684395
883,-1.3719020760423644,-1.6979866534720813,0.4029323308538066,0.843726339709871,-0.8712738365216484,0.3139139004659873,-2.6020852139652106e-17,-0.8345835796910297,0.24254528009570678,-1.604297200087795
884,-1.3669994956711475,-1.6979866534720813,0.8261133207409457,0.4516499130261911,-0.5294450778867551,-0.23147439036591122,-1.734723475976807e-17,0.5726259333349875,0.9289250845707582,-0.9326566343248829
885,-1.3697937678192544,-1.6138184627851537,0.5961878608349378,0.04478399332279306,-1.161479239307649,0.7102942645095603,-5.898059818321144e-17,-0.5391977685226547,-1.1951747080243929,-0.9485140855102261
886,-1.376886468309755,-1.6979866534720813,0.6495254232790626,0.515166918456859,-0.1644498873067931,0.7117376558824587,-8.673617379884035e-18,-0.4894071445718111,-0.3368659686931627,-0.9125223741701871
887,-1.3686927381987906,-1.6979866534720813,0.6162320606953162,0.396770485300317,-0.8902934043945787,0.3174401095705814,-2.949029909160572e-17,0.4424103624968148,0.8552465760495478,-0.2046965596179786
888,-1.3550702654660858,-1.6979866534720813,0.4210454662225908,0.19148187620154944,-0.6329047903108811,-0.2357287847196204,-3.8163916471489756e-17,0.7504386324551717,-0.2838587992569771,-0.8782826251964385
889,-1.3662878585923195,-1.5358855856744138,0.8768222435928343,0.9161512870493632,-0.07808687329631628,0.30871274811391586,-2.949029909160572e-17,-0.10022658909829686,1.002857540629788,-0.9021509001243957
890,-1.3734751887076662,-1.6979866534720813,0.5782224966407183,0.9536562140102001,-0.43125989327040365,0.3198851243189946,-2.2551405187698492e-17,-0.5630137223773448,0.7663840868508386,-1.6503391182669085
891,-1.3295300858830488,-1.6979866534720813,0.4750090762694973,0.7500707719245041,-0.6760880224294238,0.3222010928309786,-3.8163916471489756e-17,0.007447627873980864,0.4893150165125598,-0.9632398601504745
892,-1.3568699238406219,-1.6979866534720813,0.7780809867501232,0.249867350362795,0.08109473900473742,0.7088828341845873,-1.214306433183765e-17,0.5980292405140595,-0.17073871748834826,0.5456663119081657
893,1.9470662636811613,1.9437208183461474,1.141443451078285,-0.8826896966986076,1.6426841600936937,1.3944718214276435,9.020562075079397e-17,1.0646706077437784,1.2343540229178176,-1.5964153865051367
894,-1.3685825023658884,-1.5755190285827265,0.7205754662128732,0.7355619010960734,-0.19945774712818068,1.2246159551701297,-1.9081958235744878e-17,-0.6347746653660415,0.2708146484544521,-0.8558094012724097
895,-1.3600567503164243,0.0877659535726175,0.6963290039266771,0.35125424467132077,-1.1873380375931641,0.7059285917693948,-2.42861286636753e-17,0.011051615924019646,0.5782976386945545,-1.6377119570476375
896,-1.3623848634041387,-1.6979866534720813,-0.5482172692236361,0.28327295170221817,-0.39109367107866705,-1.020842311003305,-1.734723475976807e-18,-0.09890433057407969,-1.0298641218983693,-0.9538254387099997
897,-1.3745317774279568,-1.6979866534720813,-0.46157114095841023,0.08190440925594135,-0.37126924677577483,-1.0241737770692927,-4.5102810375396984e-17,0.05633002593578528,-0.9652078609119891,-0.9113900919181266
898,-1.3768547241680902,-1.6979866534720813,0.7938161872169914,0.5573535847904327,-0.4114958638242412,1.3961304092544893,-1.9081958235744878e-17,0.879625733617581,0.7889928624279197,-0.9284828313475254
899,-1.3801877911609302,-1.6979866534720813,0.6183063025842113,0.34162852271884436,-0.25905775314750296,0.3028629344931265,-5.0306980803327406e-17,1.536558681187882,0.7010598209840474,-0.22138141538617767
900,-1.3607533964436864,-1.6979866534720813,0.3144752227236786,0.6704373285810361,-0.08315349270893224,0.3160295094058511,-8.673617379884035e-18,0.905648048913394,-0.7769697500687941,-0.18081909352529785
901,-1.3615108553451896,-1.6979866534720813,0.632080606940341,0.5141683118951933,-0.6983631639759966,0.7159854506485951,-4.163336342344337e-17,-0.2125649414576291,0.4279091194231417,0.6157265471549677
902,-1.3698856468159635,-1.6248357256680626,0.6212858547237392,0.6050465966674876,-0.6294412134845017,-0.23364776968858833,-1.214306433183765e-17,0.18868915615580517,0.9916682802263624,-0.14882698594089777
903,-1.3581971398139074,-1.6979866534720813,1.0248642028948811,0.2600916074645902,1.6426841600936937,1.3964403364151463,-2.0816681711721685e-17,-0.546475399864421,1.1472758782335806,-2.3394406380935884
904,-1.362997544637774,-1.6979866534720813,0.7719211778485268,0.673878589868178,-0.006162261977354167,0.7137102150657781,-2.7755575615628914e-17,-0.341058260576899,0.9159331198460453,-3.076664506470193
905,-1.385241489691557,-1.6979866534720813,0.9352497051161428,0.923584539360082,1.6426841600936937,1.007942797596976,2.0816681711721685e-17,1.7996596103669968,1.1169669240700006,0.6780383961221508
906,-1.3833073969020726,-0.8600029477604427,0.971886359226437,0.4903525379001638,-0.6487581142663511,1.006327958172784,-4.683753385137379e-17,1.4426828894005177,0.8099436156882222,0.6149058245377655
907,-1.3669285264726965,-1.6664424180651494,0.34471572380860965,-0.33993269547115695,-0.47261304320396774,-0.23052405086425073,-2.2551405187698492e-17,0.8775749791242007,-0.2963618385072275,0.5574697429275195
908,-1.3508317085433401,-1.6979866534720813,0.6921096283708238,0.5736565547122366,-0.8449720310664296,0.7181233996078483,-2.2551405187698492e-17,-0.44335337354987925,-1.1705190443929185,-0.8826870446063368
909,-1.3812254693324957,-1.6979866534720813,0.8328285796793582,0.6693789861653542,-0.28837928699582865,1.2268584505786395,8.673617379884035e-18,1.8217515796968622,-0.5684718809993626,-0.15977051393684585
910,-1.3670676437423435,-1.6979866534720813,0.666761948324817,0.5086682941667522,0.31478873932025975,0.7169457730342543,-4.683753385137379e-17,1.2619267924349222,-0.05167797148844089,-0.1198286668703249
911,-1.3673941852553966,-1.6979866534720813,0.5426920416366662,0.6226308245266404,0.127932132413113,0.7095110058953966,-1.3877787807814457e-17,-0.14467318279368113,-0.4095175340655947,-0.17312111521558388
912,-1.3613098402421835,-1.6979866534720813,0.029746142286458135,0.40774992626773565,-1.1960734629448726,-1.0174196697812394,-1.0408340855860843e-17,-0.5211059578895203,-0.4832691775383204,-0.16403341350272618
913,-1.3472915490697515,-1.6979866534720813,0.9064498062770917,0.7842603242197254,-1.0975562095947187,0.7133898417860777,-2.6020852139652106e-17,0.34890813476969207,0.6725170958228718,-0.8895128537078691
914,-1.3722023845180866,-1.6979866534720813,0.9468818029331442,0.3695496428764869,1.6426841600936937,0.31150645573943486,5.204170427930421e-18,0.0833349970759401,0.8070937470344711,-0.9382519550436038
915,-1.3558893780882064,-1.6979866534720813,-0.4577115010591263,0.610087033145013,-0.1176713756444032,-1.0113200686874353,-2.0816681711721685e-17,-0.03564785164913767,-1.0093420539610307,-0.8277528943377267
916,-1.3622686448298502,-1.6979866534720813,0.5498007997370538,0.5204704672169155,-0.19952706791729063,0.7166904607526734,-3.9898639947466563e-17,0.1288500378475182,0.47574929696268253,-0.9054646270070503
917,-1.384085554445049,-1.6979866534720813,0.6008929484618275,0.34661258379350934,-1.0524607055188726,0.3148675044664662,-1.734723475976807e-17,0.004176328012096719,0.6177596667213558,-0.19640228538257776
918,-1.3640249651989613,-1.6979866534720813,0.3256184356711454,0.6803414055709514,-0.2461329693803678,-0.23323477587901978,-6.938893903907228e-18,-0.28011403319233846,0.44687337792384035,-0.9075897544975425
919,-1.3587931566903684,-1.6979866534720813,0.8457026584054179,0.49986605704306936,-0.46911346634864115,1.0087265074368197,-1.9081958235744878e-17,1.3703779799899345,0.2743442229765637,-0.14107359805055247
920,-1.3658763833182965,-1.6979866534720813,0.6176879498263327,0.8000080302350401,1.6426841600936937,0.7129466492466509,-1.734723475976807e-17,0.4268159596114467,-0.46785977188816646,-0.917284241958314
921,-1.3750200008701174,-1.6979866534720813,-0.43208047512957776,0.4375092182420817,-0.6413750164779003,-1.0236040579073502,-2.0816681711721685e-17,0.034077102134857734,-0.8436690655859665,-0.8842192505194868
922,-1.3509580271034245,-1.6979866534720813,-0.5217644490785421,0.0183866500143433,-0.12186623586281103,-1.0155648788449088,-4.683753385137379e-17,-0.1969453282134989,-1.7984266011934062,-0.8639065291126552
923,-1.3678414264799232,-1.6979866534720813,-0.5503353619754043,0.8245819319476418,-0.8696528871735815,-0.9988126108022477,-8.673617379884035e-18,-0.16194992400704775,-1.7736593544058532,-0.876482806090542
924,-1.3686509814949503,-1.6979866534720813,-0.5316475971201371,0.6206710618467655,-0.781354529308043,-1.0040446442054392,5.204170427930421e-18,-0.17997222479816485,-1.7839885558544502,-0.8849365617943361
925,-1.3622677842424178,-1.6979866534720813,0.5630199529925456,0.4569460713150772,-1.0962205063036086,0.32802630263935445,-1.5612511283791264e-17,0.5733259556988649,-0.0022373699984930525,-0.12280011639928604
926,-1.3423517724859186,-1.6979866534720813,0.5203925412326406,0.3627771850117652,-0.8774775377555017,0.7108085074787833,-4.683753385137379e-17,0.5876291127573975,0.4674787524912694,-0.19453976159953862
927,-1.360062400621151,-1.5088334137631434,0.8710909813256228,0.9030602785855818,-0.7759020825135912,0.31390740224174224,6.938893903907228e-18,-0.07211512344799591,1.077291328878337,-0.8555464382023543
928,-1.3654920712086283,-0.5538481745445529,0.7708431366496842,0.3369322645684255,-0.9486068115499369,0.3203982392244747,-2.6020852139652106e-17,1.0023450219603611,0.9228244082101524,-0.9373277758382872
929,-1.3593501799299612,-1.5943666806552872,0.08054166540924074,0.3129200346755305,-0.6744274236665108,-1.0379284049385373,-2.0816681711721685e-17,0.4846727247575966,0.16948480049956907,-0.8556279923804676
930,-1.3766217464523287,-1.6979866534720813,0.8609257285488837,0.6946878551903088,-0.3856726050051494,0.7163225211555302,-4.336808689942018e-17,1.1206069372345944,0.6742156318464324,0.589593100884563
931,-1.3653382702852705,-1.6979866534720813,-0.0821724917532012,0.33635898829973554,-0.005228454080586051,-1.0320776239076321,-1.0408340855860843e-17,-0.6049491762399917,-0.772652833829579,-0.15882199653577517
932,-1.3739409424164697,-1.6979866534720813,0.17260540189465376,0.8295075119069297,-1.050674470395002,-0.9940039076618825,-1.0408340855860843e-17,-0.38926851706884297,0.00941087861984755,-0.16188063636299801
933,-1.3696762167625125,-1.6979866534720813,0.8232538756011244,0.46741321159284993,-0.3735691445997966,1.3951080179335507,-2.6020852139652106e-17,0.1844837541294167,0.30759703682098705,-0.11900354032117934
934,-1.369521643529954,-1.6979866534720813,0.6041835345762089,0.5786613144695755,-1.1329168871597286,0.7143763888717027,-3.642919299551295e-17,1.3352186101473127,0.10566272904116931,-0.17643509298898874
935,-1.3848338473698154,-1.6979866534720813,0.0073203276657053985,0.6776970714536195,-0.3435832882044919,-1.0259096475677725,-2.0816681711721685e-17,0.36221210861938896,-0.1748459151019781,-0.16972347324169382
936,-1.3728446258934741,-1.6979866534720813,0.10146716249258053,0.601134871462776,-0.7208647104272801,-1.0197970638944531,-4.85722573273506e-17,-0.41551736283388446,-0.42870443394267044,-0.12172147582088753
937,-1.369662987393131,-1.6912280123083383,0.7833416484996397,0.6440844140603493,-0.8786481057852502,0.3233479873284669,-5.724587470723463e-17,0.5502430629084847,0.8087487269980259,-0.12149683286553178
938,-1.3894536459413744,-1.4896184537627264,0.8312206037822691,0.3101200965647172,0.3325130236159467,1.3972622178257748,-2.949029909160572e-17,0.2838144193277721,0.8901369326103082,-0.9084805550199624
939,-1.3650761243310903,-1.6979866534720813,0.5541088450011841,0.64318992471043,-0.22472622984698426,1.0071415233750836,-2.6020852139652106e-17,0.01928561279649158,-0.47948248002122484,-0.14109480746629222
940,-1.3509519506612493,1.1250189581184131,0.36818417665233866,0.690668011224795,-0.3144417176416952,-0.2327532350750127,-1.734723475976807e-17,-0.32154500354937643,0.6937807156233433,-0.8640516244554108
941,-1.3344162789454361,-1.4603048701213734,0.8749473112876335,0.6058553787492984,1.6426841600936937,0.3190670469567176,-2.949029909160572e-17,1.7812556092513374,-0.11529936611925498,0.5764863508612672
942,-1.3663762113941802,-1.6979866534720813,0.7342914953663344,0.7968388161967961,-0.9592155897816382,0.3170323056402412,-3.122502256758253e-17,1.8226332001830459,0.3432256749774854,0.5921721545921443
943,-1.355777156860021,-1.6979866534720813,0.7352679142479367,0.4716663859422875,-0.6462074834951297,0.712284736993032,-2.6020852139652106e-17,0.36591912616742184,0.21219422333144652,-0.17835126424383907
944,-1.3585937427174672,-1.6979866534720813,0.9024746778519919,0.568844357484788,1.6426841600936937,1.5297627404296688,-2.42861286636753e-17,1.6309454173439082,1.1686318198444265,-0.17123192878551738
945,-1.3616935736426243,-1.6979866534720813,1.0270596257469191,0.6200788916838952,-0.0017266020172153685,1.3945249426977588,-3.2959746043559335e-17,0.9001741121255418,0.5889730899081437,-0.9498602854458754
946,-1.3779275324587967,-1.6979866534720813,0.9937035172738314,0.7158954575202005,-0.4377505945672559,1.3988898380296384,-1.734723475976807e-17,0.8967289862388859,1.1237842709126276,-0.16056931035388514
947,-1.3648839138866253,-1.6979866534720813,0.5801507757369837,0.37719282632196005,-0.7689461698744642,0.31845251248196627,-1.0408340855860843e-17,0.8139919940693245,0.995839380494132,-0.17158604101310873
948,-1.3642745345749434,1.9437208183461474,0.7525200424230202,0.5889065165866411,-0.14356716597844607,1.0072199421537071,-4.5102810375396984e-17,0.46620487942394356,0.7359500105318688,-0.10614365435457587
949,-1.3612950332947196,-1.6979866534720813,0.26774496963965566,-0.1545619841094429,-0.597644824106385,-1.0349811456649296,5.204170427930421e-18,0.002592089084762176,-1.0727670240838967,-0.9049555872947159
950,-1.3369663610004328,-1.6979866534720813,0.8029213823387501,0.2523426992686152,-0.28705100357290964,1.5300336450347332,-8.673617379884035e-18,0.26095609653317026,0.3261086241949835,-0.10098085037192074
951,-1.3634845576392909,-1.6605392152019276,0.3999422791756092,0.689684815118953,-0.21273735938121333,-0.2330698809601328,-3.8163916471489756e-17,-0.4913254148633079,0.6073419430639183,-0.8818156224601126
952,1.948493954820533,1.9437208183461474,0.9425770750032327,-0.0781743269359097,-1.2171946156747544,1.3975274859883735,9.020562075079397e-17,1.1230546321684627,0.6518412006885468,-1.6154491716898134
953,1.9490176593327027,1.9437208183461474,1.0331368698547767,-1.7856750445362706,1.6426841600936937,1.224647239905225,9.020562075079397e-17,1.1721216366300131,1.320687041299705,-1.658536772626784
954,1.9498873632991367,0.1045672376321737,0.3909504170718304,-0.44266715598426604,0.07676817993876885,-0.23536029964370764,9.020562075079397e-17,-0.03151268545324079,0.6070009480640355,-0.8961294306405457
955,-1.364213599189247,1.9437208183461474,0.9833419697891114,0.6007961109033774,1.6426841600936937,1.7180839678342366,-1.734723475976807e-17,-0.10173270162683237,0.8189348935202988,-1.655440969692198
956,-1.383271994343747,-1.6979866534720813,1.0450465086676863,0.8178125178827398,1.6426841600936937,1.3953798373687802,-2.42861286636753e-17,1.0037708924452806,1.543443878133218,-0.1364183180673929
957,-1.358493067830884,-1.612172023555738,0.7812459174562663,0.8168424861972727,-0.26102869473926216,-0.23951360033063462,-3.2959746043559335e-17,1.5605013018290077,-0.3170089356002573,-0.06990300244283115
958,-1.3759514829461665,-1.6979866534720813,0.2700328609341824,0.7304600269442159,-0.5603249228861982,-1.034111012575917,-3.8163916471489756e-17,-0.4593801370117759,0.3703470102178211,-0.8708910178329028
959,-1.3746294814222313,-1.6979866534720813,-0.24209624271439123,0.3015295293451889,1.6426841600936937,-1.0100349034768172,-6.245004513516506e-17,-0.39863086928808944,-0.3119209722697315,-1.636748045493658
960,-1.3712477962571625,-1.6979866534720813,0.6160567171866331,0.23198088457532415,-0.9306639787105865,0.3160768585100264,0.0,0.3185809319895113,0.24353194601021055,-1.602389546667948
961,-1.3767115102565555,-1.600349044451197,0.7120355402233672,0.694167974691731,0.08490781033299283,-0.21835808129529485,0.0,0.5902352669116728,0.5509319677242326,-1.6496016998623695
962,-1.3769561486344961,-1.6979866534720813,1.0356458559468253,0.8179701226807634,1.6426841600936937,1.2277150554090788,3.469446951953614e-18,0.7124369107367298,1.4058945333235375,-0.11599421132356155
963,-1.3633485634713167,1.9437208183461474,0.7389297563952311,0.5623460672726944,-0.8077337680250164,1.0081873637741388,-2.7755575615628914e-17,0.625362251129392,0.599546618825585,-0.920825387318202
964,-1.3680404653416394,-1.5364517797896993,0.7950612880614694,0.7053838054219789,-0.008021742087453947,1.0076813234909032,-2.42861286636753e-17,0.7360562943922363,0.5937610235977576,-0.8774835843010611
965,-1.3670209278105787,-0.875390027924687,0.6971433464781354,0.24974696286890297,-0.22994632706541687,-0.23024747014711958,-2.7755575615628914e-17,-0.2443212294752141,-0.9843005071240954,-0.9332762978844112
966,-1.3738957527570659,-1.3640213262854852,0.5590781769960435,0.5252931080480167,-0.12463673793527187,0.3258693881980923,-8.673617379884035e-18,-0.3087191556014074,-0.2615255676231404,-1.608270377822175
967,-1.3639629134367093,-1.6979866534720813,0.9226296602314171,0.5549508893508592,-0.6110489119279621,1.0035704638973588,-3.9898639947466563e-17,-0.9477352352815825,1.0318420123471272,-1.6680596321210222
968,-1.3569605048132534,-1.6979866534720813,0.9156962031534129,0.5506564188656969,-0.043911956414398386,1.6336728293153548,-3.9898639947466563e-17,0.04049317210766622,1.0549274445589836,-0.9201018757329902
969,-1.3695328240648266,-1.6979866534720813,0.5637336536743172,0.32922984344572853,-0.3834142975964256,0.3154626504731881,-2.2551405187698492e-17,0.17529287680665206,0.7092184549460243,-0.9318789595724993
970,-1.3537279211753057,-1.6979866534720813,0.8438431398389763,0.4626561003132862,-1.2824609710270127,1.0011253126228146,-3.8163916471489756e-17,0.3519604558399092,-0.41150468138185536,-0.891225432658834
971,-1.3843692195385253,-1.6979866534720813,-0.3573117031084093,0.6750251127680424,-0.6823444390666591,-1.0094792379618907,-3.469446951953614e-18,0.035066468129532104,-0.30676977800206146,-0.1375705574621281
972,-1.3729319250852554,-1.6979866534720813,-0.11860644271704139,0.11973233346666247,-0.3664287896214343,-1.0232672389601114,-1.734723475976807e-18,0.3816262971709957,-0.49380449416802674,-0.9483128481230491
973,-1.3623655859395611,-1.6979866534720813,1.1506552378420527,0.9400915753007059,1.6426841600936937,1.2252876577517702,-1.5612511283791264e-17,-0.3947909199098872,1.245145025568733,-0.9014959632517934
974,-1.351928209985057,-1.6979866534720813,0.8172390040315732,1.015316537868785,1.6426841600936937,0.3130079391763882,-1.5612511283791264e-17,0.9387520586939282,-0.8336780630865483,-0.8950914351040562
975,-1.3757057736949858,0.05999756368733542,0.41901173369912903,0.2800211157143598,-0.46619456106983903,0.3175348387828463,-1.734723475976807e-17,-0.28714197321776763,-0.015071969399900393,-0.8705996284627112
976,-1.381866666962388,-1.2197936235579303,0.503079224840797,0.47122674590011887,-0.4757944409725314,0.7143818275662028,-2.0816681711721685e-17,-0.3371865567995992,0.1521961163984673,-0.1566649916582076
977,-1.3805535091585757,-1.6979866534720813,1.019851081470865,0.7550584323267042,-0.5512443612039738,1.000587346880481,-8.673617379884035e-18,0.40122940123724393,0.7417133041036639,-0.9052547907825295
978,-1.3721959283132694,-0.8440392293427444,0.05564764792403424,0.650445759259657,-0.749655863205183,-1.0245327289393578,-2.0816681711721685e-17,0.05276294090345437,0.2256076183004112,-0.14151794703073484
979,-1.3703630440815935,1.9437208183461474,0.7783488655493135,0.34528868457398376,-0.5843479634197973,0.709542906389867,-1.3877787807814457e-17,0.45435436313354144,0.8507755510466785,-0.16125605374134694
980,-1.363541938733475,1.9437208183461474,0.7835798450610403,0.4465525388020658,-0.5676817689043896,0.313089430282671,-2.949029909160572e-17,1.1293510652720946,0.30628526566733216,-0.19105351966911752
981,-1.3608877426147865,-1.6979866534720813,0.6650946547831731,0.14371624204355854,-0.16768082033483525,0.7147006470203988,-1.9081958235744878e-17,0.9702458268203031,0.9469400181472504,-0.17578083773735753
982,-1.378868804415579,-0.876937255565428,0.36958328999717516,0.1319418627663749,-0.6614472055782745,-0.23566031888767378,-2.42861286636753e-17,0.8440659509770195,-0.5794472968813486,-0.8541647754900092
983,-1.360089194610382,-1.444407286288547,0.8324078461704294,0.632881272640469,-1.57271172826112,1.0047610781101624,-3.2959746043559335e-17,0.6969393891020909,0.7152318353369572,-0.8813062595797337
984,-1.3696069416696772,1.7651441297505799,0.8670291627493626,0.7722879580255548,-1.0946477490408235,1.0038362631176287,-2.949029909160572e-17,0.4986557851488077,0.8914572975269797,-0.8829985370267037
985,-1.3590959494938095,-1.6979866534720813,0.5751545202443289,0.2761153259629968,-0.06603140992436905,0.7135419279830643,-1.214306433183765e-17,1.0782280789563732,-1.0739511627048481,-0.9125469542118748
986,-1.3651912030495095,1.9437208183461474,0.7631184071746627,0.8010412557088707,-0.08668110602134188,0.7096559842590054,-2.7755575615628914e-17,0.7707484650039874,-1.2217812145785634,-0.05685429827456204
987,-1.3627805526365955,-1.6979866534720813,0.7229159164894847,0.7363055895326279,-0.5092808450539709,-0.24030614235935654,-1.0408340855860843e-17,-0.8420091747452565,0.5515794221681218,-1.5925521466630386
988,-1.343992264693272,-1.6979866534720813,0.8093284943970006,0.622707813862436,-1.3179052162947449,1.2248911699853573,-1.5612511283791264e-17,-0.7740200987817978,0.8926646022341466,-0.9210279015635152
989,-1.3526233967277403,-1.0038136103296464,0.5378634229202223,0.4996646136968198,0.054969495858566385,0.31031023817820697,1.734723475976807e-18,0.5146578933392538,-0.29639424904617706,-0.8301298815485487
990,-1.3706951338957396,-1.6979866534720813,0.6440407687392212,0.10051369329361212,-1.008378279185748,-0.22688903603795435,-3.122502256758253e-17,0.1578097971998957,0.7056812619446642,-0.9057644760649454
991,-1.3674676263436225,-1.6979866534720813,0.7905773490529603,0.6168346086340417,-0.4705607589831055,-0.23566897471180304,-7.112366251504909e-17,0.0649986770495649,0.9855983714110539,-0.12294629809000494
992,-1.3707282740806117,-1.1505692385564408,0.818012026915256,0.7738709282166771,-1.1135753538215782,0.7090204382258941,1.734723475976807e-17,1.1922172517139955,0.916604412267278,-0.14829099936862936
993,-1.3673858784181308,-1.6979866534720813,0.22871644573199648,0.7815655294795777,-0.42161361024112387,-1.0223214620706493,-5.0306980803327406e-17,0.013562877136201554,0.2978698244737371,0.5715641101718957
994,-1.3612385851373092,-1.6979866534720813,0.6824047314012839,0.9530597305475375,1.6426841600936937,0.32234484113369305,-2.949029909160572e-17,-0.016845833953578363,0.3103706138814593,0.5832417981184763
995,-1.3682367027661726,-1.329636426152594,-0.20629563044976948,0.40369481982488215,-0.4599027074618445,-1.024073534791532,-2.6020852139652106e-17,-0.09166441421561355,0.2525712170828484,-0.9261731001193715
996,-1.3541814940735903,-1.3850951903083686,0.16808082749441933,0.44942385105458565,-1.3094313110108535,-1.0012792579619663,-2.949029909160572e-17,-0.23306139718577848,-0.4119917077919479,-0.11800821970029995
997,-1.3756959560874207,-1.6979866534720813,0.6685340914482093,0.25710274850162496,1.6426841600936937,0.7105822131760211,-1.214306433183765e-17,0.6268809342295282,0.7357959858048483,-0.18161562995817215
998,-1.3945615893844048,1.9437208183461474,0.836655408774362,0.5864376389754933,-0.7354612659238812,0.7205798169679617,-1.734723475976807e-18,0.19727471231016447,0.8836210955355217,-0.8658728211858558
999,-1.3798875325294382,1.9437208183461474,0.8488296423063382,0.5818649956710447,1.6426841600936937,1.0030006014527992,-1.9081958235744878e-17,1.7760256407709896,-0.887856582697333,0.5905501513497652
1000,-1.3774009531799318,1.9437208183461474,0.911073821286383,1.2265350566372373,-1.407658176075034,0.7168546533109202,-7.806255641895632e-17,1.1851066774300012,0.5620776005567747,-0.15923245607851336
1001,-1.3424780443355648,-1.6979866534720813,1.102097662909668,0.5110066726785418,1.6426841600936937,1.395789389685746,-1.5612511283791264e-17,0.41755438999232475,1.1947346501024623,0.5469370343872354
1002,-1.3666819703528883,-1.6455243975078215,0.9497120836980923,0.33239822863070734,-0.25337573362936655,0.31730476539981506,-2.6020852139652106e-17,0.8017677011534561,0.30561548605576894,-0.1756840684383318
1003,-1.3612013139935875,-0.7733677810541777,1.0841968609756383,0.453896767800129,1.6426841600936937,1.529420630650205,-1.0408340855860843e-17,1.8452973835786408,1.4853171386525355,0.6238808214328876
1004,-1.3668734690777318,-1.6979866534720813,0.4433617180786263,0.5207235058025984,0.095001465792228,0.7116796546216632,-3.469446951953614e-18,-0.4739476937653458,-0.8984056996028511,-0.1082690867479616
1005,-1.3522452186876563,-1.6979866534720813,0.7838936819318717,0.32261139645455256,-0.1902473119598233,0.7149782153883222,-6.938893903907228e-18,-0.4246983263772588,0.7200965485981774,-0.8890238038196981
1006,-1.3782770072135644,-1.6979866534720813,0.659222447658262,0.507191598539775,-0.6330975180471409,0.31681567252495185,-6.938893903907228e-18,-0.1263211712251585,0.8793078272421109,-0.11301449525239957
1007,-1.3706288708271224,1.751227456403484,0.6495890482219828,0.13691484383170507,-0.4604833002626834,1.228529209628112,-1.734723475976807e-17,-0.37812321943660493,0.25192801898451295,-0.910602337452961
1008,-1.3861411802088048,-1.5519583160840464,0.3431513902048935,1.1782318276127015,-0.5574731638515008,-0.23058494344709965,3.469446951953614e-18,0.08537727460970068,0.3483732800834086,-0.8413858350967179
1009,-1.3684675610363355,1.9437208183461474,0.9030233710515977,0.9563172044242502,-0.4885210212233387,1.632412028364689,-2.7755575615628914e-17,0.4326238850782945,1.0873740558978844,0.6326653280776009
1010,-1.3643020977652778,-0.5522868378925393,0.44037178316317704,0.9393204687377714,-0.47406125591153897,-0.24138329612857706,-2.42861286636753e-17,0.45803113055266936,0.3414342555261411,-0.15972833650418197
1011,-1.4009845657174704,-1.6979866534720813,0.22203675706690298,0.6570694951243297,-1.247127726646821,-1.0122030543984897,-2.42861286636753e-17,-0.48312434564499557,0.173402856092228,-0.11806506268658958
1012,-1.3800390032666063,1.9437208183461474,-0.020323192459339678,0.5982487558049443,-0.1916677973284476,-1.0297217181673133,-5.204170427930421e-18,-0.17139735142518997,0.1254961915660338,-0.874475993648582
1013,-1.357167990560651,-1.6579697192034055,0.8250967672694056,0.7708100829601449,-0.8248429629031736,1.0034968815196925,-2.0816681711721685e-17,-0.5151657200149752,0.4016283458378801,-1.6137264991513354
1014,-1.3626156614762135,-1.6979866534720813,0.9581358595799758,0.3861164246214484,1.6426841600936937,1.226311504995722,-3.9898639947466563e-17,-0.034559767144717556,-0.9300720972305521,-2.357667669203043
1015,-1.369063258770836,-1.4762856640875939,0.6014147923765574,0.8491135623521276,-0.4767225867490847,0.31774743669260735,-3.8163916471489756e-17,-0.0532337965993896,-0.21877887135718393,-0.20109977485003924
1016,-1.3761732544574428,1.9437208183461474,0.7772574334814136,0.844436181690696,-0.07914224919873222,1.0045776147355823,-6.938893903907228e-18,0.44872784975525587,-0.7037357925640884,-0.13521356039035157
1017,-1.3753939934927777,1.9437208183461474,0.9959867623653441,0.21682115560497786,1.6426841600936937,1.5284300357650886,-6.938893903907228e-18,-0.05987184906508564,1.3496396229144052,-0.1068794208398223
1018,-1.3915464240304818,1.9437208183461474,0.28130072555910407,1.0588238687471894,0.07426195931276743,-1.0216554056972045,-2.42861286636753e-17,-0.07290821392237451,0.2375302140507319,-1.5862128906632922
1019,-1.3661692146867805,-1.3872276726257187,0.2571125517106702,0.4865963443015849,0.17637039106595986,-1.0197940288667215,-2.42861286636753e-17,-0.1412542827298614,0.7318656823025809,-1.6226139071075645
1020,-1.3432464105319029,-1.6979866534720813,0.03645331899382847,0.9557048897088762,-0.039605383001294105,-1.028292052349931,-2.42861286636753e-17,-0.7475014471758783,-0.5989277099786995,-0.9009439769656791
1021,-1.3555727097632615,-1.6979866534720813,0.4842713728241416,0.7209071658184226,0.1075267175127702,-0.23703292811058016,-5.377642775528102e-17,-0.40149115409848374,-0.37532830082397184,-0.15696878307233805
1022,-1.3657826063480156,-1.6979866534720813,0.5735031473591831,0.5893883124693458,-0.7482023666281015,-0.22060436748422033,1.0408340855860843e-17,-0.27237260526071316,-1.153111529252871,-0.15576997784562957
1023,-1.3758130194765699,-1.6979866534720813,0.2500239767426512,0.24489788257498,0.17803717801217792,-1.031335494570043,-1.9081958235744878e-17,-0.5074195885820655,0.6164135581680623,-0.1888555043319037
1024,-1.3519469234096082,0.013601994680122123,0.11671338419739037,0.5982151872945919,-0.7999544360506248,-1.0148035200212082,1.3877787807814457e-17,0.5205324600887725,0.5227256223298932,-0.8064656437020271
1025,-1.3561135797869184,-1.383020652737741,0.5304478412153943,0.45777130267513216,-0.8079370203043481,-0.22612053687545997,-3.2959746043559335e-17,0.44267899570950514,0.1621120133948679,-0.8523213723728027
1026,-1.370955979995688,-1.6979866534720813,0.7320199807225108,0.25957128745964747,0.10981774025141444,0.7169758721792442,-3.8163916471489756e-17,0.3438979498859475,-1.440005096992233,0.5778890074073297
1027,-1.3936113990357448,1.9437208183461474,-0.036918037173167904,0.7154822976652039,-1.1075659064412466,-1.015272428696106,0.0,-0.14665719439517452,0.017046031605294713,-0.9127159178073408
1028,-1.3590064058336861,-1.6979866534720813,0.8446429692317075,0.5273971214427501,-0.21337998465560126,1.004898729501178,-6.938893903907228e-18,-0.21389064617870765,0.6603591840590087,-0.216620022366182
1029,-1.3633693566929668,-1.3195653817454662,0.19385640171863996,0.5136211597236406,-0.7913500137564652,-1.0311444523459736,-1.734723475976807e-17,-0.6049345641541453,-0.17860311933295514,-0.8640520228163823
1030,-1.3572931859072284,1.9437208183461474,0.8073857948366218,0.601539867072324,-0.16483905979711924,1.3951528441072294,-1.3877787807814457e-17,0.6146887055733516,0.5923766671729572,-0.8805329278370453
1031,-1.358511139411992,1.9437208183461474,0.3257990429247062,0.41357825949217397,-2.849761743944876,-0.21812340042451467,-1.734723475976807e-18,0.2803974871416431,-0.9051652477194937,-0.8571557349480422
1032,-1.3729816915253676,-1.6979866534720813,0.4009700527892819,0.4635093365440618,1.6426841600936937,-0.23239747503021674,-1.3877787807814457e-17,0.23403116791181094,0.0017992072202123028,0.5747622766901437
1033,-1.3626398415734577,-1.6979866534720813,0.7381964022223533,0.7774563645596609,-0.02523529660842036,-0.23059572925313745,8.673617379884035e-18,-0.0664964036965647,-0.4737940843015142,0.5653870688601699
1034,-1.3329597394419206,-1.6979866534720813,0.9123511148410627,0.6117882951616398,0.021104161734313096,1.3960042646002777,0.0,-0.03405156819367424,1.076578390723467,-0.14740012262667906
1035,-1.3550585595001052,-1.6979866534720813,0.7083000305194277,0.5848489653857801,-0.03326869366617584,0.3181060444468188,-4.5102810375396984e-17,0.251268019994235,0.0910467155736473,-0.8963328262038881
1036,-1.3681958524971538,1.9437208183461474,0.8210928868973956,0.38428190559119085,-0.07020439562175265,0.7120509522457302,-2.42861286636753e-17,1.2030984886881064,0.7954965315769652,-0.21049960011366495
1037,-1.3730232500162904,-1.6632553359770044,0.6797156276814164,0.732540973379621,-1.0543016867962252,1.0033147163103442,6.938893903907228e-18,0.8110362533477173,-1.0147074760948462,0.6402432025471527
1038,-1.3794018850560952,-1.6979866534720813,0.6069566236951778,0.3203205234865559,-0.469732274217136,-0.23938374161402065,5.204170427930421e-18,0.2557003324198795,0.9414532116429416,-0.15527994375620047
1039,-1.367935157193247,-1.6979866534720813,0.5888485279800528,0.7188979527178865,-0.15866570868514204,0.7110432193964652,-4.163336342344337e-17,0.21390874500929136,0.7974754816458617,-0.17296244955794204
1040,-1.3496196055134222,1.9437208183461474,0.8202969732339906,0.7667101624265639,-0.8857127629281076,1.5301532969749712,-1.214306433183765e-17,1.623558098709903,0.48279335850771443,-0.14431834183423106
1041,-1.3562142672925441,1.9437208183461474,0.9363080577554717,0.5773520338340058,1.6426841600936937,0.718664350837215,-2.949029909160572e-17,1.0675214677218419,1.1150586911465075,-1.6126953348280517
1042,-1.358788361311014,0.7517239808450334,0.776779199273965,0.9299254190704876,-0.8088145480796546,0.3152281849101876,-3.122502256758253e-17,-0.2487149955747469,0.39178262606813385,-1.6529077081847068
1043,-1.3664032711914835,-1.1429663483962256,1.1092688833273137,0.6669563518258473,1.6426841600936937,1.717285068314228,-1.214306433183765e-17,1.436967267193445,1.5338458419034071,-0.9060709003744921
1044,-1.3699086091239485,-1.6979866534720813,1.0870061257666375,0.7708112902822204,1.6426841600936937,0.7131878604244413,-8.673617379884035e-18,-0.24871325699241692,1.3971285438943617,-0.8907439507473821
1045,1.5810152608017078,-1.6979866534720813,0.9556826725346935,1.932364664753031,1.6426841600936937,-0.2233933113464561,9.020562075079397e-17,1.771653759139132,0.0872482952033033,1.3380138965624564
1046,-1.358810383621608,-1.5183160847000885,0.4457955786752302,0.6534263514061743,1.6426841600936937,-0.23142518171047907,-1.9081958235744878e-17,0.6980835315819913,0.6650825147199642,-0.9325012665059335
1047,-1.387937781708494,-0.40286210834069397,0.6073984563018207,0.46487223719064436,-0.421861058636601,0.7124759069871466,-1.0408340855860843e-17,0.19862557510419904,0.4660427435504019,-0.8860996401596568
1048,-1.3726383333308498,-1.6979866534720813,0.6441706074996749,-0.11472755197643823,-0.9356197506209408,1.0084933457943104,1.0408340855860843e-17,0.21345437788253968,-0.2778842563308099,0.61357445234013
1049,-1.344024215752869,-1.6979866534720813,0.8065019745276206,0.6533409431129835,1.6426841600936937,1.0078292546307555,-1.734723475976807e-18,0.5485408230453431,-0.08308824353630297,0.6143582458553912
1050,-1.4038634029499621,-1.2555326629353085,0.9182898661924401,0.6615830501994611,-0.9519514611651447,1.396583958937687,3.469446951953614e-18,0.7160808140886181,0.9319327541656817,-0.8574563951890488
1051,-1.3822119485806788,-1.004045985487995,0.8843883227749209,0.7977228263923486,1.6426841600936937,1.0031468316327163,-3.122502256758253e-17,0.5022316765379052,1.0260249492042006,-0.8737948259970836
1052,-1.3570722630063112,-1.4362724837671563,0.8623080789473537,0.8548550255475353,-0.7336055079461742,1.2269156400284487,-1.9081958235744878e-17,0.683154784794842,1.0985241759892515,-0.8569122882659908
1053,-1.3543810812384374,1.9437208183461474,0.862861505694848,0.7627561558481789,1.6426841600936937,1.0026647851920594,-1.734723475976807e-18,0.8150183677017264,-0.4453422028079278,-0.1427238699608279
1054,-1.3710624372296292,-1.6979866534720813,1.0934270159519757,0.9689021599199221,1.6426841600936937,1.2212225243521055,0.0,-0.1505450726973993,1.4023067680396584,1.361391319186441
1055,-1.3698899005083807,-1.4599147291174626,0.25044823958341617,0.6792935559385967,-1.911315004483801,-1.037270944331801,-3.469446951953614e-18,-0.14411673921170723,0.28101633866577036,-0.8740981393637156
1056,-1.361658394309628,1.9437208183461474,0.6725278862335613,0.5122270987012294,0.10767775046969925,1.0065781147309807,-5.377642775528102e-17,0.7161401807448735,0.4491298585436364,-0.1500961003542447
1057,-1.3590015877289465,-1.5214277192198598,0.8227048367893322,0.6881531239702119,-0.8560265138254607,-0.2316167406301086,-2.6020852139652106e-17,0.37118670307534035,-0.0010586633113479624,-0.10740265108242436
1058,-1.3740279059310638,1.9437208183461474,1.0038817278956196,0.646733946479854,-0.6513837154103728,1.3957421747007965,-2.6020852139652106e-17,1.485196991632076,0.6901000466088762,-0.1451486338494562
1059,-1.366766480514165,-1.6979866534720813,0.13771260972901278,0.4666929922661117,-0.5109244451926118,-1.0207205362755425,-3.642919299551295e-17,-0.6409876279907555,-0.07336824871214008,-0.1762900438028534
1060,-1.3575106605513187,1.9437208183461474,0.7541249305512792,0.5900456437530446,-0.8313399793173695,0.7142708298333688,-3.2959746043559335e-17,0.028620279436149598,0.4735216806111173,-0.8706407319191558
1061,-1.3582037187994862,-1.6979866534720813,0.13153265666350372,0.8072771511989675,-1.4945502506605641,-1.0208554724931234,-2.949029909160572e-17,-0.3691478293966884,-0.17941463295947213,-0.8882551770365003
1062,-1.3573401656418325,-1.0262106119133885,0.8956720407360592,0.6444368271469414,0.05306399233469271,1.005654409633974,-1.9081958235744878e-17,0.8295054339428836,0.792653784137122,-0.16887869246356113
1063,-1.368577557304283,1.9437208183461474,1.0182272118434215,0.6908589578677492,1.6426841600936937,1.6335249163646721,-2.6020852139652106e-17,0.6026016235967998,1.4605563645483355,-1.6624468789115514
1064,-1.372622755728685,-0.43805027131026936,0.796788684116691,0.4080888745086178,-0.29897625414037804,1.2265047562325038,-1.3877787807814457e-17,0.7118433649449929,0.14990340535485075,-0.8847467273832964
1065,-1.376772953829048,-1.0510504843939366,0.15395837230808002,0.8162076649137855,-0.7491491474514552,-1.023271911424042,-2.949029909160572e-17,-0.16956839646820196,0.07904775857232359,-0.1253981740060007
1066,-1.3801431891022435,-1.6979866534720813,0.6733306673044644,0.9988900731222685,1.6426841600936937,0.3167754263570045,-2.949029909160572e-17,1.5321206651190242,0.16260312783525513,-0.8611742788083856
1067,-1.3752241046714124,-1.6979866534720813,0.5706030822272724,0.7254136896260142,-0.6100498047889811,-0.2293597290430692,-1.734723475976807e-17,0.5376594376368001,0.6814382220819132,-0.8841864347835239
1068,-1.3883275454456567,1.9437208183461474,0.7555155411767,0.08961511942832769,-0.5213891947099087,1.2276828842565217,-1.214306433183765e-17,-0.46944500154681423,0.9445779835688467,-0.9185667307104765
1069,-1.3475538812621257,1.9437208183461474,0.8125563595008797,0.4272156675340493,1.6426841600936937,1.2227236949008884,-8.673617379884035e-18,1.382423428247674,0.4727030049370567,-0.8949110887017564
1070,-1.369792307750873,-1.6979866534720813,0.982471363567822,0.0334316455077623,1.6426841600936937,0.7120798481083623,3.469446951953614e-18,0.2888709869895387,1.2915302251529515,-0.9792720355652196
1071,-1.3618430348466015,-1.2705032974801622,0.11074103486410732,0.5476792268631889,0.08224085798564618,-1.0196809349575908,-3.469446951953614e-17,0.0724228725744766,0.174890174448739,-0.9140263779927602
1072,-1.3781992601049449,-1.6979866534720813,0.09164893597022229,0.858330179762651,-0.5462936416774499,-0.9980399365448942,-8.673617379884035e-18,-0.4627760284998737,0.19821136506722628,-0.11556038084003264
1073,-1.3501366778862718,0.5152231346345337,1.0542611064108633,0.837012057771772,1.6426841600936937,1.0050600039268147,-4.336808689942018e-17,1.1612158664077772,1.2967524799607386,-0.1363271739555198
1074,-1.3560986205449588,-1.6979866534720813,-0.09414940387025322,0.5198059796810501,-0.1480988701255637,-0.9996273280407331,-1.734723475976807e-17,-0.8121954616735042,-0.5521526625729304,-0.09616975746609846
1075,-1.3889886825308475,-1.441746810372447,0.09356922802379752,-0.16414896611164714,-0.35356971646327706,-1.0133976579622168,-3.122502256758253e-17,-0.10824890907038706,0.015535907053402607,-0.17018812909247877
1076,-1.3556592067399234,-1.5003818345428819,0.38918061477514626,0.08436164281872756,-1.6348065199926178,-0.23169043784412624,-3.122502256758253e-17,0.2902729797282823,-0.28029655090543637,-0.8748114963440984
1077,-1.3501387504479114,1.9437208183461474,1.0347537120638124,0.513634748415483,1.6426841600936937,1.2256686217390813,-3.122502256758253e-17,2.3470464933677215,1.6632057139139582,-0.11547946387061048
1078,-1.3716134754228475,1.9437208183461474,0.9927925423210624,0.6735983486172114,1.6426841600936937,1.3943475130010543,-1.9081958235744878e-17,1.3471776717892507,1.5613610464706458,0.5962561369892146
1079,-1.3672221694011526,1.9437208183461474,0.616536685315342,0.4125514188883918,-0.43813634079805674,0.32031185378341964,-2.2551405187698492e-17,0.5592596913120522,0.7070849293734482,-0.9943213561044577
1080,-1.378790523808926,-1.2075762939402261,1.0910786008294087,0.9877194070114745,1.6426841600936937,1.2274946263217996,-3.469446951953614e-17,1.1741950965066232,1.2708334040176532,0.6236053684515471
1081,-1.3741222502522341,-1.6979866534720813,0.5261870205929614,0.6657496941903536,-1.3032495181115578,1.0089224073687257,-3.469446951953614e-18,-0.49827297718025615,-0.9154841486474005,-0.14149436020425118
1082,-1.3603075153865403,-1.6979866534720813,0.7096334845168788,0.5134804424222317,1.6426841600936937,0.32014109021357134,-2.2551405187698492e-17,0.13946912708272072,0.941496328370094,-0.8708236882901874
1083,-1.3517349080086805,-1.6979866534720813,0.7385616898750232,0.3975392607581165,-1.0354637044050021,0.31744881854047513,-2.7755575615628914e-17,0.3776048979619743,0.8389541712183212,0.5744920091413749
1084,-1.3866412595443998,-1.2444575845738433,0.3949118550709143,0.42854886734498143,-0.6432402503440758,0.31581815650542483,-1.5612511283791264e-17,-0.19464846291234833,-0.05238093849132157,-0.8999493557759818
1085,-1.350494614168708,1.9437208183461474,0.9921048924709285,0.6363955364930923,-0.3790765235873413,0.3162498427700115,1.734723475976807e-18,1.8420162898746684,1.0289720210739672,-0.14615446433760873
1086,-1.3607863080294913,-1.6979866534720813,0.36781177549111943,0.7662560968920731,-0.6288600561153379,-0.23400074931177017,-5.377642775528102e-17,-0.5932538624099829,-0.09837347471102233,-0.13853386602783585
1087,-1.378819125379133,1.9437208183461474,0.9205559068524553,0.5292249397008147,-0.20521877963942928,1.0077503057862807,-6.765421556309548e-17,0.816259802037502,0.971695274365333,-0.18756250164171248
1088,-1.3690294625563435,-1.6979866534720813,1.030925517029156,0.26896901484502894,1.6426841600936937,1.225272936836208,0.0,-0.2185270301389804,1.3871926784429238,-1.6428837508957146
1089,-1.363905483428324,1.9437208183461474,0.6061837589854931,0.6152271615133295,-0.2922763645123487,-0.23535661810056138,-3.8163916471489756e-17,0.1607935769976939,-1.5545346727993692,-1.5898030073927578
1090,-1.3627301356253965,1.9437208183461474,0.7695103396807252,0.38731901240270933,-0.40163215845551836,0.710013302026684,-6.938893903907228e-18,0.5437774324821117,-0.3752074943478534,-0.14054275012068213
1091,-1.3474993210774842,1.9437208183461474,0.9736171143817626,0.47916665234789285,1.6426841600936937,1.0023416349734655,-1.214306433183765e-17,1.7928116298330334,0.8343311236534656,-0.8665083957721387
1092,-1.3748095328889276,-1.6979866534720813,0.8501209995430988,0.10219549597662407,-1.0045693078457463,1.392076233355784,-1.0408340855860843e-17,0.8880996837740943,0.3024920900290151,-0.14767313101699941
1093,-1.3589467617341693,-1.6979866534720813,0.8597361052477405,0.8249996800880434,0.25845088573541874,-0.2281405033016362,-6.938893903907228e-18,0.7768465237058081,0.7681974310580368,-0.904428158484663
1094,-1.3726694004721904,-1.6979866534720813,0.22600121886797803,0.6469169858508009,-1.0061363069471885,-1.0381339559314966,-1.734723475976807e-17,-0.5984945117598444,0.5200531447113954,-0.1474560010773339
1095,-1.377203398565826,-1.6979866534720813,0.2771635870294422,0.6618572404273325,-0.032558002363717316,-1.0215413773441526,-1.5612511283791264e-17,-0.32993332977844764,-0.4017622336321872,-0.10496764161019549
1096,-1.379926949841493,-1.5915578464651483,-0.24419560383720476,0.29001920328062347,-0.26072555380315,-1.0107198647676872,-1.734723475976807e-17,0.004635248927093226,-0.10613789910799458,-0.9499041830801782
1097,-1.3688438567879948,-1.6609582447120226,0.8540559184126594,0.6063919158365216,-0.9881210281063169,0.711939719066351,-6.245004513516506e-17,0.3750735112460945,-1.4126274966137449,-0.1416908224857167
1098,-1.3749388845672224,-1.6979866534720813,0.4849590814148791,0.438080573395267,-0.08658662881031982,0.31355296598843646,-1.9081958235744878e-17,0.20000014788147336,0.6585265532528747,-0.9110622993931975
1099,-1.3636966891537121,1.9437208183461474,0.367248182834508,0.38925898732179487,-0.8743415780440481,0.31574084960629706,-8.673617379884035e-18,0.7115866390932167,-0.7669066919963248,-0.8492610307877976
1100,-1.3566967747575744,-1.6979866534720813,0.6103705822688232,0.6843187345852358,-0.17793496360781383,0.313558783490376,-2.2551405187698492e-17,-0.9941720539269441,0.632586015635737,-0.21108414944987808
1101,-1.3550890964842692,-1.6979866534720813,0.9649971143328282,0.6985321779658092,0.02180823363412433,0.717273744555359,-3.469446951953614e-18,-0.6407627261990294,1.0937372019513552,-0.17086784483301998
1102,-1.3688445860065126,1.9437208183461474,0.8441136689212276,0.6684883377838214,-1.3107179888826512,1.0054283051374624,9.020562075079397e-17,0.6100222761877385,0.651216099968732,-0.15137442406409193
1103,-1.3664240490887418,-1.6979866534720813,0.7306503576553726,0.17769475559881653,-0.45477884283041664,0.7070830992703638,-1.0408340855860843e-17,0.10169510798977065,0.3980792634467066,-0.8869478046921934
1104,-1.3757645138230925,-1.6979866534720813,0.7826439770622349,0.7420819893656152,-0.5371171361729558,1.3949833817925732,-1.3877787807814457e-17,-0.8733076061603336,1.0826424243711879,-0.16457193851732174
1105,-1.3835703473823844,-1.6979866534720813,0.7329026214190785,0.8163147401356304,-0.7891518952746753,0.7176483293668539,-6.938893903907228e-18,0.1750017820790007,-0.42777986287753217,0.5997573257322539
1106,-1.374378334539642,1.9437208183461474,0.991984579912002,0.6263139180783318,1.6426841600936937,1.528277084880263,-1.214306433183765e-17,0.15982442087057952,0.8939609037868046,-0.8942329643768249
1107,-1.3661715519392728,0.08169741126137527,0.4348830542290743,0.37253225144358104,0.31786266779974354,0.3136759737148244,-2.949029909160572e-17,-0.4383254275649941,0.20927471577516676,-1.6320136082156307
1108,-1.387709938491757,1.9437208183461474,0.8606403074098443,0.8450130673233817,0.02633623065373498,0.7076016991469934,-4.163336342344337e-17,0.24459027851491938,0.8445486253484314,-0.8247296724139505
1109,-1.3461267658026237,-1.6979866534720813,0.7648401752057153,0.711622306666096,-0.8335631640906185,0.31215751606899556,-2.0816681711721685e-17,0.512844131819457,0.528072317444359,-0.09920313966535714
1110,-1.3478954566269523,-1.5542000435869596,0.48785508010297496,0.315674147592055,1.6426841600936937,-0.23220445401533887,-3.2959746043559335e-17,0.5993620854200249,0.27382550286883633,-0.8069848932604471
1111,-1.3902492287949095,1.9437208183461474,0.8683194397583531,0.4550832353999538,-0.48354741428282494,0.7083637803805988,-6.938893903907228e-18,0.7124678817423524,1.0699687878444022,-0.15840812367646406
1112,-1.3730874728946951,-0.6599341793859634,0.7230596620777704,0.858456343239734,-0.38045167577537453,1.0050243566852533,-1.0408340855860843e-17,0.20176856640844257,0.9370059182283869,-0.1298632511974979
1113,-1.3801128930909963,1.9437208183461474,0.7777611489411084,0.7396748767793924,-0.21846778032020306,0.7138622346539861,-3.642919299551295e-17,0.02780063445205377,-0.18571001269285609,-0.8610608293408237
1114,-1.3679640758509342,0.6978675209451443,0.9461343466404982,0.08442121724949786,1.6426841600936937,1.2275607155932464,-1.9081958235744878e-17,1.049271767008748,1.1713784175647242,0.5861701731926198
1115,-1.3627073756802628,1.534995966768917,0.6206012308069634,0.5561061175882526,-0.3668272071792807,0.7091852992148058,-3.2959746043559335e-17,0.586994285656513,-0.5590305106297433,-0.08693907758172859
1116,-1.3583953137543987,-1.3924526229079246,0.5563591019301033,-0.21004836019602638,-1.346730893365596,0.31798873113494897,-1.5612511283791264e-17,0.901224683908644,0.8969081801342391,0.6182582715924434
1117,-1.3526578367184756,1.9437208183461474,0.7789332149485567,0.7974311600379926,0.16517195253287337,1.3968331532099694,-2.6020852139652106e-17,0.9950080535541025,0.5981999817354201,-0.11589898159820984
1118,-1.3656844228010605,-0.6096600895537304,-0.1399431611665645,0.29631221883880215,-0.7317682110538973,-0.9998955535421462,-1.5612511283791264e-17,-0.46762600545107036,0.06670118972193981,-0.17113777562863428
1119,1.5811193567859032,-1.6979866534720813,0.7229068614372334,1.932364664753031,-0.5939392168627929,-0.23894437181766381,9.020562075079397e-17,0.6562992451018684,-0.5320620724776819,1.3568926351238433
1120,-1.3763513159124836,1.9437208183461474,0.5540400459933735,0.32923483362311595,-0.05581371036500235,-0.2414907620557563,-4.163336342344337e-17,0.12606820121631257,0.6484839748241575,-1.6378268372003826
1121,-1.3671672921837763,0.5128972632303058,0.9069511601962761,0.793192146335934,-0.04296256689890557,1.2267138674858484,-1.0408340855860843e-17,0.8350554574252647,0.9119292783400984,0.5552299984044536
1122,-1.3513749013787342,1.9437208183461474,0.8256369906798384,0.23959056485166239,-0.847612534729804,1.0021851439573595,-4.163336342344337e-17,0.06767781948254432,0.767917734193549,-1.628250678788972
1123,-1.3823392964467516,-0.8175772629639458,0.2622440445782921,0.5195297411241044,-0.8492254434599866,-1.0061050995830743,-1.9081958235744878e-17,-0.02067382930269507,0.3759734566617143,-0.1317414153524245
1124,-1.3591444677546796,1.9437208183461474,1.0176842572704272,0.8044443114307271,1.6426841600936937,0.3140186312453739,-2.2551405187698492e-17,1.659999490995658,1.335616072522819,-0.18635703539409695
1125,-1.3980606674535418,-1.6979866534720813,0.5530422680955749,0.47163478489838145,-0.5185012130422394,0.713904864958543,0.0,1.1962953957462168,-1.019724426870636,-0.9667266212436217
1126,-1.3777926444781639,-1.6979866534720813,0.5999926419948766,-0.01945878321374791,-0.01459257794905909,-0.2345190181957261,-6.938893903907228e-18,1.1998193081243538,0.17200205754767803,-1.6287456403348206
1127,-1.375143524023384,-1.38246148314507,0.1316604341118185,0.6834433285005279,0.2776983545937194,-1.0188637655355723,-1.734723475976807e-18,0.6418315642743898,-0.6907598038790904,-0.9057736187348543
1128,-1.3717586500487045,-0.878135713046382,0.5949981409590435,0.9194966113491897,-0.34416543956574047,0.7125497128277113,-1.214306433183765e-17,0.24932309159034693,0.8108552160234272,-0.8973852221612864
1129,-1.3684157966978414,-1.3462914623119175,0.9191590102362852,0.6049027574434925,-1.4967838977985957,0.7112591815608965,0.0,0.5420400680193866,1.1318452231530174,-0.919566300597376
1130,-1.3556919699603407,-1.6979866534720813,0.4198234598014405,0.36296715326423684,-0.6600596958694805,-0.2434241328825119,-2.6020852139652106e-17,1.0072373384821705,0.24498243777925807,-0.8645348554895136
1131,-1.3932803621550447,1.9437208183461474,0.44680064061379404,0.6774318103985588,-0.46412544888182056,0.31699139786697533,-2.0816681711721685e-17,0.4151810539563877,-1.2770871548183833,-0.14095609955430408
1132,-1.3582334976585173,-1.6979866534720813,0.848876454901576,0.6047917761088012,-0.9614201608125571,-0.2327362083148728,-1.9081958235744878e-17,0.2824988724355872,0.777133121692646,-0.9200947549872264
1133,-1.3813242398621663,-1.6979866534720813,0.9016798146392607,0.5461010326653031,1.6426841600936937,1.2263210244214349,-2.949029909160572e-17,-0.416527412340024,1.1663958458205543,-0.8983959278697567
1134,-1.3644186838882513,-1.6330814017704514,0.546998920880214,0.38298161146527476,0.1473745911999964,-0.22196047394651003,1.734723475976807e-17,0.8609667364106935,-0.14557822552284042,-0.8743483098838943
1135,-1.34729007607365,-1.6979866534720813,0.05007170261376022,0.5595576313819838,-0.1566904646718454,-1.0212815368954067,-8.673617379884035e-18,-0.7811194291874001,0.6910703974159969,-0.8949974444001915
1136,-1.3523956793536636,-1.6979866534720813,0.46868126695011425,0.889562454965106,-0.020672451809788325,-0.23235228913393693,-2.6020852139652106e-17,-0.36199436012149344,-0.5686394444685924,-0.13421722601105354
1137,-1.364935762163776,-0.25031153935672096,0.3273876646030772,0.5820880682494304,-0.9116307680565966,-0.22431048533749823,-3.469446951953614e-18,0.4126154613529035,0.630047630597674,-0.13278547587929862
1138,-1.3694620641909474,-1.6979866534720813,0.2728933044910882,0.7651944754510036,0.11358276123172033,-1.0086593217561681,3.469446951953614e-18,0.08815959715603265,0.1323072720995776,-0.19950491682368388
1139,-1.351543984022102,-1.6979866534720813,0.09084254389956838,0.33467570957007997,-0.051596214309918696,-1.0331122706479585,-5.551115123125783e-17,-0.5058073005479183,-0.42085530433271084,-0.2117784643375255
1140,-1.3759950248831234,-0.7695804376937825,0.19731685448257896,0.6327006005374616,-0.5050682544404445,-1.012275603609399,-1.5612511283791264e-17,0.02316268217906323,0.09393444895496239,-0.8317818879226626
1141,-1.3669415770041489,-0.9432951665071342,-0.28280842631305303,0.5147645917402641,-0.39933362063832556,-1.021329623163574,-1.214306433183765e-17,-0.06940545907891271,0.22283779439585294,-0.15793549697797302
1142,-1.3735845614292557,-1.6979866534720813,0.2680892137470108,0.085257335662274,-0.6489443869631865,-1.0159685396663811,-1.734723475976807e-17,0.08544912141378824,0.51827078887742,-0.8809129575331007
1143,-1.3710486091846872,1.9437208183461474,0.9383714424240525,0.5759408267415594,-0.14327013792366225,0.7155425368292415,-2.42861286636753e-17,0.3921140391600034,0.8159329886448498,-0.8942215115775617
1144,-1.3620339535712638,1.9437208183461474,0.9342658943521608,0.5885063968544176,-0.34765227745524596,1.0114204546322807,-1.734723475976807e-18,1.7355825079228169,-0.9219070870151477,0.6019794002919695
1145,-1.3802639428077792,1.9437208183461474,0.8158202980587967,0.5604884367081684,-0.2849134123535169,0.7173654238387693,-1.734723475976807e-17,1.1459961127057898,0.793528895082197,-0.21327674959912712
1146,-1.3666068814956958,-1.6979866534720813,0.562299476721947,0.8377693671708655,-0.3638191419620494,0.3145920872625194,3.469446951953614e-18,-0.44513397364870005,0.3755763798627204,-0.909124554889619
1147,-1.3911777756151478,0.7823462662559233,0.8933107571098519,0.20731080105260397,1.6426841600936937,1.2285478894268291,-2.7755575615628914e-17,1.572489480749872,0.8128594509601799,-0.15286989859989297
1148,-1.3757046488943443,-1.6979866534720813,1.0685991053066597,0.4560116481982019,1.6426841600936937,0.31543356055129,-2.6020852139652106e-17,0.7082098159935599,1.3263377712548472,-0.1750604168189103
1149,-1.357939214646522,-1.6979866534720813,0.2514678864930683,0.7436557205007772,-0.8593124169845803,-1.0375666067981582,-1.9081958235744878e-17,-0.6335635935728295,0.038748647182753164,-0.9436072012449424
1150,-1.3730512347027048,0.5230949217467966,0.7251152661089786,0.8596577081549654,-0.5885907527852573,-0.2239057640287346,-2.42861286636753e-17,0.5892382613252214,0.8119786986613353,-0.9238994093782855
1151,-1.3831679296817296,-1.6979866534720813,0.5626283740318714,0.5949966411377654,-0.8714602680533727,1.007969452932203,-2.7755575615628914e-17,-0.7334836208447584,0.5408880151521472,-0.1411217802611137
1152,-1.3815261811941082,1.832158826884019,0.6641669963374838,0.34810005879458183,-0.46425800910452547,0.31769067479758867,-3.8163916471489756e-17,-0.16390343108033106,-0.0416784190214094,-0.9365353134997491
1153,-1.3819075649460266,-1.3988304460528342,0.12115014326209225,0.6978716442363733,-0.6465033351505051,-1.01017609586972,-3.469446951953614e-17,0.10149205295051451,0.3323029793626029,-0.9153322836759941
1154,-1.3671473981886533,1.9437208183461474,0.8729938404878633,0.5274662950054849,0.6440205818156105,1.0023208534528838,-1.3877787807814457e-17,1.0393241955768489,1.1253368406122164,-0.14264361908115514
1155,-1.3476878582109226,-0.9524859945974878,0.1160691531258247,0.6166643829828411,-0.8822350191871884,-1.0171656668945133,-5.204170427930421e-18,0.16212624408263687,0.6480524424005838,-0.8820767499438089
1156,-1.3591341089689333,-1.6979866534720813,1.0217081324041621,0.6069692691917838,1.6426841600936937,1.5293576773256834,5.204170427930421e-18,0.6587668481744863,1.3281581934833568,-0.8709820352527745
1157,-1.3753911405249541,1.9437208183461474,0.8393644964774093,0.5348465117047748,0.17566954893098644,0.7174343494092187,-3.8163916471489756e-17,0.3850535780215402,0.7988031027348631,-0.845706257099313
1158,-1.3910910958528937,-1.6979866534720813,0.317343484023169,0.7651108216488353,-0.36453716335399716,-1.0328143729583343,-2.949029909160572e-17,-0.7077516002936518,0.2544780984186774,-0.9376246039553671
1159,-1.3634162082750374,1.9437208183461474,0.6636056986251149,0.8644191990576241,-0.8262430397008266,-0.2329870722858037,-1.734723475976807e-17,0.13436480432052444,-1.561396921446037,-1.598267645360101
1160,-1.3595636818295265,-1.6321769456370365,0.853963521573392,0.3868478827768001,1.6426841600936937,0.7108499220902293,-3.122502256758253e-17,0.6120814624123905,-0.32357482086885736,-0.13678058229718032
1161,-1.3672909806141071,1.9437208183461474,0.8399068108199151,0.9021734786113258,-0.3615949492991294,1.0078048422140913,-1.3877787807814457e-17,0.6952913786184494,-1.2423800965078757,-0.1819539696847191
1162,-1.3730740715149903,-1.6979866534720813,0.575568088434509,1.2236869880720258,-1.3347788167757288,0.31102764296768937,-8.673617379884035e-18,-0.963541137590404,0.5986036728010385,-0.1720710414777978
1163,-1.3632564150812871,-0.7756507051590603,0.5544623797662562,-0.10256060675188176,-0.6047941162076357,1.0090334668583563,-3.8163916471489756e-17,-0.12256694312784987,0.5820816799186554,-1.593150581948401
1164,-1.3719272876627313,-1.2702146063915631,0.5411526078628175,0.7670759277930367,-0.2963205477034512,-0.2432248341520038,-1.734723475976807e-18,1.0687479832605893,0.1370393365432966,-1.5941308443492357
1165,-1.3635000506601764,-1.6979866534720813,0.19872509165455662,0.5972582887277904,-0.5894562336637562,-1.0181068298833809,-2.7755575615628914e-17,-0.6955547841624942,-0.5675587488084284,-0.8915942376334487
1166,-1.3670633616545025,-1.6979866534720813,0.3970565750471921,0.8324269469599903,-0.8779175716148016,-0.22398704631922756,-2.42861286636753e-17,-0.3160772725235238,0.34825459669983916,-0.15705643220557466
1167,-1.3755413967753474,-1.6979866534720813,0.3792236631037682,0.7274240531564566,-0.7327323709740011,-0.23888646378177605,-1.5612511283791264e-17,-0.40008368445707676,-1.175368773797306,-0.12915571698615358
1168,-1.3547556723519436,-1.6979866534720813,0.19988327418029356,0.06425754541086504,-1.3419509326531438,-1.0263160841670973,-3.642919299551295e-17,-0.15283219850137122,0.38894797001739095,-0.9098599594410659
1169,-1.3634726288822343,1.9437208183461474,0.6707677793558846,0.4159881365606222,-0.45967435020464276,1.3968634696725646,-1.734723475976807e-17,0.35142117156573377,0.7354406859449122,-0.9486515991111297
1170,-1.3599518807071016,-1.0683425423415573,0.7049750869257836,0.6670148748482051,-0.34738649139651073,0.7164339489709431,-4.5102810375396984e-17,0.3220252709299101,0.6798480480041618,-0.15862908973770562
1171,-1.368946805316947,-1.6979866534720813,0.7336676634901476,0.6901726914205741,1.6426841600936937,1.006536855993948,-3.642919299551295e-17,0.5920048024777685,-0.23926882353810294,0.5520069625043293
1172,-1.3853546478360141,-1.1720488057984788,0.678437655203062,0.5640557900686662,-0.13464736156687682,0.7153505852349744,-4.163336342344337e-17,0.12816293573356646,0.7627734079397631,-0.18271941916837253
1173,-1.3607954295455302,-1.6979866534720813,0.22354462572378228,0.5908953144740188,0.21949243351968126,-1.02253767129188,-8.673617379884035e-18,-0.27074891629345593,-0.9309794220729998,-0.9345709268185521
1174,-1.3774846110390397,1.9437208183461474,1.0622656570299456,0.4290827635885253,1.6426841600936937,0.7152850173790943,-1.9081958235744878e-17,0.7040592177241947,1.3775392457223021,-1.6005576807398787
1175,-1.366713159831376,1.9437208183461474,0.9264121282057196,0.5367923269764409,-1.6481413631768649,0.7149300440182518,-3.469446951953614e-17,0.3032484414457882,0.7634546020538996,-0.9110777693578965
1176,-1.3576787585783479,1.9437208183461474,0.437278226478456,0.6652598506962183,-1.1391065947399484,0.3173159687085927,8.673617379884035e-18,0.48893065819798953,-0.8628267059745623,-0.8263311076141787
1177,-1.3958231646990424,-1.6979866534720813,0.8758932417067926,0.4561286242136122,1.6426841600936937,0.31818130848011583,-4.5102810375396984e-17,0.9576929602901602,-0.37130829084166533,0.5339537579778482
1178,-1.341469723089426,-1.6979866534720813,0.4965923995180798,0.9898610819289506,-1.380897331462238,-0.2259964728885238,-8.673617379884035e-18,0.21676933917027466,-0.3484910851647376,0.6104176561879353
1179,-1.3710174344424624,-1.6979866534720813,0.500786908092593,0.6748008684498019,-0.6893134420116577,-0.23293608749745626,-3.8163916471489756e-17,-0.5871863448843789,-0.37258964579720527,-0.10322109558833506
1180,-1.3610809080325525,0.26711701742867994,0.8943712491426271,0.6455539444224818,-0.8036995119253646,1.224419678144153,-2.949029909160572e-17,-0.04787928191262489,0.9992870062632531,-0.9513548012196683
1181,-1.3533682068826136,-1.6979866534720813,0.9157960092462085,0.33680483187855337,0.16391862503032678,1.228508073890385,-2.949029909160572e-17,1.2428468216610515,-0.541035905465934,-0.20731066694648664
1182,-1.3736086865322228,-1.5856414024392758,0.7237389922594225,0.6633955899412086,-1.3149629990746308,1.0094306872685783,-2.949029909160572e-17,0.7412106855139786,-1.0514867506596028,-0.10932396001179043
1183,-1.363468241806271,-1.6979866534720813,0.7662385419902501,0.522150696226488,-0.8766928966720107,0.316208583055383,-6.938893903907228e-18,0.03076735613895244,0.40028005308835307,-0.18977650510386507
1184,-1.372773520886561,-1.6979866534720813,0.6970436494927876,1.0672925012881402,-0.6788707105696903,1.0088734167343594,-8.673617379884035e-18,-0.1507618339823956,0.607473003801314,-0.12269728986072233
1185,-1.3782200915500127,1.9437208183461474,0.8318635832032727,0.3551156081373272,-0.06088156956493057,1.5272459590345648,3.469446951953614e-18,2.1772494015764012,0.037913760711684695,-0.16396803002571153
1186,-1.365530768614347,-0.8954278442623165,0.8807702335302728,0.6103281553616723,-0.5156637419627438,0.3148832727191833,-1.734723475976807e-17,-0.25199408276291324,0.2896753121483915,-1.664447631490448
1187,-1.360720850299864,-1.3668189877026493,0.6732404445172865,0.28438642971530015,-0.28515416152975787,1.005408696450409,-4.163336342344337e-17,0.0402340675068201,0.17374925766376995,-1.6136481766586752
1188,-1.3432954553439618,1.9437208183461474,1.0153119500020635,0.34209882575163125,1.6426841600936937,-0.2346923826324731,-4.5102810375396984e-17,0.8265415512623631,1.200133968526425,-0.8911683975626447
1189,-1.355148528850416,-1.6979866534720813,0.588174317577981,0.7015848818274761,-0.19151648679813438,-0.22870863586950976,-3.122502256758253e-17,0.2936617159669665,0.9139771094120677,-0.14832915281401024
1190,1.5843929207274043,-1.6979866534720813,1.0318500843087097,1.932364664753031,-1.6816360198178593,-0.2346140229955719,9.020562075079397e-17,1.466172558317413,-0.17290361354377254,0.6068683298063069
1191,-1.359752856797238,-1.3550659772885014,0.7095316955103184,0.2725770416942791,0.10550995997415025,0.3052702434396937,-2.2551405187698492e-17,0.997481413274187,0.9699687017549306,-0.911616453996455
1192,-1.3763957803949378,-0.593487133847751,0.971515382093394,0.22095478950842523,1.6426841600936937,1.0022451057299893,-5.204170427930421e-18,0.8679218124634396,0.8870947841371296,-0.11715332331091684
1193,-1.353231875204835,-1.6979866534720813,0.6174207250140878,0.5889269412847901,-0.8139502162018043,0.7172553044851717,-3.642919299551295e-17,-0.08459454727149429,0.6852022258306648,-0.11696001192073663
1194,-1.370198222491623,-1.6979866534720813,0.4883096765158178,0.4301581077554348,-0.0635368561287647,0.31615574456516815,-4.163336342344337e-17,-0.3679684294113041,-0.24579731735159346,-0.06194046093553827
1195,-1.3774195575113195,-1.0835834884150726,0.6911727664441875,0.07076065967142323,-0.7312184792116166,0.3187713611903672,-5.204170427930421e-18,0.9076622595090061,0.846641644060097,-0.8742085373609815
1196,-1.3751258617172628,1.9437208183461474,0.7658410657470357,0.4844100575115493,0.124123821845024,0.7153746658935771,-1.5612511283791264e-17,0.039930143149901606,0.7368711463537841,-0.8664339237884064
1197,-1.3647840039964136,-1.6979866534720813,0.885775640406713,0.7046565272942271,-1.5177033057676148,0.7162580962841089,-4.683753385137379e-17,0.7088662478565576,1.0873007831907706,-0.9277397375057529
1198,-1.3578430914481139,1.9437208183461474,0.5854986710298606,0.5388600914511871,0.19776601935495133,0.3224818908460471,-8.673617379884035e-18,0.3923969490944246,0.4336062199744948,-0.8608109731435553
1199,-1.367780928487395,-0.2870733689319051,0.8786672650319872,0.15598099003487467,1.6426841600936937,1.2258746001681136,-4.163336342344337e-17,1.3825333092141872,1.1084942083115576,0.5822974793751393
1200,-1.3682511795442307,1.9437208183461474,0.7330166067612828,0.567336222793357,1.6426841600936937,-0.23088743259465494,-3.8163916471489756e-17,0.5742445773678585,0.691494165278815,-0.893553250569579
1201,-1.3514639750374982,1.9437208183461474,0.785794556254706,0.8384820113719941,-0.5488391265083412,1.3956560855739382,-8.673617379884035e-18,0.6275081868351371,0.6600021782283145,-0.9082318091585436
1202,-1.3656380675020896,-1.1024087381402992,0.35434126963161955,-0.031583948705009295,-0.8051311195349964,-0.21529304422942616,-1.734723475976807e-17,0.0031824367817372898,-0.2927101369794461,-0.12947901366224598
1203,-1.387750392367099,1.9437208183461474,0.5912106061187496,0.31707242176806705,0.35539646220480164,0.7150686229110894,-3.122502256758253e-17,1.04595522108426,0.4930908650976826,-0.2025220553056879
1204,-1.3596928577943501,-1.6979866534720813,-0.1771979777891217,0.6510471650325369,0.31747165092384366,-1.003400473655129,3.469446951953614e-18,-0.7716102419350197,-0.1526902862025325,-0.2072808025383909
1205,-1.3500347437010038,1.9437208183461474,0.10246344233896605,0.80339506500351,-0.6869252240907395,-1.030767152963064,-2.6020852139652106e-17,0.1470628290990968,0.212563942831367,-0.9280223956009519
1206,-1.3778416681983952,-1.6979866534720813,0.19405927068322082,1.0500631281009813,-0.8745769509022551,-0.9922895277270871,-1.9081958235744878e-17,-0.33869621846918907,-0.9454854449216432,-0.8439451461097521
1207,-1.372979258607931,-1.171396083794314,0.899370926428452,0.6646591818626492,1.6426841600936937,1.3927119000682382,-2.6020852139652106e-17,1.4642721249105504,0.9853877358605262,-0.10135042265677861
1208,-1.3380891888591013,1.9437208183461474,0.820382872200555,0.8206929378100573,-0.2036079550445674,0.31046437815664346,-1.9081958235744878e-17,-0.2660777455005606,0.7558428653556079,-1.6392493769779755
1209,-1.3482367322857893,-0.8738312178777177,0.7753579549269326,0.6685167514619982,0.15941845813861713,1.3963950200204776,-2.7755575615628914e-17,0.5143366444404706,0.28097691054433566,-0.8440636338253674
1210,1.5838285510645638,0.25270698069228315,0.18254812739858048,-0.14152900783176112,-1.4125603429936346,-1.0256574781424812,9.020562075079397e-17,-0.3217193002247881,-0.5662544121153935,0.5875862729987305
1211,1.5794480643015891,0.23133245611654768,0.23271323786310336,-0.12025631963622936,-0.4764051488625172,-1.0157106870921044,9.020562075079397e-17,-0.2822492995797819,-0.9295662944539154,-0.15727432460638194
1212,0.12398293742793341,0.22083155569687746,0.7141575545251323,-0.9309894024351337,-0.5995102715648916,-0.23340487789107048,-1.0408340855860843e-17,0.11589324760875604,0.6889128106604299,-0.17831739040621236
1213,0.1363203931716498,0.2437083235858982,0.6486259635026999,-0.26039651219122945,-0.5553931117214335,0.3156691616576882,-2.42861286636753e-17,-0.6693417977989565,0.7176902089026316,-2.3347587086206505
1214,0.13217185446568236,0.1878983845759144,-0.040784054994973507,-1.487789506332086,-0.20925712692702317,-1.018367218536467,-1.214306433183765e-17,0.11895606712621411,-0.8428940295336571,-1.0087412597493148
1215,0.12788876694110204,0.25186575014024715,0.8755132071741695,-0.2951254200938695,1.6426841600936937,0.3177979319130686,-1.734723475976807e-17,1.2912798238047518,0.6562316889233926,-0.11275026190990624
1216,0.12990311805057303,0.18838787761401254,0.7947814755520641,-0.993127350068478,-0.1964693161414809,0.7149447803504846,8.673617379884035e-18,0.19339662287186526,0.332045953497679,-1.6457009089746244
1217,0.13440178187877963,0.18935462685887947,0.7528776916583994,-0.7667002726326433,-0.7569347997423473,1.0059179426076306,-1.734723475976807e-17,0.34319549642702174,0.8387178041684111,-1.6393770510667933
1218,0.13221435550025332,0.6366378891636323,0.4044430406464269,-1.4098589081372779,-1.1288360505280772,-0.24349961022880748,-2.42861286636753e-17,-0.5526376494527834,-0.17958759241411376,-0.9043639899855981
1219,0.1344031235684565,0.32021232959442564,0.6023919422074738,-0.7890120388516991,-0.41177450727472475,-0.2238807713333247,-1.734723475976807e-17,-0.6550989784549771,0.24131861364589244,-0.8853616298142948
1220,0.12051045447159602,0.1845105257883691,0.1785507636362222,-0.0865672814519022,-0.81195052037477,-1.0199545464974638,-1.9081958235744878e-17,0.06166082440014078,0.2133939418144338,-0.14675988128906073
1221,0.11843059854443838,0.17928560242132907,0.7974047443791752,-1.1503780922592841,-0.3864967739683578,-0.24025372277726367,-2.2551405187698492e-17,-0.3243228408465092,1.0812453286641797,-0.18263916595260005
1222,0.13895139604695952,0.19916593780504496,0.4932104926498493,-0.519592328640928,0.0697257447206172,-0.2262976622474214,-6.938893903907228e-18,-0.404647578022818,0.2945934790521854,-0.11054205395004188
1223,0.12090410987878268,0.33785593827211885,0.6082725938035807,-0.23240743199125138,-0.4201135158473549,0.7146949596958442,-1.3877787807814457e-17,0.07278083821478806,-0.44947340183907786,-0.11606232215569831
1224,0.13386367849721637,0.17774929964741948,-0.4721751249466539,-0.7512127773331684,-0.9402263717670049,-1.0155041412643948,0.0,0.616811910318541,-0.6658548644370276,-0.13668662670210402
1225,0.13557083721767627,0.22986774900605153,0.8994613928301658,0.004880561696446409,1.6426841600936937,0.7110523563842035,-2.0816681711721685e-17,1.4051099001322056,0.8378563978585686,-0.8942797061084012
1226,0.13111376213272372,0.28930909018398104,0.0535448813957859,-0.551051243667909,0.04580745604023976,-1.0207862836430341,-2.949029909160572e-17,0.2585572525915323,-1.771637398093427,-0.941214370127173
1227,1.5812818030416715,0.1900115183039232,0.26628882435842693,-0.3691324069597881,-0.3736146002923614,-1.006187990546627,9.020562075079397e-17,-0.45436121277303776,-0.21898328459113725,-0.1568749928840154
1228,1.5871854479861986,1.9437208183461474,1.1047674556054434,0.07527307159170751,1.6426841600936937,1.004407298623956,9.020562075079397e-17,0.88964253203129,1.3206572654065427,1.304081657898312
1229,1.588944638972758,0.21409074443853648,0.10949348916110563,-0.4884736840412426,-0.07520123895067456,-1.0164152047167871,9.020562075079397e-17,0.14147620554096038,0.7085618189911074,1.3136720982597665
1230,0.13812035082870916,0.16946334414206077,-0.4159175029102996,-0.2799273433455057,-0.7740516976717744,-1.0118019952935022,-1.5612511283791264e-17,0.7205378352119276,-0.8888717890645217,-0.894875191888959
1231,0.1252568391504971,0.26647879568808563,0.8609587679495599,-0.444735003986431,-0.36238530934365765,0.7162530762488528,-3.642919299551295e-17,0.7021203296593969,-0.143732863261051,0.618999454549174
1232,0.129017062648055,0.18508457967390893,0.6860460348917766,-0.2143622977203601,-1.2749620163519533,-0.23559104473783885,-5.377642775528102e-17,0.40092515299379883,-0.5947012785087317,-0.873800973159963
1233,0.14195228858713071,0.19609130725130355,0.5995742469020537,-0.6055404865030786,-1.430684883541006,0.7126472885187027,-1.734723475976807e-17,0.11845784439963077,0.45359968982628,-0.9083948440766064
1234,0.12244031240458353,0.16105280099341845,0.8662472149650593,-0.726981410837791,0.33784093439976276,-0.23145617230362203,-1.734723475976807e-17,1.3419595791742196,-0.2944518144545943,0.5514853119570775
1235,0.11699390273442455,0.33821117058605527,0.8586116197873654,-0.3882714168351274,-0.937869707004785,0.7116352080121663,-2.7755575615628914e-17,0.052648240284290715,0.7817017256518342,-0.9384785894299535
1236,0.12555923001835856,0.39376571854263154,0.08089248351275961,-0.4283073198300561,-0.6425716314631132,-1.0084186708825986,-2.6020852139652106e-17,0.21796220275903277,-1.7282783899297842,-0.865158837367871
1237,0.12683067778917173,0.19155453835635175,0.7967510724102779,-0.6744834873382154,-0.4003970423580891,0.32035630873686166,-3.122502256758253e-17,0.9363743393689036,-0.5981866053455006,-1.5661620831185397
1238,0.14393258639467751,0.23221647818205676,0.7861650134172694,-0.9908944683737985,-1.3640297724519712,1.0037841522198732,1.214306433183765e-17,-0.08614581466923157,0.8343199325778676,-2.3337785935880957
1239,0.12823039400982666,0.27965123593920327,0.7057767781027315,-0.754025040622377,-0.4595966620246918,0.31646606982696107,-2.949029909160572e-17,-0.9545730440736608,0.5412149670480946,-1.649384561325478
1240,0.1330297006594213,0.22253816950181113,0.4656417486446643,-0.8572896403193034,-0.25913722294615366,0.3245359436215835,-5.204170427930421e-18,-0.18666220628405333,-0.2271852097805522,-0.14779932054371342
1241,-1.3694103032320117,1.9437208183461474,0.39834351480129937,1.932364664753031,-0.06753859680785884,-0.23292941079965615,9.020562075079397e-17,-0.5931133607771446,0.4029140863662982,-0.1542365498343952
1242,0.1265725383586849,0.2152807264958085,0.109518664890404,-0.863255423000037,-0.11986489527634363,-1.0137252125424339,-2.6020852139652106e-17,-0.16895753253355003,-0.2758915133625462,-1.603306705185721
1243,0.1332196248375563,0.2246542455516039,0.1809125516127946,-0.8536898483885563,-0.4157290074837445,-1.018886280658413,-2.2551405187698492e-17,1.2508808800390465,-1.1421220912913475,-0.9066095506453248
1244,0.13071084212290765,0.21008501148745454,0.5359637731748497,-0.7061135027909248,-1.038574735309663,-0.23898258093104058,-1.214306433183765e-17,0.9756802465695379,0.6484926532557292,-0.15463921932623179
1245,0.11783362836073452,0.22905139754464865,0.38444759793577576,-0.04407254249563455,0.40062640794087373,-0.24124044032221667,-2.7755575615628914e-17,0.45266051407263347,-1.2141343690877364,-0.13989434125110853
1246,0.12644899477245533,0.20546849262746422,0.4423809679284929,-0.24595631892429662,-0.19813111677429102,-0.23941780363772167,-8.673617379884035e-18,0.2923262382586765,0.36208062340314845,0.6267657849838524
1247,0.13444621652456484,0.22266951444093872,0.262058610588186,-0.3149981933136278,-0.6509996075667717,-1.0160524390585677,-1.734723475976807e-17,0.4113532691596121,-0.33627385703629864,-0.8825194305216942
1248,0.13573985806627611,0.8324043371544617,0.20758190084850192,-0.5758378052443199,-1.0319751316566215,-1.0028612789918454,-1.734723475976807e-17,1.3858426899851137,-1.565672263368078,-0.1722966309479941
1249,0.1325215172231801,0.2284458803732528,0.8474949509762744,-0.7547425269437601,-0.1161764614739226,1.225151450528024,-1.5612511283791264e-17,1.2015912525609371,0.7387812399877344,0.6190682341920358
1250,0.1278951437994018,0.17796133257940255,0.23912256543800572,-0.31159666225179566,-0.4384868295340196,-1.0183330136353475,-1.5612511283791264e-17,-0.0632004361868275,-0.7530682078814049,-0.8758597805985112
1251,0.1386733784269183,0.2710655362053811,0.5937225993700201,-2.174377014885112,1.6426841600936937,1.0036946611363957,-2.7755575615628914e-17,-0.046370053355288085,0.2856237108478471,0.6118259559861184
1252,0.13866863241032673,0.1915475549792998,1.0391356065357966,-2.0564434600439703,1.6426841600936937,1.2257887128420613,-3.122502256758253e-17,0.8496558079902021,1.133409790146059,0.5949703307674049
1253,0.1288117597873697,0.20858552485891457,0.5090773025673039,-0.5471258600693175,-0.9930915137488495,0.3180794273269964,-5.0306980803327406e-17,0.8598897356237346,0.27900627278736734,0.6149733408059732
1254,0.13071599067541967,0.20125162249436523,0.5887912814987216,-0.6176982197652868,-0.37111262823444513,0.31954732005610575,-1.0408340855860843e-17,0.835315766680603,0.8861662528124332,0.6220029042625248
1255,0.13764500923572648,0.2447892088332934,0.580679890756158,-0.5303375655209813,-0.02943459374926631,-0.23464245001365255,-2.949029909160572e-17,0.5244327417015081,-1.1810002468683576,0.5644172178381451
1256,0.13594441412903335,0.18245954287788058,0.9544923374144028,-1.046652438762484,-0.9528808987634659,0.31353451242220437,3.469446951953614e-18,0.6142332212666219,0.9535261805216451,0.6024239148531116
1257,0.1389451178644114,0.22183096189876358,-0.5446543803748518,-0.5113215932562216,-0.6789429578792827,-1.0050773706895886,1.5612511283791264e-17,-0.6608056699903578,-0.8928847054127818,-0.9236917621089159
1258,0.13522844935419412,0.23105095936629533,-0.6476184680417055,-0.4448037258945078,-0.6037658084986298,-1.0136409128186281,1.0408340855860843e-17,-0.6250625337681504,-1.1119479663901586,-0.8860541313577869
1259,0.12538206148386327,0.5461537200207769,0.7426643322626005,-0.2559166964287179,-0.8299408688229527,0.7147748150551134,-2.6020852139652106e-17,-0.48094636411825803,0.41030430802209705,-0.9354531214453244
1260,0.1432471663206637,0.8007407678518921,0.4963967203072475,0.1335474180972021,-0.4876468067730944,-0.2320112507059115,-1.734723475976807e-17,-0.1854231456410652,0.2984388319113934,-0.15005565234318213
1261,0.13367450769503988,0.2126200723155732,0.13972255768179762,-0.8291173711178109,-0.3942922439611951,-1.0100271285980036,-1.734723475976807e-18,0.7766750229870616,0.5224357872126878,0.6182186038115298
1262,0.12718083817849335,0.2693573257817632,0.6189526973625006,-0.3611934178169292,-0.694039590278212,0.31492877433350003,-6.938893903907228e-18,1.9952694792748977,-1.0638166108039118,0.567258750755816
1263,0.11667409963312299,0.33976324436083144,0.7222746430109659,-1.2071867421701181,-0.6387189158237689,0.710773508326493,-3.2959746043559335e-17,2.3285502474260773,0.6083100448745079,0.621353695722553
1264,0.12983711408881515,0.5555665551439902,0.35991543819486244,-0.3526072870601887,-0.6269109721095458,-1.020872104366677,-8.673617379884035e-18,-0.010124011974475551,-0.4219029036945774,-0.8614388158789843
1265,0.12392437923923313,0.2460892621465389,0.7149843926837485,-0.12168031447386146,-1.41381498115986,0.3197615536917712,-2.42861286636753e-17,0.36471771056737373,0.2426293505317925,-0.8864974718971215
1266,0.13329484329441432,0.2142588288297556,0.7825274131037396,-1.8136079265242653,1.6426841600936937,0.3173211994984416,8.673617379884035e-18,1.4841214587347986,0.46390875567342293,-0.14386909566946154
1267,0.1267928551448906,0.42274133935400227,0.47216858020246494,-0.36810855995815245,1.6426841600936937,-0.2272179635943731,-2.6020852139652106e-17,0.9869490272131682,-0.31960064380880776,-0.15794689203470663
1268,0.13364289459633433,1.8720925883806085,0.15311120345185944,-0.8073799070646631,-0.12648471361290536,-1.0178040099886463,-3.2959746043559335e-17,0.6609390085143181,-0.5928770124225224,-0.22431588707159653
1269,0.13852466216610446,0.15207351100490374,0.9480839642963922,-0.7247647754009204,-0.1450031667128697,0.7133415296574594,-2.949029909160572e-17,0.6933959362422341,1.0600628103855252,-0.1339056186919645
1270,0.13426070255608233,0.2443426880690404,0.9081060195268336,-0.4861161154351676,-0.17203713072235075,1.0062883610239257,-3.642919299551295e-17,0.6060722349280152,1.0272380766565816,-0.15026438457695884
1271,0.1200540683877479,0.20767734843135974,0.30893094488961453,-0.23914100091120605,-0.9801956036670271,-1.0041248411494395,-3.8163916471489756e-17,0.32722130302075797,0.6253458577368847,-1.6972257562509871
1272,0.1253152414983975,0.4795796784105265,0.9556480989168351,-1.1572380615385038,-1.3782618338434343,0.7111985800190167,-3.469446951953614e-17,0.9247223116271477,0.5632709292848542,0.5652584107577205
1273,0.12486293137697951,0.16921454488302445,0.5453484640990455,-0.40072701156300916,-0.9647743983211629,-0.2348499631580411,-2.6020852139652106e-17,-0.3829602104667621,0.19647604099046861,0.5889148885433959
1274,0.1266053710555926,0.22892791947381572,1.0366453082223288,-1.0991022165331725,1.6426841600936937,0.7140305635546205,-5.204170427930421e-17,1.2100006206816056,1.282462511049383,-0.16624919584592737
1275,0.12216689162374406,0.19357415787616847,0.7015995282590985,0.04055393539859952,-0.4542483936605384,0.7091464507490527,-6.938893903907228e-18,-0.15466975373212824,-1.3541476927711573,0.622852724344074
1276,0.134393349595798,0.22649768729617126,0.22593379408308728,-0.803115555803089,-0.21641695510084505,-1.0242565392172955,-3.2959746043559335e-17,0.8341452465371356,-0.3613104065978662,-0.9003340461220675
1277,0.1305285650938669,0.26461672761600247,0.25369354678230105,-0.7004508393007715,-0.8238399637907796,-1.0098633868119749,-2.6020852139652106e-17,0.3869009979717032,-0.4317919134244076,-0.9120399478151336
1278,0.12472984549461899,0.18495343407045423,0.1763333447826548,0.1660449688394078,-0.7544039536752596,-1.0232989015825005,-2.7755575615628914e-17,-0.5535399802665917,0.10164547566390944,0.5559159372248638
1279,0.13704857861947853,0.24525767877774365,0.6830838502208695,-0.679848474419388,-0.9378204146150532,-0.23158311282460645,-2.6020852139652106e-17,0.3773820477712226,-0.20941786935659074,0.5954961076417443
1280,1.5860442064902374,0.3469919130851438,0.5379378275812062,-0.1777423637231426,-0.5853198455326842,0.7162897538484423,9.020562075079397e-17,0.17295742926806934,-0.409178570950069,-0.14383910005278255
1281,1.5823593774172409,0.19867475652422756,0.8207338978945662,-0.3425572477495011,-0.31645150268058164,0.3094722668832982,9.020562075079397e-17,0.6696762972755884,1.0893155303421864,1.3891629463197215
1282,0.1452402722943472,0.2786276391542558,0.8549425905736794,-0.8248231044832108,-0.5598866630868086,0.31230760934677027,-3.642919299551295e-17,-0.14005679842089575,0.7896204117370462,-2.3426727725616656
1283,0.12388012170929576,0.24821820329779876,0.8199917014775471,-0.12016397752817093,-0.1304558434337723,0.32302720158730935,-2.6020852139652106e-17,-0.2894500628017843,1.0454308738702096,-2.374115438263828
1284,0.12360795178340102,0.1897086268669175,0.4447030419064095,-0.1377947779237286,-0.7309462445790031,-0.22515283877214845,-3.469446951953614e-18,0.23089873524690893,0.8459980781095144,-0.9130974881279672
1285,0.1283673253319972,0.22917100255734385,0.7456670288129293,0.007503751125899998,1.6426841600936937,-0.22500756695694593,-2.42861286636753e-17,1.8628364635863521,0.20535974006109575,-0.9280386822148675
1286,0.12272228354400488,0.1963061264861542,0.9892599071620389,-0.594048205167028,1.6426841600936937,1.0082623040500225,-2.7755575615628914e-17,0.5191676308808258,0.8798055241976354,-1.6690436839300542
1287,0.13546518080514194,1.9437208183461474,1.0416805835461378,-1.343184836165345,1.6426841600936937,-0.23387800629668307,-2.0816681711721685e-17,0.9950131435457745,1.4246032490712854,-0.9207701386995766
1288,0.1378073376919074,0.9809577660739461,0.5675859977698483,-0.5965804646978832,0.01514034060039977,0.3178247921747546,-1.214306433183765e-17,-0.12709760001267062,0.26362874204666664,-0.9337801370696394
1289,0.1449039533965842,0.2642178508536021,0.6021689010967283,-1.2215231155550823,-0.03251472715188608,-0.23031375837637633,-2.0816681711721685e-17,-0.257311473421007,0.4660467831002696,-0.15201341338896726
1290,0.1377546313292842,0.20920533511990813,0.3069905121939813,-0.7139758550522158,-0.5066111898595905,-1.0154461570190931,-1.3877787807814457e-17,-0.00983942214820179,-0.09129327933057134,0.5905738043807202
1291,0.13424584803889103,0.20962530808970956,1.0430594381152833,-0.9626297476974587,1.6426841600936937,1.225761881481521,-2.6020852139652106e-17,1.657361024105311,1.4406142605269971,-0.21992508276513825
1292,0.1283759869193403,0.21233156468051614,0.20614691911162403,-0.9531920509519172,-0.2181180414246322,-1.0164492538249885,-1.9081958235744878e-17,0.22670659079699043,-0.7411728191765059,-0.1582603281480598
1293,0.12583659145489076,0.2628000312790138,0.08022575962563747,-0.6472787029309375,-0.9258840379417985,-1.0048532409698425,-4.336808689942018e-17,0.26300402875575174,-0.7103167503015441,0.5905608207214335
1294,0.13001116995506856,0.4690879734714845,1.022866059806057,-0.4414077770002992,1.6426841600936937,1.2268528359434598,3.469446951953614e-18,1.1060520566292353,1.5454352646771026,-0.16694598317620266
1295,0.13285811113360108,0.18178203535678164,0.8102590484916038,-0.9957200089001275,-0.4388417616753031,1.2287525309475504,-4.163336342344337e-17,-0.009954646166974175,0.9837557975729451,-0.1761624920974098
1296,0.1334786873280659,0.2340078401328747,-0.18647255266841803,-0.17547972356105,-0.15623457099725174,-1.015492617022048,-1.9081958235744878e-17,1.1086700862373664,-0.7563628655971877,-0.12502776139787025
1297,0.13055286483469547,0.20955182070841585,0.05975823816376122,-0.619753429428537,-0.5188053932124363,-1.041818068534501,-4.85722573273506e-17,0.0007448518032577855,0.5817111370737521,-0.8339320072460418
1298,0.1360906974587876,0.28639388168719065,0.12555787134978863,-0.2570036717696918,-0.3611931925813168,-1.0154902729024315,-3.2959746043559335e-17,0.300524567387941,-1.7069115022706272,-0.854572849040947
1299,0.12828147584283453,0.3769367172769825,0.12827281579196875,0.05410086583510051,-0.3445017620931797,-1.0031004171896827,-1.9081958235744878e-17,0.2988709518022749,-1.7233246678691447,-0.8991166553812805
1300,0.12198256443664875,0.18538311290445875,0.40570633757342767,0.010529220482870052,-0.5544034918716872,-0.23024763643260762,-4.163336342344337e-17,-0.7209060098798817,-0.7992171312867858,-0.1580084338879289
1301,0.1272665299641968,0.2198039148971681,0.42224769049623745,-1.6598229387423638,1.6426841600936937,-0.23477996879020144,-1.3877787807814457e-17,0.10348038352136922,0.1435939677625234,-0.11689611964759408
1302,0.13587143168893223,0.28951803134214765,0.9181735918594636,-0.5735389772508196,-0.2078493952278291,0.7147470140058715,-2.7755575615628914e-17,0.0454219460150671,0.801764848750132,-1.6229048576944438
1303,0.12241973645164704,0.19935611104747664,0.8665218864061779,-1.553957432973282,0.17007490588973595,1.2253711632204012,-3.642919299551295e-17,-0.828252124461414,0.8854228388803999,-1.6379663881496949
1304,1.5777542259949584,0.20891181174109208,0.07402112055814124,-0.859784219313967,-0.3730077358525001,-1.0322067630935081,9.020562075079397e-17,-0.5953425433776511,0.6605483057274545,-0.11007433086604233
1305,1.5829983963425533,0.1961055425422419,0.5733815703478555,-0.1674386877793711,-0.15420722776088627,-0.23512356661074707,9.020562075079397e-17,0.1592701451712236,-0.320565490110748,0.5726587400375123
1306,0.1333333255480999,0.9757642037545129,0.5913389440372743,-0.2616267642024307,-0.6812520729296506,0.3061600442007926,0.0,0.6157868931865631,0.7373415551120728,-0.8587082838276691
1307,0.12305262505167247,0.19859876964028522,1.082650391425376,-0.3858952584898811,1.6426841600936937,0.7114325683462169,-3.469446951953614e-18,0.5309379317284482,1.1922441863800708,-0.9549491231294874
1308,0.12868355894000913,0.18842351768648438,0.5866521143311167,-1.3236325170122067,-1.173820513932342,-0.24311787480158692,-1.9081958235744878e-17,0.41145517270532217,0.45242607289062586,0.6194770715357599
1309,0.131320475399633,0.21118686477279405,0.9280985942411785,-1.026171904503521,1.6426841600936937,1.2231162087863297,2.0816681711721685e-17,0.949650402683706,0.0673712035410434,0.6234100533138798
1310,0.13498533315329267,1.5728715411943175,-0.15354259780932744,-0.5175167979775416,-0.4984330466424179,-1.0192639778999257,-6.938893903907228e-18,0.5718124253361068,0.7235603119783962,-0.18216360969864226
1311,0.12504329459561322,0.6090677419017522,0.857449483031021,-1.2744439922378,1.6426841600936937,0.7125204383840049,-8.673617379884035e-18,0.9739268826052385,1.1747240233528828,-0.17382701493374536
1312,0.1289267677781803,0.1890243406032827,0.7284340182801803,-0.29527608058859667,-1.0237991276928144,0.7216702336637068,-6.245004513516506e-17,0.057617783488327336,0.36503977101662527,-0.9098958075198657
1313,0.13524018175476385,0.18970766902410036,0.1910170485036225,-0.5080647212385971,-0.5438092083599507,-1.0010971601899528,-2.6020852139652106e-17,-0.21906410348279673,0.7957710881725052,-0.8917452594125866
1314,0.14122983619709625,0.2019101518195114,0.8162802512438385,-0.8415070970955993,0.02139163310097958,-0.22708131692016292,-8.673617379884035e-18,1.3487288052124375,-0.279767415163034,-0.1355581421879608
1315,0.1267407723487018,0.2398693947053473,0.1756302823377735,-1.2948148621404525,-0.8627325841191559,-1.0184244484610825,-2.6020852139652106e-17,0.568595703322494,-1.0735577040053306,-0.8606463523678477
1316,0.13472936382665515,0.24102839448404628,0.6052846291108029,-0.30266895231291396,-0.5403497101031947,0.3205919812564295,-1.0408340855860843e-17,-0.4116030577188936,0.5706549399140781,-0.8775707042249173
1317,0.12147685776992609,0.3935612352726663,0.9610384337596494,-0.8439078506290694,1.6426841600936937,1.3980243044373308,1.0408340855860843e-17,0.37895392990580035,0.8723847589565153,-1.6013309600474543
1318,0.12803830852157816,0.26069491991484545,-0.061188430218685225,-0.14814339379221605,-1.2015391752797246,-1.0303591900724636,-2.6020852139652106e-17,0.10207497739083654,0.07391385004219166,-0.8889575064548444
1319,0.14014026112391312,0.21482940446173518,-0.008269235352010317,-0.9081366173331051,-0.4441358229508788,-1.0160985374555809,-1.214306433183765e-17,0.1248430574156791,-0.18201473108655597,-0.9141157683780515
1320,0.13134881929415562,0.24331109240357676,0.7830232313609573,-0.023172572181600973,0.07246691277781851,0.3166978284159409,1.734723475976807e-18,-0.4951805951921944,0.6495667450314182,-1.638169693486464
1321,0.1275819847253181,0.2700684255401709,0.5274816948223771,-0.8088239360170207,-0.813069831804755,0.3203441546030429,-5.0306980803327406e-17,-0.15209434232449676,0.6277859131140838,-1.6805176678665372
1322,0.1333716585701321,0.22198051274543062,0.6822883652199974,-0.5687967747459428,1.6426841600936937,0.3200313789062846,-1.0408340855860843e-17,0.26191567676701877,-0.3393011998128854,-0.8630763911802101
1323,0.13257452345919465,0.34250960329383034,0.5519599346098434,-2.0312810961780134,-0.09274135373247623,-0.23392301509624566,-2.949029909160572e-17,-0.3671434611252607,-0.01825489351636946,-0.142866662734211
1324,0.12240656345579395,0.5172566295448972,0.7815792622244139,-1.0149169262859925,-0.8386509938766322,1.000936745581204,1.734723475976807e-18,-0.0702668126316426,0.9379801802371,-0.9648467398669277
1325,0.12571063688358258,0.2130835687700801,0.4880111484132513,-0.5913932978873869,-0.45522949621379755,0.3161983107885819,-1.5612511283791264e-17,-0.112917527981617,0.6107211480865734,-0.8863956479681931
1326,0.1272906120198358,0.19884383406992587,-0.5355132351324362,-0.424943484036167,-0.4077117209050838,-1.0115486027548584,-4.85722573273506e-17,0.2346056425366123,-0.43268514359400484,-1.6600191680763368
1327,0.12431577650846605,0.16874016957605237,-0.3274752596605357,-0.03371738162996996,-1.1234453002650338,-1.032155680539766,-6.938893903907228e-18,0.764824779609705,-0.8654556263288382,-0.9205802808236155
1328,0.1429732453797426,0.22559110621163803,0.38382490375236944,-2.0653258604291778,-0.29868602383393084,-0.24492155625454912,-1.214306433183765e-17,0.736782175731763,0.06420885427535607,-0.9384024580245806
1329,0.12998944653189495,0.23464076489791527,0.5547780635756879,-1.1844343641821828,-0.5221402312449894,-0.2368879200505291,-3.2959746043559335e-17,0.5720302162652161,-0.018951832981290617,-0.8872544689365829
1330,0.1300294002968412,0.3432783975745605,0.40286084568866326,-1.083721952246297,1.6426841600936937,-0.2399961260095646,-3.469446951953614e-18,0.6031669966898942,-1.3955413883626286,-0.16843365972109636
1331,0.13765146189151273,0.32446706859147545,0.4859334912323345,0.2652781222891685,-0.3705341303228009,-0.2270435675906192,-1.734723475976807e-18,0.6056185647765213,-1.393846158527469,-0.13717051403809993
1332,0.14212390422475327,0.2056654484056259,-0.1153879478926399,-0.40134624387745543,-0.05887028703240981,-1.0043963773466653,-3.8163916471489756e-17,0.14604447841177232,-0.9609190182000713,-0.17109977761440667
1333,0.12883090956263293,0.23650887663569845,0.9378369936237356,-0.9282419404900711,-0.4499732275683406,0.7171273882295083,-5.204170427930421e-18,1.1331167233658401,1.0518591572386684,0.6078449368917298
1334,0.1339376263672105,0.6158140048906966,0.17504734978082115,0.21195235635454265,-0.5965583190043892,-1.0279485882278683,-3.122502256758253e-17,0.2480521499967509,-0.6503459087160172,-0.18950578954206468
1335,0.13732106225043494,0.5540780703154109,0.13060174554348108,-0.7765365431168789,-0.8353457010544311,-1.0195960203792618,-2.6020852139652106e-17,0.4302878690438892,-0.5913120538614324,-0.13571642973414175
1336,0.1367448871956685,0.24032696953864338,0.4755191669494795,-1.3432814540991094,1.6426841600936937,-0.23357240075263963,-4.85722573273506e-17,0.29094952952628267,0.4936186398353451,-0.8973324873197046
1337,0.1326318643610074,0.23820764670910485,0.670387871334938,0.11757600757701692,-0.47969105148038715,0.30776985609732294,-2.0816681711721685e-17,1.3908190002783443,0.4643823348312683,-0.10397621729335882
1338,0.13046780483529805,0.21585383104168157,0.7137191784360238,-0.34101310569591453,-0.9817697467026031,-0.22829301000355218,-3.469446951953614e-18,0.08949296955401566,0.8965729799765266,0.5350007840287576
1339,0.11983411078936147,0.23090496793799647,0.6594392861151237,-0.11468766951044522,0.15570402373583284,1.2263616749681923,2.0816681711721685e-17,-0.12128874692640379,0.7908628040521907,0.5306579705800082
1340,0.13747254902473288,0.20628696406501187,0.2700357791223945,-0.8074708502429937,-0.4933139271109696,-1.0118411041792081,-3.9898639947466563e-17,0.6609190725756283,0.46634288229404963,0.6102977096357174
1341,0.13309073885927922,0.14333744164737125,1.0135212855272349,-1.0485423041161481,1.6426841600936937,0.7126307383924543,-2.42861286636753e-17,2.4853407010142896,2.114570077693911,0.6215142663926526
1342,0.13465969424684013,0.258212042232683,0.6873613618262469,-0.5807164460142202,-0.5929053643955524,1.0036453910669612,3.469446951953614e-18,0.3929791081096173,0.3159871081125877,0.5999475873879883
1343,0.13589936012686177,0.20476328276892672,0.9870336705788209,0.0664980219396253,1.6426841600936937,0.3186398762021646,-2.0816681711721685e-17,1.37851338122579,1.165617627352482,0.6042079485450716
1344,0.13241031628133423,0.16353170162478978,-0.15654598870188818,0.17671692997920213,-0.3971176077863399,-1.0219812869883695,-1.3877787807814457e-17,-0.18484918354884078,-0.3953787734731661,-0.10067378141999997
1345,0.13188465564064172,0.22521879637176054,-0.1324304626329588,-0.5303094063084635,-0.5954446377541965,-1.0165866242068338,-1.734723475976807e-17,-0.18941989831008058,-0.15574894942885514,-0.8644388460337195
1346,0.13691242103724766,0.51473850912774,0.4869025952334763,-0.5420912460953795,-1.1668157089339288,-0.2501634969813194,-5.0306980803327406e-17,-0.3159795237540198,0.23806467339952608,-0.9060592017131668
1347,0.1281163431904442,1.670969421600195,0.9295282144416235,-0.7241963778553178,-0.5564081223994368,0.7125949332918895,-6.938893903907228e-18,0.7481917082866429,1.1753783882022424,1.3559925161562754
1348,0.1271103999226003,0.2504697509810556,0.630336090144521,-1.295073494510478,1.6426841600936937,-0.2209185133799588,-7.112366251504909e-17,0.8806800201575647,-0.17165212120710616,0.6217820639374051
1349,0.1424807611916038,0.18246657243787207,1.0406478903594034,-1.4189994403860462,1.6426841600936937,0.31871125349971263,-2.6020852139652106e-17,1.3205361638701214,1.2407660461868513,0.6207926159015223
1350,0.11596940739571893,0.21856469611248264,0.9151409896298889,-0.6314198174307274,-1.4059290015249208,0.7163699308028183,-2.42861286636753e-17,2.4303887272396585,-0.453182925770307,-0.17314735080463983
1351,0.13354656522241587,0.3038673110258728,0.7156433783276694,-0.06650276206143728,-0.5838388221156466,0.7126681469795658,-2.6020852139652106e-17,2.221056489731148,-0.19802444294675542,0.605596200322914
1352,0.12008436659191983,0.23518911015296035,0.4242301621348194,-0.7867187529152894,-0.8530348422357198,-0.22256339024127847,-2.6020852139652106e-17,0.21793662742618977,-0.8865929068736493,-1.5645718071470303
1353,0.12598845418229815,0.3662537748858661,0.5101214686576395,-0.8023736668818183,0.05386943520482941,0.3191950218279712,-2.7755575615628914e-17,0.48041141899913536,-0.7706844207046546,-0.8934061427662954
1354,0.12823699678670694,0.2726197068902828,-0.22914400643047647,-0.5497794355857674,-0.2236846077571339,-1.0211233469994394,-1.9081958235744878e-17,-0.09597944023900204,0.10141618609370616,-0.9930067166798726
1355,0.12186822211517036,0.25030902689595835,0.421409584577898,-0.2860111705684685,0.06031996308235009,-0.22470244845149237,-4.163336342344337e-17,0.026145782085036335,-0.24564328259865828,-0.17498604146324026
1356,0.12715338550424635,0.2809407268876738,0.09008086134505282,-1.2435253240062398,-0.24007717579910648,-1.0265762598020574,1.0408340855860843e-17,1.3992964668869692,-0.5879560423031697,-0.14290033311653175
1357,0.11863304241614954,0.19814161123324975,0.24292051298101322,-1.118111881966515,-1.0657935105541567,-1.0168682890604237,-2.7755575615628914e-17,1.3923536669702077,-1.0708024101554288,-0.17104216912692838
1358,0.1273648708045392,0.17604382342420183,0.5904181672801292,-0.6077755324391413,-1.0220364648697835,0.31727089461158803,-1.3877787807814457e-17,0.24157869360954692,0.3369910957259776,-0.17311869968220792
1359,0.13717047296596818,0.1803663827642025,0.5098918754543041,-0.546683589631762,-1.5112109468101842,-0.23708502071079307,-3.642919299551295e-17,0.13032925018117889,0.20104101131553248,-0.15085507374448065
1360,0.12608104813161022,0.23373100549533715,1.08216064303097,-0.2442120597186049,1.6426841600936937,-0.23078316758864767,-1.734723475976807e-17,0.39350881689071776,1.2290888208894069,-0.8571753809417423
1361,0.1468798940732305,0.17500233710850427,0.5291888254814494,0.15243338644492563,-1.360469301114926,-0.22968418723265743,-5.551115123125783e-17,-0.5033532291905357,1.037236992475561,-0.9408693360614359
1362,0.13962531256625807,0.2533627738515859,0.9456839500683075,-0.20724543570904744,0.3151153507739464,1.2257687644193997,-4.85722573273506e-17,0.28332442767928,0.19726144117253636,0.5616898169290885
1363,0.1147996263274139,0.251001768490598,0.8651849213398407,-0.9819025159621796,1.6426841600936937,1.0088332485224778,-2.42861286636753e-17,0.3819044936969176,-0.09591987756685831,0.6190261897471205
1364,0.12875553682493623,0.24585770945684102,1.005587527685025,-1.3490127848528086,1.6426841600936937,1.397376091467414,-1.734723475976807e-17,0.29462610417504315,1.486285878595951,-0.8731858454007878
1365,0.1267696620657732,0.1722258534803709,1.0052560831876491,-1.2866181362195144,1.6426841600936937,1.0058295092735876,-3.8163916471489756e-17,1.5062215170272848,1.0636075939240854,-0.13039164363232714
1366,0.13068673853940355,0.40368533609661206,0.8125289970337282,-0.6059369348731957,0.08695039065959309,0.311991794265413,-3.2959746043559335e-17,0.8318029139189874,-0.41982876603747604,0.6080392780589634
1367,0.13249038017032316,0.30296298827208434,0.6588664819302832,-0.8405397915381795,-0.40881328645170734,0.7181439095578737,-8.673617379884035e-18,-0.05757232270619551,-1.3340242144620342,0.5840146486903197
1368,0.12478437764624038,0.18030008482941012,0.2879180278427071,-1.5277123345609565,-0.1610179346175228,-1.0005625709477917,-1.214306433183765e-17,0.27010095806686396,-1.1614852679457792,-0.8870017010768131
1369,0.13075724238819328,0.15224516221653756,0.45681292345787494,-0.7545255392526163,-0.9997497600023381,-0.23135051728661365,-3.642919299551295e-17,0.21046313653179852,-1.1485848012240707,-0.9019275055744043
1370,0.13549994092341008,0.31963789250889474,-0.09760695971385813,-1.004770785441683,-1.1100855185430862,-1.0230568830873108,-1.734723475976807e-17,-0.6978182453084033,0.6230826372938965,0.5712423011816258
1371,0.1264078445681502,0.460266868822465,0.9037893849104081,-0.5118329877484472,1.6426841600936937,0.3189532111587093,-3.469446951953614e-18,1.20101279588561,-0.18813935902574028,0.6117676743488365
1372,0.13058870378818047,0.2271447807418195,0.6957402955871201,-1.408446930832536,-0.5375272289528564,0.7183509187275388,-2.0816681711721685e-17,0.44495601248085603,0.3507764659729987,-0.1087298290586733
1373,0.1253811341280041,0.2567729759740455,0.6773513429536073,-1.1665320721623929,-0.37736727002866266,-0.23561953793859372,-1.214306433183765e-17,0.1355015598855658,0.918268749210911,-0.13117074931101774
1374,1.5813774580383142,0.2652856218197175,0.4224499733075049,-0.7300692864222306,1.6426841600936937,-1.019377404762266,9.020562075079397e-17,-0.05245360872538682,-0.8326989914017344,-0.2029104608393225
1375,1.5839920869857054,0.22994527220482106,0.24014480362483084,-0.7343008667681458,-0.26346440427877,-1.029317356405754,9.020562075079397e-17,-0.11788806345795111,-0.8563595251005105,0.6237762377829715
1376,1.5848940976443036,0.21441744639614388,-0.03826632755797526,-0.8864659503536729,-0.8929187175947052,-1.0280784940787173,9.020562075079397e-17,-0.27839991179417867,-0.9337782120853529,-0.2048051083183348
1377,0.13017116273077425,0.18747479354881733,0.3074026861734208,-0.7964994064735145,-0.8903684908027083,-1.018963019551984,-3.122502256758253e-17,0.3297035637945504,0.4883915469313326,-0.13236105951929467
1378,0.14927532672479182,0.2122084426273328,0.8736481640500852,-0.29060624235561405,-0.041631245113488466,0.3153227422956975,-4.85722573273506e-17,0.26109060159671527,0.9356557183581435,-0.1315364185602405
1379,0.13892508988064714,0.25094050003883955,0.8750595464679238,-0.17988109223912088,0.33178998053688397,0.7165601979982639,0.0,-0.0265415632910238,0.9415218597813672,-1.6558731981087726
1380,0.12860026912849792,0.19939290888672587,0.4236559697327376,-0.6021327024862,-0.8243497132789869,-0.23833925660942695,8.673617379884035e-18,-1.1611128273060705,-0.48524501794509767,-2.359211505743424
1381,0.13883801976120513,0.9579611839606198,0.3206838037675906,-1.20066224487836,-0.5790656653385512,-1.021850595280196,-2.0816681711721685e-17,-0.7430250837891899,0.3845709086732812,-2.367065155906325
1382,0.13959186755173156,0.23019871145189721,-0.23399102269854116,-0.6569139833550476,-0.9872714655723399,-1.0335408634291352,-2.42861286636753e-17,0.19571868938642123,-0.813695042229701,-0.8578503125628777
1383,0.13522360960162738,0.210963067597684,0.7576626054628295,-0.5339882922556564,-0.430255535827761,-0.22806805631517899,-2.2551405187698492e-17,0.5498044880884275,0.14926170840204817,-0.9315013679793194
1384,0.13977147033682358,0.30568046752026795,0.8331559912529782,-0.25149646673864157,1.6426841600936937,0.3194546481999422,2.0816681711721685e-17,0.4435070697303606,0.9633866330641789,-0.8910710833964466
1385,0.1281565799364268,0.4070438134757035,0.10869414907781351,-0.7313185026530145,-0.29654021463654656,-1.006282009611981,-1.214306433183765e-17,0.39979662410489797,0.10628339009647668,-0.09961778707813183
1386,0.12411653096739446,0.2663902211616606,0.8249979114969773,-1.1249460039271135,-0.7842948574336024,0.32233117911144155,-3.469446951953614e-18,0.3196839954364801,-0.26165579767805763,-1.6566919439105927
1387,0.13648228612577942,0.17406085997003742,0.5475519874743098,-0.6126138782765235,-0.27237758089402037,0.31556576325008906,-3.2959746043559335e-17,-0.19349385357601728,0.5516770915202172,-1.6634367901761482
1388,0.14373134590639491,0.19399438716965137,0.7832790159609433,-0.5366692266980488,-0.4745877986971582,0.7164883388684091,-1.734723475976807e-17,0.10837686998302343,-0.38678740706618375,-1.6466556221122703
1389,0.1289887548139696,0.24813503829608907,0.5842155373708985,-1.8329631067184657,1.6426841600936937,-0.22437236013706346,5.204170427930421e-18,0.888934789588174,1.0532788260620762,-1.6429499973120436
1390,0.13066637398745062,0.7510793692212598,0.8481545093700357,-0.4055000269700191,-0.5934119613251174,0.31749380233195174,0.0,0.0914254228524398,0.4272743125035539,-0.9092311187331327
1391,0.1291860447803591,0.4830660868600692,0.5918492585321643,-0.9555029329601635,-0.25840878970660036,0.31470516358430417,-5.204170427930421e-18,-0.41114361703627894,0.3805187539529232,-0.9147200034962433
1392,0.13679730951953623,0.2779444383678334,-0.014267040838118177,-1.0190431426214885,-0.29112773737120345,-1.01721323348491,5.204170427930421e-18,-1.0837261452481632,0.028875462557065554,-0.8623613530387542
1393,0.12472141122230947,0.5767780736514126,0.7906006092621092,-0.5822182294353903,-1.3784810612116607,0.7083913751086129,-8.673617379884035e-18,0.1580578825741632,0.49846115084535525,-0.12766833469312194
1394,0.1354858382369653,0.1647087428890911,0.4176851887250421,-0.389687049756468,-0.5567739353966812,-0.22880795652284175,-1.214306433183765e-17,0.8017689919432822,-0.02834051550361585,-1.5785811331398458
1395,0.1315819605078074,0.23966447294654433,0.7406843536601914,0.0981244048623505,0.26473116162408705,-0.23600336934473815,-1.734723475976807e-18,0.9102667613979919,0.060523200023256056,-1.6090103306561594
1396,0.12826212064739784,0.1694886448267514,0.414107489961693,-1.0021464936625901,-1.138644178828272,-0.22465345800554049,-3.2959746043559335e-17,-0.2585231498621563,-0.24607686111120283,-0.1552727251824682
1397,0.1369829655755362,0.2376059311483646,0.5317583220107772,-0.6088361962515785,1.6426841600936937,-0.22246182022908267,-8.673617379884035e-18,-0.4243148949678174,-0.7120071729796615,-0.1718889922156706
1398,0.12731145245333766,0.5099769621348673,0.8992000153519542,-0.39635277991861445,-0.892558733381173,0.7163472202980724,-1.5612511283791264e-17,-0.3810291016849559,0.612684760826457,-0.19915667740509288
1399,0.1373118636540663,0.7801466781454061,0.9994164710421106,-0.22959701040827538,1.6426841600936937,0.7146082145169986,-2.42861286636753e-17,0.38256021938338375,1.0507817708850569,-0.15824175471755575
1400,0.12439272232215345,0.1852785336163917,0.7086423452073151,-0.20532790779897434,0.3812549961865159,0.31786929069611486,1.734723475976807e-18,-0.1673500342093785,-0.4935035305406734,-0.8793201782540546
1401,0.13474436335861067,0.5663198563489227,0.4733085029564171,-0.8085327087462953,-0.4824323963715986,-0.23440439217539574,-3.642919299551295e-17,-0.7530572000059038,0.9932121392775376,-0.17295473819218848
1402,0.12626419941680994,0.22466324321130138,0.021198573988680254,-1.271129212762398,-0.8579527145176695,-1.0122340482188372,-3.2959746043559335e-17,1.1572538581659124,-0.7207111453703008,-0.8906040807382712
1403,0.13235164691251156,0.22851895940252293,0.7371096481411158,-0.25212539148882007,-0.7546321941218955,0.3138929175560544,-1.734723475976807e-17,0.6456968970588294,-0.30247263031633165,-0.8941158495454608
1404,0.1292578385082554,0.2186286332109685,0.9985771684869174,-1.1438306132358877,1.6426841600936937,1.004131723679708,-3.2959746043559335e-17,1.2813262574798499,1.1094772473937553,-0.07803189917655437
1405,0.12481777695895827,0.2386792497516875,0.4785613973436842,-0.4802264700330672,-0.14451902695277127,-0.22981267656346274,-4.163336342344337e-17,0.14706802501481028,0.38156369494336667,0.6243023699024501
1406,0.12182414489674721,0.5540349414066693,0.07353241797155342,-0.5506713868133059,-0.17350931124103522,-1.019176281974578,-6.938893903907228e-18,0.25496892733241694,-1.7236460318049471,-0.899523457845765
1407,0.11445546550033493,0.3800229174080723,0.058297024636503096,0.038114711460576774,-0.24498186388761228,-1.019486192192944,1.734723475976807e-18,0.2467393744693018,-1.6933036771698085,-0.9084728865473154
1408,0.12694050034840315,0.20256148113430109,0.26273404400210243,-0.46378398987419595,1.6426841600936937,-1.0187554088947723,-1.3877787807814457e-17,-0.6587371468985346,-0.7783327380097648,-0.822670678442246
1409,0.1323176280892174,0.23409479416032627,0.3569087084924896,-1.751654837658364,-0.10595183763912194,-1.0037155800421564,-1.214306433183765e-17,-0.7416105099488547,-0.7933872085348331,-0.8639678137534816
1410,0.13606037874300794,1.111705463000007,0.7790705976489682,-1.253384445775523,-0.1748477623673796,0.7122844228525911,3.469446951953614e-18,0.2857254950220017,0.8387682535705486,-0.20846924157574356
1411,1.5834573546589024,1.9437208183461474,0.61885538629843,-0.3264433627034554,-0.4071066003285107,0.3263886888443537,9.020562075079397e-17,0.35439143378614013,0.6449413653295927,1.3679127657979426
1412,1.5826405227172957,0.1624182437861531,0.8424535620732233,-1.0943287775106583,-0.728177284530375,0.3177770844642382,9.020562075079397e-17,0.5711724663414458,1.0705807028707695,-0.14824315742366811
1413,0.13190913207856755,0.1997238689913952,0.5003513713290283,-0.4472933741208913,-0.37764241244914587,-0.2365595934502946,-3.9898639947466563e-17,0.1458243071485932,1.0385127817974353,0.6092747216889861
1414,0.12383755827368498,0.2503340796805829,-0.5690692410240455,-0.8931964075083559,-0.49826516381059743,-1.0122845399427196,-2.949029909160572e-17,0.4649831095988011,-0.7303015374627873,-0.8686459561774211
1415,0.12838042466206764,0.18850591461310667,-0.36079610669412077,-0.4908179391901335,-0.8667050451839099,-1.01582722835608,-4.85722573273506e-17,0.8487264259668915,-1.2796048404157225,-0.18880085813956518
1416,0.12767410310692773,0.21243265608961745,0.7741756869637942,-0.6856617461978547,-0.1662392327575878,0.3114075485525329,-2.7755575615628914e-17,-0.07661734418801856,0.45378244768276604,0.6354917108079741
1417,0.11941037108686647,0.21256585607326148,0.2860363272757896,-0.4848633963993204,0.01620662520588018,-1.0048929916353335,-1.734723475976807e-18,-0.6594274044560613,0.09331128119617214,0.6152102389187604
1418,0.12126838656780427,0.24349616181925546,0.39984372732284723,-0.2346170071855765,-0.14334225669095557,-0.23256083389613647,-1.9081958235744878e-17,0.09346572708573887,-1.2282306804513052,-0.9540449845136479
1419,0.1303232686070744,0.21003221631218738,0.9076203898526323,-1.480212111175144,-0.5764991043694502,-0.22348373961198184,-1.9081958235744878e-17,0.7115992948003899,0.991331400200064,-0.9010486899666883
1420,0.14553801210496078,0.19356165354272678,0.7311333761952901,-0.5033001403936679,-0.30360254027117556,0.3205942081106133,-2.6020852139652106e-17,0.10290947323570886,0.36751210305007637,-0.8827310496381321
1421,0.15079505701466464,0.22617977875601641,0.9182891350243155,-0.273311630495878,-0.6968580932099909,0.3179717952201134,-2.949029909160572e-17,0.6622453619527221,0.9406456547691122,-0.8703930859019987
1422,0.1431112138524579,0.2529182299109045,0.28204207648162377,-1.3357799565889827,-0.09069260867429249,-1.0306957664130676,-1.214306433183765e-17,0.5220735453904941,-1.096422109233862,-0.912210828663564
1423,0.12989942917879693,0.2705678974652638,0.07304086059888765,-0.590631441273477,0.045275482360992624,-1.0448221766380106,-1.3877787807814457e-17,0.352958106787922,-1.1241889222517334,-0.8985178163338856
1424,0.1168665502050695,0.27652008363467945,0.3133952821374625,-1.2200393419400661,-0.5465331526182591,-1.0170733380028385,-1.734723475976807e-17,-0.9180012200706059,-0.34672506205372805,-3.0808149176855126
1425,0.1321025895162284,0.4263043887650047,0.19943099787297405,-1.13772427773718,-0.013740823172870087,-1.02395528868165,-2.42861286636753e-17,-1.0332298155517872,0.14801530066384205,-2.4014045336762813
1426,0.1313181117642168,0.3177991359653866,0.5323314465197779,-0.9848478650962555,-1.1008254078155493,0.7136681701673493,-3.2959746043559335e-17,0.9350727620367384,0.4021024243560903,-0.8313081781609781
1427,0.1320506551492854,0.32455390008873164,0.10234757926125651,0.1688042462395595,-0.7535151169539892,-1.0164362567214578,0.0,0.2620763096054945,-1.7640735576280329,-0.8439301661034299
1428,0.1335646398101291,0.20367961051217864,0.8610370862783118,-0.4509985709937984,-0.8124695447227299,-0.23150646749631446,3.469446951953614e-18,0.999221170633682,-0.5824499783369198,-1.6103684878882794
1429,0.12074652696428492,0.21393344031635092,0.31174162186535476,-0.5395883305102167,-0.6174556110200565,-1.013214294063676,-6.938893903907228e-18,0.5351537748859262,-0.09747183209459784,-1.6868288803600064
1430,0.12613126938677055,0.2630456542269209,0.6591357472581197,-0.2722390549425313,-0.8316221773453509,0.711794729444026,5.204170427930421e-18,-0.05089317242546251,0.5725575384607267,-1.6518346184073398
1431,0.12307138370827099,0.24045185530935942,0.9423298893404846,-0.17138529630151,1.6426841600936937,1.224160572474233,-2.2551405187698492e-17,0.5340917142311254,0.9275759050840132,-1.6343494990644483
1432,0.13038079426450153,0.23279961075349423,0.48314221768620463,-0.8877340391041235,-0.9122599002572693,0.32461168712192234,5.204170427930421e-18,-0.5475542010429403,-0.4135109580134769,-0.8994594998486568
1433,0.12971789417883622,0.222203040104194,1.0042747301393458,-1.4066883093056637,-0.49875170297045673,1.003690649903538,-1.0408340855860843e-17,-0.5348996367268622,1.1068546857574373,-0.9378629949160753
1434,0.12611636827432773,0.21213877741331244,0.611264703785118,-0.8555041754024062,-0.3131160237972839,-0.23531112995084658,-1.9081958235744878e-17,-0.3833986665208673,0.5887744455914278,-0.8817530040953616
1435,0.13565542505080402,0.23219865203526907,0.36671100473182433,-0.4588293196007155,-0.5360033114501382,-0.23622278629942614,3.469446951953614e-18,-0.7258941558494624,-0.505388246075938,-0.8930477111915042
1436,-1.3483786021151933,1.9437208183461474,0.26647694453666226,1.932364664753031,-0.13423409215465792,-1.0138843533398232,9.020562075079397e-17,-0.8956798881291258,0.4782289049359419,-0.12556490176594592
1437,0.12563094246052398,1.9437208183461474,0.8327573480634083,-0.4600295483358487,1.6426841600936937,1.226695203238181,-2.6020852139652106e-17,-0.21973529942400039,0.8786052184361555,0.6032270799956572
1438,0.13784496607292349,0.23342458426210003,0.3828784800928526,-0.7471637542566377,-0.2567003216917071,-0.24078520660038902,0.0,0.13597403860331525,-1.2284587051005085,-0.90727673682862
1439,0.12733675594236124,0.2491675552432206,0.20847166428922295,-0.9095589135921085,-0.7445499253601748,-1.0330011663338166,-3.2959746043559335e-17,-0.0015419006658547326,-0.2162818179105513,-1.680269974242803
1440,0.14032386655972476,0.2118077328479086,0.13903094418433457,-0.07271796181095,-0.34671447424386853,-1.017468949697544,-8.673617379884035e-18,1.2087229664284707,-1.4475399719829665,-0.9034767957754639
1441,0.1276329375782936,0.1883043602997892,-0.07640062115419156,-0.4082725153842672,-0.7004940709850823,-1.0181002864729847,-4.163336342344337e-17,1.126366125991682,-0.7354309799069579,-0.17004664661198154
1442,0.14368206647557277,0.14729823298883263,0.5134548945066021,-0.2874918556260089,-0.46394997698374285,-0.23384118728418474,-1.734723475976807e-18,1.0929761744350683,0.5933368417506583,0.6205043017088913
1443,0.12895231614780994,0.24256353027148195,0.9395867680860418,-0.6888983391545475,1.6426841600936937,-0.24484981191932548,-3.122502256758253e-17,1.5115003060087202,0.7851504227676204,-0.21373523564905766
1444,0.12975087314398262,0.4253806856625554,0.27647902147512193,-0.6917348268706242,-0.6823884233205533,-1.026271510424185,-3.122502256758253e-17,1.3855374495745558,-1.0365680863198061,-0.1703789460671513
1445,0.1459102407637858,0.19557758029551353,0.29236769921754807,-0.3435635393173311,-0.4402089863943303,-1.0273191027014403,-2.6020852139652106e-17,0.73532780135894,-1.1739750592301645,-0.18696151980606654
1446,0.12443603325410346,0.22348522464383333,0.5210091248783586,-0.13299721175379084,-1.2341135179409368,0.31833150247431025,-1.734723475976807e-18,0.4809752831366234,-1.192675662438205,0.6182427545075316
1447,0.13359646157169192,0.19235125364748365,0.5819725742901576,-0.2123361836358541,-0.29682574906258014,-0.22621440275331436,-3.2959746043559335e-17,0.18613723704005905,0.7832542526338265,0.5906242405151239
1448,0.13492247761030784,0.23283518058815642,0.48434972193734566,-0.5896872748995496,-0.6131700266317247,-0.25059017186579163,-3.469446951953614e-18,0.640160077637106,-1.3105853539649148,-0.9091251404153984
1449,0.13801815097601372,0.16532648233842387,0.49330027133909293,0.07943268338547609,-1.7823921724567102,0.3221597317141542,-1.3877787807814457e-17,0.6632469590685173,-1.2980866636547959,-0.917083505116684
1450,0.12835336850776458,0.2063707812812977,0.19661017693415814,-0.17776674761554523,-0.1407267228662156,-1.0224226365850433,-2.42861286636753e-17,0.7735437650413737,-1.1524771603298474,-0.16200503712135464
1451,0.1350477404111902,0.21657109504675331,0.26241163370840215,-0.6641522580076926,-0.328456175098279,-1.027096397687414,-2.6020852139652106e-17,1.4041625973469527,-0.9406617851037647,-0.17487829543168926
1452,0.12801017955189864,0.21660702934960377,0.37703177264633886,-0.16956841074056528,-0.39176207431301796,-0.2473520725276579,-8.673617379884035e-18,0.8743695088817353,0.5940013505790768,0.5595014676248364
1453,0.1370385995887762,0.15254601020921266,0.7291722182094785,-0.8766550240575498,1.6426841600936937,1.2246967566551272,3.469446951953614e-18,1.4051364866209357,-0.08125054594489763,0.5762086800407391
1454,0.11625505464505208,0.12867280912377194,0.3641054210682788,-0.02165764468689799,-0.6064885623628116,-1.0222220207685007,-3.2959746043559335e-17,0.41967938696429236,0.02734748958414814,-0.9207052991196847
1455,0.12068954474781474,0.216386822516307,0.4748954577187351,-0.5354637324931356,-0.32644832345533425,-0.24069459880464258,-1.214306433183765e-17,0.08375721472154592,-0.7257043840516604,-0.9599646794677996
1456,0.12731028647796055,0.26509878267930925,0.760562834730777,-0.6960903164536476,0.131339455700765,1.2262262577326781,-3.8163916471489756e-17,-0.03937301491883495,-0.02133992745916486,0.59216112712981
1457,0.11939744467635842,0.19532013325431782,0.8883902331746867,-0.21238425785809248,-0.267352187447124,1.2251014310882773,-8.673617379884035e-18,-0.04509308618604578,0.3043316521854268,0.6053769881477311
1458,0.1296661197517615,0.35386962398866767,0.8441399569000345,-0.5740238414822916,-0.07046535610120355,1.397316771419941,-3.642919299551295e-17,0.37696735497919076,1.1512637255639127,0.6293301352155127
1459,0.13518206733121288,0.21792397706492161,0.6249772482903679,-0.46865785572193075,-0.21268275846831922,0.7167314611149768,-3.8163916471489756e-17,0.22830462438939786,-0.16178897779344864,0.5989991283750506
1460,0.14197827010914593,0.20996697213792878,0.19163614728747963,-1.060083010061577,-0.7196223071550236,-1.035637037759917,-3.469446951953614e-18,0.7969410202707576,0.8855335964569215,0.6074790180597904
1461,0.12558545660178103,0.20415800131469897,0.03916936763904622,-1.6835270259058945,0.19216368626162275,-1.0143117308306686,-1.734723475976807e-17,0.7959709977072243,0.5100592631141049,0.5997668179401487
1462,0.12021656749234051,0.23622584155282245,0.7330538325898892,-0.842149099449484,1.6426841600936937,0.31909464088471867,3.469446951953614e-18,1.0332841047998587,0.010720950651546357,0.6182608210454171
1463,0.13522749044668247,0.18735922315229744,0.5706515645003509,-0.9516001205261138,-0.7017115600193059,-0.23759427606399142,-2.6020852139652106e-17,0.842897156261373,-0.07827371745212539,0.5569753949678236
1464,0.128721679398936,0.17992475850181608,0.5622043582735167,-0.8701685591738432,-0.40493485632498716,1.0070603206032516,-5.204170427930421e-18,0.8849241602748571,-0.23181735727340544,0.5415312024968139
1465,0.12810243209293481,0.2999423523485507,1.0491619599645539,-1.2364336587981914,1.6426841600936937,1.3973972403679367,-1.9081958235744878e-17,1.5458992158047908,1.5071759763587311,0.6169091123326804
1466,0.1340048002871516,0.17875319767866532,0.862259791865373,-0.17350672057779593,-0.5316871138170394,0.3186142472998532,-3.122502256758253e-17,0.8411270974880499,0.9207862987327025,0.6050170410076312
1467,0.1277910477657266,0.24519192186132274,0.9592248395373775,-0.12813870238346184,1.6426841600936937,0.31800241540726787,-1.3877787807814457e-17,1.8743257824968018,1.541625934996897,0.6339719352281372
1468,0.1356551116276726,0.18298573366399074,-0.5611022734467528,-0.005585816113452433,-0.8262772151687269,-1.0105266129801667,-2.2551405187698492e-17,-0.6393340568713382,-1.5357765284202092,-0.8520043859095187
1469,0.12721603313134852,0.21083802919609992,0.28803540232510216,-0.27153411817278544,-0.17668426240386692,-1.0296084422967047,-2.42861286636753e-17,-0.027171015287759476,0.4362512908419171,-0.1767789255896997
1470,0.12801409532198046,0.2330161201138782,-0.5449337261589889,-0.9259622660702527,-0.624208334273889,-1.010688422395777,-2.6020852139652106e-17,-0.5914332853089151,-1.244019683585526,-0.8878857446299177
1471,0.13147779105761892,0.20262817655620144,-0.5888363469640209,-1.1668069378559656,-0.4828805507720248,-1.0091497192686691,-2.6020852139652106e-17,-0.6460413920213536,-1.5312641233473137,-0.9162113752726304
1472,0.13199419082510422,0.7174893232466883,0.7056382450715949,-0.5334954879139306,-0.3855624341990523,1.3952246277619977,-1.9081958235744878e-17,0.17714375620542605,0.44454475446729325,-0.9191129655137448
1473,0.14284762230608328,0.26578748125028506,0.6031229275241057,-1.1471706145712135,0.13674662331579646,0.31263805573009606,3.469446951953614e-18,-0.5294546789866106,0.4735742249011567,-0.9010927076581204
1474,0.1276840272597265,0.5945164015514345,0.2037922953914786,0.026030728941037792,-0.7365185453499701,-1.008631645387248,1.214306433183765e-17,0.5053543236544281,0.1364633460692664,-0.15952224008117197
1475,0.13652556611459252,0.22766500466149245,0.5228800381632925,-0.7544164210831181,-0.6430520290645503,-0.22797180385937832,-6.938893903907228e-18,-0.293788216884852,0.8831125627912592,-0.14531591387453377
1476,0.13132364689458143,0.2165045174553949,0.29186347411354874,0.5805098274496259,-1.520943894217367,-1.0204683947489035,-1.0408340855860843e-17,0.6782665983863401,-0.30180456710486736,0.5678399239514343
1477,0.13961194299461768,0.1880887291381334,0.6863977891476633,-0.7877033964364694,-0.05348462473777239,-0.21978989696170692,-1.734723475976807e-18,1.1360581662957248,0.4773833612092121,0.5858256469944866
1478,0.13379466824179087,0.2521413177335272,0.8998270924899604,-0.3266632571021815,0.5830845513317997,0.7185635626877789,-8.673617379884035e-18,0.47000514188173975,-0.05930785379555714,-0.9308579603517264
1479,0.1397545073047006,0.2066522192645441,0.1628725728365099,-0.8513117128168961,-0.5897820564229882,-1.018144131519421,-1.3877787807814457e-17,0.16573888238230372,-0.2600116231495751,-0.876275583714764
1480,0.14681406716595394,0.19776426233049388,0.5532179044903761,-0.5889743834555833,-0.7575855737085013,0.3117509221673231,-2.6020852139652106e-17,1.9311289775668603,-1.089389537114832,0.6244840340663252
1481,0.13769713851802098,0.17938664084289258,0.49620865364049127,-0.2637936226347148,1.6426841600936937,0.3153833915677233,-4.163336342344337e-17,0.6962621895654393,0.8341387509361282,-0.1365636618906774
1482,0.13580863430232354,0.1957962746281339,0.4460798523970914,0.20431548405778024,0.6791668325377817,-0.23716787999090239,-3.469446951953614e-18,0.3207729071571512,-0.8594927925711355,-1.5733914468663455
1483,0.12474692455634155,0.18696273834007804,0.32796794091037607,-0.4265793240922408,-0.1385197730858794,-1.0306677931467052,-2.949029909160572e-17,-0.02462838295962166,-0.38495625212845236,-0.9239016944300044
1484,0.12206403811857947,0.24821615402932304,-0.5132791944165617,-0.8021473290119917,0.1267485975153968,-1.0236378930426957,-1.3877787807814457e-17,0.46186499784695934,-0.44868009731945296,-0.8546651015241237
1485,0.1272341336481773,0.23359441855630902,0.6403374222975674,-0.697531076454305,-0.29914381344090657,0.3090646564680345,-2.42861286636753e-17,0.4929669798085873,-0.4117154612255213,-0.8332973354725394
1486,0.13074419604278323,0.1770873039134139,0.5838891963370744,-0.46229823999022246,-0.7167619937840589,-0.22619938357095082,-1.214306433183765e-17,0.994688729450719,0.14659273998025457,-0.1940415143255975
1487,0.14977237314002603,0.21031955503041264,0.04966498088580671,-1.1573314321492825,-0.32553946962120117,-1.0251406247403552,-1.5612511283791264e-17,0.42809110999494004,-0.8667402786958229,-0.13223395528209908
1488,0.13107031426920657,0.21037160839011562,-0.3238099165042713,-0.3698048918348318,-0.15275421961222446,-1.0299587154836913,-3.9898639947466563e-17,0.8643703335680181,-1.288782064727608,-0.8363018375517531
1489,0.125396733482032,0.19762025473477401,-0.22232665378508795,-0.541507341402647,-1.3022703317910067,-1.0311496810290164,-6.938893903907228e-18,0.6719607903247132,-0.49577349761553147,-0.1767674212449455
1490,0.13684977944409668,0.23383960488857955,-0.01959493143494185,-0.7111388336222308,-0.07417566650088493,-1.0313051454561275,3.642919299551295e-17,0.6186336381393762,-0.6054160167152861,-0.895035894745958
1491,0.1436474925320429,1.3245782221547433,0.6040923064186762,-1.3180084661333735,-1.3068350764378083,-0.24137110233749023,-2.949029909160572e-17,0.026442949276534723,0.44933636866133225,-0.8501547875299587
1492,0.1262248018590403,0.20141056348399797,-0.13160941764790393,-0.6720780336497048,0.008337976920085482,-1.0327225877307942,-1.3877787807814457e-17,-0.24900549116390838,-0.06044167328782093,-0.13289348768678746
1493,0.13588437985761345,0.21385676901252554,-0.11249221319721393,-0.5197371086876166,-0.33936641774839393,-1.029013835112739,-4.336808689942018e-17,-0.23656402959781173,0.09504077929116615,-0.1367593430378079
1494,0.13039737999233705,0.1911059821196402,-0.8611432506990832,-1.008310975522553,-1.29148502241246,-1.0214929775971726,-2.6020852139652106e-17,-0.5753703149057976,-0.07236020440896543,-0.8890780212044507
1495,0.12533478891719754,0.22742081380824097,0.09260802895939677,-0.13708004799418802,-0.04987874785315179,-1.0279099814912078,-2.2551405187698492e-17,-0.09548991345383152,-0.3610428468910523,-0.13343704552465302
1496,0.13499631575516383,0.23512486407339675,0.3977083626895632,0.2458405747210421,-0.3268411951636212,-0.22977167038555624,-2.42861286636753e-17,0.4408697601345706,0.40517482544599004,-1.614908449066491
1497,0.13015468416486017,0.24045666172028463,0.3534600192583223,-0.8149455657763246,-1.5321253329735613,-1.0078346970367442,-3.2959746043559335e-17,0.3507414554846564,0.5348145446189516,-1.6453346623435163
1498,0.13471221160604252,0.2805733228795323,1.0167790237749612,-0.8765464847489729,1.6426841600936937,1.2259010424287164,1.0408340855860843e-17,0.986593768703266,0.5823094004320996,0.6268600895379324
1499,0.1291000782847921,0.597024132947683,0.5638104202594795,-0.20751223227789323,-0.5445602228613801,-0.23972600691312035,-1.3877787807814457e-17,-0.13000421449064212,-0.3928378304361695,0.5946053360841914
1500,0.13142753295000642,0.17111675891385383,0.4315607685577613,0.09711299916540751,-1.111743891400444,-0.24276435341483085,-1.9081958235744878e-17,-0.0632931594644453,0.5679792809737285,0.5240311615811822
1501,0.12292403830011764,0.13952533786298632,0.6613537681128424,-0.006474894810820145,-0.15667591280716278,0.7135875232138549,-2.42861286636753e-17,-0.19873310339810743,0.5024443430845987,0.597071211016677
1502,0.13902261260405743,0.21004297192422464,0.2847388566232062,0.1963833289192324,-0.035201809133190966,-1.027305383963635,-3.122502256758253e-17,0.2739690639536631,0.3861897419433008,-0.12613742299860045
1503,0.13926362574144183,0.18556619050238965,0.6058369837658797,-0.5704959338074466,-0.5213884470554061,-0.23634180733313062,-2.7755575615628914e-17,0.7674826648434672,0.8266054355312005,-0.08989068272487784
1504,0.12713027300158067,0.22492150864957605,0.782710053706909,-0.46589203586926037,-0.5794274505452388,0.3190672420330194,-8.673617379884035e-18,0.19424686148724665,0.4061228661759203,0.6398367872741734
1505,0.14175114846463643,0.30177024895134996,0.22326537888840767,-0.6159256502118002,-0.5974341624522946,-1.0139947766549644,-8.673617379884035e-18,-0.4768864141913773,0.36808992671222673,0.580164055150888
1506,0.12966303463174378,0.2066330706798717,0.07262311008238716,0.0038114834064399794,-0.05554134242650166,-1.0335115235454206,-2.6020852139652106e-17,0.13936329421102328,0.26482338767627733,-0.8600059745423232
1507,0.12499312358589532,0.26859918634722696,0.24919885411550083,-0.18230384374855435,-0.3201193899229992,-1.0315809789964314,-5.377642775528102e-17,0.5111713967225654,-1.0854706798924807,-0.9724479270054358
1508,0.13428818917678548,0.19967303345727114,0.2934780301059715,-1.4752155311364048,-0.6028146681308706,-1.0184181559654186,-5.204170427930421e-17,0.5899336381226308,-0.3048131938137064,-0.9255917874559839
1509,0.13415863059843192,0.23168760841677577,0.45135492847259173,-0.8796128731814569,-0.816361188187553,-0.23618152227508246,-6.938893903907228e-18,0.22487775738121585,-0.6067958571870675,-0.917780334569928
1510,0.1268099449025202,0.20049391988716264,0.8564157505821232,-0.16261783211496295,-0.386896375083219,0.7129772418907069,1.214306433183765e-17,-0.16734171640120243,0.9555099512548788,-0.14415316510099835
1511,0.13419063413853316,0.21327736649249987,0.31809970552416716,-0.5954362844760076,-0.49405551754877164,-1.0251802099173977,1.734723475976807e-18,-0.3463742373468553,0.18651586570033857,0.6057169381277901
1512,0.11842792947118051,0.22512647337576244,0.9505311811438537,-0.6745738770757492,1.6426841600936937,0.3126694265748682,-1.214306433183765e-17,0.7870637790164611,-0.0031802698210605233,-0.19838872863981635
1513,0.13523582862342776,0.20426599854898603,0.5818908477669438,-0.36592020681910103,1.6426841600936937,-0.2503519095602415,-8.673617379884035e-18,0.5633503874403545,0.2362240816095916,0.6048830577352934
1514,0.13545643708163907,0.22057161941254458,-0.5379414759355966,-0.5018018755240927,-0.4448556004319131,-1.028419974427791,-6.938893903907228e-18,-0.33447416799377505,0.3886460064248683,-0.8563483313226992
1515,0.12599061753987684,0.22004662485312868,-0.3023962308474947,-0.8765959308145287,-0.4911410464881835,-1.0180273543114864,-1.3877787807814457e-17,0.10648382102242117,0.42817690860902047,0.5321229360789865
1516,0.12667812466771639,0.21214617334308047,-0.7565186004540863,-1.5134611403097666,-0.7645565399223464,-1.015208374955374,-3.122502256758253e-17,-0.9943611475981998,-0.7986905396643571,-0.14994462998196895
1517,0.1213732518342496,0.2738646662331943,-0.9357975639838891,-0.7084625057746623,-0.3225415267361973,-1.0280681012627346,-1.5612511283791264e-17,-1.0245298731154566,-1.165873204860266,-0.9205513974034506
1518,0.1299351969626308,0.23732077328311227,-1.4460663714007873,-0.27242953802249503,0.08852301792934324,-1.0112446071084247,-8.673617379884035e-18,-0.3109076258577683,0.03185673146366761,-0.2213569146761392
1519,0.13667999264703767,0.21898236430231896,-0.2510389623760647,-0.16069182834611462,-0.8711399484193766,-1.0064916397256796,-3.469446951953614e-18,0.7376940284991643,0.22009001666534944,0.5893555909196275
1520,0.12835816699416402,0.20149813303986053,0.8894011063152018,-0.36851962849171643,-0.09614675835870039,1.2266852474120038,-2.949029909160572e-17,0.01506132083998054,1.1527974166936872,0.5784170331369733
1521,0.13253179461907064,0.22109449650397628,0.9538614326663515,-0.46088188438030964,1.6426841600936937,0.7133273760929535,-6.938893903907228e-18,-0.21979987289980368,1.0672469580357147,0.5557620350775888
1522,0.1278524958511369,0.20470369357093038,0.268820072510376,-0.8628687522195577,-0.5659464915357033,-1.0143031276962517,-1.5612511283791264e-17,0.36970169510450207,-0.05648685152909177,-0.1676901824416118
1523,0.1351072430712814,0.20840338968457342,0.4883850422584788,-0.3867567324211413,1.6426841600936937,-0.2309654827561395,-3.122502256758253e-17,1.2476028539437345,-0.3923520457341653,-0.12704338651665964
1524,1.5837910264337893,0.26065644027230156,-0.049725425048436626,-0.8029963502960498,-0.19646409614769955,-1.0072075363512265,9.020562075079397e-17,0.022313817254699584,0.07846232114756013,-0.16414507626878738
1525,0.12477816719500301,0.15726633775695353,-0.7676789797866741,-0.4265847727346775,0.16503344856714863,-1.020268438905675,-1.9081958235744878e-17,0.10468567321014173,-0.1469989197580315,0.6023762727197088
1526,0.1333521934896994,0.16281003076812853,-1.235284929827892,-1.0196855664476279,-0.06403848944422416,-1.015596849269993,-1.734723475976807e-18,-0.31682892786392086,-0.9402553221230668,-0.08106502832406408
1527,0.12250229181805118,0.21732473158392532,0.22494515549355515,-0.7168874179388613,0.16783197838321415,-1.0056791010403507,-2.949029909160572e-17,-0.4387832291569325,-0.11816682112663561,-0.9167122307682812
1528,0.12968428646407026,0.16120459204628443,-1.1106976745850308,0.31562187260570496,-1.1846630214323466,-1.0166456124842165,-3.2959746043559335e-17,-0.20604158464684494,-1.487434796799861,0.5770297685085958
1529,0.12641168094079622,0.2374623293447602,-1.1714847998499243,-1.0670465136736735,-1.3094359754165636,-1.0184118693231472,-1.214306433183765e-17,-0.09649402524053692,-0.7367549364153921,1.3470202673745448
1530,0.1319682563022616,0.18200750319084558,-0.2422817778123687,-0.6445281703375895,-0.33891612038764835,-1.0215716031489028,-5.0306980803327406e-17,-0.000498117047651492,-0.693705007241879,-0.9280484952624339
1531,0.13559869890941534,0.22996963964124112,0.7702870539840273,-0.2957111637640939,-0.5035617120234744,0.7112068112759875,-3.8163916471489756e-17,-0.052189707413193176,0.9055375044806934,-0.8835966974175931
1532,1.585071933541607,0.15934072529696228,-0.12148204592147026,-0.8588761851929616,-0.706225575251663,-1.0050652041838997,9.020562075079397e-17,0.28520088120647435,-0.992602527444549,0.5870055582849878
1533,1.5822616225996144,0.23087412222145667,-0.19071665204851768,-0.3013769713233071,-0.3451301854832497,-1.0293346264319954,9.020562075079397e-17,0.02790297765994858,-0.49782307462457076,0.6322978354207448
1534,1.5854289401213586,0.2284788038205657,-0.8151899555254992,-0.17339083881526576,-0.09089974739748344,-1.0237059836190439,9.020562075079397e-17,-1.1591267712930697,-0.18137190954839041,1.3564272948594565
1535,0.1324061504158067,0.1958098356974971,-0.6922230199177349,-0.9309934711199954,-0.9914633563160591,-1.0235242704575704,-3.642919299551295e-17,-0.9894269933199497,-0.5275890463737859,-0.12888724871872645
1536,0.13362518885709415,0.20559548903521055,0.14300859857977505,-0.8194459535716101,-0.1271547548106706,-1.0141809399300168,3.469446951953614e-18,0.6826789961282129,-0.9547423534576676,-0.1838657115744781
1537,0.13031338370309978,0.20340838400624986,-0.9619779591455468,-1.315271844935399,-0.8217040466615007,-1.022187220445741,-1.734723475976807e-17,-0.20916982782380758,-1.363789917927663,0.6052762661135924
1538,0.13093069014091024,0.14614763993714017,-0.373532393773862,-0.5853374571227373,-0.5519177450155812,-1.035766937482981,-2.949029909160572e-17,-0.531963778025465,-0.06343877303809319,-0.886736417740819
1539,0.12473937087780602,0.1906886559293795,-0.26705303161540705,-0.9433313530384878,-1.0811178826212127,-1.0167554175107645,-3.9898639947466563e-17,-0.20715786837502617,-0.01678404267370294,-0.924132070126529
1540,0.12896965912874292,0.24272765015956635,0.8862776489973927,-0.2555736476628328,-0.5598509601915296,1.2255520680085625,0.0,0.7342877630125612,0.3963407669764351,-0.14621046395064563
1541,0.1363585554806475,0.18007353866122341,0.5454902368809085,-1.4317733428631438,-0.8821103984089826,-0.2298103157054046,-3.469446951953614e-18,1.3290481069863218,0.9458258657251308,-0.1807637093042577
1542,0.13869638979115814,0.21283660517997088,-1.3721936571121949,-0.5198897023343321,-0.5074980600506327,-1.032029906531062,-1.9081958235744878e-17,0.11244858425563899,-1.0385733434591706,0.5553110199751271
1543,0.12475268715276465,0.2012196569496837,-0.4676288521759232,-0.42561161240204015,-0.7067275370040367,-1.0120411001379086,-4.85722573273506e-17,0.03775992212299854,0.003160176273906491,0.5998481598765264
1544,0.131938985852261,0.21730583141105025,0.25742843461078463,-1.4338282646736198,0.30651379043579136,-1.0236055961548995,-4.683753385137379e-17,0.8022479086526132,0.4410068605862282,1.3943860559693702
1545,0.1377645185752894,0.20404038999387322,0.45674275017775623,-0.5220515763061847,-0.5525401397273197,-0.22845486732913603,1.734723475976807e-18,1.1049766529680654,0.5294025921695915,0.6486918970247417
1546,0.12481651241334976,0.2066706401899601,-0.8397374996229423,-2.385808446409624,-0.8815763258675587,-1.0155928173206905,-3.122502256758253e-17,-0.3022051373871178,-0.4069418731181089,0.6599016765485302
1547,1.5761127509032486,0.19584181675892512,0.2347426834450995,-1.2302991544826096,-0.3609902286844512,-1.020050489083562,9.020562075079397e-17,0.4009775102340759,-0.2748618062270912,1.3194594460087539
1548,0.14096626336701323,0.20117418911866095,-0.466870849403024,-0.6930756134364727,-0.6565044159538281,-1.0165896353931865,-2.0816681711721685e-17,0.3099791479466369,0.22823027013502822,0.5439242109919347
1549,0.13478509005359837,0.20975550226527948,-0.38071190904714064,-0.8702216108819621,-0.8041803202449387,-1.0057142548197735,-1.0408340855860843e-17,-0.014771705985297154,-0.5074639087345723,-0.1469456819016913
1550,0.13525734369087422,0.1798314526934049,-1.2369489459872653,-0.4635059487118368,-0.2542022679979471,-1.008570611637583,-3.8163916471489756e-17,-0.42274833786830807,-0.9263942175976138,1.3761076658033848
1551,0.13519529366536384,0.20827741994356236,-1.0116419810593602,-0.1421604074056686,0.004740803356723212,-1.0001714063879683,-1.9081958235744878e-17,-0.16209168774248903,-0.3436302978609806,1.3350779757004012
1552,0.12921000253783252,0.19507454686864398,-0.39588684463932744,-0.6823741025118372,-0.7628529542222517,-1.0251270645379778,-8.673617379884035e-18,-0.6168200180332508,-0.7959458704525179,-1.6386732414535345
1553,0.13516247798374054,0.21357100581589206,-1.0756271199835474,-0.5076113046311265,0.20429619553916267,-1.0205428070235643,-5.377642775528102e-17,-1.0640570393218334,-1.235282144981513,-0.886734442943092
1554,1.5826524468860967,0.2318303110772832,-0.09224468330507307,-0.563295412128671,-0.1562490282672915,-1.0097972500344206,9.020562075079397e-17,-0.4780312106364732,-0.6224841271285841,0.5825295023186591
1555,1.5855756512664914,0.20969857568702996,-0.13412759460570753,-0.8506343040190794,-1.0072033977298187,-1.0182637435473358,9.020562075079397e-17,-0.5448373518397476,-0.6447163869059216,0.6180105862991198
1556,1.586861590495565,0.256506513862711,-0.7421123746386866,-1.3622988872918707,-0.7439066745750296,-1.0219070546051472,9.020562075079397e-17,-1.2515278724502987,-0.9302149368460607,0.6288140078156023
1557,0.11713679169497523,0.18758846857111228,-0.6992898944417834,-1.3725658244644132,-0.5980277455709236,-1.0265746923968648,-1.734723475976807e-17,-1.1793508668207842,-0.4999667123664927,-0.1801445489487667
1558,0.13028938048216965,0.19886973758206294,-0.27431420035382403,0.09347175741396797,-0.473746083247034,-1.031619578809781,3.469446951953614e-18,0.3514587399127463,-1.5234946899642,-0.8825144895647705
1559,0.13450508904114458,0.2118905178341866,-1.131525057888122,-0.9299454834780816,-0.5133139640112109,-1.0084100270034977,-8.673617379884035e-18,-0.007593963891202658,0.1726065104048724,-0.0712982119805093
1560,0.12348413073346427,0.17669287607086226,-0.31934160608564416,-1.6738375078564514,-1.0928966050931368,-1.0241143897690679,-3.8163916471489756e-17,0.94037493160748,0.3840583260863819,0.5492557614967808
1561,0.13784767567493192,0.20900105216738987,-1.2697949662857142,-0.015727933920827768,-0.9759060400621493,-1.0081448344760828,-4.5102810375396984e-17,-0.11076527613101132,-1.460049579557696,0.6662247822947485
1562,0.1394600670765844,0.20433518333154707,0.9894812505377266,-0.6342715324096585,-0.3229528355110174,0.7076952717930662,3.469446951953614e-18,-0.20309087314401694,1.071616545074666,-0.16451728978568034
1563,0.13257861466693613,0.19651995501842218,0.5087782792259492,-0.40627197085822464,-0.7948236841164983,-0.22589934892440794,-7.28583859910259e-17,0.19560496041662445,-0.6303691413705805,-1.672295538968152
1564,0.1395773281240632,0.2004241123109931,-1.1408862913547666,-0.2588923829121075,-0.859304415227134,-1.0125622286277165,-3.2959746043559335e-17,-1.0101715127195825,-1.4191624581944615,-0.9284608578565933
1565,0.1274038970786052,0.24909116816731458,-0.5169802652596406,-1.7547776938687967,-1.075323494190545,-1.0221409770143344,-1.5612511283791264e-17,-0.7684883219155354,-0.17568893513982645,-1.5874292942497876
1566,0.13337052346271222,0.1983079187981524,-1.1099622470642228,-0.38877669016149985,0.07326629817532285,-1.0076477262559655,-1.734723475976807e-17,-0.6410775529526398,0.29327355732520966,-0.18134222195897182
1567,0.1318527182581855,0.2522707711750574,0.25646784950153517,-1.7863248791150101,-0.3783904327392634,-1.0204536830151298,-1.214306433183765e-17,0.35420658178527864,-0.4573643507603585,-0.10362528215141774
1568,0.14104692513537134,0.2334368614529506,-1.1616485610987783,-0.23585908041214856,-0.15410344210773,-1.0237978903718916,0.0,0.14462197447347103,-0.07688984666534576,0.6170344958338986
1569,0.1273281872991068,0.20201823283731307,-0.03239549898553371,-0.8701890931746828,-0.26647718963336836,-1.0300802264196387,-1.734723475976807e-17,0.2770299538845779,0.21830938524386373,-0.09125493749075982
1570,0.1327331105996175,0.21760898868140227,-0.40124641163659996,-0.22809137871054297,-0.8205993179098494,-1.0375379525260515,1.3877787807814457e-17,0.40182700003085015,-0.902381528068522,-0.09767319509690481
1571,0.12295746156866776,0.23277787531357347,-0.7874184239807236,-0.44778615126612764,-0.6796614771418498,-1.0011953966490006,-4.5102810375396984e-17,0.32879602130592017,-0.7007220951748181,-0.1294148993583648
1572,0.13730964031323345,0.25328165194938584,-0.44605841299356014,-0.09240277524051907,-0.6803346245378397,-1.0087017568317753,-3.9898639947466563e-17,0.48129820418873454,-0.34970260363055705,0.5987090401567086
1573,0.12235838422875032,0.1681417607988338,-0.22015043600221912,-1.3461992198188555,-1.0504907999252928,-1.0126909566831235,-1.5612511283791264e-17,0.19182005002626187,-0.23365011922173512,-0.1770901033022804
1574,0.1266278858077396,0.22325094469155338,-1.5278742644587147,-0.7158181622841755,-0.5712498350389719,-1.024986701732993,-6.938893903907228e-18,0.03923121442213703,-0.9391735575662603,0.5812563532285232
1575,0.1299097606865243,0.170976183358427,0.3668838699432333,-0.4606570816744766,-1.1898592168717494,-1.0301135411068971,-1.0408340855860843e-17,0.3765579221812425,-0.10929380019232131,0.5770800211386258
1576,0.12829327226856133,0.15573062845678098,0.20034771166847865,-1.4623118625657139,-0.7212420136658817,-1.0032321162579316,-1.0408340855860843e-17,0.9043404326511921,-0.3779603272379543,-0.1751871124361017
1577,0.1336236465801022,0.20280013209241568,0.27586709981255625,-0.7464775337093538,-0.8757154674523221,-1.0251029116802373,-3.2959746043559335e-17,0.6296503992618057,-0.43104594085776543,-0.9265130518451943
1578,0.12981443752872812,0.1816510006680865,0.08797356622620739,-0.17570175636461013,-0.07989111621356651,-1.0216275867644586,-2.6020852139652106e-17,0.27851378992714654,-0.42873105337915923,-0.12461820665994296
1579,0.1348602687159959,0.19975161315451018,0.34590372349336207,-1.0235487871526696,-0.3864899234824914,-1.0129434656644771,-2.2551405187698492e-17,0.5597968163908958,0.30169916994618867,-0.1309390362755385
1580,0.1475315600472636,0.22756365388737188,0.4288984316192883,-1.0844789792147038,-0.7633325622930781,-1.032451459559945,-1.5612511283791264e-17,0.7755213523343938,0.5360096937478087,-0.09432018470952783
1581,0.13035426230192054,0.15609216549934055,-1.422205067662141,-2.511041916619938,-1.1817606062128654,-1.0067749165467923,-1.5612511283791264e-17,-0.2857220235847176,0.17412327204276426,1.3149476427792537
1582,0.12237548235854843,0.24649223415663987,-0.14550713278417005,-0.5857363267686592,-0.051787441142330505,-1.0172234279004289,-6.938893903907228e-18,0.15127948240464412,-0.334306581961551,0.6045155801643279
1583,0.1336728611740995,0.24512399452851566,-1.0526542671792791,-0.44921556206131863,-0.6719652723309406,-0.9975785189154511,-3.8163916471489756e-17,0.06464468908340652,-0.2318889381837157,-0.18290180387179777
1584,0.13388107003038519,0.1799485864562049,-1.0778061493262796,-0.8514064343471841,-0.5748973435715002,-1.0204150042091698,-2.949029909160572e-17,-0.8033456610637172,-0.79368167021467,-0.14863645496552627
1585,0.13234057169203314,0.20088669219501948,-0.20548045246052732,-1.082427805194739,-0.12216679746952716,-1.0128789791266986,-1.3877787807814457e-17,0.19003534067733238,0.16142798397679486,-0.17580396692357117
1586,0.12586986227184124,0.23236838316673758,-1.1954547090112808,-1.3159802607154918,-0.32999056771141827,-1.0226750476012603,8.673617379884035e-18,-0.10592765618150926,-1.2806042031551033,0.5994668192250291
1587,0.12937387125799282,0.19992335970787922,-0.27318878829008264,-0.21255001763173528,-0.22748097178125948,-1.011672959900305,-3.8163916471489756e-17,0.6461945731368198,-0.14658196082019306,0.5202815695410038
1588,0.13652142083752689,0.20452548156369593,0.01395952254565694,-1.1200180525052499,0.31010121678580477,-1.020064039272085,-1.9081958235744878e-17,0.9420161153460833,-0.21010512890853553,0.5921962775607092
1589,0.13428829329867026,0.2433189806558659,-0.8241139563193866,-0.4006066979560397,-0.7384177955114755,-1.029768369357035,-3.642919299551295e-17,0.22963057037927262,0.041930910850210584,0.5877140532387737
1590,0.13277626957061214,0.16835351869953682,-0.5428286994814728,-1.1201900215369442,0.37094927869100747,-1.0229364813908122,-5.377642775528102e-17,0.0281053626144718,-0.5733194367378792,-0.1379160147585959
1591,0.12811574942142512,0.1650966002509863,-0.8420557838015719,-0.24860119967942929,-0.6594842251041256,-1.0173526511100595,-4.163336342344337e-17,-0.1010922585272066,-0.9232587680695584,-0.1249085403278641
1592,0.13270935683515964,0.21045246300029585,-0.7356338850096408,-1.042932841122472,0.03256846515201011,-1.0110634341608256,-1.3877787807814457e-17,-1.230818012138288,-0.87777857360495,-0.10937371245470831
1593,0.11873723277523686,0.19731752277615933,-0.5749335762489176,-1.8394856081679687,-0.9208786824455385,-1.0332680875306945,-2.6020852139652106e-17,-0.7482608112301787,-0.672463821057553,-0.8419207719872747
1594,1.579584917547959,0.1989930803989685,0.1456370810503628,-0.6665481240875786,-0.5108676838783611,-1.0243248378283327,9.020562075079397e-17,0.3885738317755168,-0.9088895020012953,0.5769404409359301
1595,0.13177504229914935,0.2284237219267502,-0.47390155508781145,-0.19109260364217437,-0.2607028829605994,-1.0324260084713994,-3.469446951953614e-18,0.35128880778568145,0.39323510327484834,0.5845731837152733
1596,0.13837299926527258,0.15702190598108406,-0.3302628414645028,0.25183623601961785,-0.655100372444455,-1.020342475601895,-1.9081958235744878e-17,0.15888911005422957,-0.041087760026201466,-0.08798437650642763
1597,0.1234427063481959,0.26788052280410507,0.13860890156608896,-0.09055619250225724,-0.2856254004237873,-1.0096782301641334,-1.3877787807814457e-17,-0.15980404265981674,0.43567744895412946,0.6172267097852061
1598,0.14112437116709992,0.21756897206929424,-0.8760807945631023,-0.39982155258363655,-0.08429860960433609,-1.0234579653571962,-1.9081958235744878e-17,-1.2254687555466188,-0.46105912798426407,0.5844097210733247
1599,0.12635676665915788,0.23627430257536183,-1.1251750351208742,-2.3297035338642726,-0.9562310156341182,-1.0182719919167464,-1.9081958235744878e-17,-1.368297335869676,-0.6506623479048977,-0.18866368786321575
1600,0.14788313385182486,0.19605210308895973,-0.5948340078701925,-0.26213682695729285,-0.897579441136792,-1.0225156137748943,-5.204170427930421e-18,-0.9521771185983152,-0.5040108017147212,-0.14669583375812645
1601,0.1270156929598681,0.20720263566762134,-0.6545857390667643,-1.134737465887375,0.015482918903388368,-1.0334636167185438,-1.9081958235744878e-17,-1.0786596728944335,-0.8739199518715867,-0.14947874088082067
1602,0.12134010193567163,0.18173061518215472,0.056349208793083534,-0.705766950731769,-1.2670098271700376,-1.0075342620889611,-5.0306980803327406e-17,0.5539716407475488,-0.00683900833521815,-0.12597586546639478
1603,0.13644505534104684,0.27979950966683753,0.2504257523261884,-1.1210433392471466,-0.5452482042999469,-1.0147973780411688,-2.42861286636753e-17,0.5289730134558979,0.3556753848312187,-0.2001392921986157
1604,0.12279701352747789,0.22764512134111184,-0.3818274013454409,0.09399793640309072,-0.4182293362915634,-1.0299036633781549,-3.469446951953614e-18,-1.1059868777063573,0.25075679474755413,0.5956368045597702
1605,0.13353303299985644,0.20284039105483476,-0.42220664502962224,-1.4926522667760243,-1.6240418512658708,-1.0187295048670293,-1.734723475976807e-17,-0.47540446050228324,-0.10867967069452346,0.6104558893897728
1606,0.1330114394046708,0.19213136471520498,0.6687433745149391,-1.181541746070033,0.23334691820928485,0.714969664213816,-1.3877787807814457e-17,0.8052959049684315,-0.02757495606011561,-0.16436580172029483
1607,0.12569358684905074,0.25993480882459824,-0.1085830816617931,-1.520828829143372,-0.2762063006227891,-1.0155604333566932,-6.938893903907228e-18,0.5235777532899092,0.5423865522890371,-0.18120457713932803
1608,0.12851271922035226,0.1857269833734578,-0.7128521765654553,-0.33843290728405095,-0.2908309963457034,-1.0099280074603012,-1.214306433183765e-17,0.26451968715266816,-0.27890241228142193,0.5672044698294311
1609,0.13029664621507656,0.19959693922360788,-0.7078435978635459,0.059738617100795206,-0.4340716328607743,-1.0323684749687365,-2.7755575615628914e-17,-0.16122357540220175,0.25181939253851066,-0.17151447079551949
1610,0.12494890544038353,0.20823490794381758,-0.29603499713999104,-1.2089732457786677,-0.1149814572703519,-1.0278586452951612,-4.5102810375396984e-17,0.8285234500672316,0.7332820126133232,0.5718079887669206
1611,0.1294048779005736,0.1961839582521181,-0.3669385946172373,0.2807539150371595,0.4085934798355513,-1.007638734082603,-1.214306433183765e-17,0.5744467856041654,-0.07775834402970647,0.574447224937702
1612,0.1276148843425072,0.22819941705140134,0.1801166751938557,-0.31767852770539484,-0.23508812103468324,-1.034408568966514,3.469446951953614e-18,0.04688963295209507,0.515926999480324,0.5858249329220624
1613,0.12825800309737065,0.1887333066368655,-0.06732378417850135,-0.5995643125681052,-0.034863963016009386,-1.001317905893103,-2.0816681711721685e-17,0.0019083257067211172,0.5452366025691606,1.3181816041644145
1614,0.1352291304273323,0.20053207824240782,-1.240046203818661,-0.46871538868516416,-0.545469432320985,-1.0163929734977788,-3.2959746043559335e-17,-0.501540237919521,-0.8872547702119941,-0.13379018053016248
1615,0.1274375885359736,0.1928553620608476,0.3393136096471175,0.2833052019711616,0.11400452655234672,-0.2256915026284811,-3.469446951953614e-18,0.11893258064603521,-0.47778753901835563,-0.18637417325973654
1616,0.13864111388154407,0.2282162865833068,-0.2823303330964133,-0.2441287430937319,-0.7959785737786044,-1.011972214302646,-2.6020852139652106e-17,0.10830486064543172,0.6149407202856104,-0.18904391928451025
1617,0.12463071553313017,0.2635081499967177,-0.31756794237242825,-1.100885709357165,-0.5984092441767103,-1.0366846695732008,-2.949029909160572e-17,0.3067815008639819,0.08727723024644189,-0.18004665412708537
1618,0.1270654145758094,0.23988445408013387,0.5472663772481172,-0.25438593936756376,-1.3139005916141284,-0.2337719141501618,-1.734723475976807e-17,0.5609161931478374,-0.26828697932565976,-1.627791313751052
1619,0.1394782295436454,0.2277627903824038,0.5124646811326393,-0.44668843798131347,-0.42797367324894486,0.309386150580328,-2.949029909160572e-17,0.011954696066693943,0.5179913610836477,-0.9145544376118053
1620,1.5812797226317241,0.2199895271070896,0.1810778797376194,-0.7115833028338935,-0.2455860420873585,-1.017205117418061,9.020562075079397e-17,-0.3649912351756467,-1.0464396928710054,0.583413826927578
1621,1.5783989971051806,0.27166658318993203,0.3900050235032739,-0.9438613194974385,-0.4894855674103457,-0.23177246741064128,9.020562075079397e-17,-0.2502844043580922,-1.0280925976868742,0.5763362168197996
1622,0.12841885385208016,0.16433199811945234,-0.8028947450082423,0.004430747038106483,-0.5378151971607974,-1.013479753305911,-4.336808689942018e-17,-1.4483823233384412,-0.510249000172295,-0.15613709931610806
1623,1.589724203600841,0.21225365631835405,-0.6620130742209313,-0.8040757526078671,-0.9667906389352245,-1.0193585264845684,9.020562075079397e-17,-1.0923272759393305,-0.8921304302220341,0.6027647208420578
1624,0.12231866073306862,0.22707338019379233,-0.26459865358805584,-1.1978653364748686,-0.47268516239047226,-1.0053073914037958,-4.5102810375396984e-17,0.5775401148677209,-0.4609982574895376,-0.10786064716471325
1625,0.1269983447162631,0.20530800567138005,-0.2737499938113246,-0.5281892558790222,0.04865966314119464,-1.036635395330183,-3.642919299551295e-17,0.557128299204456,-0.490112782054281,-0.8517986119921704
1626,0.12986500243916857,0.19541084319334628,-0.5601676181450597,-1.390877036118879,-0.4238970985481572,-1.0202462965220975,-2.6020852139652106e-17,0.42934800156909386,-0.27000259857185765,0.6033902395131171
1627,0.1273430323656833,0.1948016196618091,-1.2774679752165998,-0.1219751683467122,-0.35847959886275466,-1.0153518567303006,-1.214306433183765e-17,-0.11834070902072741,-1.474395277339638,0.6041668142234414
1628,0.12303053186520375,0.22873809644100548,0.018344179387069705,-0.959546405440314,-0.003029744713921669,-1.024155231871317,-1.734723475976807e-17,-0.4834894863027273,-0.7497209832981393,-0.9339138409202115
1629,0.13220150904162942,0.2246007873680558,-1.0436337468918064,-0.7947636115801181,0.0981807695928315,-1.008944800322799,5.204170427930421e-18,-0.7490401793055906,-0.7134542928523703,-0.17543395235680126
1630,0.12634477691062013,0.2490778885240428,-1.0784883588683487,-0.30727109154341126,-1.1641774434340355,-1.0159926160594466,-1.3877787807814457e-17,-1.1284262793017281,-1.159115758478814,-0.9059874352365749
1631,0.1327988511855564,0.19362316425171192,-0.7904517858972712,-0.14816097485131507,-0.5006379166966907,-1.024741827977366,-5.204170427930421e-18,-0.8969606674978947,-0.1843746504319188,-1.5926110966235543
1632,0.1321006006684892,0.22176458283364325,-0.9371785759527913,-0.9542253042202449,-0.582111275501711,-1.0085441535034538,-6.938893903907228e-18,-0.24679708076916038,0.028257469926583324,-0.09310496133763614
1633,0.13077324631199003,0.2069984459724088,-0.4654078869597875,-0.31251655519004584,-0.10364282899569541,-1.0094574177689632,-1.734723475976807e-17,0.1409254646505942,-0.5694739207212167,-0.2096358843804456
1634,0.13511249711710183,0.18264158586726412,-0.8690887466316001,-1.1435114332180758,-0.7441599704552007,-1.0342496812665345,-3.642919299551295e-17,0.5238366891703182,0.3328482043755371,0.5962205828355798
1635,0.1358388053489277,0.25863305567001943,-0.25034510077699496,-0.26259275166084345,-1.6010588704306468,-1.0186213268245838,-2.2551405187698492e-17,0.6452398409059242,0.2178821010460847,-0.153308236290621
1636,0.13733158482701802,0.22917999862938396,0.005124865243180319,0.2057225899785551,-1.461553260903957,-1.0283935853190735,-1.734723475976807e-18,0.7788079179401425,-0.09006324547813123,-0.14290708773756006
1637,0.11329864502955275,0.23423174584580994,-0.457314559675873,-1.3566581532360553,-0.5676779167520821,-1.0153239483462837,-2.2551405187698492e-17,0.7158013903821789,-0.13844368736702423,-0.13176659538242788
1638,0.14234789339354045,0.20365428535145486,-1.2364920500785466,-0.21806470047718648,-0.7795577633700236,-1.0324455136759088,-3.2959746043559335e-17,0.17153827205212205,-0.07893365235219829,0.5634367327933829
1639,0.13297880161752684,0.20124138643198233,-1.0194276118514105,-1.216271101293978,-0.14619925162148778,-1.0122077892917198,-5.204170427930421e-18,-0.46036754387610185,-0.2498432211585228,-0.13396171057895648
1640,0.12606273960400577,0.19650104867886456,-0.618949415560975,-0.9835116716886217,-0.7818995530820939,-0.9995567695513519,3.469446951953614e-18,0.2692097803640553,-0.035005110761633054,-0.8588318706258039
1641,0.12131568754494809,0.24428574063887945,0.025499311598136,-0.5506377167429626,-1.7253390404146822,-1.0248458125625564,-8.673617379884035e-18,0.26129912675494654,-0.1811206943582782,0.5535157757552434
1642,0.13455256487182224,0.23648742501480452,0.15801272249526396,-0.9744075255458785,-0.15329889911845568,-1.009237882200786,-8.673617379884035e-18,0.9581856381313647,-0.22562754097832077,-0.15869515247320376
1643,0.13074120781592505,0.23064240421562754,0.4023258090416326,-0.29625183056041693,-0.6750633813428891,-0.23680088639495123,-3.2959746043559335e-17,0.7298988640613021,-0.3732224577335659,-0.8887077423195943
1644,0.14112885065188469,0.20111311421032663,-0.530064349537165,-0.4104552124838865,-0.10308807992785364,-1.0113958953899447,8.673617379884035e-18,-0.14825222441131838,-0.09152278204571955,-0.9103605688925007
1645,0.13096082071977594,0.1788137885362907,-0.11439502809798249,-0.3217438747246949,-0.31884844290329334,-1.0275780127577714,-8.673617379884035e-18,0.3217117228750439,0.12981787381868395,-0.11761826435209399
1646,0.11695910120793053,0.18075395704861452,-0.08911076947168445,-0.13889797471413748,1.6426841600936937,-1.0223535180259093,8.673617379884035e-18,0.3082089244549541,-0.01212327103938366,0.5638147445628529
1647,0.12895651221988624,0.20834740953747266,-0.5976466326283878,-1.6679393060193135,0.02014793728182536,-1.0231728007009013,-6.245004513516506e-17,0.11758060683924208,0.23264379212254346,1.3506962161986238
1648,0.14166014747423822,0.24430020203279348,-0.9121387575349845,-1.237665463089319,0.18560682793741723,-1.0191225512660858,-5.377642775528102e-17,0.05213129122225181,-0.8320008878572533,-0.20513644550723903
1649,0.1230732157808812,0.23399493976255376,-1.2319258905036705,-1.5422566028417242,-0.7997091027237696,-1.0311658678649636,-2.949029909160572e-17,-0.3833981542053835,-0.48249108684144865,-0.145070989526283
1650,0.1396554041230513,0.28525179295878866,-0.2727564188463698,-0.537861943173715,-0.6274204144991081,-1.015554006420926,-3.642919299551295e-17,-0.22906624701424655,0.5492812261618966,-0.17094313164570862
1651,0.12242044949678867,0.22732642977912199,-0.14651012216074547,-0.6612064136911258,-0.15403086705293928,-1.028359236680926,-4.5102810375396984e-17,-0.5122840526527876,-0.6583520401911047,-0.864345738418587
1652,0.13047991020801145,0.1941175056937642,-0.9952094796675552,-0.495661112573312,-0.5421858975750272,-1.0149915842805743,-1.3877787807814457e-17,-0.13679058760869212,-1.4384025473741353,0.5828929589682674
1653,0.12473018484230806,0.1858309466362203,-1.2243264612556517,-1.3744539666397508,-0.5525412735125073,-1.0017554283904804,-3.122502256758253e-17,-0.1028338907426845,-1.1857071392690193,0.6588140496072808
1654,0.1353076754282052,0.21849065153572508,-0.8292723862631133,-0.8174230245278773,-0.8922699076513386,-1.0086396095548265,-3.122502256758253e-17,0.38782051493724295,0.22907896644716683,0.5689002949685744
1655,0.11908919117907112,0.211085785425515,-1.5315980839366437,-1.7347490749899752,-0.019981083942180435,-1.0188766487743313,-1.3877787807814457e-17,-0.187482532582099,-0.5315377338091098,0.5981099424269295
1656,0.13865441392785788,0.19986830356859114,-0.35598714611050997,-0.7036240359826322,-0.5679396654970723,-1.0240428736333596,-3.469446951953614e-17,0.04188120945137744,-0.8754855415602504,-0.9151510511802686
1657,0.11450145911505263,0.22890768323335428,-0.12741558846839138,-0.5251012318728417,-0.222337209357485,-1.0138756113602805,-3.8163916471489756e-17,0.1500538322632008,-0.81245773213176,-0.9366988188495575
1658,0.1292752551863007,0.21007365386749752,-0.7002178542429275,-0.3060950343725825,-1.3648357626981344,-1.039501283083832,-4.5102810375396984e-17,-1.1529752333597123,-1.085218341343842,-1.623643189296147
1659,0.11301912940856695,0.1928197817358512,-0.9229015587903882,0.09637176737006897,-0.3222714754407759,-1.0265309368700712,-3.9898639947466563e-17,-1.205889841953329,-0.1919945520129218,-0.9423961679454631
1660,1.5849606694391338,0.23183603557915086,-0.2699138051870182,-0.2764247754443199,-1.247646626392773,-1.022499908862402,9.020562075079397e-17,-0.14148719974823548,-0.597363451109723,0.6502314303624764
1661,0.11772273981713847,0.23027327906780692,-0.01868331328119468,-0.22254965891570588,-1.0158652679746536,-1.0249846255556625,-1.734723475976807e-18,0.4608965350139399,-0.4201142839828797,-0.1524569702966761
1662,0.12996212494146267,0.21054410542444704,-0.03697462138103576,-0.9971071098557426,-0.287344391776039,-1.011951598195511,-5.204170427930421e-18,0.29701767309801597,-0.1526809959285897,-0.15392712488858482
1663,1.5844371076249286,0.24985114924786736,0.004599853033100163,-0.8904403082332228,-1.5139033818130558,-1.0154334296467113,9.020562075079397e-17,0.42888074584564223,-0.9550220385763698,0.5399382735084999
1664,0.12421607896120468,0.2521195609682899,-0.9595876689818608,-0.9910378257416977,0.24707100909198967,-1.0254115505053274,-2.6020852139652106e-17,-1.2896198840990836,-0.2819668621048515,0.5619194302614238
1665,0.12930392035159313,0.24311023651672486,-0.9532456699910369,-1.0271324063678067,-0.6876560224747247,-1.0015091507970972,-2.949029909160572e-17,-1.031786767877897,-0.014726968174577318,-0.9468459353558069
1666,0.12102915610464537,0.20684181270120844,-0.5881910396881265,-1.060083007100241,-0.8430081893877379,-1.0171012106628836,-3.122502256758253e-17,-0.9705686331657956,-0.3145558741198391,-0.19820402087110994
1667,0.1294716000891814,0.17620620505360798,-0.7408363775362181,0.06460049222177201,-0.2208842754133487,-1.0121192779897,-4.85722573273506e-17,-1.0605906472359858,-0.7038701571167312,-0.218742415098494
1668,0.12325990221684335,0.1994584566695296,0.32584412888396797,-0.9803862191647809,-0.31493652698592517,-1.0124455434163633,-2.7755575615628914e-17,0.957392949983965,-0.5832046665890505,-0.2008053756577112
1669,0.12071311171696401,0.11972183443471623,0.6402047116550609,-1.8875379484765533,0.1894827905786259,-0.23321831912920718,-2.42861286636753e-17,1.1691104307355238,0.4396574869014769,-0.19190053296110665
1670,0.13639973787811624,0.18176831092837917,-0.9730778234730219,-1.3695333761675654,-0.1371885933984009,-1.0277777612797907,-1.3877787807814457e-17,-0.17193931047722338,-1.3536566627094606,0.5916639368500511
1671,0.13141899560798792,0.28706770134803816,-0.9414429688112813,-1.350046258850021,-0.03128052672336871,-1.0168695110367139,-4.85722573273506e-17,0.05042082119153284,-0.9969772447279865,0.55243159326275
1672,0.1211981969543336,0.1895521959605256,-0.8139405726331533,-0.7925382206490814,-0.8711775225084453,-1.0190224187424137,-3.8163916471489756e-17,-0.8527344028718158,-1.3872811095520636,-0.8673761170187162
1673,0.12417416397364936,0.18457188502082697,-0.8092356215232244,-1.2400838615210004,-1.2339169155849752,-1.0165136222991482,-6.938893903907228e-18,-1.0127649278901059,-0.9162146394606384,-0.883703125410627
1674,0.135078256316432,0.18585139926926614,-0.6375699916495621,-0.8929426463792441,0.02282163949688317,-1.017372209675282,-1.734723475976807e-17,-0.7653888692093307,-0.24659093049695222,-0.9173179106415449
1675,0.11896799071568806,0.20284015134996,-0.10023394320317462,-1.1846651435570779,-0.5707502489764759,-1.0179666267186864,-1.3877787807814457e-17,-0.16831460944433366,0.3925682829027512,-0.9003648278108407
1676,0.13687489669808364,0.1984041481669692,0.555044896530825,-0.11499277385429685,-0.6529942964321823,0.32237596683068026,-2.6020852139652106e-17,0.1545526756116633,0.055893379768135666,-0.9215741387056855
1677,0.13909689328798616,0.2323825897981668,0.6199014679453464,-0.528206434492435,-0.4616000183599051,0.3163822998554409,1.734723475976807e-18,0.5651882581759077,-0.1744341711691777,-0.17893967547579437
1678,0.13270053947736682,0.2282372775667893,-0.6347167674646741,-0.6436713748201758,-0.5194336198715525,-1.0208536870656058,-1.9081958235744878e-17,0.32036430760684487,0.4966956871230675,-0.12914404693538503
1679,0.12897924993640494,0.2636379913051016,-0.9041048784284709,-1.0061166420815961,-0.9824886794650194,-1.0297335023921395,5.204170427930421e-18,0.03118032919558124,0.7361184774095104,-0.16083452245633117
1680,0.13832914133756785,0.20464336444753456,-1.5663835845664438,-1.1714559513391898,-0.2923213447737965,-1.0142076747541726,-1.9081958235744878e-17,-0.009739505386758383,-1.0815407384888882,0.6164080461067096
1681,0.1297177709672028,0.21851345886340337,-1.2859110693616997,-0.21413268478409983,-0.31948676272063947,-1.005795804247649,-4.5102810375396984e-17,-0.39485771153852095,0.15812230768118143,-0.14643151740821078
1682,0.12251736064948061,0.14985011022568429,-0.7389418734116988,-0.6592837373304822,-0.2807120750143732,-1.0242209429490892,-4.5102810375396984e-17,-0.15437470314796703,-0.24369088264359554,-0.11117239604093886
1683,0.13655447082696623,0.21243576153800134,-1.3168566632130947,-0.9206976219310652,-1.7597462714407601,-1.021675635866634,-2.949029909160572e-17,-0.5705718100904891,-0.4454699609394842,-0.1560962272010219
1684,0.13281551166189964,0.1779061448860872,-0.4461801553233124,-0.4457047293607972,-0.44154095971192764,-1.0043241493913027,-3.642919299551295e-17,0.17165363611997372,-0.0924461721488645,1.3502655430809785
1685,0.1285518543461257,0.20085873158187895,-0.9101511629713432,-0.6654645618079871,0.14857004394609055,-1.0282136406308142,-1.9081958235744878e-17,0.24495584795052805,-0.5484981044148489,1.365894957459705
1686,0.1348769197905286,0.20601651038516228,-1.587514869050424,-1.3339803149526224,-0.7597018129901222,-1.001578187665277,-3.469446951953614e-17,-0.14834266932623166,-0.5466479545585775,0.552970771820731
1687,0.1387714979895915,0.20635491261151487,-0.5288944272825842,-0.7415329126963338,-0.9381864922164581,-1.0294888033012637,1.0408340855860843e-17,0.36809274172876294,-0.31683859354000954,1.3832311242208473
1688,0.12302878286707233,0.17923352882756835,-0.5014156547092125,-0.8828195053029253,-0.34206546453386116,-1.015557945140658,-8.673617379884035e-18,0.06327044959511739,-0.6785071061235312,-0.2221482365877676
1689,0.12825814908327035,0.15075501070470906,-0.3809371805064013,-0.44895349569000453,-0.7820773115103704,-1.0146488297520166,-2.0816681711721685e-17,-0.0011920522308342281,-0.25542080320075594,0.5734654098309903
1690,1.5792217859638287,0.2243452408548446,0.4721561731257794,-0.20548959476585557,-0.7064807649725308,-0.23561746938365513,9.020562075079397e-17,0.13947165623752164,-0.6237656559651524,1.310429519791916
1691,1.582677604870623,0.25853703636667713,0.15053065792958756,0.20071671764018179,-0.0695209700044076,-1.018150659349603,9.020562075079397e-17,0.08164542289214774,-0.6618877895080033,1.3831064654207574
1692,0.13199830801516899,0.24320656904015248,-0.4175977237672548,-0.9579239907239406,-0.6797021098003599,-1.0020649925125074,-4.163336342344337e-17,0.3262998353876323,0.15471585246545433,-0.14768058881077667
1693,0.12321437854871986,0.1563298036416526,-0.3384501742726422,-0.39058587644680665,-0.7308065654520697,-1.0369554730768245,-1.734723475976807e-17,0.2578270817620789,0.27976030591225365,-0.08537192415802315
1694,0.13315918206707916,0.2231435206721521,0.346460778145484,-0.9245225088826804,-0.15089232474272332,-1.008678159646493,-1.5612511283791264e-17,0.1171169537172747,0.03802579071793886,-0.17388279986939362
1695,0.12538567870018097,0.26810276469806915,-1.2358458104123466,-1.061355909777686,-0.8317392954352268,-1.0197154264326684,-1.9081958235744878e-17,-0.34944187600090415,-0.8130525904584337,-0.17566145008102763
1696,0.14103695319376836,0.2642879814117277,-1.3326393379914767,-0.2503013725250817,-0.8148483965352454,-1.0232879697481185,-2.42861286636753e-17,-0.310409950438259,-0.8027163154693293,1.361598015129946
1697,0.1470238140602569,0.19966554062298206,-1.3547739291098226,-0.673370188357008,-1.3079203146292755,-0.9989015029486709,-7.45931094670027e-17,-0.39279596718186177,-0.9218912575553366,1.371992878182184
1698,0.13224233924858594,0.19214921758091996,0.09906411702355787,-0.4297965090627084,-0.9556158628720014,-1.0074679951100363,-1.734723475976807e-18,0.3103411362207404,-0.49183235662685637,1.3379058452135963
1699,0.12066459810276461,0.18471891932648074,-0.3942626520069502,-1.2527707603697846,0.2611669178757181,-1.0165610052267244,-3.469446951953614e-18,0.3100089916725672,-0.23556136691371274,0.6042224080006511
1700,0.12619448754143994,0.22025301793322424,-0.6685888242556621,-0.9653670006512818,-0.8722435206575997,-1.0133661773491913,3.469446951953614e-18,-0.8070818562943066,-0.7348507133690637,-0.8787951492348987
1701,0.12385416290124972,0.21517827253867142,-0.7873025638091489,-0.5820652537927735,0.014095784123975733,-1.0151165549144103,-4.336808689942018e-17,-0.43341609969201295,-0.35239087278334735,-0.8680130477592323
1702,0.1392524105238066,0.1826260459687031,-0.8682974121475564,-0.9577877991618025,-1.0413080970787878,-1.0283219830737127,-3.2959746043559335e-17,-0.9002415292762054,-1.42046220371512,-0.8497241192678747
1703,0.1211213286613069,0.222190105324545,-1.0212657309658937,-0.409172546730532,0.189924434888087,-1.016020264282994,-4.336808689942018e-17,-1.1572589185847513,0.05654471539538764,-0.8687480047227376
1704,1.5827604825426416,0.22766344464141502,-0.08035046163935272,-0.16807373964249206,-1.0281882972180916,-0.9966917004572794,9.020562075079397e-17,-0.17256275510451735,-0.9857491905174511,0.566629504348475
1705,0.12383671916871906,0.15361166701279988,-0.12926898882544188,-1.3474877007255832,-1.0264072915423448,-1.0072107106927812,-6.938893903907228e-18,-0.07484605525587998,0.14616968704418365,-0.1546782723491438
1706,1.5887076347887468,0.18310496163058138,-0.13060343919043302,-0.6373453752159252,-0.7754021584710743,-1.0267013749292881,9.020562075079397e-17,-0.07190215616879299,-0.9362426951777296,0.6167403306694068
1707,0.1355008967932807,0.22279391057405318,0.18911983705202917,-0.5743752090206493,-0.23238461370924687,-1.0142463288574948,-1.3877787807814457e-17,0.35442564637715157,0.07865538784515187,-0.08967962761520555
1708,0.12986451823484807,0.20753521199366234,-0.7553620756523796,-0.07666527097937635,-1.1037905064059992,-1.0271401669038966,-5.377642775528102e-17,-1.104840084536572,-0.9755353076478679,-0.14643532372505924
1709,1.584800712953704,0.21975589382367636,-0.7339674268426951,-0.6762859910355388,-0.46853879953285316,-1.005616676433957,9.020562075079397e-17,-1.3586743313154668,-0.500898784151504,0.5813140466798548
1710,0.13187043406722282,0.22637407855855515,-0.5690791332210658,-0.5167914258040593,-0.9012597532123469,-1.0178026713756834,-2.7755575615628914e-17,-0.8994906041162409,-0.5093888338858733,0.5697156352471865
1711,0.12801778684735657,0.265386925115294,-0.5457950580068428,-0.2987714568328861,-0.2863069974225589,-1.0463008862069374,-1.9081958235744878e-17,-1.1007367538235586,-0.1165066768801467,-0.19708469573976214
1712,0.1313496610341393,0.20668417841031553,-0.25982967949290753,-0.5100353315974321,-0.17203887850922264,-1.027040011674012,-2.2551405187698492e-17,0.3564577202564446,-1.5184483282854104,-0.9107911263505537
1713,0.13831056675438633,0.21872086288954173,0.0068463742077969686,-0.40158372735464054,-0.2218411803094183,-1.0023243563139999,-2.42861286636753e-17,0.5824576066501346,-0.3622917812757634,-0.8738149176491579
1714,0.12140584138434157,0.21424234489271796,-0.24405988483201502,-0.8347181248568017,-0.5405382929449123,-1.0189825566313009,-1.5612511283791264e-17,0.5593337847614654,0.036621896072080606,-0.12528201788184987
1715,0.1369816698792598,0.18686156082926822,-1.1402334171585478,-0.64337158714058,-0.26845749170212535,-1.001934242509513,-2.6020852139652106e-17,-0.0032598977173124246,0.03276136834345186,0.58830666309241
1716,0.13269011376051185,0.19980378883236438,-1.570845223767036,-0.5740061546336889,0.09871143789996666,-1.0154602123389638,-5.204170427930421e-18,0.02041046502425704,-0.9509309251880588,0.6082669309725479
1717,0.13479823403718158,0.19448614110789514,-1.2900124347404074,0.06145075296352199,0.385031332344874,-1.0100912083713587,-5.551115123125783e-17,0.21816232290178791,-0.4107830815296221,0.5973269832814452
1718,0.12231396753373822,0.17194069905990794,-1.5121624602091828,-0.7443329046603421,-1.001322297499982,-1.0231468368191212,-1.0408340855860843e-17,-0.0524411212290184,-0.49306826846164115,0.6377023034188105
1719,0.1399586289381749,0.21380904828060632,-1.2613465931746677,0.17412201171434033,0.12939419436450753,-1.0062100969616214,1.3877787807814457e-17,0.005057056616001302,-0.5528565937895741,0.6007224882354646
1720,0.1330160332815693,0.23382316292624383,-0.790535103686635,-0.7632530029054475,-0.29269306008188783,-1.0239377408232362,-6.071532165918825e-17,-0.17792259710468697,0.11327198128624173,-0.869901230327465
1721,0.13502085973662226,0.2478909308141289,0.05169553593662492,-0.4594617795446869,-0.9332321357991535,-1.0215678922908242,-4.336808689942018e-17,-0.2866428428255424,0.2279095737777921,-0.8936392537317697
1722,0.12924100500321387,0.20727087590185345,0.3330341892914579,-0.6638035311367679,0.19541810159116973,-1.0188246260747718,-6.938893903907228e-18,-0.05078873462451535,-0.7397566599748532,-1.5849014333010918
1723,0.13122759482929983,0.2300043973867395,0.6722786028489138,-1.211632668860923,-0.49154663398147763,-0.22411305413716462,-2.2551405187698492e-17,0.3873013566008688,0.8123191677191479,-1.6128635660222772
1724,0.12909770097112497,0.1640306656080821,-0.7759084968189089,-0.6396774492807007,-0.6601374781666227,-1.019385675908463,-8.673617379884035e-18,-0.9830190705969463,0.09333769050884701,-0.8776925874405717
1725,0.1339301306150703,0.1917174613173495,-0.992675484248106,-1.6870384785460968,-0.4407086887130792,-1.0164806898217282,-1.3877787807814457e-17,-0.9554277147373416,-1.3889830663997114,-0.8992675379904165
1726,0.12926759106066463,0.19642440491795526,-0.3813295089546412,-1.325384677330361,-0.3852155766415024,-1.0334468237624899,-5.204170427930421e-18,-0.9356221675982858,-0.40735682793827543,-0.9417128939142749
1727,0.13303282348770407,0.1405216381580417,-0.48498134838811646,-0.5756113407522739,-0.39356330431775605,-1.0202204732969689,-3.9898639947466563e-17,-1.0727071139818423,-0.16579057053103624,-0.8488471787650527
1728,0.1283122885751382,0.19449098394997047,0.0017539853112746387,-0.8650184160149493,-1.232498829306907,-1.0171594325423636,-1.734723475976807e-17,-0.3879085752279317,0.3835307277402632,-0.9223889917639189
1729,0.13146858176612367,0.22658343804550699,0.7084383139057517,-1.401733762244802,-0.4524947684812645,0.3192606480261999,-4.683753385137379e-17,0.6850134151852817,1.0808730776023752,-0.16863079467987757
1730,0.12171786646964027,0.21663100313615544,-0.8090828368199051,-0.5457711279719223,-0.18197954314174683,-1.0145800197221733,-1.734723475976807e-17,-0.4202329539203242,-0.0870210387565745,-0.139312362357181
1731,0.12234910061958719,0.16914270976334367,0.09970334546145687,-0.43516577802106227,-0.34726986657440834,-1.032750246693608,1.734723475976807e-18,0.07864448221187317,0.2200569433975671,-0.09618462194065416
1732,0.13006643971606952,0.2110626877643909,-0.9284566982271866,-0.7149212050372487,-1.0290359290227136,-1.0172333322036435,-3.8163916471489756e-17,0.1532553091343144,-0.08032280992645696,0.6316884458425618
1733,0.12725219498484525,0.17802157028488258,-1.5585803435225194,-0.6044726783744525,-0.08880677190274842,-1.015626716812277,-5.204170427930421e-18,-0.2048873014379917,-0.28956515424611995,0.5862227584599717
1734,0.1295933267794377,0.14253413020390568,-0.135147187261891,-0.9409045247413844,-0.2843633979888915,-1.024187969538361,-2.42861286636753e-17,0.5116928747474712,0.43357675534356066,0.6122853043486421
1735,0.1335469536872398,0.2124652347815975,-0.12592037469217957,-0.9501820857205223,-0.25075880470838663,-1.0219055781844868,-6.938893903907228e-18,0.6104654487061972,0.6459107479361581,-0.13634512483641079
1736,0.1316087181505305,0.2639774183280979,-0.700109881284284,-0.25469034184209616,-1.1535892894887398,-1.0062767852088788,3.469446951953614e-18,0.3720845909988638,-0.8035202413219101,-0.12598598113368176
1737,0.13444118246210224,0.23825405776471228,-0.4736148478685549,-0.6881977731128242,-0.4577662271620158,-1.0277123923834894,-1.3877787807814457e-17,0.44216091757698706,-0.8724579661954391,-0.19683615784650063
1738,0.14506854082030327,0.24525980529435207,-0.5491660439432693,-0.5578898948384046,-1.3606211673656667,-1.0219643343749945,-2.42861286636753e-17,0.6448888780300983,-0.18008835647466837,0.5672952715123705
1739,0.12346289895106496,0.258987536698331,-0.16891457484570505,-0.31016487195055675,-0.4142536145161113,-1.014823370016737,1.734723475976807e-17,0.8887448170733105,-0.23486185469883983,-0.13965151761653374
1740,0.13780629538019382,0.21803705163347928,0.0007623446860469007,-0.8037370810358955,-0.3736219142664122,-0.9980708034147208,-5.0306980803327406e-17,0.7044631082658174,-0.09889698896109124,0.5677175953250373
1741,0.12249789034399838,0.21981567281782585,-0.6758668827350091,-0.7278744805695236,0.08433199305261127,-1.0117785003082571,-3.642919299551295e-17,0.2698138679841873,-0.41952371587358794,-0.1594140582331206
1742,0.1386496958657566,0.2377536478290185,0.25936839765249303,-0.8698089804076299,-0.4736682653187419,-1.0188605861467603,-1.9081958235744878e-17,0.14156755096245827,-0.018031432027001037,-0.18507379435066432
1743,0.13677926402004312,0.21299708897956107,0.3797204765183678,-1.0547411411595273,-0.5098048256524609,-1.0036344825003642,-1.734723475976807e-17,0.634103475234409,-0.005274542799945273,-0.16924137326207803
1744,0.13212014790318724,0.19495813572374546,-0.7243722924368626,-0.8663096288360185,-0.08542880714703575,-1.0148624001111033,-3.469446951953614e-18,0.5318248090977302,-1.2198300374953053,0.6329790310008251
1745,0.13485072467233677,0.18217368152186164,-0.7550390390964661,-0.0957269097121179,-0.054781258552451265,-1.0194042059464712,-2.0816681711721685e-17,0.5301783597201329,-1.2159359506711729,0.6138284158642319
1746,0.12720229733093066,0.2383619127154598,-0.9003283414406433,-2.750420915640948,-0.6046230114224312,-1.0118663659501381,-1.5612511283791264e-17,0.27261184860138055,-0.24246476555869048,1.2683799134525078
1747,0.1344511683417935,0.21775978920330522,0.19302531983927537,-0.7560790721412631,-0.5255317202171899,-1.0161615033493332,-2.0816681711721685e-17,0.5571691346992758,0.3077224750655923,0.6506890936671871
1748,0.13458958022843973,0.23315507549667921,0.1850850442978767,-0.7246612825981362,-0.32747450727704297,-1.0284838735824362,6.938893903907228e-18,0.7902642491901196,-0.89316787356039,-0.14988768961890622
1749,0.1260099938096741,0.26999680929672115,0.07139536473048815,0.04207527085761047,-1.0721579080277772,-1.0199673278673984,-1.214306433183765e-17,0.7451768464233152,-0.39919348493177015,-0.16191361566201126
1750,0.13744808386814766,0.18031206622400792,0.034545095891208744,-0.350856229149762,-0.3196302359233958,-1.0120251391531583,-8.673617379884035e-18,0.5434098476608609,0.19891477710280678,-0.8917299070590338
1751,0.139374154640948,0.18417363127219213,-0.22463972287819084,-0.514521988266801,-1.5623970333050925,-1.0101609797521263,-4.336808689942018e-17,0.29009197142067566,-1.0791694174602582,-0.9040061757318678
1752,0.13927294734077308,0.23715290319562846,-0.46469865012948386,0.13858926805770513,-0.47526844191125,-1.0064612302250462,-4.336808689942018e-17,0.22495674378999497,-0.4317135809882757,-0.15865074673041069
1753,0.13571393363600767,0.22378542703299156,-0.5589248256056311,-0.21484907232344422,-0.8084996749574276,-1.0097729674345906,-1.734723475976807e-18,-0.0464142626428584,-0.2920936121457235,-0.15876101041410007
1754,0.13572616159564613,0.23277500746996496,-0.5314339506103162,-0.47975586234013856,-0.25566769191738836,-1.0081462925296338,-2.0816681711721685e-17,-0.050532540381101304,-0.048514538606016074,-0.1751207002928794
1755,0.11870500242550047,0.20097500826235892,-1.4566392826847088,-0.24102314599023214,0.08861763402356117,-1.0352694770984956,3.469446951953614e-18,-0.0917047352563542,-0.382240430126331,-0.14849563151904754
1756,0.12973434285523772,0.13938943544461752,-0.067540229690006,-0.024106528487453066,-0.021036375833032774,-1.0096810907338503,-4.163336342344337e-17,0.2542163066323953,-0.2787436588376872,-0.11168247291449704
1757,0.1323762067998674,0.21745831500840646,0.3316825368663248,0.11692778704481624,-0.14619670932986534,-1.0164002332363418,-3.2959746043559335e-17,0.7805290462693342,0.0473438402384752,-0.13769375082872554
1758,0.12446438409088047,0.23974481630631625,-1.5497613592662527,-1.0774178739642153,-1.6685162361326875,-1.0251797580695934,8.673617379884035e-18,-0.35657796371428124,-0.016672844271670016,0.5585198430240721
1759,0.1254744903197575,0.24680793358026154,-0.9070632195157271,-0.4421559545918802,-0.8383131855164979,-1.0190003324164185,-2.0816681711721685e-17,0.09556710903007926,0.14609624254117232,0.5593453689236408
1760,0.1281631760769516,0.23748890871371606,-0.9888261545116173,-0.3709314025249603,0.07392759810408663,-1.0082195881581755,-2.0816681711721685e-17,-0.1511888931655734,-0.8843112841301808,-0.12154054477339184
1761,0.12431274015745074,0.1953080569633777,-0.14890390982111962,-0.15426969958665426,-2.0033926919842813,-1.0105733148726588,-3.469446951953614e-18,0.31807076655518485,-0.2646402741824354,0.562938430968424
1762,0.13241531309402146,0.24160568058871507,-1.6683430752759727,-0.5118115575901582,-0.19665335046206203,-1.0159173760495026,-2.42861286636753e-17,-0.06660787214995521,-0.22389151742252328,0.6094498243540936
1763,0.13587484421441845,0.21971912221332224,-0.997222668702332,-0.05907876333266464,0.2707245675804955,-1.0268900746637026,-3.2959746043559335e-17,0.054267869622832345,-0.8255674315566123,-0.17985268971380589
1764,0.12927620107883578,0.1521005969432301,-0.6492697953111072,-0.9540838637123819,-0.3425013410432105,-1.0159896460789013,-3.2959746043559335e-17,0.0376857054175165,0.20297995039125577,-0.1463560403678505
1765,0.13884152506117411,0.1690548419260036,0.040792397208940075,-1.12699865010928,-0.07656324542486066,-1.0230755855115685,-3.8163916471489756e-17,0.22416560524334772,0.18661519102421403,0.5979141470820374
1766,0.127662341413331,0.21562582855899015,-0.6092646865686329,-1.0546875708561032,-0.4843726337129465,-1.0081425268142648,-5.724587470723463e-17,0.49968993441965315,0.04036735009842635,0.6167245843343175
1767,0.12674006735304671,0.27290586866214156,-0.6906224198690419,-0.5559743616254403,-0.43237934176420545,-1.0061902006132537,-3.8163916471489756e-17,-0.45297353430027054,-0.10173875662683511,-0.8787140344384425
1768,0.12512567958402082,0.22489355449927456,-1.1546624034051343,-0.994140289445929,-0.40542566740815844,-1.032879997146256,-6.245004513516506e-17,-0.14891680603431895,-1.4733435300205784,0.5653223692799556
1769,0.13516064850277354,0.17850448634899937,-1.0103826479912288,-0.6863075741972761,-0.11029155628426958,-1.006576433636303,2.0816681711721685e-17,-0.18328462343869265,-1.4423516742766531,0.5508680910818715
1770,0.1222899476198389,0.18770857825699394,-1.6384295799516988,-0.24974166652781285,-0.20955279260873094,-1.0117331858030112,-2.7755575615628914e-17,-0.4187057822720259,-0.8233383683626168,0.5932850187261363
1771,0.12950014026039153,0.22016865180715076,-1.550642358221597,-1.5267725989332688,-0.2253388802648358,-1.0197700346154568,6.938893903907228e-18,-0.3656496315740489,-0.8189797990960141,0.6035275081445445
1772,0.13553615579237702,0.2170845701204474,-0.27290446987279315,-0.670946899146089,-0.9131430896462903,-1.0088355537953457,-3.469446951953614e-18,0.8107034227290444,-0.02362606730653281,0.5885546996601064
1773,0.13335780577764547,0.19159404713233452,-0.9318405944681889,-0.9399739848793545,0.2205890945611253,-1.016280911513282,-2.0816681711721685e-17,0.3783620664854279,-0.09798194056785214,0.6053252013980931
1774,0.1325488781271692,0.16410734373063876,-1.335126881499271,-0.9083623598895354,-0.5167846504502632,-1.020171357874844,-8.673617379884035e-18,-0.07615360933736395,-1.0033102132384386,0.5671327846301387
1775,0.12559454434168968,0.23414678459568633,-0.0644776660551127,-0.6151262560691986,-0.594057147237851,-1.0132059922703482,-1.734723475976807e-17,0.7676983225972791,0.05563170030038642,0.6433817720957334
1776,0.126494662850516,0.23374164233792416,-0.48033962174141753,0.030809076632058032,-0.41477573893134756,-1.001155393856726,-6.938893903907228e-18,0.21636278984235605,-0.5003358786447578,-0.11194839884515316
1777,0.12008974735015486,0.20590972768836655,-0.6339917849726652,-0.19207071497123232,-1.3276385987336312,-1.0138268647956126,-3.642919299551295e-17,0.1180118351800663,0.03405356706245251,-0.11892914513857175
1778,0.12615610718796944,0.238451207437586,-0.9721923837125656,-0.9985418950926308,-0.38970915585376825,-1.0214981333417021,-1.5612511283791264e-17,-0.16749025371348797,-1.060408544481695,-0.12863434347077962
1779,0.13635874604581383,0.18230015025616228,-1.0157290198639413,-0.6415090068602832,-0.9203430811722125,-1.0355851657988504,-4.336808689942018e-17,-0.11812548374761933,-1.0583225280285906,-0.16588060557314566
1780,0.1372229787156319,0.20370644168283217,-0.825875325404974,-0.7368703118324688,-0.47644723476383116,-1.0092630155834077,-3.642919299551295e-17,-1.324426212484016,-0.5152101088248208,-0.1494504914918261
1781,0.12646972308502877,0.2143769614605116,-0.9089816473046963,-1.9272911459950215,-0.4556675491869616,-1.0354629663699502,-1.734723475976807e-17,-1.2305926189142435,-0.5107984609254954,-0.9341461381368301
1782,0.12402495895387987,0.17761886643436686,-0.9836018639884909,-1.0398179189307573,-0.6183636155974881,-1.0097298644187238,-2.0816681711721685e-17,-0.9745079202930311,-1.2338751950471174,-0.9548756631602643
1783,0.13889363111871705,0.20133451938570676,-0.858981814956924,-0.17649015490888426,-0.8887323942763796,-1.038281029134518,-3.122502256758253e-17,-1.0012347510231623,-1.1506427678309366,-0.9160316290658961
1784,0.11626136838073363,0.21120187008940935,-0.07477772136807706,-0.8598047203191851,-0.02200277953094032,-1.0278899316676593,1.0408340855860843e-17,0.36831364604230743,0.8028088312925948,-0.10914614423018017
1785,1.583152947157827,0.18431365838079752,-0.0925354344689031,-0.5730338907846109,-0.327802024571026,-1.0078196458249071,9.020562075079397e-17,0.205952822772595,-0.9977762000530607,0.633339708896889
1786,0.13852991544088036,0.20117782433049264,-1.5212140952948474,-1.2033050311525741,0.10239988205286464,-1.0384122526236437,-8.673617379884035e-18,-0.2904657509081287,-0.24420669438003786,0.6033501902029088
1787,0.1282361431340443,0.14749627250768207,-1.212435888550782,-0.2028690855099701,-1.0772982394383226,-1.025823523455412,-6.938893903907228e-18,0.03903180785566371,-0.940630089953771,0.5500344494843997
1788,0.13260467296513065,0.19136670350743293,5.885397578215861e-06,0.12605764620241067,-0.21246434688985072,-1.023380423423418,-8.673617379884035e-18,0.2774927973106537,0.8194080802792186,-0.14399496927719901
1789,0.13167150989554705,0.19136012400655442,0.15199556826069824,-0.2655233232926522,0.051290976308367264,-1.017909659968037,-2.6020852139652106e-17,0.44105484512644644,0.07400972840205744,-0.13606406753087186
1790,0.13157893009082808,0.1875167618860492,-0.689579936833722,-1.355054036293282,-1.481383186889899,-0.9931327009800304,-4.336808689942018e-17,-0.09272948325392681,-0.7493836439477227,-0.2106248545171822
1791,0.12616389036404457,0.24619122785169004,0.4081735478584498,-0.40875246966941764,-0.4348833607811043,-0.2308723901368318,-2.949029909160572e-17,0.5442344911007254,-0.12858920898449894,-0.2058788857653116
1792,0.12602091595987436,0.25573411849078165,-0.7954840708462901,-0.7448342474369885,0.01660509492654209,-1.0248060025357122,-3.642919299551295e-17,-1.1024530860597561,-0.9363489633851468,-0.17212329210583918
1793,0.12712640149508278,0.2327778698887767,-0.8273770866705046,-1.0723287373651735,-0.7648529275178358,-1.0239037164503597,-1.5612511283791264e-17,-1.347797123226389,-0.5156608279657514,-0.21287027711495893
1794,0.11824854023247545,0.17714549655690934,-0.96475295523444,-2.2303689922199506,-1.2970510415308771,-1.0032234843406993,-3.642919299551295e-17,-1.19084179683626,-1.0027010304743114,-0.1524606695544943
1795,0.12583981362862823,0.183222675218359,-0.7474955718825566,-0.4723363623631985,-0.3333496147567661,-1.0223563046269,5.204170427930421e-18,-1.0745836712463996,-0.46222938763403376,-0.1710956602213686
1796,0.12563075330134998,0.20464065192620137,-0.5835182627360912,-1.7855947863843402,-0.691086430893293,-1.033572829976938,-2.7755575615628914e-17,-0.8569038670633963,-0.2823068231376736,-0.18483371619771416
1797,0.12673979251999454,0.19738444788406917,-0.7808490633432786,-0.32925799609176276,0.36911740798769277,-1.028487213234839,-4.5102810375396984e-17,-1.0851636600389325,-0.3294939644932536,0.6296533504099391
1798,0.12801972671165582,0.2369184086016425,-0.7277180463488249,-0.33199752460682824,-0.7860830064282047,-1.0129422293401338,-4.336808689942018e-17,-1.145115117643825,-0.9037056164919808,-0.161315572556558
1799,0.14167755288307546,0.24834122853985488,-0.6216987750622802,-0.7359740332690077,0.10984456497087637,-1.0139624243372405,-1.734723475976807e-18,-1.0203135948915112,-1.026853899547948,-1.6552399549119143
1800,0.12724850625546733,0.07639969147294683,-1.4405806175531337,-0.37959144742426026,-0.5578444555654958,-1.013530129156146,-2.42861286636753e-17,-0.1233521004229775,-1.5363436926736513,2.0343997107479717
1801,0.1311310298977905,0.052087188235949065,-1.8957968783314048,-0.6334681690300609,-0.6475443521774361,-1.0113130880991519,-2.6020852139652106e-17,-1.5192250578439521,-0.9398080164640085,1.3909494926342651
1802,0.14281107543965435,0.10521997967527376,-1.8957968783314048,-0.09387673777090985,-1.0627445655556893,-1.0159663724033436,-2.949029909160572e-17,-2.077134048890774,-1.1680197629044344,1.3051755085531094
1803,0.13973233718273675,0.042897712258985976,-1.8957968783314048,-1.4269080609880926,-0.23826944026203634,-1.0199179009567045,-1.734723475976807e-17,-1.7105334817414684,-1.6086858707838032,1.3217468266404435
1804,0.1326136142139808,0.08564875032817837,-1.8957968783314048,-0.5622014660017713,-0.35341151367435525,-1.0320141181164353,-3.469446951953614e-18,-1.698031733324545,-1.70161734022325,1.3145786158822876
1805,0.13835112718318476,0.08818466364093377,-1.8957968783314048,-0.8936596232830929,0.007777271520166253,-1.0182945598379483,-3.2959746043559335e-17,-1.3566869367097687,-0.9335284619912234,1.2818579764992675
1806,1.5809805636573038,0.06611500702433845,-1.8957968783314048,1.932364664753031,-0.19658580573560924,-1.0264738674906702,9.020562075079397e-17,-1.767310244191384,-0.9717769488206912,2.106738664429121
1807,1.5829434050587878,0.07181913933647811,-1.8957968783314048,1.932364664753031,-0.4611535673480966,-1.0239648301360307,9.020562075079397e-17,-1.6726756387612594,-1.221806731755131,2.0783336983749887
1808,0.13188412365632773,0.034674287744975225,-1.8957968783314048,-0.5655591259225856,-0.08528846440234145,-1.0235536617408225,-3.642919299551295e-17,-1.9964899411482926,-0.43111903504603966,1.3746431233241205
1809,0.14712928304698275,0.058643833458869275,-1.8957968783314048,0.004587864106121058,-0.9255001571580336,-1.0199122350726297,-2.949029909160572e-17,-1.7244426019562704,-1.2627111789033645,1.338119884916534
1810,0.1245870035855003,0.08454824205531641,-1.8957968783314048,-0.8118550391941249,-0.5743673776138373,-1.0131848561018064,-2.949029909160572e-17,-1.6672924964527105,-1.6073595193346262,1.3457688687154485
1811,0.12753226291345476,0.026630207547395066,-1.8957968783314048,-0.6835350404389167,-0.23745315910709935,-1.0209508888710879,-1.734723475976807e-18,-1.886328711111524,-1.3301486281470838,1.3953527804951518
1812,0.12525297540353136,0.08070965956817817,-1.8957968783314048,-1.7068128864692627,-0.29806410185010174,-1.0201661804910387,-5.204170427930421e-17,-1.5501560974389046,-1.589175338732136,1.3443277581623883
1813,0.12092729639697745,0.0773708314706883,-1.8957968783314048,-0.3304128814616095,-0.2743596380759678,-1.0171249166282668,-3.642919299551295e-17,-2.05007928937883,-1.022172491830748,1.3569477550533162
1814,0.14200455618990288,0.07323069351291303,-1.8957968783314048,-1.2549827843701495,-0.7391967882479294,-1.030073697139975,1.734723475976807e-17,-1.5405231955999126,-0.6576342937766326,1.3173215292194038
1815,0.13648688652633734,0.08932078145259427,-1.8957968783314048,-0.4534862109326755,-0.6955347250141952,-1.0325775853778085,-3.8163916471489756e-17,-2.093833808773512,-0.8436454151766736,1.3398568344093753
1816,0.13441472839680887,0.06314337165135667,-1.8957968783314048,-0.737076332038829,-0.7086895231949834,-1.0106477815904988,-1.214306433183765e-17,-2.0052883685030296,-1.476746564408799,1.3793157103821845
1817,1.5830326026369443,0.09623837848616354,-1.8957968783314048,1.932364664753031,1.6426841600936937,-1.021299376825118,9.020562075079397e-17,-1.1116518171648195,-0.7374249627426579,2.1102172818642666
1818,0.13145829824233107,0.08491180182009526,-1.8957968783314048,-0.10514387716924334,-0.12026046925779528,-1.0056067412620793,-5.0306980803327406e-17,-1.7908684580350407,-1.594763890636026,1.3779254681986095
1819,0.13733734962452077,0.06261428860310403,-1.8957968783314048,-0.22215032336192192,-0.9955427471344763,-1.0151922783817895,-3.2959746043559335e-17,-1.7997192873764345,-1.7330784583961771,1.3319063553284354
1820,1.5804614145800233,0.03443160146044337,-1.8957968783314048,1.932364664753031,-0.3276150247062628,-1.0162247573710206,9.020562075079397e-17,-1.7519948773201743,-1.0074612345169582,2.055158635570419
1821,0.13002860598247634,0.0014021517781350233,-1.8957968783314048,-0.9743087188329842,-0.03489378461331372,-1.0029402044342692,-1.734723475976807e-18,-1.6199217602439884,-1.4064657638452354,1.3485945693983568
1822,0.1312285658084345,0.050815715812631855,-1.8957968783314048,-0.8109058059018679,-0.3874473562436709,-1.0284568674708068,-4.163336342344337e-17,-1.4270060387485233,-1.1802277650033124,1.3533300228418026
1823,0.13560490658720808,0.0874399133422034,-1.8957968783314048,-0.31592089271465335,-0.3252439112735624,-1.0055880779151143,-1.0408340855860843e-17,-1.9224173294667128,-1.3269460285861339,1.3712122200889543
1824,0.1400424297515948,0.016684142774445253,-1.3745556516482327,-0.2217226221275423,-1.108967915622883,-1.007731726559426,-2.949029909160572e-17,-0.241774131479012,-1.4086378343525343,1.337564078335358
1825,0.12323986262549395,0.05837387484012891,-1.7827145382600498,-0.7921777211376411,-0.5043360015131176,-1.0133132518100332,-5.0306980803327406e-17,-0.8852994250426917,-0.8357086052821902,1.3422963372646164
1826,0.11890173081565046,0.03160116722117659,-1.8957968783314048,-1.2006065660801615,-0.8887213230939102,-1.0193268550857364,-3.469446951953614e-17,-2.022739093145171,-1.135139651658851,1.321180753454715
1827,0.11011698558629399,0.04314100433033638,-1.8957968783314048,-0.3742912872910983,-0.2948204153642599,-1.0213433346908083,-1.3877787807814457e-17,-1.683130608942552,-1.7267493564591914,1.384316988342408
1828,0.13825825050214402,0.031072079514495386,-1.8957968783314048,-0.6427406277730399,0.18138793526927874,-1.0362469981548628,-3.8163916471489756e-17,-1.6791725729959923,-1.4619762015895377,1.3424545164268733
1829,0.13358493935878532,-0.01742427371567137,-1.8957968783314048,-0.6405591368059546,-1.112026002003446,-1.0108121358361704,-1.734723475976807e-17,-1.8042237345952905,-1.6828538739244359,1.2902740904544048
1830,1.583569969490117,0.06896126531408693,-1.8957968783314048,1.932364664753031,-0.16730600965765413,-1.031397989813611,9.020562075079397e-17,-1.4707688481792405,-1.3751555369621318,2.0580264001793043
1831,1.586207193651444,0.08335874591951321,-1.8957968783314048,1.932364664753031,0.1634731187929855,-1.0201342626468914,9.020562075079397e-17,-1.3726007166014726,-1.4892736485667377,2.081925254583397
1832,0.12214801401009173,0.03082522640487112,-1.8957968783314048,-0.5725353155625769,-0.2871929219875368,-1.009927782029483,-1.734723475976807e-18,-1.6138597080217127,-0.6674783348195776,1.3529511704337194
1833,0.12673279755657244,0.08441349308716639,-1.8957968783314048,-0.4692020602548063,-0.2509204382525957,-1.0126066617585978,-2.7755575615628914e-17,-1.381441569544893,-1.361438374051528,1.323916503759553
1834,0.1424968422134505,0.11528819885376247,-1.8957968783314048,-1.1367309977179156,-0.2434419521874248,-1.02854622307887,-3.122502256758253e-17,-1.6939197257273664,-1.6922410608202691,1.3014593820502118
1835,0.12354115581826437,0.0557921570863554,-1.8957968783314048,-0.09568764966496557,-0.7740252180215088,-1.0045729204128628,-1.734723475976807e-17,-1.7083212693430978,-1.6519514530786263,1.390829229057625
1836,0.13437095952043782,0.006076744435282455,-1.8957968783314048,-0.45647051023717455,-0.23794218702436956,-1.0064338741227927,-3.642919299551295e-17,-1.6522274310119403,-1.3679369637954357,1.343175592949816
1837,0.12000345593420753,0.07141733265818093,-1.8957968783314048,-0.5554499048487734,-0.4184944764296278,-1.0151863699789156,-1.734723475976807e-18,-2.1252268413334403,-1.4463014154604406,1.3029649298737174
1838,0.1370650512512751,0.03359035225611392,-1.8957968783314048,-1.5868691231233842,-0.0684720338934302,-1.0078503113933823,-2.949029909160572e-17,-1.9822445291136188,-0.1708482162359797,1.3532718682457536
1839,0.13354577341516044,0.04550471204464616,-1.8957968783314048,-0.4570415177907306,-0.18803302831344473,-1.01646743666944,0.0,-1.9578997396710558,-0.9431807683382326,1.2859595684661964
1840,0.12458246582042459,0.07468427206771487,-1.8957968783314048,-1.2497388256483062,-0.10932771130055544,-1.0117600771820727,-8.673617379884035e-18,-2.0305552321172633,-1.606161842162997,1.3162966581203615
1841,0.13216546874975874,0.09317453819090267,-1.8957968783314048,-0.9731915686878153,-1.1413359788240087,-1.0093658942927106,-3.469446951953614e-18,-2.0425908217101174,-1.4031508506053687,1.3615559048391621
1842,0.13046901868146812,0.010382134547039953,-1.8957968783314048,-1.065678737416582,-0.7206510175209528,-1.0055576954405072,-6.938893903907228e-18,-1.8115800882679651,-1.7038833239738072,1.3117392360906643
1843,0.135777225119341,0.0744962629258563,-1.8957968783314048,-0.22047942433332052,-1.550952536409792,-1.0092296518921786,-6.938893903907228e-18,-1.7228397763281882,-1.7314858914459597,1.3813369416950119
1844,1.5823483359009287,0.019452419294163525,-1.8957968783314048,1.932364664753031,-0.7868988112560351,-1.012745209204915,9.020562075079397e-17,-1.6482934097400137,-1.092746070693189,2.0747800573930464
1845,0.12160917832109207,0.05344976785414872,-1.8957968783314048,-0.8155964239163945,-0.8314532959816046,-1.0405559256861812,-3.8163916471489756e-17,-1.7002184036650745,-1.6754683130017844,1.34508942264709
1846,0.1287739879836434,0.029554335395582654,-1.8957968783314048,-0.2314306813277244,-0.15971745147868158,-1.0302285557970723,-3.642919299551295e-17,-2.0299940878851257,-1.3720942344046543,1.3648834121490798
1847,0.14407233477142015,0.0263332823472506,-1.8957968783314048,-0.3581490797311115,-1.0381459568934748,-1.0026285927110905,1.734723475976807e-18,-2.0500129455813543,-1.434544702723955,1.3171995182318232
1848,0.12882175318654696,0.0319304989662887,-1.8706513132237481,-0.6053841358803344,-0.09159251797776834,-1.0086671077651572,-2.6020852139652106e-17,-1.1150681515342942,-1.4042063531212898,2.086465368160721
1849,1.5784940003542085,0.06955127197223195,-1.4646418279065303,1.932364664753031,-0.8736073561403962,-1.0234968798254493,9.020562075079397e-17,-0.013823554152048967,-0.9081377358348658,2.066519168240636
1850,0.12295016777917954,0.03781198853396988,-1.8957968783314048,-0.9667374280890205,-0.3035332893162386,-1.016948068982414,-2.2551405187698492e-17,-1.6389325921623106,-1.7021711704442812,1.3299198465804998
1851,0.14058890969174895,0.047572061571478155,-1.8957968783314048,-0.7887317528372102,-0.3273729820499689,-1.010749248215888,-2.0816681711721685e-17,-1.4983571289815167,-1.116446796633631,2.083016234596843
1852,0.13003359572800527,0.09289609538517883,-1.8957968783314048,-0.2789575669542102,-1.9394044419454635,-1.041174711245915,1.734723475976807e-17,-2.0398359407399833,-1.0874985094889547,1.3323904950037346
1853,0.14113964714864158,0.011050680554915425,-1.8957968783314048,-0.6582175563774477,-0.2709661407337436,-1.0031771693091107,-2.0816681711721685e-17,-2.1185743152185625,-1.510062142122357,1.373181586284677
1854,0.1439502444962285,0.06516997511991836,-1.8957968783314048,-0.8051760386149386,-0.3115706232242117,-1.0255953281462673,-3.8163916471489756e-17,-1.8455791744377505,-1.3892171195753094,1.3760357287481166
1855,0.12351213705308388,0.08268031427315128,-1.8957968783314048,-0.9450166726908023,-0.7210387513236055,-1.02505038834171,-6.938893903907228e-18,-1.9236694684062448,-1.2101914058212166,1.3213916238498944
1856,0.13305978800486498,0.03006495596942097,-1.8957968783314048,-1.0805123084564507,-0.2742526011016167,-1.0244762936508844,-3.469446951953614e-18,-1.7568498029054265,-1.741749652564933,1.3500776192036685
1857,0.13045821254078116,0.08424619359557149,-1.8957968783314048,-0.347424998355127,-0.7088950166045407,-1.0272437813361486,-1.734723475976807e-17,-1.7495077436797846,-1.650239774225506,1.3680331721024483
1858,0.13499924931738536,0.0600976151357082,-1.8957968783314048,0.14415699036572088,-0.8311945186986845,-1.030181540733548,-5.204170427930421e-18,-1.5679248037718991,-1.6046989148376,1.282563430918477
1859,0.12465894024518344,0.07460858435245699,-1.8957968783314048,-0.21498707000753328,-0.8447048993073247,-1.0233913453526018,-2.42861286636753e-17,-1.895547685177692,-1.2183206376239912,1.2804950634556904
1860,0.13676973742844792,0.0481409483885035,-1.8957968783314048,-0.2914204328094668,-0.964071164541149,-1.0093500906179314,-3.122502256758253e-17,-1.8989043091150342,-1.332633128360462,2.0642034154959843
1861,1.5839774580282078,0.06293636432031809,-1.8662557999308418,1.932364664753031,-1.1198931824019676,-1.0288090154061673,9.020562075079397e-17,-1.122081553757446,-1.1819133964356399,2.1171589398414428
1862,0.12857869990518195,0.061177352110148124,-1.8957968783314048,-0.7620197924130765,-0.7812513967068052,-1.0180149448279308,3.469446951953614e-18,-1.1405902141995925,-1.1724046089234328,1.2681086863114202
1863,0.11860836655127074,0.017104986733136075,-1.8957968783314048,-0.9348158971253699,-0.10443349835434687,-0.9979463631903808,-1.3877787807814457e-17,-1.584243222442469,-1.5980416236583905,1.3344160816946984
1864,0.12335783067891873,0.05008136120069057,-1.8957968783314048,-0.09518355966346854,0.2958575288289531,-1.0274558059362082,-3.642919299551295e-17,-1.6065700563654604,-0.6948378268370786,1.3426805606533159
1865,0.1320786540239578,0.02144129130725281,-1.8957968783314048,-1.0102183589103375,-0.747470658570114,-1.0011136747365623,-6.938893903907228e-18,-1.4993938367290236,-0.8359887574838247,1.3061391809522391
1866,0.11733093955480065,0.05173075363474228,-1.8957968783314048,-0.3645660194610328,-0.031577867432036416,-1.0215870778380807,-6.938893903907228e-18,-1.3867487134653083,-1.4755539903623764,1.3501790497132635
1867,0.13847225278602593,0.01522950799434262,-1.8957968783314048,-0.8168169715877468,-0.9955620541695049,-1.0157841917101953,-5.204170427930421e-18,-1.61054270392487,-1.4251353742097999,1.2833716716813444
1868,0.14201050641559781,0.04909981057880414,-1.8957968783314048,-0.05239940082483311,-0.8613664997889833,-1.0033767785012089,-2.6020852139652106e-17,-1.6416696126916652,-1.632500041984707,1.3256856700752429
1869,0.12641130452263383,0.0984731067581069,-1.8957968783314048,-0.5318499778704778,-0.25905887998542254,-1.017057204124356,-2.42861286636753e-17,-1.68756421615566,-1.3990385337467652,1.268342740308049
1870,0.1337616225165112,0.023923126527577575,-1.8957968783314048,-0.6392909913304275,-0.7465115287393026,-1.013031117796664,-2.2551405187698492e-17,-1.8034791105423,-1.6611855707739092,1.2698575072734717
1871,0.12747017109574538,0.08645506284939446,-1.8957968783314048,-0.5456793400852775,-0.11394413228876588,-1.015975026314938,0.0,-1.9276761633135635,-1.247841449685453,1.3834483726626428
1872,0.1329065176233102,0.02044234054189008,-1.8957968783314048,-0.6903517847786845,-0.5233710910206535,-1.0163566575431144,-2.42861286636753e-17,-1.3780180157097994,-0.9673112847086494,1.3949553090271183
1873,0.13473259181756492,-0.009346033587512768,-1.8957968783314048,-0.6692103319482157,-1.2226268255817645,-1.0197285778165908,-8.673617379884035e-18,-1.56977504429515,-1.4607924176539604,1.4272475444228454
1874,0.1315010781902095,0.09114067460035105,-1.8957968783314048,-0.5422964631277991,-1.1206444102882507,-1.030948260892154,-6.938893903907228e-18,-1.8642137344321514,-0.9894328360546509,1.2332539730632723
1875,0.14017022951775862,0.05374714989811569,-1.8957968783314048,-0.49993917892599116,-0.22197580021064872,-1.0249164212253714,-3.122502256758253e-17,-1.8696672050555485,-0.9371901570512674,1.3274020448967996
1876,0.1314664034112607,0.02244114256947427,-1.8957968783314048,-0.6181134114767617,0.053687417092767434,-1.0180374351918913,-1.5612511283791264e-17,-1.6363701069654388,-1.1700051005948344,1.3613012833645235
1877,0.13221415496116457,0.08386799081115069,-1.8957968783314048,-0.7547230608622267,-0.8266903053448801,-1.0064936936578186,-1.214306433183765e-17,-1.880172694432989,-0.7743071649145905,1.3937711135951916
1878,0.12603003703091203,0.07934953530913076,-1.8957968783314048,-0.8643984965614473,-0.018869253795090933,-1.0309932004063254,1.734723475976807e-18,-1.8082324866333894,-1.3608857646039956,1.3376029749985618
1879,0.128316054157457,0.027311137650712778,-1.8957968783314048,-0.12241801154409272,0.21880496080347092,-1.0172108337794976,-4.163336342344337e-17,-1.8164389729772867,-1.205232241845998,1.3177905684507714
1880,0.1352216507965743,0.0787711195141462,-1.8957968783314048,-0.7990700743873945,-0.5483337526514325,-1.0212256677272527,-6.938893903907228e-18,-1.7314357068315718,-0.8544258694837952,1.347236363989934
1881,0.13734814879248677,0.017047867648484098,-1.8957968783314048,-1.1650019464476804,-0.6715559555131253,-1.0294940959396686,-2.7755575615628914e-17,-2.106721826693013,-1.6163207869593488,1.3522673040782667
1882,1.5861979459367166,-0.006977386359976216,-1.8957968783314048,1.932364664753031,0.07788357791970953,-1.0211268741296884,9.020562075079397e-17,-1.757943502847208,-1.1748897826433085,2.061755290107791
1883,0.1362833159676604,0.01982599400760387,-1.8957968783314048,-1.1444146872356051,-0.022881744540215798,-1.0279636884903784,-4.5102810375396984e-17,-1.5036745316302176,-1.0827230298610595,1.4053567002922271
1884,0.12225174557960938,0.03353768499099971,-1.8957968783314048,-0.7179210468220847,-0.7371504521085303,-1.0210933065336343,-2.42861286636753e-17,-1.7474911270583535,-1.69335825285491,1.3435568878271975
1885,0.1354704639092531,0.06904761638154082,-1.8957968783314048,-0.791477737915346,-0.6675667083510595,-1.0197931133862663,-2.6020852139652106e-17,-1.7718354443227609,-1.5696588345925033,1.2905600962221997
1886,0.1284908862538185,0.012465440188306818,-1.8957968783314048,-0.4715827363553421,-0.018040874649421012,-1.0146689490697829,-3.469446951953614e-18,-1.7874025357325243,-1.7222527090597173,1.402962863131303
1887,0.11948541936469027,0.06554388748865779,-1.8957968783314048,-1.1708595908312545,-0.6063565396402122,-1.0339543068168557,-6.938893903907228e-18,-1.6437008580498254,-1.43777794887383,1.2873501131119391
1888,0.11846598781734002,0.06627702147761677,-1.8957968783314048,-0.19447549119510094,-1.016901783898147,-1.0188754381637073,-1.0408340855860843e-17,-1.8764430540753034,-0.9466597038312469,1.3662016358357947
1889,1.581729571428495,0.05409154755594224,-1.8957968783314048,1.932364664753031,0.038126256609797134,-1.020256603656104,9.020562075079397e-17,-1.9114332119621982,-0.8838968545948341,2.1144897159409606
1890,0.1223030587437735,0.034479086644629856,-1.8957968783314048,-0.4485246997594621,-1.0836276495508235,-1.0036238930717334,-4.336808689942018e-17,-1.5080034920686065,-1.502034294215261,1.3592820643199022
1891,0.12141340813461043,0.03140443836606908,-1.8957968783314048,-1.09244008943807,-0.3045854734227264,-1.0014388223108062,-2.0816681711721685e-17,-1.6442860898037948,-1.171719336278923,1.31412301889538
1892,0.12555112305619726,0.007840922086647306,-1.8957968783314048,-0.7795876008146191,-0.2577726196938038,-1.0197802739099209,-1.3877787807814457e-17,-1.697903656818871,-1.1284913803435772,1.3443149862446608
1893,0.13328006173666548,-0.013978973473152075,-1.8957968783314048,-0.7243160477168509,-0.35396272662698464,-1.0056679492938079,-1.214306433183765e-17,-1.5172734698038897,-1.381038963353934,1.340343700725259
1894,0.12820577597175278,0.04759611503831827,-1.8957968783314048,-1.6334488751267628,0.001662598497696438,-1.0316713013041716,-3.469446951953614e-18,-1.3393928675974753,-0.7158920288756755,1.3366352120236493
1895,0.13037785732373414,0.06324649506486599,-1.8957968783314048,-0.4830372158562878,-0.9959241847097757,-1.0220636723529315,-8.673617379884035e-18,-2.070358279876093,-1.4205737640602085,1.3445888304866989
1896,0.12715888650240187,0.06923305723311714,-1.3843132429836285,-0.5047737332122093,0.4108483679445421,-1.0283424930741716,-1.9081958235744878e-17,-0.28826164262560333,-1.5585682995598074,1.3271124566599866
1897,0.1349745148284089,0.06307075610654932,-1.8144111912095056,-1.1365841877530338,-0.06503293410176539,-1.011595999088169,-1.5612511283791264e-17,-0.986765270246255,-0.7445075588367025,1.3764301483904424
1898,0.11594530287999852,0.04013267605056052,-1.8957968783314048,-0.9724351137275139,0.16721786897849378,-1.0182155816132314,-2.0816681711721685e-17,-1.8781050922676719,-0.8691771058754425,1.3590404978732231
1899,0.13944932257677065,0.07806543008444802,-1.8957968783314048,-0.7147783590581747,-0.7208041864327145,-1.016547512997247,-8.673617379884035e-18,-1.7527772471236995,-0.7790105512827777,1.4009606694228431
1900,0.1303793587080504,0.0951028263663295,-1.8957968783314048,-0.7274599544249241,-0.9850575148388502,-1.0225956094489712,-1.214306433183765e-17,-1.638749221256998,-1.4584970009088842,1.3191454402496523
1901,0.14555559914440236,0.027703131943699517,-1.8957968783314048,-0.894030256544676,0.08901535677384798,-1.0096193637734738,-1.734723475976807e-18,-1.7276421268046611,-1.5661820886711288,1.38755042135523
1902,1.5819200503585296,0.02640354781700763,-1.7898238205580963,1.932364664753031,-0.16597298569577787,-1.016925643566667,9.020562075079397e-17,-0.906604151599539,-1.2992182051672143,2.0540901751708804
1903,1.5843092878441398,0.028692367962355518,-1.7936576193638323,1.932364664753031,-1.118856704249385,-1.0116024804984884,9.020562075079397e-17,-0.9064418209980267,-0.9624350543651848,2.082171812272711
1904,0.13354502338063892,0.019552077654279597,-1.8957968783314048,-0.8012000598087009,-0.2963242459665417,-1.026311762703698,-2.42861286636753e-17,-1.4987659254868921,-0.6242298058639314,1.3104789118
1905,0.12447469977028944,0.06455883214382147,-1.8957968783314048,-0.17606530509087545,0.05764172957111178,-1.0208391351002848,-3.469446951953614e-18,-1.5784273871775452,-0.6861025378122007,1.3505199093562956
1906,0.13165485777484615,0.07162430889046154,-1.8957968783314048,-0.6883877986132778,-1.4362314343037252,-1.0038801201068823,-2.949029909160572e-17,-1.7547392048714028,-1.5754866788622974,1.3814319533019328
1907,0.13638647046705799,0.08798310472809702,-1.8957968783314048,-1.2473244688923195,-0.35753998955042837,-1.0224556659488726,0.0,-1.75144867068971,-1.6211867108295799,1.3493114261350097
1908,0.12558981286856544,0.0037367605402120834,-1.8957968783314048,-0.9366000168076104,-0.6505482637123429,-1.0263615856172938,-5.377642775528102e-17,-1.7187808949290242,-1.2156845149010678,1.3581085683446381
1909,0.12814233152103377,0.06422064191314385,-1.8957968783314048,-0.5857170625143368,-0.3159857806495422,-1.0188172273259428,-3.469446951953614e-18,-2.0082431663866926,-1.1345065435076203,1.3428397044213947
1910,0.13742458646758343,0.08179676587742268,-1.8957968783314048,-0.984012260691693,-0.6543480472073225,-1.0186731981213326,-1.5612511283791264e-17,-1.992587566464912,-0.2780355693039082,1.3194344931648088
1911,0.1287601927143781,-0.01345024396516982,-1.8957968783314048,-1.309024647666325,0.2583538891025436,-1.021922876425689,-1.734723475976807e-17,-2.1509943237996545,-0.7597295719974729,1.3061777224112334
1912,0.12243916471551763,0.021904279786906105,-1.8957968783314048,-1.1316984454285344,-0.4491733670611794,-1.0209808918024066,3.469446951953614e-18,-2.042875370796432,-1.618327728161699,1.3424733464585306
1913,0.13811429101090292,0.0497574893417372,-1.8957968783314048,-1.0568339618802107,-0.1396253795420521,-1.017235930023695,-2.2551405187698492e-17,-2.0628098705493976,-1.4038472799689656,1.3840128966956313
1914,0.13745598889868788,0.11820870252525859,-1.8957968783314048,-0.21185573548808345,0.37037120905393334,-1.0183681567540663,-1.214306433183765e-17,-1.7281198282230534,-1.6759792723862497,1.3850581252520326
1915,0.1372624291654534,0.015577284441584772,-1.8957968783314048,-0.5220577038619443,-0.7178988424375742,-1.0192271549392151,-2.949029909160572e-17,-1.6977462071800338,-1.5207831278219384,1.4201418340440368
1916,0.1205372509234321,0.061571006635662597,-1.8957968783314048,-0.7954621653426807,-0.42540162984604774,-1.026131540359136,-2.6020852139652106e-17,-1.5437099825161227,-1.620724970556179,1.391602411551833
1917,0.12621357853110524,0.03667129783895227,-1.8957968783314048,-0.20839445819511324,-0.899177956346533,-1.0259486157369573,-3.469446951953614e-18,-1.6383924815694753,-1.355164668981834,2.0902491517726816
1918,0.12991986519677046,0.03924746246492505,-1.8957968783314048,-0.71535525840102,-0.5794338505770881,-1.0199434394555222,-1.734723475976807e-17,-1.7200166582681118,-0.6888065856290141,1.322570514493707
1919,0.12646385415465466,0.05071209361079503,-1.8957968783314048,-0.8724488673854061,-1.643139140336161,-1.0227621658795687,-5.377642775528102e-17,-2.1025056456394795,-1.4966339144057197,1.3364455780614044
1920,0.11798797110733482,0.06608617072401785,-1.3800947718604994,0.12283152105398065,-0.6080060641687154,-1.0107738964771973,-3.642919299551295e-17,-0.11613772646972806,-1.5040318550170373,2.1168170655251175
1921,0.13229848079267909,0.046982868264537424,-1.638396469093453,-0.2610416761170299,-0.17524317708613935,-1.0225563481174245,-3.469446951953614e-17,-0.36123285424967777,-1.6150053838198473,2.1054949422936518
1922,0.12705832442981504,0.07245593261774137,-1.8957968783314048,-0.8728412007125578,0.31726646118122487,-1.0144273416099776,-1.9081958235744878e-17,-1.8865908902199708,-0.920054487712633,1.3310567537625844
1923,1.5804816662040366,0.038232283893840674,-1.8957968783314048,1.932364664753031,-0.5558774879146517,-1.0112122494678266,9.020562075079397e-17,-1.3221028909051307,-1.0751928742290027,2.0547257749325145
1924,0.12525339142457398,0.04291010257817342,-1.8957968783314048,-0.5253851033093223,-0.5730295154311286,-1.0300667255066966,-1.734723475976807e-18,-1.9476449885899805,-0.7155280148990237,1.2835866604690083
1925,0.13467699337733594,0.05944694568908534,-1.8957968783314048,-0.185315660232706,-0.8297321056580769,-1.021314762052832,-1.9081958235744878e-17,-1.9712462403582562,-1.0743799713875597,1.3799653923160131
1926,0.1343564462514126,0.03096992986660606,-1.8957968783314048,-1.4817137271096326,-0.07011178401365754,-1.0079533886389376,-2.6020852139652106e-17,-1.807375840128567,-1.175349737872923,1.3329090218913942
1927,0.13029876696517773,0.012506336332816557,-1.8957968783314048,-0.6010750686204704,-1.0626158697309143,-1.032936621970286,-1.214306433183765e-17,-1.7016278138513667,-1.6000922031747908,1.3433533036379826
1928,0.13393019356750965,0.056728978540282984,-1.8957968783314048,0.010438899199916333,-0.5233330832755354,-1.0386334628138567,-1.734723475976807e-18,-1.7226983226206782,-1.6437258885797477,1.3551615948314826
1929,0.11228910798366527,0.09495339947998731,-1.8957968783314048,-0.15464835192816787,-0.30966175315514954,-1.026122409938213,-1.3877787807814457e-17,-1.685059228411502,-1.579538410465705,1.2985144626937657
1930,1.5813842153089135,0.05515390848934673,-1.8957968783314048,1.932364664753031,-0.7432127960257718,-1.0294011286185347,9.020562075079397e-17,-1.2672307817551625,-0.7480113877931768,2.092017769970371
1931,0.1308037037376415,0.06658822365746854,-1.8957968783314048,-0.24858376943063884,-0.2699752269272996,-1.0212599675348513,-3.9898639947466563e-17,-1.7382134422065234,-1.2424658600099778,1.3254855068547164
1932,1.5824262500428736,0.03762843637004893,-1.8957968783314048,1.932364664753031,-0.1853906109764648,-1.0211270169709048,9.020562075079397e-17,-1.5771822137141125,-1.2031829929743032,2.0389111944803093
1933,1.5828642011322145,0.0573682802243515,-1.8957968783314048,1.932364664753031,-0.15680083592811378,-1.0054073681273217,9.020562075079397e-17,-1.7413677771597154,-1.2572262584271003,2.0993173674058707
1934,0.1331449913221883,0.09119219888524478,-1.8957968783314048,0.0046739114638102396,-1.2954098821658542,-1.0032488277076146,-5.204170427930421e-18,-1.5767832244028583,-1.1554985239466575,1.3532826213889027
1935,0.1375642676624847,0.07348580391788888,-1.8957968783314048,-0.609648772941094,-1.1301988503455496,-1.0273582447432896,-1.734723475976807e-17,-1.6319425946848425,-1.5938141250927065,1.358297436179191
1936,0.12307819260206754,0.04291939247090547,-1.8957968783314048,-1.090805714564367,-0.9373983625684373,-1.0143484317685592,-1.214306433183765e-17,-1.7828642632442813,-0.5159083162859,1.3437734928688143
1937,0.1343844900034129,0.05711633879468109,-1.8957968783314048,-0.309163665662649,-0.5246604813474064,-1.017805016131113,-4.683753385137379e-17,-1.8304016034652573,0.0714441828490867,1.3817095886102138
1938,0.13464877440574652,0.03962413642417215,-1.8957968783314048,-0.8988850658668799,-0.9647726859569603,-1.007357241144525,-1.214306433183765e-17,-1.6670566516686631,-1.0903288754323035,1.3257265499909845
1939,0.1264707086267378,0.06847575120983024,-1.8957968783314048,-1.095175156217926,-0.5691266294189232,-1.0157750641238545,-3.469446951953614e-18,-1.864257068469872,-0.9584357660592434,1.2828191470102766
1940,0.1301466389695392,0.023049378208344646,-1.8957968783314048,-0.16333918540543188,-0.5382687371426301,-1.0146160454357194,-3.2959746043559335e-17,-1.662961884077461,-1.6108859660542363,1.380798543506944
1941,0.13627029155355122,0.03891818643308472,-1.8957968783314048,-0.48628398592280897,0.041385615077019704,-1.021209017281721,-1.734723475976807e-17,-1.6933839148336833,-1.699224771831928,1.3696592256404836
1942,0.12792979774661956,0.03317514300331202,-1.8957968783314048,-0.7058217809576419,-0.31345641223317755,-1.0135403081616443,-8.673617379884035e-18,-1.7506395700060535,-1.3588744107667199,1.3497726385211548
1943,0.12586409342967442,0.029253254605907105,-1.8957968783314048,-0.2274141446118745,-0.4353539437323578,-1.0360706329508211,-4.5102810375396984e-17,-1.8385598940128998,-1.3112345989739838,1.37540509078292
1944,0.13848135076738627,0.0698789219073732,-1.8957968783314048,-0.679634155807136,-0.17104163378234702,-1.0194999406004148,-4.683753385137379e-17,-1.6558467090143214,-1.2198563583774535,1.3152857024827338
1945,0.13239456059921734,0.06145070872438499,-1.8957968783314048,-1.1297602089417065,-1.3153432097000615,-1.0417240071359575,-2.0816681711721685e-17,-1.5966947440681178,-0.8136502498275076,1.3149089725779786
1946,0.1398617757370695,0.04005449204111216,-1.8957968783314048,-1.1755271571958152,-0.27124375865069045,-1.0251754236512025,-6.938893903907228e-18,-2.0434455731752807,-1.3501351783151947,1.3013152149710279
1947,0.13123811233163604,0.06854488038127969,-1.8957968783314048,-1.5651330245943373,-0.9576343170533034,-1.0118401328895086,-2.42861286636753e-17,-2.0226853234007938,-0.9454169215877344,1.3819942258935007
1948,0.132579837830362,0.07403344969431967,-1.8957968783314048,-0.993785288859416,-0.6797768861373085,-1.019183428455741,-3.469446951953614e-18,-1.4091048136123963,-1.1806410906832248,1.375399401777915
1949,0.11980170114445342,0.023233539496967163,-1.8957968783314048,-1.1027104316275183,-0.7010079619768421,-1.0220191019267042,-2.6020852139652106e-17,-1.2730318781947205,-0.5497730382142152,1.3637916482141517
1950,0.12222213008276445,0.027182269875215256,-1.8957968783314048,-0.09490273555903077,-0.07540270087288369,-1.0368043599684793,-1.214306433183765e-17,-1.772709487903189,-1.3603086682745218,1.320724488538365
1951,0.13086944395080624,0.00989171639092864,-1.8957968783314048,-0.07233601977543902,-1.424901436526374,-1.0021363596942416,-3.2959746043559335e-17,-1.7204764258343412,-0.998948067750795,1.3689238531742833
1952,0.13017982145419307,0.045189482689765824,-1.8957968783314048,-0.6756191175124517,-0.09171019210329308,-1.0265869195503516,-2.2551405187698492e-17,-1.9274759334034843,-1.6170661254729164,1.3595756548954863
1953,0.13048086787998006,0.06606588433342067,-1.8957968783314048,-0.9314130394077949,-0.2817715450220752,-1.023478797721335,0.0,-2.05382767751871,-1.4424498325420927,1.2882714364359649
1954,1.581314033284707,0.077028207000339,-1.8957968783314048,1.932364664753031,-1.0530523897420665,-1.029466617858927,9.020562075079397e-17,-1.6899308279653333,-1.156730291624387,2.0690200697404846
1955,0.14194754105908214,0.08811065234621931,-1.8957968783314048,-1.0160088545877668,-0.26336643400670035,-1.023700345849728,-5.551115123125783e-17,-1.3812144057484124,-1.02848767745802,1.3237659145524965
1956,0.13652905271540605,0.08055642621531403,-1.8957968783314048,-0.219426261958933,-0.5028643780974038,-1.016283747695429,-2.0816681711721685e-17,-1.7900812635360261,-1.5680801696828426,1.3619872805820212
1957,0.11895307525894276,0.031578073524544115,-1.8957968783314048,-0.4985864436173718,-0.544058562983922,-1.018370055338936,-6.938893903907228e-18,-1.7299828984432106,-1.6404474387505925,1.3295806404906576
1958,0.13257637311085718,0.0311927138048401,-1.8957968783314048,-0.14303680133750607,-1.1929772620989947,-1.0211207522428232,-6.938893903907228e-18,-1.7969777474274018,-1.7306552909279107,1.262015171713677
1959,0.12237088667280098,0.06712113710543298,-1.8957968783314048,-0.20572790413887146,-0.8366227203122354,-1.016259517635387,-1.9081958235744878e-17,-1.7809653925488482,-1.6841407675142313,1.3629729739703593
1960,0.13072848720047867,0.004973258152856691,-1.8957968783314048,-0.3689935440848282,0.002348142716313832,-1.0241610571069364,-3.122502256758253e-17,-1.7893076852696972,-1.2524592326104995,2.063890120906977
1961,1.5856236866826037,0.0702635931378533,-1.8957968783314048,1.932364664753031,-0.6993088447117337,-1.0187987388424258,9.020562075079397e-17,-1.8552107834974487,-1.047440988362282,2.063812567815839
1962,0.12090075872484739,0.05446696502913064,-1.8957968783314048,-1.2411335372575178,-0.5918019749972924,-1.0161785382194222,1.734723475976807e-18,-1.597988746629018,-1.4705744863447798,1.341551114482623
1963,0.14295711396383898,0.028497378391404152,-1.8957968783314048,0.08341758913699591,0.27851576955483426,-1.0292961605541964,-3.642919299551295e-17,-1.6181289633756215,-1.6349773735516258,1.3523608584952964
1964,0.13609433703558024,0.11359162452317706,-1.8957968783314048,-0.3229986402136034,-0.6040818420434816,-1.0132352429598088,-2.6020852139652106e-17,-1.5191457971785747,-1.2104825338966663,1.3331196161294343
1965,0.1354408672784701,0.04828842610803632,-1.8957968783314048,-1.4267881831351865,-0.5053825361819592,-1.021041267724703,-3.469446951953614e-17,-1.4879839178969636,-1.3477580250906647,1.3546447780218336
1966,0.12369331135240498,0.07850675955118229,-1.8957968783314048,-0.832993152302513,0.2822184805880671,-1.0288878054476165,-2.949029909160572e-17,-1.996246183465755,-1.3366402948723046,1.3124520757123586
1967,0.13707446244507954,0.0875169809603333,-1.8957968783314048,-1.2109220400761076,-1.7004879220795188,-1.0057138292544066,-3.469446951953614e-18,-2.035181044857486,-1.306444853746207,1.3614146913038487
1968,1.5839696315487901,0.1363187076713845,-1.5341971537465333,1.932364664753031,0.37421328880501137,-1.0168637184294471,9.020562075079397e-17,-0.15183073588034765,-1.0387947022936135,2.0968893602010628
1969,1.586319494068198,0.047080268876693046,-1.4004655700528084,1.932364664753031,1.6426841600936937,-1.0019693728814778,9.020562075079397e-17,0.03492254555938842,-0.8840768268313832,2.0708648047257703
1970,0.13285297486154712,0.07080460172228366,-1.7646484120361847,-0.29559023890360775,-0.5254266063110682,-1.0267764789807396,-1.9081958235744878e-17,-0.7826385485406588,-0.7522004473090625,1.3411692980302916
1971,0.11981777678062586,0.061815094763742175,-1.5572419985459112,-1.2040643058946288,-0.46949862730611225,-1.0262880009377102,-1.734723475976807e-17,-0.2657367501718596,-1.4315481127608658,2.1263348741171746
1972,0.13620317294752024,0.04590362833832765,-1.8957968783314048,-0.5537251498149234,0.014992036155909855,-1.0084482320460086,-3.122502256758253e-17,-1.9342007081762809,-1.205762943802678,1.3589933922012583
1973,0.13168811686448045,0.0038850262063686346,-1.8957968783314048,-0.5727564886254907,-0.16019009682660149,-1.0100956271957537,-4.5102810375396984e-17,-2.051515172152634,-1.1391916013002172,1.3128844989193624
1974,0.11649273550290953,0.05612090894750741,-1.8957968783314048,-0.9970174538575098,-0.46131380246598075,-1.0168435527348745,-3.122502256758253e-17,-1.8599555359250413,-1.2123756634875744,1.3493053686996876
1975,0.13241594904090198,0.1163293186907674,-1.8957968783314048,-1.2254139687664198,-0.39911322397617005,-1.0183277823407917,0.0,-1.6816794569079487,-1.735965448589713,1.3673097673174435
1976,0.13534986344778288,0.01982956995114264,-1.8957968783314048,-0.8643121780496277,-0.19180761587272543,-1.0166615590592754,-1.0408340855860843e-17,-1.6873051494255933,-1.7110736468134267,1.3627958805176215
1977,0.13879070722494824,0.09450252437503052,-1.8957968783314048,0.18980961370874405,-1.740273555351866,-1.0187618288176,-3.642919299551295e-17,-1.739904312866454,-1.6977637034622497,1.3189748108264618
1978,0.13286792552897622,-0.016928907479249137,-1.8957968783314048,-0.16544272305176735,-0.2695500608957418,-1.0094103918060335,-2.6020852139652106e-17,-1.819449888905864,-1.5717373972303152,1.3898723712042298
1979,0.12899847533124306,0.07588760514905951,-1.8957968783314048,-0.5539011525760276,-1.9104896549273067,-1.0320399176180077,-3.122502256758253e-17,-1.7310599811474743,-1.6365633267779778,1.387146097026217
1980,1.5824232457315002,-0.0030932330652585997,-1.8957968783314048,1.932364664753031,0.22901617769394994,-1.0097009604333895,9.020562075079397e-17,-1.3150993272804898,-1.2174796415422546,2.0635263814189857
1981,1.5846963306890762,0.029823698707073586,-1.8957968783314048,1.932364664753031,-0.8063412248519396,-1.0200931162731108,9.020562075079397e-17,-1.5222759047085366,-1.3908573108387985,2.1541809050973493
1982,1.5823265773270905,0.09213487069680709,-1.7039581795125869,1.932364664753031,-0.8420966620723613,-1.0266214715754645,9.020562075079397e-17,-0.727055070176411,-0.9061137627927034,2.0945400139087034
1983,1.5839940277116202,0.056460615976900115,-1.8957968783314048,1.932364664753031,-0.26774063900801937,-1.00941859691968,9.020562075079397e-17,-1.414098772947531,-1.5080545914431023,2.077955216958914
1984,0.126776697387294,0.08814360479067566,-1.8957968783314048,0.14281606371631045,-0.5330076315985631,-1.0123109512324049,-6.938893903907228e-18,-1.647779417472907,-0.47005279631046987,1.4085950350408307
1985,0.14073495376571737,0.07429207179255345,-1.8957968783314048,-1.2266586322225468,-0.27817929678449654,-1.034826645699,-2.6020852139652106e-17,-1.8033633546438872,-0.4563166942836075,1.3661230227023342
1986,0.12398656292650928,0.07868075275015443,-1.8957968783314048,-1.401185676174075,-0.3611437095992238,-1.00770488755194,-3.642919299551295e-17,-1.4591957541236935,-1.3482065785044923,1.3481771903377533
1987,0.13684866812289942,0.004015631031156375,-1.8957968783314048,-0.17252983740542036,-0.12623046181108985,-1.0386188733408648,-1.3877787807814457e-17,-1.5434241635269503,-1.5910733011425227,1.4217655730537297
1988,0.13306185877220492,0.0662615008832402,-1.8957968783314048,-1.045565633316423,-0.005898042914480244,-1.0210020547883423,-3.469446951953614e-18,-1.7315296020487805,-1.6591945412624811,1.3864604051534568
1989,0.12886227237091413,0.05774042719757913,-1.8957968783314048,-0.3649030374134911,-0.1297376322414581,-1.0196975848805705,-1.734723475976807e-17,-1.8228612021441872,-1.2737637396401265,1.3221103919486383
1990,0.1243720967618614,0.02412813447394301,-1.8957968783314048,-0.951464615968764,-0.3898837843809222,-1.0207349107051418,-2.42861286636753e-17,-1.7563577219112163,-1.718173515656186,1.3511951469288639
1991,0.12251739043477201,0.021525673095972694,-1.8957968783314048,-0.2716751533408301,-0.6920120833280095,-1.0138101997876223,-2.0816681711721685e-17,-1.7639231821208623,-1.723852898414634,1.349325016456353
1992,0.13092130806600857,0.03906232551980749,-1.8957968783314048,-0.22492469615842528,-1.1493459134443262,-1.0324444252688443,8.673617379884035e-18,-1.6854474010190004,-1.38633394537161,1.3490489412951772
1993,0.15139636432686923,0.054045136306416997,-1.8957968783314048,-0.7400929993820338,-0.3679338200693996,-1.0211469416686616,-1.9081958235744878e-17,-2.02538288380896,-1.0373419405026179,1.3325215710603129
1994,0.14028171033600847,0.04840651262983152,-1.8957968783314048,-0.8572719807711472,-0.545575971991029,-1.0246147114830897,-1.734723475976807e-18,-2.109866674414273,-1.4561291682987378,1.3654807964380276
1995,0.12072861910028126,0.04114777805325276,-1.8957968783314048,-0.2768362557194877,-0.8818486548010515,-1.0156821042254902,-1.5612511283791264e-17,-1.6660339003539197,-0.6635049862270179,1.3324341638889086
1996,0.13877916384357714,0.049624823441845975,-1.8957968783314048,-0.5748792463459721,0.21896575918027328,-1.0200934988056418,-1.3877787807814457e-17,-1.9904846954931257,-1.1882340607549058,1.3445318045329104
1997,0.14543688693137177,0.07026411078951336,-1.8957968783314048,-0.4561274037194157,-0.5863570291279596,-1.0118047160026131,-2.6020852139652106e-17,-1.337546201593593,-0.22666361679331354,1.2887379642142687
1998,0.13494657367810586,0.031284891855067255,-1.8957968783314048,-0.15318119947283593,-0.925244106368617,-1.0177916443084751,-2.6020852139652106e-17,-1.9505671794706876,-1.2324806799180665,1.3986875426377576
1999,0.1270476988177361,0.024864343495452437,-1.8957968783314048,-1.5276417821912889,0.04056384022127422,-1.0257397311065375,-8.673617379884035e-18,-1.9110443446229428,-1.0315341416970463,1.3747029904725143
2000,0.1294320979309782,0.03451842986052488,-1.8957968783314048,-0.5510750187656213,-0.4528927527064497,-1.0042278922186127,-6.071532165918825e-17,-2.1125194666160354,-1.442190277287643,1.347948574843063
2001,0.1186299052022334,0.0008262124884128038,-1.8957968783314048,0.12275688572556581,-0.07565540278323735,-1.0167803163138573,-3.122502256758253e-17,-2.0306076422965194,-1.491164955799614,1.3211614500973299
2002,0.12101953955567685,4.919850562416307e-05,-1.8957968783314048,-1.3663273067505315,-0.32865676399399435,-1.0277945176180654,-3.2959746043559335e-17,-2.0943975159592085,-1.4437154381479214,1.3547385999563084
2003,0.12961517824191418,-0.031760481165387204,-1.8957968783314048,-1.144773208354572,-0.044975482228238384,-1.003360477082218,-1.734723475976807e-18,-2.0800481963470987,-1.3675270268911743,1.4148743427071575
2004,0.13346548626666516,0.036987328171383775,-1.8957968783314048,-0.5904304839382846,-1.2904356368733962,-1.014808674553987,-8.673617379884035e-18,-1.8190969442807257,-1.702264656100548,1.3860151644508134
2005,0.12995058029988832,0.07685093543580891,-1.8957968783314048,-1.2343022810222892,-0.5903191145607704,-1.0063023986627742,-1.9081958235744878e-17,-1.8356812503810964,-1.5606861637911331,1.3240863910059961
2006,0.13812568541048895,0.05559043652607484,-1.8957968783314048,-0.8709944571695102,-1.1452028753419423,-1.0112007096279367,0.0,-1.7368179802175878,-1.7366778598159318,1.2776942763128583
2007,0.12501859730817472,0.045067704355891566,-1.8957968783314048,-1.3096240901139413,-1.110336178903629,-1.016740296483885,-5.0306980803327406e-17,-1.7657992550899098,-1.6072605182620758,1.358271742225481
2008,1.5828166565942177,0.03377881579398082,-1.8957968783314048,1.932364664753031,-0.5430359471298257,-1.01612680755074,9.020562075079397e-17,-1.6202946562637641,-1.1460802005486057,2.09952788710602
2009,0.1283664147534138,0.07796961300434474,-1.8957968783314048,-1.8338538690374049,-1.9270880534544528,-1.0114909966062668,-2.2551405187698492e-17,-1.586170334270534,-1.1090270104032172,2.05378140784606
2010,0.13329122624658252,0.04447002676493222,-1.8957968783314048,-0.3871057705045044,0.3295798011885431,-1.0170755384634385,-1.214306433183765e-17,-1.5973188672229333,-1.5491558186385672,1.3410749355624068
2011,0.11568168184135796,0.10041302967664571,-1.8957968783314048,-2.2166056824543374,-1.0023311129709758,-1.0090468568948348,-8.673617379884035e-18,-1.5331075836488628,-1.5372058722593385,1.3307809841772553
2012,0.12917505848271948,0.005314406002853531,-1.8957968783314048,-0.8669968364792111,-0.49166665360866724,-1.019098414456445,-2.7755575615628914e-17,-2.048793476050212,-1.3952941608745402,1.3737008270718858
2013,0.13943440224035827,0.014250162484493336,-1.8957968783314048,-1.4125311139683774,-0.315108522647582,-1.0203844935010462,-1.5612511283791264e-17,-2.046627856979948,-1.4085096591296513,1.3120152798158216
2014,0.12260004294349269,0.07897596187495762,-1.8957968783314048,-0.6220408654730645,-0.0674897487096256,-1.014739196628158,-1.3877787807814457e-17,-2.0178090670541344,-1.4918939187708455,1.3635443064161346
2015,0.1323070296785638,0.04990399128819318,-1.8957968783314048,-0.2612989990363993,-1.0088211912311476,-1.0241174211922732,1.5612511283791264e-17,-2.056838003986775,-1.409695440563741,1.3710154610774947
2016,0.1213940750902345,0.07315426294982079,-1.6450047837483095,-0.42555623994591646,-0.1913518900189407,-1.0176249879739774,-2.2551405187698492e-17,-0.3956412321890437,-1.6020097928124084,2.0881073394043193
2017,0.13589954702058643,0.01802886513394551,-1.8481724584728785,-0.9951918023095384,-0.6476730839350285,-1.0308110832234252,1.734723475976807e-18,-1.0292057269671522,-1.0655110849722107,1.350382766219796
2018,0.136636557235422,0.06736096948590561,-1.5545375878572287,-0.49273538609339124,-0.4666771146407203,-1.0032640134402673,-2.42861286636753e-17,-0.270376838018074,-1.3384035247546735,2.059883800083121
2019,1.5812693138152052,0.02795996977992171,-1.8671980025089387,1.932364664753031,-0.22328816282885816,-1.012311241376622,9.020562075079397e-17,-1.109560944614988,-1.3974177147186617,2.110802080221438
2020,0.12642842257310977,0.057172997639485426,-1.8957968783314048,0.04791338202152101,-0.5203383884643128,-1.0305202763619048,-5.204170427930421e-18,-1.8272459761013689,-1.2780918327147648,1.3232796842516032
2021,0.1296628890829731,0.007333118777010402,-1.8957968783314048,-0.6068695791860172,-0.2567506972229955,-1.0273558708528445,-6.071532165918825e-17,-1.9026790897345789,-0.8745549170457693,1.3056290798890202
2022,0.1336713708088032,-0.013665051898683165,-1.8957968783314048,-1.2673439478250008,-1.029605662781391,-1.0169534723026123,-6.245004513516506e-17,-1.3370080982961317,-0.9204790808201,1.313861411397427
2023,0.13441644978374803,0.019385744086568703,-1.8957968783314048,-0.16857936638977644,-0.44783690648768865,-1.0323894630133528,-2.0816681711721685e-17,-1.5357513837271233,-1.2012611472690102,1.3487729422390256
2024,0.13670183210396494,0.09136159087561704,-1.8957968783314048,-1.3176210565931614,0.21760832235892216,-1.042336723433534,-2.0816681711721685e-17,-1.9755864934851088,-0.27143824728455035,1.383507076550966
2025,0.13756937781810188,0.02592255664718228,-1.8957968783314048,-0.18143599803784827,-1.5886097015841267,-1.0179047675081236,-2.6020852139652106e-17,-2.0511893088362108,-1.1223097708265397,1.3397196689718083
2026,0.13688044747702255,0.10460618056824095,-1.8957968783314048,-1.3109795017591117,-0.3169823728792182,-1.0153016611951373,-1.9081958235744878e-17,-2.016281632893112,-1.138214555993208,1.3783926513649525
2027,0.1258403816587587,0.09796808169883102,-1.8957968783314048,-0.13747882086626956,-0.7542262143798922,-0.9980727043767119,-1.3877787807814457e-17,-2.0144960378195194,-1.0401621484111307,1.3310221568151863
2028,0.12630113951921135,0.0959709776834976,-1.8957968783314048,-0.7546199550041344,-0.9880480082105272,-1.0258188781197433,-3.469446951953614e-17,-1.8640952821794234,-1.36319160877575,1.3573153564229274
2029,0.1322389737713433,0.046398338695268625,-1.8957968783314048,-0.2650551717946201,-0.08319230313824988,-1.0049102349976475,-1.3877787807814457e-17,-1.6943145482274002,-0.7930342434593171,1.3434779622561535
2030,0.12749912800627694,0.06214479999319817,-1.8957968783314048,-0.1700102621461255,-0.06824202951927523,-1.02391087224859,1.214306433183765e-17,-1.9939875882364695,-0.9640332369391892,1.3774552427643092
2031,0.13406467958618257,0.0647255312214623,-1.8957968783314048,-0.45513023230409516,-0.6783845089548868,-1.0276902980694287,-1.0408340855860843e-17,-1.9581733916719009,-1.215966549314964,1.3246512105532944
2032,0.11721209754350291,0.03693073043558246,-1.8957968783314048,-0.2483742477449475,-0.8750963233788883,-1.0136249176033783,-1.734723475976807e-17,-1.81878899845999,-1.678425323570781,1.387733397457388
2033,0.1374612016803921,0.012247464850407947,-1.8957968783314048,-0.611467497690035,-0.6643938714461104,-1.0286771596624658,-1.734723475976807e-17,-1.8006344934413892,-1.6864376116199478,1.375999936809558
2034,0.12435053234519629,0.0682898873649631,-1.8957968783314048,-0.3459989521814843,-0.45436081092722064,-1.0161757400197855,-3.122502256758253e-17,-1.7932923616718497,-1.7269738684766882,1.3032092140463618
2035,0.12198559444931924,0.07279439026592885,-1.8957968783314048,-0.30545392823911194,-0.14965169569417516,-1.0177032786610876,-8.153200337090993e-17,-1.7477298251477016,-1.6441151592981031,1.3365987233164733
2036,0.1392977989199924,0.04207089762028002,-1.8957968783314048,-0.2544566598899178,-1.1627525907620597,-1.0316344494681124,-2.949029909160572e-17,-1.6088540757850793,-1.644626967980602,1.3570109223588787
2037,1.5846494714933292,0.023511754068489186,-1.8957968783314048,1.932364664753031,-0.2859970836320203,-1.0183966869096863,9.020562075079397e-17,-1.704563166014485,-1.0404837209229107,2.0541576949090827
2038,0.12395752460569981,0.047812264533579354,-1.8957968783314048,-0.6045845504573911,-0.9855656941234047,-1.0192006943868712,-4.336808689942018e-17,-1.6337877046495652,-1.702956542646565,1.3378258206557805
2039,0.13607395200443348,0.052453608683625225,-1.8957968783314048,-0.781461232612561,-0.2532899670361443,-1.0208878189936523,-1.5612511283791264e-17,-1.7617442020555703,-1.220910779035682,1.370664998350479
2040,0.1460655180314479,-0.0157423516451286,-1.8957968783314048,-0.8452033940504865,-0.6199239623537942,-1.0147450453090834,3.469446951953614e-18,-1.8951662351137761,-1.3350942237900068,2.041177686202466
2041,0.13102566839443194,0.04233375114896306,-1.8957968783314048,-1.5057399775513067,0.259868459284091,-1.0125399216583792,-1.734723475976807e-17,-1.6774715776767208,-1.1820159381996547,2.078325515883003
2042,1.583331841255894,-0.00458713684053313,-1.8957968783314048,1.932364664753031,-0.6360181272921942,-1.0269393305287917,9.020562075079397e-17,-1.353003817944443,-1.4311308188617857,2.132868669908975
2043,1.5800112274735743,0.023906650934435947,-1.7408495805973854,1.932364664753031,-1.0169106200495148,-1.0078482046882085,9.020562075079397e-17,-0.7694015152367149,-1.2784563244338898,2.17307674683422
2044,0.1356420629608332,0.06553120823794557,-1.8957968783314048,-1.3195587711906565,-0.8387730816528121,-1.014662299919318,-3.8163916471489756e-17,-1.206484806718924,-1.181427533382096,1.360688418052242
2045,0.12998405541363056,0.04269467212664575,-1.8957968783314048,-0.43846055469479034,-0.8592708869524864,-1.0270069479673616,-5.204170427930421e-18,-1.5795145998593265,-1.190988075285833,2.117802965839254
2046,0.14157417626637744,0.08266239724306253,-1.8957968783314048,-0.573084331073013,-0.44659626797926294,-1.023730520118576,-2.42861286636753e-17,-1.8325266337391697,-1.0732226767651953,1.3213872450079889
2047,0.13511914680965206,0.051451141053439946,-1.8957968783314048,-0.7314507710157794,-1.25329152974872,-1.017406670371411,-2.6020852139652106e-17,-1.7833419761649378,-1.0225290189604925,1.311654063834182
2048,0.13829290084298745,0.03226096384393873,-1.8957968783314048,-1.997397201676326,0.04914835952352218,-1.0102343235409206,-3.8163916471489756e-17,-1.455579339844275,-0.5496683811623639,1.289915837652773
2049,0.13864762669499275,0.041109468228656396,-1.893442969368357,-0.6524540450913354,-0.853539512296008,-1.0139591607951528,-1.734723475976807e-17,-1.0436950385615005,-0.09028470749438207,1.2870854034853796
2050,0.13497617705180556,0.01744153615593022,-1.8957968783314048,-0.670254345079991,0.07161000681798918,-1.020976677936319,-1.0408340855860843e-17,-1.6136826462788036,-0.39845970510882095,1.3041834394135068
2051,0.1415684113681914,0.03383066767095719,-1.8957968783314048,-0.7833979207879829,0.12719404445690702,-1.0183246481564128,-2.0816681711721685e-17,-1.3911947378867577,-0.5245404321363205,1.3525587192983821
2052,0.12546419359102076,0.05589938080996129,-1.8957968783314048,-0.4705348603458123,-0.48822008610697903,-1.0077244717979181,0.0,-1.3578929967672604,-1.4798265389457756,1.3165750337527766
2053,0.12151748142033922,0.06986989417668946,-1.8957968783314048,-0.13953193597860894,-1.1380568170962326,-1.0168056071104892,-1.734723475976807e-17,-1.4648291851357909,-1.3887957827151733,1.3421736452297337
2054,0.14383437575238162,0.021097229432512857,-1.8957968783314048,-0.38964542245102607,-0.6717836286288451,-1.0156162965633992,-1.3877787807814457e-17,-1.6216667152119864,-1.2885126221290217,1.3690263175932693
2055,0.13686121393556974,0.08117256357407404,-1.8957968783314048,-1.5221160454230576,0.18146052156814743,-1.0259341087343563,-2.42861286636753e-17,-1.5350721667173932,-1.4453281080474512,1.371339829731537
2056,0.13612221918736042,0.02826325889417494,-1.8957968783314048,-1.223490106206259,-1.0922948771105834,-1.0333965329216301,-1.734723475976807e-18,-1.7422897403277475,-1.3226941059653143,1.3628319309351318
2057,0.13281134804131406,0.03695419016289432,-1.8957968783314048,-2.57529576827937,-0.2644301271084644,-1.0341194814331514,-1.734723475976807e-18,-1.6601555052007324,-1.6223688857760465,1.3396558700371646
2058,0.1185583251506662,0.07524974793893033,-1.8957968783314048,-1.6593122369716178,-0.4900179621185539,-1.0125772828239563,-6.938893903907228e-18,-1.771854150916531,-1.6192370614123652,1.348272678090699
2059,0.1366458640165846,0.06307269984683625,-1.8957968783314048,-0.7985242411226597,-0.398725170960662,-1.0111913636562408,-3.469446951953614e-18,-1.733581668977891,-1.5877895572284388,1.3056862304852022
2060,0.13323892643565674,0.00729652048925522,-1.8957968783314048,-0.377534794796738,-0.935812564936119,-1.0251666577421137,-3.469446951953614e-17,-1.7126842381334502,-1.509554031245576,1.258589435134105
2061,0.12113309964533699,0.04289957905026899,-1.8957968783314048,-1.2275584841431346,-0.34069842828467306,-1.0252753464245332,-1.3877787807814457e-17,-1.8175937200641326,-1.6975289924535566,1.3387067262042522
2062,0.12655476933400617,0.05614043285464494,-1.8957968783314048,-0.9926415070751704,-0.22865939002265365,-1.0300708857508005,6.938893903907228e-18,-1.6892603620894755,-1.3101502833569454,1.3550278121415904
2063,0.1351261723559769,0.05270080806916437,-1.8957968783314048,-0.9386578195761999,-0.2995720893271466,-1.030640494113032,-4.163336342344337e-17,-1.8385742300789047,-1.1385184293354407,1.3359832866469479
2064,0.14013089092547432,0.043572108329160406,-1.8957968783314048,-0.6531728903478686,-0.7450836578620239,-1.0247678138797167,-4.163336342344337e-17,-1.490888121922616,-1.4935526189796569,1.4004991315357866
2065,0.13944411698031461,0.08704716448614348,-1.8957968783314048,-1.1964555006175135,-0.7789504085709534,-1.0128950327439141,-1.214306433183765e-17,-1.5218612969010223,-1.4960715105703304,1.3238840160313927
2066,0.1339943359462315,0.060195262114799496,-1.8957968783314048,-1.320194858335266,-1.0624956180988456,-1.0180980973595664,-2.42861286636753e-17,-1.601203789205614,-1.4694785221958804,1.3837037634499916
2067,0.12335659087281096,0.06721949448558483,-1.8957968783314048,-0.3455185040478248,-0.3869153900668863,-1.0177606681888307,-1.734723475976807e-18,-1.656752356506217,-1.1747660686339396,1.3115262749112389
2068,0.12403813875254174,0.020856876255256628,-1.8957968783314048,0.00015859409687988402,-1.0561341600579686,-1.0202529356447134,1.0408340855860843e-17,-2.0026618043002533,-1.3387697836486174,1.3161618594882465
2069,0.14457916163262818,0.08706908250127057,-1.8957968783314048,-1.1013461140685157,0.234165811264641,-1.0310109128017535,-6.938893903907228e-18,-1.3124547750622646,-0.7944229928112924,2.1519457975737875
2070,0.12866089196833894,-0.004911710281261542,-1.8957968783314048,-1.0113755771089397,-0.21159490626478572,-1.0227053645121098,-4.163336342344337e-17,-1.7509912028172114,-0.518257193794309,1.3179314280473824
2071,0.12777715128771377,0.05465622001147962,-1.8957968783314048,-0.9665873282445574,-1.3118082157474307,-1.0314528176559064,-1.9081958235744878e-17,-1.683913666306904,-0.8901061884024586,1.3510666718951023
2072,0.13830283583947423,0.0193612206217358,-1.8957968783314048,0.0184036375640501,-0.847616085908387,-1.017059935786859,-2.6020852139652106e-17,-1.77498841838677,-0.2979638657199491,1.365901168974904
2073,0.11481215545137778,0.05633113825371729,-1.8957968783314048,-1.6415234868173185,-0.3346022112023473,-1.0111013973547658,-2.0816681711721685e-17,-1.6473782849879322,-0.8253189851521335,1.3890538013185487
2074,0.12905899231470505,0.020646518415147922,-1.8957968783314048,-0.2712331224684727,-0.4335456259155629,-1.0242415651235381,-1.9081958235744878e-17,-1.9046746347916448,-0.7974922710857711,1.3528378748169974
2075,0.13210025132831896,0.02609954699261887,-1.8957968783314048,-0.7977916579152162,-0.5008524245746614,-1.0259975310392433,-4.163336342344337e-17,-1.4358155028591721,-1.157573359213932,1.3282898416543711
2076,0.12811387206687067,0.049303213369860495,-1.8957968783314048,-0.8312163573502004,-1.0497462156152648,-1.0374008752597315,1.0408340855860843e-17,-1.7535909082572156,-1.0215462011067649,1.3273782736655482
2077,0.13018489668764718,0.07568235962766233,-1.8957968783314048,-0.04866294421403899,-0.8008148020976528,-1.0158568332559545,-2.0816681711721685e-17,-1.9355165061394621,-1.0540833748818408,1.3183523340357515
2078,0.13020451171294176,0.08468369422793633,-1.8957968783314048,-0.7581764680294174,-0.9663505932577322,-1.0135165838452416,-1.214306433183765e-17,-1.7532343730682578,-1.0315231658553128,1.3353460280224756
2079,0.12055471744788633,0.07993462451549517,-1.8957968783314048,-0.7549488309287227,-0.5407867597251592,-1.0210989888555935,-2.949029909160572e-17,-1.8023334006553662,-1.1844903491493775,1.311509571813373
2080,0.13306983082971247,0.023419207321820647,-1.8957968783314048,-1.232486574752087,-0.08809096961964047,-1.0085617315653774,-1.9081958235744878e-17,-1.9533785630850353,-1.625232737312878,1.3699823268806912
2081,0.12425944962465368,0.03887265010363439,-1.8957968783314048,-2.6211881401110495,-0.5567646035654757,-1.0222131088225401,-3.469446951953614e-17,-1.6637727054000782,-1.2121778547149515,1.3707542750904351
2082,0.13231177161210805,0.14134189284996568,-1.8957968783314048,-0.5019911282465478,-0.14643584856619618,-1.0290843400869827,-1.734723475976807e-18,-2.067733848608927,-1.4197201829818469,1.310415960417369
2083,0.12484513902262416,0.028973266260303568,-1.8957968783314048,-1.4215838364429982,-0.2578037694981987,-1.0103550237850145,-3.9898639947466563e-17,-2.113629027588754,-1.6242305293895722,1.3138914877384533
2084,0.13405443978485587,0.0872586825716513,-1.8957968783314048,-0.4414805490987492,-0.7826966273045429,-1.0151422594890795,6.938893903907228e-18,-1.8548466111076911,-0.7061919893135232,1.334100467377514
2085,0.13110534915989266,0.043144145718249025,-1.8957968783314048,-1.1492727849893154,-0.8631674846973848,-1.017582650272959,-6.938893903907228e-18,-1.7472494505219807,-1.1560171293813772,1.3323963204265317
2086,0.12082879839066583,0.05338596024198173,-1.8957968783314048,-0.8466424726918675,-0.7500600001030157,-1.0167092270589546,-2.0816681711721685e-17,-1.6187823116935935,-1.1447631631571833,1.3240205459944578
2087,0.13593407485375955,0.029517648518232163,-1.8957968783314048,-0.39505348861998874,-0.3140407996111943,-1.0113687439116181,-2.0816681711721685e-17,-1.672574999900688,-0.9607193940174548,1.3419556145593157
2088,0.13033474324189123,0.060138786740731774,-1.8957968783314048,-0.15351504183022244,-0.5612147887662535,-1.031524473590104,-4.163336342344337e-17,-1.7470524545954274,-1.6709503234407121,1.3478753825051368
2089,0.13335622744250578,0.012113548882089164,-1.8957968783314048,-1.0290274966934656,-2.2051298038154914,-1.0245912125905352,-1.9081958235744878e-17,-1.7549834229613621,-1.658173599343208,1.3790439819648594
2090,0.12496399665779151,0.036319444019927,-1.8957968783314048,-0.628663005990532,-0.6900427329264333,-1.025107346402998,-4.336808689942018e-17,-1.8205422833159084,-1.7310894346877463,1.3561790230105506
2091,0.12811314207745542,0.02467941337123059,-1.8957968783314048,-1.8140340251007485,-0.5129799605765812,-1.0204695409246105,-1.214306433183765e-17,-1.7955288772154443,-1.6504759372518858,1.376913188272203
2092,0.1386203344517535,0.056551930293111695,-1.8957968783314048,-0.5028947296924898,-0.48049057994744604,-1.0226010491871063,-2.949029909160572e-17,-1.7772640599607783,-1.6674981333301433,1.3584843656172987
2093,0.12801557593592722,0.04828452676538773,-1.8957968783314048,-0.43585007554783584,0.17914510899622635,-1.024048677767267,-3.8163916471489756e-17,-1.820191157268784,-1.6984274334856877,1.3827765597700798
2094,0.12092217563448186,0.07636371124968062,-1.8957968783314048,-0.33001835538256735,0.2670006792064607,-1.0052596585550622,-3.122502256758253e-17,-1.7241996963005606,-1.6960376039466323,1.3555936581871624
2095,0.13011702725852745,0.0362505846067068,-1.8957968783314048,-0.9878418852269167,-0.44585093723932034,-1.0169882499817935,-3.2959746043559335e-17,-1.7518723398806135,-1.7295869538844628,1.3497674820164132
2096,0.12371606471292403,0.003126369307849674,-1.8957968783314048,-0.6869250562421139,-0.4413363817132116,-1.0271575667254134,-2.0816681711721685e-17,-1.7251856597867425,-1.6703097599057644,1.3318404514971052
2097,0.1260125170754415,0.037726859240081234,-1.8957968783314048,-0.8923581470101773,-1.018438776841842,-1.0335866151863464,-1.5612511283791264e-17,-1.8640594947908575,-1.118187095151541,2.035272749672694
2098,0.12271392473666544,0.02380619081475801,-1.8957968783314048,-0.6143143823575506,-0.36588768930210497,-1.023056631767517,-1.214306433183765e-17,-1.7178717296558,-1.0876507462331526,2.115105222811094
2099,0.13823473703493536,0.047037572888328605,-1.8957968783314048,-0.8336691744669039,-0.22697458730729264,-1.0097702884296105,-3.8163916471489756e-17,-1.835888222906031,-1.112486086083663,1.3312351583923319
2100,0.13858941463893915,0.1111003318671738,-1.8957968783314048,-0.7974744554287613,-0.9490522655501824,-1.0080416416051938,-1.214306433183765e-17,-1.780423326352368,-1.006367872562964,1.3972949732852393
2101,0.1283550216976349,0.024480081671128223,-1.8957968783314048,0.17624599766320917,-0.492090877420644,-1.0186343778114093,-3.122502256758253e-17,-1.6983520750156866,-1.4083557177411343,1.3063188688067533
2102,0.12981616077591496,0.05545639762446638,-1.8957968783314048,-0.48832899396900364,-0.21116079552996034,-1.0266168350445646,-1.734723475976807e-17,-1.6203732456902364,-1.3948111106767982,1.3420536597772734
2103,0.1358795213056822,0.04356178649305893,-1.8957968783314048,-0.9169367199917777,-1.449451636797011,-1.0082396348142373,-1.214306433183765e-17,-1.704635991689332,-0.9786858652646251,1.3387287584215755
2104,0.13621326846100068,0.07732725640958497,-1.8957968783314048,-0.9523658218899144,0.07165044843875469,-1.0159990004254393,-3.122502256758253e-17,-1.6225520355315808,-1.3381237734884852,1.373220329340805
2105,0.132250511044301,0.07169223023669745,-1.8957968783314048,-0.5544412068949753,-0.5901575629995067,-0.9985371804257497,3.469446951953614e-18,-1.6667212700569054,-1.3306468171177288,1.4005384263268443
2106,0.13188830445364735,0.00904092688213151,-1.8957968783314048,-0.39922634121444617,-1.4226059721288435,-1.023553134300996,-1.5612511283791264e-17,-1.5324812322169088,-1.3635095115987061,1.3060401817925507
2107,0.13101667088186725,0.1190341414164349,-1.8957968783314048,-0.6116083353853953,0.03306658966492147,-1.0288667861232497,-1.3877787807814457e-17,-1.5590262651219444,-1.3885260724993855,1.319370471813994
2108,0.13785156871094348,0.04610714368172395,-1.8957968783314048,-0.8342685415344206,0.20281884209462048,-0.996715843619931,-5.204170427930421e-17,-0.992028953763481,-0.7924543163424896,1.3411122084689375
2109,0.12392021416371389,-0.011046103796743444,-1.8957968783314048,-1.2640257741681273,-0.6450125099467816,-1.0275066095619054,-2.6020852139652106e-17,-1.202897742699372,-0.8651080606159677,1.3309501832758202
2110,0.129406700540987,0.03150081793256158,-1.8957968783314048,-0.7998209805809311,-0.34188178527858326,-1.0293157412841594,-4.683753385137379e-17,-2.0314602301346967,-1.3391064766013847,1.3692429827235018
2111,0.13147541424170886,0.09012393036778119,-1.8957968783314048,-1.096361510157265,-0.9846139583184653,-1.0015193180429471,-6.071532165918825e-17,-1.9778563298892478,-1.0859101945266567,1.2943896320963835
