instances,feature_CL,feature_CLD,feature_DCP,feature_F1,feature_Harmfulness,feature_LSC,feature_LSR,feature_N1,feature_N2,feature_TD_P,feature_TD_U,feature_Usefulness,feature_kDN,algo_bagging,algo_gradient_boosting,algo_logistic_regression,algo_mlp,algo_random_forest,algo_svc_linear,algo_svc_rbf
1,0.2158924266276997,0.21032824437883813,0.016064257028112428,0.9090909090909092,0.008223684210526315,0.9965156794425087,0.9063524925834053,1.0,0.6599421274509494,0.8333333333333334,0.8888888888888888,1.0,1.0,0.009446817972106671,0.002175845010300744,0.7831981541579638,0.014830744294903421,0.04346643966217439,0.8680467280423048,3.35817209043161
2,0.10731496117533901,0.10172514489744455,0.016064257028112428,0.9090909090909092,0.0,0.9930313588850174,0.8641146845200852,0.0,0.3797195563659419,0.8333333333333334,0.8888888888888888,0.9965156794425087,0.5,0.009863224512919929,0.012058702311994473,0.8761136039103145,0.016440120263240255,0.005459900064668132,0.5503998113736182,0.015031076487710515
3,0.1159382780313879,0.11034969347152174,0.016064257028112428,0.8863636363636365,0.0010964912280701754,0.9965156794425087,0.8994770584430901,1.0,0.6219802396652425,0.8333333333333334,0.8888888888888888,1.0,0.7,0.009387135606255415,0.006145626544881786,0.6669237258591977,0.01831515004670967,0.0035802089011115167,0.7461719556640428,0.04565343067158853
4,0.11858821813291676,0.1131065280188952,0.0035087719298245723,0.8409090909090908,0.0013063357282821686,0.9982758620689656,0.8605123604521515,1.0,0.5559979829919486,0.3333333333333333,0.3333333333333333,1.0,0.6,0.006012989789561848,0.0038810826640080552,1.0095278241569337,0.012836926207537736,0.006999931051478061,1.536871929390533,0.031029111079799238
5,0.027787256131351357,0.022236216711284396,0.0035087719298245723,0.8409090909090908,0.0,0.996551724137931,0.8171072094056668,0.0,0.24078232652004805,0.3333333333333333,0.3333333333333333,0.9982758620689656,0.5,0.00794012509887992,0.006290711701643339,1.0798954925027386,0.013738050769872208,0.004851168285760277,0.9236995815069737,0.024011979433269378
6,0.09027419444197327,0.08468197762191221,0.016064257028112428,0.8409090909090908,0.0,0.9547038327526133,0.8201795666677231,0.0,0.15299429637946504,0.8333333333333334,0.8888888888888888,0.9790940766550522,0.0,0.00964074849231215,0.0011908529998331577,0.5974693085120847,0.01602768760492696,0.005782757997693967,0.719328195731538,0.013743133566383247
7,0.9858485364072025,0.9443499640029944,0.016064257028112428,0.9318181818181819,0.0005482456140350877,0.9860627177700348,0.9210899168137866,0.6666666666666666,0.1525722181482947,0.8333333333333334,0.8888888888888888,0.9860627177700348,0.5,0.009430017680903978,0.0041537522705423335,0.9756205947124823,5.158444558561493,0.006081878215850458,0.8267106632862287,3.6714782082593986
8,0.09127532523461901,0.08548526267923201,0.016064257028112428,0.8409090909090908,0.0,0.9895470383275261,0.8706203842261637,0.3333333333333333,0.4054448806449199,0.8333333333333334,0.8888888888888888,0.9930313588850174,0.4,0.009446817972106671,0.0012633896317670486,1.0840546205145212,0.014197733860875819,0.002835732531617885,0.3095743992395761,0.022776093359127402
9,0.09035119694557592,0.08474425553384118,0.016064257028112428,0.8863636363636364,0.0005482456140350877,0.9965156794425087,0.9440440959216182,1.0,0.6557946871932618,0.8333333333333334,0.8888888888888888,1.0,0.7,0.009387135606255415,0.005642897443290488,0.5605679005327465,0.018315131224415578,0.00519379516038423,0.6326477608472127,0.04369541275488455
10,0.1081096661856159,0.10247759201904111,0.016064257028112428,0.9090909090909092,0.0021929824561403508,0.9965156794425087,0.953607804543491,0.5,0.6040784152485571,0.8333333333333334,0.8888888888888888,1.0,0.6,0.008018175346328897,0.005802894508475614,0.6397419567516092,0.018913490770409526,0.003143705966415786,1.403590069312799,0.02159667214576082
11,0.10898898956849867,0.09916990378288976,0.0,0.8863636363636364,0.000683526999316473,0.9922839506172839,0.8796607193643394,0.5,0.1892316596832282,0.8333333333333334,0.5555555555555556,0.9922839506172839,0.3,0.006400373644683982,0.024053346825075914,0.9068446325023353,0.01566407260327745,0.002604540850819624,0.8619137794539139,0.02122382326053323
12,0.028937110446390912,0.02256104878943671,0.0035087719298245723,0.8863636363636364,0.002612671456564337,0.9982758620689656,0.9646946108121117,1.0,0.7800103179737855,0.3333333333333333,0.3333333333333333,0.9948275862068966,0.4,0.0069477640272268895,0.0011218804928489353,0.9437725397631038,0.015835680891591795,0.003165747360971083,0.7581014037469817,0.03610442204288274
13,0.09029750889998023,0.08470046564903655,0.016064257028112428,0.8863636363636364,0.0,0.9860627177700348,0.8396478680383068,0.0,0.4605976477367869,0.8333333333333334,0.8888888888888888,0.9965156794425087,0.3,0.009446817972106671,0.0013011225035459968,0.5809286715094361,0.014197733860629653,0.004166021601860308,0.38014334754679047,0.030102719863748847
14,0.992458720370907,0.9831754367934514,0.0,0.7954545454545454,0.002050580997949419,0.9984567901234568,0.8372965722918998,1.0,0.5470236653711552,0.5,0.3333333333333333,1.0,0.9,0.00692563492608134,0.0046320145480594965,0.9001780106427294,0.013567755380663868,0.027787912811305725,1.1911696359375668,0.035251500074762854
15,0.20065980499343206,0.1588477470471576,0.016064257028112428,0.8863636363636364,0.003289473684210526,0.9965156794425087,0.8883273996619786,1.0,0.5803450383121931,0.8333333333333334,0.8888888888888888,1.0,0.9,0.009446817972106671,0.0012020955754894515,1.202769635653416,0.014201778546567075,0.007340166214986577,1.277789561672385,0.03779585264801684
16,0.09136005017835946,0.0857685282920837,0.016064257028112428,0.9318181818181819,0.005482456140350877,0.9965156794425087,0.9529319652634023,0.5,0.596677855600013,0.8333333333333334,0.8888888888888888,0.9930313588850174,0.9,0.008018175346328897,0.01255120181250315,0.687490484322046,0.01891338741511779,0.00583933338505296,0.46851885331412335,0.019534603731687073
17,0.03441068961888816,0.02499536108906386,0.0035087719298245723,0.8409090909090908,0.0,0.993103448275862,0.8831700541712804,0.0,0.45313986991898003,0.3333333333333333,0.3333333333333333,0.9948275862068966,0.2,0.00794012509887992,0.006254442398816889,1.0451923941769858,0.01373805143175557,0.0029883687410636826,1.1858326851814993,0.027364098352169255
18,0.9924587500593421,0.9831660932971223,0.0,0.8181818181818181,0.000683526999316473,0.9984567901234568,0.8684765155714875,0.5,0.5546196495291584,0.5,0.3333333333333333,1.0,0.3,0.008364085868530517,0.011050995036000353,0.7186762654471149,0.015114402361015676,0.03271501002882351,0.6591160208523426,0.017714577125983934
19,0.04344961798023805,0.03392212657291527,0.0035087719298245723,0.8636363636363635,0.0006531678641410843,0.9948275862068966,0.8585470807317914,0.0,0.44431197941120426,0.3333333333333333,0.3333333333333333,1.0,0.5,0.0069477640272268895,0.011891874814024409,0.8319562819265007,0.015835680891007183,0.009271514855128385,1.5160604502021722,0.007516982340942078
20,0.042016960326388575,0.03648081100658673,0.0035087719298245723,0.8636363636363635,0.0006531678641410843,0.9948275862068966,0.8623373722100074,0.5,0.3300127957461172,0.3333333333333333,0.3333333333333333,0.9862068965517241,0.1,0.0076640081651896865,0.0024050165179796534,1.0331374407240634,0.013447098812139423,0.0030171219972152333,0.5595250847667009,0.02506049786101527
21,0.026949072460551005,0.021397051861925698,0.0035087719298245723,0.8409090909090908,0.002612671456564337,0.9982758620689656,0.925882629078069,0.6666666666666666,0.5662542013665373,0.3333333333333333,0.3333333333333333,1.0,0.7,0.009065171089592159,0.001739636797414742,1.0441163001143914,0.010027288378322412,0.005374351419093172,1.19478362394894,0.02428964660042544
22,0.1867504915262943,0.17660189168510387,0.0,0.8409090909090908,0.0,0.9953703703703703,0.8751674060962222,0.0,0.46398440036073174,0.8333333333333334,0.5555555555555556,0.9984567901234568,0.2,0.00977522376761856,0.007481782481514812,0.9350970123911512,5.05616539677386,0.30328198334703205,0.765658865445472,0.015306712238853002
23,0.8360996146242488,0.7773496357169842,0.016064257028112428,0.9090909090909091,0.0,0.9860627177700348,0.9127640895043441,0.0,0.14178222353940018,0.8333333333333334,0.8888888888888888,0.9860627177700348,0.5,0.009430017680903978,0.0025621653903186,0.7376347244944317,0.016027687604147967,0.003983387693419268,0.6882742035754372,0.016588186556947205
24,0.10363201103385578,0.09384007664823019,0.0,0.8409090909090908,0.0,0.9907407407407407,0.8638606143003629,0.0,0.26538375600712527,0.5,0.3333333333333333,0.9922839506172839,0.2,0.006400373644683982,0.017421673823313083,0.7551772471732315,0.015616506382250886,0.002154944819027223,0.7383855269793611,0.01923844123652121
25,0.09281136971776283,0.08670740217666911,0.016064257028112428,0.8863636363636364,0.0010964912280701754,0.9895470383275261,0.9534481045225066,0.5,0.2699454502806169,0.8333333333333334,0.8888888888888888,0.9930313588850174,0.7,0.009446817972106671,0.0012998353886874967,0.8848039436753203,0.014197733860845977,0.00387298950994949,0.9852751447497065,0.0459071151210152
26,0.09977939068759989,0.09210611747027198,0.0,0.8181818181818181,0.0,0.9965156794425087,0.9142387756033944,1.0,0.6744265931871388,1.0,0.6666666666666666,1.0,0.6,0.009387135606255415,0.005818894549951858,1.1918215836977384,0.018315131279162483,0.29414210131770724,0.6428277925568661,0.043312615603957993
27,0.09344562959114322,0.08785371325493524,0.0,0.75,0.0005482456140350877,0.9965156794425087,0.8862621738796002,1.0,0.6286494162790639,1.0,0.6666666666666666,1.0,0.9,0.010138610105316106,0.006404754610636439,0.6460276496410885,0.018315131236328195,0.007151496249992906,1.1072476012959727,0.03868252417020968
28,0.09086354857992718,0.08515552298710799,0.016064257028112428,0.8409090909090908,0.0005482456140350877,0.9895470383275261,0.8858518596694339,0.5,0.17108146296157967,0.8333333333333334,0.8888888888888888,0.9930313588850174,0.6,0.009430017680903978,0.002958709136236027,0.5968303212288895,0.01602769257525847,0.004058379522295159,0.34008910814827725,0.0859319546716558
29,0.3814358935530524,0.3758047699421848,0.016064257028112428,0.9090909090909092,0.0005482456140350877,0.9965156794425087,0.9175383659086199,1.0,0.5259836589301425,0.8333333333333334,1.0,0.9930313588850174,0.7,0.00964074849231215,0.0049836049282552634,0.8846202933777301,0.01602778005674952,0.005653327979932373,0.6452981808484131,0.01602431971424409
30,0.1795848849260414,0.1740101977741207,0.0,0.8409090909090909,0.0,0.9965156794425087,0.8381386413863732,1.0,0.5447898460337277,1.0,0.6666666666666666,0.9930313588850174,0.2,0.030480391404240824,0.009828440887587001,0.7851847934847072,0.28581979638151855,0.006935527528324201,0.5796302861745164,0.033183643127697664
31,0.051711706402905344,0.04618450388946227,0.0035087719298245723,0.8181818181818181,0.0006531678641410843,0.9948275862068966,0.8147765468438999,0.5,0.2574702953093919,0.3333333333333333,0.3333333333333333,0.9982758620689656,0.5,0.006012989789561848,0.0031940803041466993,1.096126791360801,0.0128363203558158,0.009016097207511184,1.4718802401312876,0.02519749042502715
32,0.026622790527830453,0.021070412022102747,0.0035087719298245723,0.8409090909090908,0.0,0.9862068965517241,0.818684725088285,0.0,0.31366031514379444,0.3333333333333333,0.3333333333333333,0.9913793103448276,0.1,0.009065171089592159,0.0016770977676909525,1.037058991839385,0.00991700332243762,0.0032722753791773083,0.641574412083499,0.016481020202009946
33,0.10927907801673231,0.10368952462129016,0.016064257028112428,0.8863636363636365,0.0005482456140350877,0.9965156794425087,0.8262929072282369,1.0,0.5454197889906741,0.8333333333333334,0.8888888888888888,1.0,0.8,0.009863224512919929,0.013864958017348116,0.7662785675601579,5.157790954351936,0.008237599688131425,0.7032467035338738,3.7542713389772975
34,0.026143080283703712,0.02059014394250952,0.0035087719298245723,0.8181818181818181,0.0,0.9948275862068966,0.7683048263841467,0.0,0.19693023601801163,0.3333333333333333,0.3333333333333333,0.9982758620689656,0.5,0.00794012509887992,0.006290711701643339,1.112647070225917,0.013738050769910477,0.0042824422386322555,0.7937476506373151,0.020923567168893695
35,0.09091984203110726,0.08532828487171229,0.016064257028112428,0.8409090909090908,0.0,0.9651567944250871,0.8162810484312295,0.0,0.30431549494035737,0.8333333333333334,0.8888888888888888,0.9860627177700348,0.1,0.01067304553352431,0.0032063469894599347,0.6115954648692685,0.01587535088589175,0.0033748395993452047,0.3938335676184238,0.023035306978148613
36,0.02667902987855142,0.021126713807835706,0.0035087719298245723,0.8636363636363635,0.0,0.9879310344827587,0.8191944296432784,0.0,0.3845627476590586,0.3333333333333333,0.3333333333333333,0.996551724137931,0.1,0.009065171089592159,0.0018170910954842287,0.9477673638897335,0.009917123964943063,0.004039629210984056,0.7304586560449409,0.02464285486885493
37,0.09140306358314876,0.08558739066143162,0.016064257028112428,0.8636363636363635,0.0,0.9895470383275261,0.8616191110093466,0.0,0.44572921980400193,0.8333333333333334,0.8888888888888888,0.9860627177700348,0.1,0.01067304553352431,0.0017134318385095472,0.6799209934879981,0.015875350885854976,0.0035612023362697302,0.313684004886582,0.02841265341938392
38,0.9580072105814543,0.9131116791957012,0.016064257028112428,0.8863636363636365,0.0,0.9860627177700348,0.9136316670786963,0.0,0.40008304736050815,0.8333333333333334,0.8888888888888888,0.9790940766550522,0.3,0.008790605363686364,0.021629130714419874,1.2342935509084745,0.019166733303430182,0.003967640687097802,0.6215758187806056,0.03716190309283159
39,0.8989120258174311,0.8928745435146554,0.016064257028112428,0.9090909090909092,0.004934210526315789,0.9895470383275261,0.9581615109505499,0.3333333333333333,0.2840140886924464,0.8333333333333334,0.8888888888888888,0.9825783972125436,0.6,0.009387135606255415,0.06969451269787877,0.8018379217077825,0.48860534907831743,0.004833066079200879,1.2476230299394826,3.437497260750031
40,0.047086842288051156,0.03759470289132372,0.0035087719298245723,0.8636363636363635,0.0013063357282821686,0.9982758620689656,0.9121587648691794,0.6666666666666666,0.5325711681861198,0.3333333333333333,0.3333333333333333,0.996551724137931,0.5,0.00794012509887992,0.006250477408201522,0.9220111479748814,0.36499011200414644,0.004002199634917406,0.7297749176969713,0.02503351090944756
41,0.029014946036794886,0.02248336255788813,0.0035087719298245723,0.8863636363636364,0.0006531678641410843,0.9948275862068966,0.915419856508139,0.4,0.2581798638042718,0.3333333333333333,0.3333333333333333,0.9775862068965517,0.3,0.009065171089592159,0.0017801662302862724,0.9186325841369759,0.009917003294865152,0.003507249671433171,0.8313629556840096,0.02998748620023528
42,0.09027274252626505,0.08468107123504004,0.016064257028112428,0.8409090909090908,0.0,0.9860627177700348,0.8223169241229158,0.0,0.2267786246395942,0.8333333333333334,0.8888888888888888,0.9895470383275261,0.2,0.008018175346328897,0.0040486189704774505,0.5408542288440863,0.01891334512737575,0.0033741008328178335,0.20988056193442622,0.0037215665987434315
43,0.0939332477033974,0.08833877205663843,0.016064257028112428,0.9090909090909092,0.0005482456140350877,0.9930313588850174,0.8710415534916511,0.0,0.4901718693824654,0.8333333333333334,0.8888888888888888,0.9965156794425087,0.6,0.012619648926022553,0.007625723194877218,0.6914299962938969,0.01831739073963485,0.004811159030624464,1.3724648180188406,0.0421260357539439
44,0.09512078089093035,0.08952308313306945,0.016064257028112428,0.8636363636363635,0.0005482456140350877,0.9860627177700348,0.9148883529670742,0.5,0.43908346404223864,0.8333333333333334,0.8888888888888888,1.0,0.4,0.009387135606255415,0.005655583584483248,0.6525317027008064,0.01831513122416591,0.003322111407114352,0.8671627880810049,0.050759521823404485
45,0.09351718354274441,0.08792584424519345,0.016064257028112428,0.8863636363636365,0.0005482456140350877,0.9965156794425087,0.904755725614265,1.0,0.6656230539601109,0.8333333333333334,0.8888888888888888,1.0,0.4,0.050222523892084495,0.0034226524827394465,0.6233087945371489,4.0482516732281075,0.0063510416196427616,0.6077362069670197,3.812999965546831
46,0.028867539407817278,0.023317721794560653,0.0035087719298245723,0.8863636363636364,0.0013063357282821686,0.996551724137931,0.9035395538321963,0.4,0.38283420892736597,0.3333333333333333,0.3333333333333333,0.9879310344827587,0.2,0.006012989789561848,0.0035696210272705715,0.958630639230558,0.012835592245982535,0.003239302224877466,0.9569855152321027,0.026730177617958074
47,0.09045597191899846,0.08486354839100446,0.016064257028112428,0.8863636363636364,0.0,0.9930313588850174,0.8965059737696384,0.0,0.06256260462368002,0.8333333333333334,0.8888888888888888,0.9965156794425087,0.9,0.009430017680903978,0.00191950695369299,0.5640270566170418,0.016027687604148078,0.00393008870071484,1.149032273648248,0.016889004654992722
48,0.11311387333000023,0.1074964159021497,0.016064257028112428,0.9090909090909092,0.0005482456140350877,0.9930313588850174,0.904075495973931,0.5,0.06673790157321935,0.8333333333333334,0.8888888888888888,0.9965156794425087,0.9,0.01067304553352431,0.0018280437009786249,0.6585552692142094,0.015875351095999638,0.003789064653993308,1.3029215099994598,0.04138400982365101
49,0.09035121305749316,0.08475960479628897,0.016064257028112428,0.9090909090909091,0.001644736842105263,0.9965156794425087,0.9183491034674842,0.5,0.5386463193287319,0.8333333333333334,0.8888888888888888,0.9930313588850174,0.5,0.008018175346328897,0.005150109230468264,0.6125978261567605,0.018913345151253258,0.003744117594503803,0.405106331656992,0.017470940176101898
50,0.09029886441290869,0.08470220425217484,0.016064257028112428,0.8636363636363635,0.0,0.9895470383275261,0.9052714612139704,0.0,0.48142472370535794,0.8333333333333334,0.8888888888888888,0.9895470383275261,0.2,0.009430017680903978,0.0019088272199817517,0.5803205193208103,0.016027687604147967,0.003456691559488679,0.5588448535521641,0.03971875445130778
51,0.2638677842188998,0.19587922241451772,0.016064257028112428,0.9090909090909091,0.0005482456140350877,0.9930313588850174,0.872419895062523,0.0,0.43389329969818036,0.8333333333333334,0.8888888888888888,1.0,0.9,0.009446817972106671,0.0013504746356279356,0.7044703891272079,0.014197733860629653,0.005711956132674685,1.400324966969848,0.006676563509934565
52,0.11767177289684927,0.10520142842020352,0.016064257028112428,0.8636363636363635,0.0,0.9790940766550522,0.920723828664009,0.0,0.05759739611697212,0.8333333333333334,0.8888888888888888,0.9825783972125436,0.2,0.009446817972106671,0.0012617310089650766,0.9319597058224792,0.014197733870330537,0.002943579984960986,0.25518497840291465,0.012673016024784607
53,0.5173218844147756,0.4396886718015877,0.0,0.8409090909090908,0.0005482456140350877,0.9965156794425087,0.8469900907237993,1.0,0.5980093621341787,1.0,0.6666666666666666,1.0,0.7,0.010607936483982497,0.0020286733177270456,1.1025167836308538,0.016105105299669374,0.005926535459273807,0.7691547922955543,0.060863326378026945
54,0.09030090546206637,0.08470350313389052,0.016064257028112428,0.9090909090909091,0.003289473684210526,0.9930313588850174,0.9141976858759835,0.5,0.45546436041381544,0.8333333333333334,0.8888888888888888,1.0,0.9,0.009387135606255415,0.005664661526395644,0.576686098836611,0.018315131224166246,0.0061255159484520155,0.5630761932315003,3.4899362085657564
55,0.09027153678576372,0.08467986782634529,0.016064257028112428,0.8636363636363635,0.0010964912280701754,0.9930313588850174,0.93219739006396,0.3333333333333333,0.45052157527245984,0.8333333333333334,0.8888888888888888,0.9930313588850174,0.7,0.008018175346328897,0.00600074451277323,0.5557749088995257,0.018913345129462543,0.006105731716619401,0.13393111103559813,0.027332056808145433
56,0.0903027144634212,0.08471110865528603,0.016064257028112428,0.8409090909090908,0.0005482456140350877,0.9860627177700348,0.840629050726129,0.0,0.2542827373265313,0.8333333333333334,0.8888888888888888,0.9860627177700348,0.2,0.009541051765515802,0.005661780041354153,0.5151634115617089,0.01831513122416591,0.003427045093757906,0.3297766299162644,0.03451045741255228
57,0.4064444865412308,0.4006543147294922,0.016064257028112428,0.9090909090909092,0.006030701754385965,0.9965156794425087,0.9951789511358746,0.5,0.9291382379134703,0.8333333333333334,0.8888888888888888,0.9965156794425087,0.9,0.009387135606255415,0.03596786616724968,0.7435653809824744,0.03297293910143512,0.005271175400057798,1.1176355588542104,3.4620002624782176
58,0.1320425368439816,0.1264567437707903,0.016064257028112428,0.9090909090909092,0.0,0.9930313588850174,0.8294730395851887,0.0,0.4901257126974763,0.8333333333333334,0.8888888888888888,1.0,0.6,0.009446817972106671,0.011841315945356558,0.6418542257354298,0.014198815477727805,0.009022850169130769,0.7673291385400022,0.03773819728943424
59,0.7445780997739783,0.7390780283977405,0.016064257028112428,0.8863636363636365,0.0027412280701754384,0.9965156794425087,0.9774219406823368,0.6666666666666666,0.8301370727146822,0.8333333333333334,0.8888888888888888,0.9965156794425087,0.8,0.012188987975136288,0.13396729336043747,0.9338828221236355,5.375384098966751,0.10045603028238463,1.0445662764695058,3.5206957361185762
60,0.09884729099214906,0.08679173461191458,0.0,0.8409090909090908,0.0,0.9411764705882353,0.8769573608747671,0.0,0.17821688696198723,0.5,0.3333333333333333,0.9558823529411765,0.0,0.009182821063748976,0.010733461032304947,0.5791263341900367,0.020694765684218772,0.0026053788657770345,0.49261024875978493,0.025150233052803346
61,0.09047509528522646,0.08484392023670129,0.016064257028112428,0.8636363636363635,0.0,0.9965156794425087,0.8926190127686193,1.0,0.5513299928974423,0.8333333333333334,0.8888888888888888,1.0,0.5,0.009387135606255415,0.0056773964579854095,0.6614960653187975,0.01848730153704165,0.010000965760197813,0.8523090465125427,0.05169475308496376
62,0.09027543235062907,0.08468365182288717,0.016064257028112428,0.8409090909090908,0.0,0.9721254355400697,0.8601432429334387,0.0,0.2952792095032005,0.8333333333333334,0.8888888888888888,0.9825783972125436,0.1,0.01067304553352431,0.0017263796027644249,0.5263520262155422,0.015875350891701792,0.0034162961361903724,0.4502888869627069,0.01598270928838066
63,0.09088072627513566,0.0852891659218552,0.016064257028112428,0.8409090909090908,0.003837719298245614,0.9965156794425087,0.9470667597155173,1.0,0.7029265364417445,0.8333333333333334,0.8888888888888888,0.9930313588850174,0.8,0.009430017680903978,0.0018874865127004171,0.563412109934072,0.016027687604149996,0.006498810155985138,1.0107884309410742,0.016164774932292954
64,0.10814424395858413,0.09834373928808093,0.0,0.8636363636363635,0.00712719298245614,0.9965156794425087,0.9810672799591227,1.0,0.807495995944145,1.0,0.6666666666666666,1.0,1.0,0.009430017680903978,0.0020325592599333307,1.044579998427315,3.2212462424083155,0.011667807863895256,1.0008147070665716,3.543675087255675
65,0.09036996974122458,0.0847602641764833,0.016064257028112428,0.8863636363636364,0.0,0.9686411149825784,0.8709762254187408,0.0,0.08819537218207385,0.8333333333333334,0.8888888888888888,0.9790940766550522,0.1,0.008018175346328897,0.004629707360494562,0.5569445465409477,0.018913345128302044,0.0031354659434800905,0.7947231104340653,0.020560289039003046
66,0.03889022854223334,0.03286160762308249,0.0035087719298245723,0.8863636363636364,0.0013063357282821686,0.9982758620689656,0.9159458263456662,1.0,0.5926226415104627,0.3333333333333333,0.3333333333333333,1.0,0.6,0.0076640081651896865,0.0038582717396937927,1.0458890165399375,0.013447100226025499,0.005400197399258003,1.0033302179994898,0.029009953397911726
67,0.03544280597954286,0.025710775775372896,0.0035087719298245723,0.8409090909090908,0.0,0.9879310344827587,0.850523649739199,0.0,0.01624840767272928,0.3333333333333333,0.3333333333333333,0.9948275862068966,0.3,0.009065171089592159,0.001797993079402658,1.0482613265057958,0.009917003294988269,0.003565266829662738,0.9380497236496748,0.02799331367299835
68,0.1023655538351369,0.09258012543486471,0.0,0.8636363636363635,0.0,0.9984567901234568,0.9151432877745662,1.0,0.5806226406150974,0.5,0.3333333333333333,1.0,0.7,0.008364085868530517,0.013940005898808436,0.6366208053508681,0.015114402361015676,0.0029139707047274722,0.7370436103343044,0.019692487601502634
69,0.10236554662600439,0.0925801182628026,0.0,0.8409090909090908,0.0,0.9814814814814815,0.838076928792475,0.0,0.3788876718030577,0.5,0.3333333333333333,0.9969135802469136,0.0,0.007301920426342251,0.005316896982085618,0.5714776523416403,0.012345674392292637,0.002650982854680569,0.5009771412820675,0.046673561476280837
70,0.5423429901738586,0.4651366617676178,0.0,0.9090909090909092,0.0005482456140350877,0.9930313588850174,0.8579999448935063,0.0,0.4498894413117487,0.8333333333333334,0.5555555555555556,1.0,0.8,0.016834424729384474,0.01231592189226488,1.1732653433710738,0.023991784688361755,0.014841740423321122,1.352377730328701,0.018677653071548863
71,0.4041731891795164,0.39360936401136326,0.0035087719298245723,0.8636363636363635,0.0,0.9879310344827587,0.8958237192296274,0.0,0.06531625745356684,0.3333333333333333,0.3333333333333333,0.9844827586206897,0.2,0.0069477640272268895,0.001131994243522396,0.9383676713680581,0.01583576563716138,0.0030738588343315683,0.7616557457661072,0.017275618166561982
72,0.10299703672834781,0.08917504773481749,0.0,0.9090909090909091,0.001087547580206634,0.9963235294117647,0.9392571804758696,0.5,0.7178649843268976,0.5,0.3333333333333333,1.0,0.9,0.008436805871674172,0.09437859827640632,0.5148058467335114,0.01883946995914211,0.0159434647746884,0.45634957109426505,2.9607085017335106
73,0.09068742171622035,0.08509584600406067,0.016064257028112428,0.8863636363636364,0.0,0.9965156794425087,0.9034917611214769,1.0,0.6373466560738936,0.8333333333333334,0.8888888888888888,1.0,0.7,0.01067304553352431,0.0017495297787224243,0.586331682815414,0.01587535088585644,0.019498300027591814,0.9866230754748855,0.06708700235223776
74,0.2792340888109187,0.20688309650048797,0.016064257028112428,0.9090909090909092,0.0010964912280701754,0.9965156794425087,0.9677062190901646,0.5,0.7822003659972917,0.8333333333333334,0.8888888888888888,0.9965156794425087,0.8,0.010873466224445058,0.0697288760026094,1.2115481240588353,0.01602768760593159,0.0071612447082524625,0.8548283014010939,0.04272538015624115
75,0.5716894024721386,0.5610519938114066,0.0035087719298245723,0.8636363636363635,0.0,0.996551724137931,0.8940982379485688,0.0,0.4678706901522214,0.3333333333333333,0.3333333333333333,1.0,0.7,0.009065171089592159,0.0017466043197912884,0.9291618767281264,0.009917041913005577,0.004229934358586414,0.7150687750268127,0.02412257897206256
76,0.09969656034635932,0.08727742998813104,0.0,0.9090909090909091,0.001087547580206634,0.9963235294117647,0.8928564415951437,0.5,0.5676532865270649,0.5,0.3333333333333333,1.0,0.7,0.007749040793032158,0.03548154835616888,0.5307268252244547,0.018668638730156176,0.011367667330391023,0.5395666676254446,0.03404818032265752
77,0.10780545014011444,0.09196327205889099,0.0,0.8863636363636364,0.002175095160413268,0.9963235294117647,0.8964020892889755,1.0,0.7022380272689914,0.5,0.3333333333333333,1.0,1.0,0.009182821063748976,0.017562637573270312,0.580363425390769,0.02311087845580306,0.09725517405190037,0.6350286733825992,2.5028889952507694
78,0.03443254964457143,0.025000903282320408,0.0035087719298245723,0.8863636363636364,0.0013063357282821686,0.9982758620689656,0.9148171036339658,1.0,0.5112385234907141,0.3333333333333333,0.3333333333333333,0.996551724137931,0.4,0.006012989789561848,0.0039354280015230034,0.9028462569750403,0.012835592307189697,0.0038775636357856955,0.7531089093558904,0.02421011126138943
79,0.10237693415087012,0.09259144728528823,0.0,0.8863636363636364,0.000683526999316473,0.9984567901234568,0.8820586676387104,0.5,0.5108984858395096,0.5,0.3333333333333333,0.9984567901234568,0.6,0.006465854470068727,0.003395450443925856,0.6768596847301389,0.015838585007200156,0.007265225191610218,0.7591885146951968,0.039966234896665245
80,0.09077112773626494,0.08517955870164551,0.016064257028112428,0.8863636363636364,0.0,0.9860627177700348,0.913940772214433,0.0,0.39321919356695567,0.8333333333333334,0.8888888888888888,0.9930313588850174,0.4,0.009387135606255415,0.005661722122127262,0.5434678213129076,0.01831513122416591,0.0038040270597478215,0.8219666276535985,0.03888170055852042
81,0.09027754161602775,0.08468592822966914,0.016064257028112428,0.8863636363636364,0.0027412280701754384,0.9930313588850174,0.9315896297406998,0.6666666666666666,0.4492927338574606,0.8333333333333334,0.8888888888888888,0.9965156794425087,0.8,0.008018175346328897,0.005223729146127262,0.5601996417744292,0.01891334517822418,0.004090842043985693,0.16659375012756247,0.025166950090547372
82,0.11693094465126574,0.10719656033600528,0.0035087719298245723,0.8636363636363635,0.009144350097975179,0.9982758620689656,0.9643856248809183,0.6,0.5575605841906952,0.3333333333333333,0.3333333333333333,0.9879310344827587,0.6,0.006012989789561848,0.0035508429063043274,0.9553665526389283,0.012835592217164427,0.002986962481487619,1.1015636903189567,0.03257234389528549
83,0.10785475386789722,0.09804141867967076,0.0,0.8863636363636364,0.0,0.9876543209876543,0.9266311954278355,0.3333333333333333,0.306644303396888,0.5,0.3333333333333333,0.9830246913580247,0.3,0.00692563492608134,0.0034916757201789604,0.9138980107580253,0.013569186934977563,0.0019542115547021965,0.4875987136721035,0.0437039929247737
84,0.09900399783264802,0.08688126744884567,0.0,0.8863636363636364,0.001087547580206634,0.9926470588235294,0.9238381050391844,0.3333333333333333,0.3207959203172601,0.5,0.3333333333333333,0.9852941176470589,0.2,0.009157281635124956,0.017391530412440064,0.560070120567545,0.018488421620951566,0.005197100227929607,0.4255882468796711,0.03253391061020409
85,0.3163240048490854,0.3059253613764553,0.0035087719298245723,0.8863636363636364,0.0013063357282821686,0.9948275862068966,0.9617585470542412,0.25,0.13981748207001554,0.3333333333333333,0.3333333333333333,0.9775862068965517,0.4,0.00794012509887992,0.0062577181923293085,0.9569703199101948,0.013738050769861964,0.0031090454944851646,0.964973462106275,0.027250567577866903
86,0.090346241593941,0.08475463180444576,0.016064257028112428,0.8863636363636364,0.0,0.9930313588850174,0.9645287000733953,0.0,0.2175362134130695,0.8333333333333334,0.8888888888888888,0.9930313588850174,0.4,0.009387135606255415,0.005661722122127262,0.5190768355576902,0.01831513122416591,0.004033414501496559,0.9404631291185775,0.039208076122948424
87,0.8403777360545535,0.8346601348168858,0.016064257028112428,0.8863636363636365,0.001644736842105263,0.9965156794425087,0.9598684458002278,0.5,0.7159088407518956,0.8333333333333334,0.8888888888888888,1.0,0.9,0.008018175346328897,0.02564623219885253,0.7333841053353352,0.01903654308787124,0.011135445911843223,2.0887278522737636,3.5245094057068767
88,0.03250011196049163,0.025194060636401838,0.0035087719298245723,0.8863636363636364,0.0045721750489875895,0.9982758620689656,0.9421468946619402,0.5,0.5517744009784984,0.3333333333333333,0.3333333333333333,0.996551724137931,0.8,0.0076640081651896865,0.0012922788754592914,1.0378463322394054,0.013447098795184671,0.003894798560878198,1.3408804601972133,0.02993290025922022
89,0.24482282680739587,0.23919178523200413,0.016064257028112428,0.9090909090909092,0.004934210526315789,0.9965156794425087,0.9429791631085486,0.75,0.6974291914694466,0.8333333333333334,0.8888888888888888,0.9965156794425087,1.0,0.008018175346328897,0.00459762966592888,0.7969478582335829,0.01944960210998668,0.00399148779651632,0.9831373258539242,0.02027863203444508
90,0.029725910390716148,0.023422618711409215,0.0035087719298245723,0.8636363636363635,0.0006531678641410843,0.9913793103448276,0.821880826765463,0.0,0.21511375676471522,0.3333333333333333,0.3333333333333333,0.9948275862068966,0.5,0.006012989789561848,0.004243120679746346,0.8580847628480924,0.012835594012000582,0.006644107997373028,0.692013977591123,0.02537683808233196
91,0.9924654042473642,0.9810071101383295,0.75,0.8636363636363635,0.0,0.9984567901234568,0.880040101517124,1.0,0.7573267952211937,0.8333333333333334,0.6666666666666666,1.0,1.0,3.01360069343345,1.263063040947794,0.6593119331576732,0.015838592186881793,1.265140974305245,5.1926474726780185,19.298977354783585
92,0.23121240500502815,0.22565301748361066,0.016064257028112428,0.9090909090909092,0.0005482456140350877,0.9965156794425087,0.852422149830079,1.0,0.5298672690508882,0.8333333333333334,1.0,1.0,0.6,0.010607936483982497,0.011088790860403664,0.9702290322119039,5.1576758727154886,0.023612852547995264,0.6785250705308778,0.016457143314921232
93,0.026106421628890764,0.020553442405850275,0.0035087719298245723,0.7727272727272727,0.0,0.996551724137931,0.8110636016750052,0.0,0.4783896448752024,0.3333333333333333,0.3333333333333333,1.0,0.5,0.0076640081651896865,0.024700183231514208,0.9754393000587273,0.013447819881117545,0.0166112022092451,0.6111521063010512,0.01902455413386612
94,0.09029794670352964,0.08470634059289223,0.016064257028112428,0.8863636363636364,0.006030701754385965,0.9930313588850174,0.8928346701550194,0.6666666666666666,0.35550065335731573,0.8333333333333334,0.8888888888888888,0.9930313588850174,0.8,0.009387135606255415,0.005664661526395644,0.6040834621803188,0.018315131224166586,0.004716540050943709,0.21124064660799646,0.061029105366064276
95,0.9411630749676626,0.8940051808799816,0.016064257028112428,0.9090909090909092,0.0,0.975609756097561,0.8178261773842826,0.0,0.43320424912044286,0.8333333333333334,0.8888888888888888,0.9895470383275261,0.3,0.05110512188197048,0.026484229936109226,1.294601632427238,5.540857866596493,0.016874873304902283,1.5308647333746042,3.431656571409532
96,0.2161965132241055,0.21063242434597745,0.016064257028112428,0.8863636363636365,0.0,0.9930313588850174,0.801463592625702,0.0,0.4496627296282836,0.8333333333333334,0.8888888888888888,0.9965156794425087,0.7,0.008018175346328897,0.014245672115835207,0.7196147048134194,0.01893262757758315,0.013621981185520354,0.8116409068680278,0.01667708804589929
97,0.09031539134206035,0.08472378574177314,0.016064257028112428,0.8636363636363635,0.0005482456140350877,0.9965156794425087,0.905315551216998,0.5,0.5194645783995528,0.8333333333333334,0.8888888888888888,0.9895470383275261,0.3,0.009446817972106671,0.0013776809114642492,0.6028404736291613,0.014197733860636635,0.0037341139169983495,0.4888540622037544,0.03806594244408235
98,0.11541661811645332,0.09641805754325072,0.0,0.8636363636363635,0.0,0.9558823529411765,0.8536895029637123,0.25,0.0,0.5,0.3333333333333333,0.9779411764705882,0.0,0.007749040793032158,0.05257701734879061,0.5590346887290824,0.024056438402443814,0.0021939911696629475,0.6577344553045392,0.027308996409696463
99,0.11541661811645332,0.09641805754325072,0.0,0.8636363636363635,0.0,0.9558823529411765,0.8536895029637123,0.0,0.0,0.5,0.3333333333333333,0.9779411764705882,0.0,0.009157281635124956,0.16981435552459806,0.5767279407454786,0.018395097249817968,0.00291245617902763,0.7057587648804791,0.025756860707856297
100,0.0911251320197638,0.08553359122719906,0.016064257028112428,0.8409090909090909,0.0005482456140350877,0.9965156794425087,0.9143183417247356,0.5,0.5037469151567309,0.8333333333333334,0.8888888888888888,0.9965156794425087,0.2,0.009446817972106671,0.0013140926279215368,0.6190095326829793,0.014197762502177476,0.003376887373116629,0.347332685177177,0.03413084721128992
101,0.09034114123727555,0.0847495376467059,0.016064257028112428,0.8636363636363635,0.01206140350877193,0.9965156794425087,0.9861760324746645,1.0,0.8784942352430829,0.8333333333333334,0.8888888888888888,1.0,1.0,0.008018175346328897,0.00530924769139076,0.6263283664526028,0.018913349926151832,0.021542007554950657,0.46907819301368786,3.619893875126042
102,0.09476919813636042,0.08917797209815392,0.016064257028112428,0.9090909090909092,0.001644736842105263,0.9930313588850174,0.9744653180984583,0.25,0.27801441695078555,0.8333333333333334,0.8888888888888888,0.9825783972125436,0.4,0.009430017680903978,0.0017917635983152377,0.584468058781753,0.016027687622106705,0.003456691559488679,0.8196154788368778,0.015407331851916025
103,0.0955140678784493,0.08992291171823075,0.016064257028112428,0.8636363636363636,0.0,0.9651567944250871,0.7941753639663829,0.0,0.3393020875584295,0.8333333333333334,0.8888888888888888,0.9825783972125436,0.1,0.01067304553352431,0.0033254828205718763,0.7892652034054234,0.015875351319551912,0.0033538412697940692,0.3362523120968396,0.030619673048556912
104,0.0903301805704847,0.0847380755805438,0.016064257028112428,0.8863636363636364,0.0,0.9825783972125436,0.8605143921092758,0.0,0.2892809923170334,0.8333333333333334,0.8888888888888888,0.9930313588850174,0.4,0.009430017680903978,0.0050484692342218215,0.6953405697099182,0.016027687695986677,0.02147177775334672,0.5072728741803504,3.653717173280503
105,0.10238348920302898,0.09259796880835075,0.0,0.8636363636363635,0.0,0.9768518518518519,0.9188961846477129,0.0,0.19808533777950155,0.5,0.3333333333333333,0.9768518518518519,0.0,0.006400373644683982,0.03539054264029141,0.7122923374656286,0.015616506382250886,0.0016378573119200665,0.8925335708091703,0.02232959406791367
106,0.09077249579177005,0.08518092695206364,0.016064257028112428,0.8409090909090908,0.0005482456140350877,0.9930313588850174,0.8552330639936989,0.5,0.0,0.8333333333333334,0.8888888888888888,0.9930313588850174,0.4,0.01067304553352431,0.0017787345185212504,0.620697783358329,0.015875350885856104,0.0033538412697940692,0.7624887122280577,0.03476981351251141
107,0.09077249579177005,0.08518092695206364,0.016064257028112428,0.8409090909090908,0.0,0.9930313588850174,0.8552330639936989,1.0,0.0,0.8333333333333334,0.8888888888888888,0.9930313588850174,0.4,0.009446817972106671,0.0014046696473794934,0.6321919216935359,0.014197733874756441,0.003976748004944893,0.6307687183429714,0.03565237330317127
108,0.05065537077302251,0.0442315601160177,0.0035087719298245723,0.8863636363636364,0.0013063357282821686,0.9982758620689656,0.9943270489016508,0.25,0.8002807052295823,0.3333333333333333,0.3333333333333333,0.9827586206896551,0.3,0.0069477640272268895,0.0011264295861593222,1.0655447109221698,0.016473646889332238,0.004276745654109772,1.2400711292078135,0.041110789257007924
109,0.9924571846072355,0.9830718453995071,0.0,0.8409090909090908,0.000683526999316473,0.9969135802469136,0.9148024613077549,0.3333333333333333,0.10863476152044116,0.5,0.3333333333333333,0.9984567901234568,0.1,0.00692563492608134,0.004292065616348516,0.9284924380182101,0.013568603371759221,0.004763260865126347,0.7605516515930398,0.03467958267591649
110,0.10273123756212521,0.09294392923735512,0.0,0.8863636363636364,0.000683526999316473,0.9845679012345679,0.8504183789545992,0.5,0.25898328657482883,0.8333333333333334,0.5555555555555556,0.9845679012345679,0.1,0.007341566461447414,0.00748445709927294,0.741261619026487,0.012345674392422123,0.015950621847032376,0.9889235958845694,0.04509391583777615
111,0.6479990017880093,0.6421893865434042,0.016064257028112428,0.9318181818181819,0.0010964912280701754,0.9965156794425087,0.9277895861615387,1.0,0.5838932623352253,0.8333333333333334,0.8888888888888888,1.0,0.6,0.01067304553352431,0.0016197272782693469,0.8566018688487065,0.01587536016495221,0.0036676490452867546,0.966553732109715,0.03905131994422516
112,0.11335948297556087,0.10776220262393177,0.016064257028112428,0.8863636363636365,0.001644736842105263,0.9965156794425087,0.9330510226892017,1.0,0.6866089071882633,0.8333333333333334,0.8888888888888888,1.0,1.0,0.008018175346328897,0.004777669625018851,0.706209189044077,0.018927380101713537,0.008683426638129852,1.5380909136452319,0.020486340640133143
113,0.09031921315330171,0.08472432064579971,0.016064257028112428,0.8636363636363635,0.0021929824561403508,0.9965156794425087,0.9082422183459274,1.0,0.5174820150005657,0.8333333333333334,0.8888888888888888,0.9965156794425087,0.6,0.009446817972106671,0.0014959466006287064,0.631381745049121,0.014197733860629766,0.0070294723679574025,0.4100238072431303,0.03849330825623075
114,0.09032926622315718,0.0847376613390069,0.016064257028112428,0.8409090909090908,0.0,0.9825783972125436,0.8021542205291605,0.0,0.27998342712789914,0.8333333333333334,0.8888888888888888,0.9895470383275261,0.6,0.009430017680903978,0.0018518652458111616,0.5560145180641405,0.01602768803438683,0.006498810155985138,0.713903924755138,0.01525937053071981
115,0.25757557146415566,0.25201224471415107,0.016064257028112428,0.8863636363636365,0.0010964912280701754,0.9965156794425087,0.8852093506916878,1.0,0.5450921791717024,0.8333333333333334,0.8888888888888888,1.0,0.9,0.01067304553352431,0.0016212379085509447,0.9220435458969185,0.015875350885856555,0.007861825219981288,1.0800066185048491,3.6048165182701166
116,0.978785916981159,0.9364600073868138,0.016064257028112428,0.9090909090909092,0.003289473684210526,0.9965156794425087,0.9607487025501154,0.5,0.6574364993014927,0.8333333333333334,0.8888888888888888,0.9965156794425087,0.7,0.07083540536925456,0.01748526373561184,1.3557968577844854,1.413200935646052,0.17097041611198302,1.8905889237181552,3.3783668999790333
117,0.10544621693977507,0.09564418171153233,0.0,0.7954545454545454,0.0,0.9969135802469136,0.8407821696289686,0.0,0.44765375166976507,0.8333333333333334,0.5555555555555556,1.0,0.4,0.011710705683187706,0.01030617503052184,0.7952619207242471,0.01357228223527573,0.023895329260696423,0.7990757503644667,0.030415803444588135
118,0.026316572794292004,0.02076382771815266,0.0035087719298245723,0.8636363636363635,0.0006531678641410843,0.9913793103448276,0.8999546069449316,0.3333333333333333,0.4477655232454759,0.3333333333333333,0.3333333333333333,0.9810344827586207,0.1,0.0069477640272268895,0.0011094280230768067,0.9610222884620547,0.015835680892257734,0.003661945896801446,0.7936702510898556,0.009062970077106946
119,0.09062873076378608,0.08496808294086466,0.016064257028112428,0.8863636363636364,0.0,0.9895470383275261,0.9373870540382132,0.0,0.2189165711794686,0.8333333333333334,0.8888888888888888,0.9790940766550522,0.2,0.01067304553352431,0.0017278537415518387,0.6350520295663892,0.01587535091960722,0.0033141556245365523,0.9237236020256702,0.04522513490499267
120,0.026942452583742393,0.021390442172666113,0.0035087719298245723,0.9090909090909091,0.0006531678641410843,0.9982758620689656,0.9430968854414101,0.5,0.581430517333589,0.3333333333333333,0.3333333333333333,0.996551724137931,0.3,0.00794012509887992,0.006237834420026095,0.8540016349981476,0.013738050769861964,0.005052773144076053,0.5635989747829436,0.022358248712919065
121,0.029593551890035652,0.023059165045745955,0.0035087719298245723,0.8636363636363635,0.0006531678641410843,0.9879310344827587,0.9046488015105816,0.0,0.09364183220992706,0.3333333333333333,0.3333333333333333,0.9844827586206897,0.2,0.006012989789561848,0.003980269212379555,0.9231615822692298,0.012835596624173462,0.0024040640722286597,0.7585330639960269,0.028746574642110116
122,0.03152764641125039,0.024316978615472884,0.0035087719298245723,0.8409090909090908,0.0,0.9896551724137931,0.8533545657845025,0.0,0.016516779031879536,0.3333333333333333,0.3333333333333333,0.996551724137931,0.3,0.00794012509887992,0.0062355591445779086,1.0454782108255378,0.013738517789413861,0.0036116521688982746,0.6986274457964,0.02686760628490352
123,0.09874504874134005,0.086733341376451,0.0,0.8863636363636364,0.000543773790103317,0.9963235294117647,0.8524290971263823,1.0,0.6289155031885351,0.5,0.3333333333333333,1.0,0.8,0.009157281635124956,0.005607059414358899,0.6084306221743309,0.018395013404668162,0.013944665389472624,0.5588119030690328,0.031201733855626988
124,0.706123729334172,0.7003915366712969,0.016064257028112428,0.9090909090909092,0.0,0.9895470383275261,0.8813954492250746,0.0,0.4301738084743656,0.8333333333333334,0.8888888888888888,0.9965156794425087,0.7,0.008018175346328897,0.014843244289577001,0.7563557567734793,0.019166711394617692,0.0060967895787552885,1.818014537149094,0.021409700622825996
125,0.02791098437103956,0.022360085915212047,0.0035087719298245723,0.8863636363636364,0.0,0.9948275862068966,0.85191510345506,0.0,0.3390376152933119,0.3333333333333333,0.3333333333333333,0.9982758620689656,0.4,0.009065171089592159,0.0015657901124024095,0.9504654202311473,0.009917713260482922,0.011347288860739477,1.8822448450272589,0.026730511463246887
126,0.030745365406807168,0.024634464919690457,0.0035087719298245723,0.8636363636363635,0.0006531678641410843,0.996551724137931,0.9107937768103376,0.5,0.22502620997482015,0.3333333333333333,0.3333333333333333,0.996551724137931,0.4,0.006012989789561848,0.0035171189180598925,0.9608230651976044,0.012852501259245426,0.003901087768207088,0.8183340925581485,0.027027590928448284
127,0.1675293441439515,0.16195150657701218,0.016064257028112428,0.8863636363636365,0.0010964912280701754,0.9686411149825784,0.878277811600308,0.2,0.1130833402650473,0.8333333333333334,0.8888888888888888,0.975609756097561,0.2,0.009430017680903978,0.003802110148226194,0.7456395659589716,0.018680899475593267,0.00393008870071484,0.6015388181257814,0.01645686361703114
128,0.09074454810208088,0.0851529769651278,0.016064257028112428,0.8636363636363635,0.0005482456140350877,0.9930313588850174,0.8478033218218632,0.5,0.45808146497028557,0.8333333333333334,0.8888888888888888,0.9965156794425087,0.6,0.009430017680903978,0.0018576181683486771,0.7039424451863391,0.016027687604147967,0.009453183420965348,1.0149882777475856,0.010045984285827923
129,0.12143033300381934,0.11578956165898807,0.016064257028112428,0.9318181818181819,0.001644736842105263,0.9860627177700348,0.8695755528887551,0.0,0.4792796440047151,0.8333333333333334,0.8888888888888888,1.0,0.7,0.009430017680903978,0.0021769713533015015,0.7674090381038414,0.016027687604157556,0.005335234066553685,0.6405967092675363,0.01601380620372019
130,0.031439870642821055,0.025892896045625058,0.0035087719298245723,0.8409090909090908,0.0,0.996551724137931,0.8379559574758408,0.5,0.4680153720022311,0.3333333333333333,0.3333333333333333,0.9982758620689656,0.6,0.006012989789561848,0.0038689799671477896,0.9301636533248905,0.01283570665932316,0.00808962610850125,1.0427665125205128,0.028768061526249226
131,0.09033584308316012,0.08474292467640343,0.016064257028112428,0.8636363636363635,0.0010964912280701754,0.9965156794425087,0.9040082006012186,1.0,0.5275641254793417,0.8333333333333334,0.8888888888888888,1.0,0.3,0.01067304553352431,0.0032396882888525817,0.6171230673245083,0.015875351050752957,0.00896640337520923,0.7122538889055294,0.06850152805896983
132,0.09029432152918171,0.08470271528291962,0.016064257028112428,0.8636363636363635,0.0,0.9930313588850174,0.8459742525789222,0.0,0.4411417153552595,0.8333333333333334,0.8888888888888888,0.9930313588850174,0.4,0.008018175346328897,0.004226068753803606,0.495079810894575,0.018913345270399003,0.004291068241261539,0.2778286377597894,0.015529651236628214
133,0.09034749662087371,0.08474178070469623,0.0,0.8636363636363635,0.0021929824561403508,0.9965156794425087,0.8819166940385785,1.0,0.6088536439604904,1.0,0.6666666666666666,1.0,0.8,0.009387135606255415,0.0058525159387029175,0.6726816718622846,0.01831513122416591,0.012218229515830422,0.9874465246709077,3.5217286536999826
134,0.9849995727022633,0.9794465935066825,0.016064257028112428,0.7954545454545454,0.0,0.9860627177700348,0.7564927539037913,0.0,0.42045715906153813,0.8333333333333334,0.7777777777777778,1.0,0.6,2.4246814843109066,1.102706764396386,0.8863406920973544,0.017198788883950038,0.04292029719536172,1.3924992424786016,9.64441321599569
135,0.10236554994648706,0.09258012156618706,0.0,0.8863636363636364,0.000683526999316473,0.9953703703703703,0.908062618017874,0.3333333333333333,0.2500998070904451,0.8333333333333334,0.5555555555555556,0.9552469135802469,0.1,0.008364085868530517,0.012105419261808728,0.6632692156107555,0.015114402361015676,0.003175540871564408,0.5493972323359825,0.01717686713015458
136,0.03208522142578063,0.024969863702225925,0.0035087719298245723,0.8863636363636364,0.009797517962116264,0.993103448275862,0.9639711131934858,0.3333333333333333,0.40990387799336403,0.3333333333333333,0.3333333333333333,0.9793103448275862,0.2,0.0069477640272268895,0.0011202338128938367,1.0406300728362816,0.015842414224017318,0.0034461115243543884,1.0637903437557275,0.041520757020433764
137,0.09816148503819977,0.09254637706483909,0.016064257028112428,0.8863636363636364,0.0,0.9895470383275261,0.9414278710661078,0.0,0.2211923460915194,0.8333333333333334,0.8888888888888888,0.9825783972125436,0.3,0.009430017680903978,0.0012256927914198843,0.6260189489613155,0.016027687604147967,0.004378789074024863,1.0465693612937987,0.019189209501360147
138,0.9924493869756988,0.9831667809676061,0.0,0.8409090909090908,0.0,0.9984567901234568,0.8487815865511603,1.0,0.5088557035940281,0.5,0.3333333333333333,1.0,0.7,0.00692563492608134,0.00549514074795115,0.9259802459702997,5.165170785827904,0.0026118626886333087,0.7511890423631813,3.598801350961259
139,0.1727807139581342,0.16720422466202578,0.016064257028112428,0.8863636363636365,0.0010964912280701754,0.9965156794425087,0.9204283078363598,1.0,0.7210847572612611,0.8333333333333334,0.8888888888888888,0.9965156794425087,0.6,0.00964074849231215,0.005638339203210668,0.7043906610551157,0.01603559734213116,0.010409803949204507,0.8244802492287203,0.014751132583203493
140,0.10078837992844158,0.09519776993643214,0.016064257028112428,0.8863636363636365,0.0010964912280701754,0.9895470383275261,0.8714581892995932,0.3333333333333333,0.14920141462981384,0.8333333333333334,0.8888888888888888,0.9895470383275261,0.3,0.01067304553352431,0.0017276900789986878,0.6262455866593017,0.015875353338057396,0.004107577521225219,0.7173283024932259,0.04101725187578688
141,0.10795840573250348,0.09205234946712604,0.0,0.9090909090909091,0.001087547580206634,0.9963235294117647,0.9783139013582071,1.0,0.8136667802140864,0.5,0.3333333333333333,0.9963235294117647,0.7,0.009277898413462549,0.005603478691883708,0.5318354825086258,0.02090702988269715,0.004581384517411734,0.45605870338839355,2.536509763457777
142,0.10401806845743711,0.09529563394511376,0.016064257028112428,0.8863636363636365,0.0,0.9965156794425087,0.8601802118818762,1.0,0.5440828195089804,0.8333333333333334,0.8888888888888888,1.0,0.6,0.03101995812710179,0.03814415982576206,1.2320455907789716,2.3426891969238417,0.005115202540736822,0.9925697740714053,0.018937846556032693
143,0.9924590605210926,0.9830682301569257,0.0,0.8409090909090908,0.003417634996582365,0.9984567901234568,0.9101418183429217,1.0,0.6372625546371062,0.5,0.3333333333333333,1.0,0.9,0.007301920426342251,0.0052764638833879334,0.9390834595303141,0.012366207710939566,0.0194983953606699,1.94715091673802,3.650452979051929
144,0.028985939591738785,0.023436255816965457,0.0035087719298245723,0.8409090909090908,0.0,0.9982758620689656,0.9467824216611602,0.6666666666666666,0.5592868941968935,0.3333333333333333,0.3333333333333333,0.9982758620689656,0.9,0.00794012509887992,0.006241732591193097,0.9604273987929168,0.013738280824705951,0.0049490132291180435,0.9067845914699271,0.02271996458605964
145,0.09054789801063423,0.08504996471055248,0.0035087719298245723,0.8409090909090908,0.0,0.996551724137931,0.8550669993932557,0.0,0.4510443812525967,0.3333333333333333,0.3333333333333333,1.0,0.6,0.0069477640272268895,0.0007014172260595122,1.0569969727942412,0.01592223256535119,0.004790925150736084,0.66232006171637,0.0336041787153802
146,0.030205512277961533,0.0246571856366829,0.0035087719298245723,0.8409090909090908,0.0,0.9551724137931035,0.8513695142092422,0.0,0.0,0.3333333333333333,0.3333333333333333,0.9637931034482758,0.0,0.0069477640272268895,0.0011190747396408664,1.1194455456358432,0.015835688764851023,0.0022541731252431964,0.6680440053555774,0.029650072232751724
147,0.09027087027784675,0.08467902576516795,0.0,0.8409090909090908,0.0005482456140350877,0.9965156794425087,0.8546626128976046,1.0,0.5809209482147542,1.0,0.6666666666666666,1.0,0.9,0.009446817972106671,0.001389997925141002,0.5833195214574437,0.014197733860629653,0.004429624560584206,0.35119187128994817,0.0333635896676324
148,0.9924585320493686,0.9831677679670723,0.0,0.9090909090909092,0.001367053998632946,0.9984567901234568,0.9119640471450775,1.0,0.7183277103970106,0.8333333333333334,0.5555555555555556,1.0,1.0,0.01975016595892763,0.06313177400504219,1.0258211828633894,0.22987323866804615,0.938001986427765,3.0140360309719485,11.50516445486785
149,0.10641658642677831,0.100826653524283,0.016064257028112428,0.8863636363636365,0.0010964912280701754,0.9930313588850174,0.9201904008672973,0.5,0.2761935936222397,0.8333333333333334,0.8888888888888888,0.9965156794425087,0.6,0.01067304553352431,0.001614077330989101,0.8485538177882582,0.015875414903275938,0.005797699118794929,0.4946600510198287,0.04059895997092672
150,0.10268997950502945,0.09290288735642488,0.0,0.8636363636363635,0.002734107997265892,0.9969135802469136,0.8973870724956665,0.0,0.47997176527750707,0.8333333333333334,0.5555555555555556,0.9922839506172839,0.5,0.006400373644683982,0.02705024472733339,0.7534346296836938,0.015616506382250886,0.0507213448219321,1.1444787041542397,0.02317884877129428
151,0.9349668429246843,0.929245900382635,0.016064257028112428,0.8863636363636365,0.0043859649122807015,0.9965156794425087,0.9933836312852974,1.0,0.9455722958973232,0.8333333333333334,0.8888888888888888,1.0,0.9,0.010055822290720908,0.001247050006461732,0.7621784026693259,0.01504583811549866,0.287951688455574,1.8367606863258965,3.300451644425962
152,0.22408724916289025,0.1755589087394357,0.016064257028112428,0.8863636363636364,0.001644736842105263,0.9860627177700348,0.9025319886764281,0.0,0.24510687707951606,0.8333333333333334,0.8888888888888888,0.9965156794425087,0.6,0.011825840321396181,0.0016526187137421925,0.7844456151914758,0.015875350885854976,0.006140885914863353,1.0425176807402083,0.03667567532972163
153,0.026947313022086195,0.020985581926063923,0.0035087719298245723,0.8409090909090908,0.0013063357282821686,0.996551724137931,0.9371367604266893,0.5,0.3776636393388133,0.3333333333333333,0.3333333333333333,0.9982758620689656,0.7,0.00794012509887992,0.006290717277446932,0.9874020174599303,0.013738050770674184,0.004919519173966164,0.5846901738177285,0.02753093118164456
154,0.026124846564811843,0.020571830408643688,0.0035087719298245723,0.8636363636363635,0.0013063357282821686,0.9982758620689656,0.9021096881542088,1.0,0.6121625123087258,0.3333333333333333,0.3333333333333333,1.0,0.7,0.0069477640272268895,0.0011136850662044181,1.0372681068826048,0.0158356808910082,0.022443792768424873,0.9588196793571556,3.4053817173614256
155,0.10464385061804637,0.09484677011808773,0.0,0.8863636363636364,0.002734107997265892,0.9984567901234568,0.955872081232091,1.0,0.6070911547558775,0.5,0.3333333333333333,0.9969135802469136,0.4,0.007301920426342251,0.005316896982085618,0.8870579285883595,0.012750250574177984,0.002667437370416877,0.5957974157852617,0.051738868542213386
156,0.10297669594733538,0.09737868315248588,0.016064257028112428,0.8636363636363635,0.0,0.9930313588850174,0.88435735287933,0.0,0.49503308026504045,0.8333333333333334,0.8888888888888888,1.0,0.6,0.008018175346328897,0.0054186295354667026,0.7008894309972292,0.018913354842046065,0.007098078700890756,1.4640025792484643,0.021965591072763524
157,0.09026948867163509,0.08467785810361883,0.016064257028112428,0.8863636363636364,0.0,0.9965156794425087,0.8757684243140135,1.0,0.5427989537005321,0.8333333333333334,0.8888888888888888,1.0,0.6,0.011290142324113354,0.00766675464233404,0.956155072733651,0.01891601677167149,0.012648047672255087,0.6568458784408687,0.963455005336732
158,0.09049600728296436,0.0849031907672535,0.016064257028112428,0.8863636363636364,0.0021929824561403508,0.975609756097561,0.9089405963983979,0.0,0.17543952204655122,0.8333333333333334,0.8888888888888888,0.9930313588850174,0.4,0.008018175346328897,0.004566484483368752,0.5602737683163204,0.018913345135993895,0.0029093498590314873,0.9381089671749419,0.021374115125435373
159,0.026426781903400753,0.020874175956390517,0.0035087719298245723,0.8636363636363636,0.0006531678641410843,0.9982758620689656,0.8743226679705957,1.0,0.5397908286451596,0.3333333333333333,0.3333333333333333,1.0,0.6,0.0076640081651896865,0.0015543197012071002,0.9190641271687119,0.013447098724212143,0.005453354521350913,0.3466220683120461,0.016769968607682744
160,0.10966551904596966,0.09997157366524978,0.0035087719298245723,0.8181818181818181,0.0,0.9775862068965517,0.8133091876192494,0.0,0.2332519464188978,0.3333333333333333,0.3333333333333333,0.996551724137931,0.0,0.0069477640272268895,0.0011128492555391358,1.0059562926968113,0.015835680891391698,0.003416642019621753,0.813295784102388,0.024450651116537037
161,0.09028419041024094,0.0846925547204001,0.016064257028112428,0.9090909090909091,0.0,0.9860627177700348,0.7848391844037588,0.0,0.30894564112528544,0.8333333333333334,0.8888888888888888,0.9895470383275261,0.4,0.009387135606255415,0.005638556417434136,0.5278221673017143,0.01831513122416591,0.004360636257192344,0.3926078059188481,0.03315647696199995
162,0.026106348205920726,0.02055336896655291,0.0035087719298245723,0.7954545454545454,0.0,0.996551724137931,0.8451730703753343,0.0,0.09992520927092752,0.3333333333333333,0.3333333333333333,0.9982758620689656,0.5,0.006012989789561848,0.003324506817980265,1.0423782924268035,0.012835760972507543,0.003552391678219432,1.4906418518375593,0.021763612935141688
163,0.8671986438901176,0.8114976948162973,0.016064257028112428,0.9090909090909091,0.001644736842105263,0.9860627177700348,0.910044634012357,0.3333333333333333,0.2663121078621582,0.8333333333333334,0.8888888888888888,0.9860627177700348,0.6,0.008018175346328897,0.005197625717030451,0.7464097881834422,0.01891339470630285,0.003624229009768781,0.5938830435924648,0.01544143079313639
164,0.09027012772373222,0.08467841597354042,0.016064257028112428,0.8636363636363635,0.0,0.9930313588850174,0.9513957059500108,0.5,0.2713072391885615,0.8333333333333334,0.8888888888888888,0.9965156794425087,0.6,0.008018175346328897,0.004641126632339056,0.5785222094014766,0.018913345127169152,0.00405283829006368,0.1974060404500562,0.01641193226345272
165,0.02639222092983906,0.020839573764969532,0.0035087719298245723,0.8863636363636364,0.0013063357282821686,0.996551724137931,0.8516316772438548,0.0,0.46991921304861206,0.3333333333333333,0.3333333333333333,1.0,0.6,0.0069477640272268895,0.0011191710976988034,0.9498587814126808,0.015835681889972007,0.016677301322122612,0.43781746225281637,0.030589881787900192
166,0.10376011346129654,0.09396750785227959,0.0,0.8636363636363635,0.0,0.9984567901234568,0.8599106413052755,0.5,0.5455148573363351,0.5,0.3333333333333333,0.9984567901234568,0.3,0.00692563492608134,0.005124439853816047,0.6366498798147017,0.013567754162501723,0.002975874984971324,0.7468905384804617,0.042632314041653734
167,0.14620570818253786,0.1406228251122379,0.016064257028112428,0.9090909090909092,0.0010964912280701754,0.9965156794425087,0.9210149425587035,0.6666666666666666,0.5182355604766555,0.8333333333333334,0.8888888888888888,0.9965156794425087,0.5,0.008018175346328897,0.005553192575240938,0.7819183314984554,0.018930965697514963,0.005430239439602793,0.5393515099414344,0.019950063504259343
168,0.026341195915943083,0.020788456449837123,0.0035087719298245723,0.8636363636363635,0.0013063357282821686,0.9982758620689656,0.9233511664627685,0.3333333333333333,0.5287933289859347,0.3333333333333333,0.3333333333333333,0.9982758620689656,0.3,0.0069477640272268895,0.0011074337400942729,1.0407965239883137,0.015835680891007523,0.003416642019621753,1.111391576750862,0.01839240004061112
169,0.027711546648161445,0.021910672733075287,0.0035087719298245723,0.8636363636363635,0.001959503592423253,0.996551724137931,0.9645190315756247,0.75,0.43781870185952076,0.3333333333333333,0.3333333333333333,0.9913793103448276,0.6,0.009065171089592159,0.001756070305516234,0.9765125649923845,0.009917003294920656,0.0040006321826422135,0.6467282562207193,0.025315535375392533
170,0.30381841392926934,0.2934627299113027,0.0035087719298245723,0.8409090909090908,0.0006531678641410843,0.993103448275862,0.9289115297974349,0.3333333333333333,0.38775446442542816,0.3333333333333333,0.3333333333333333,0.993103448275862,0.7,0.009065171089592159,0.0017117105668304558,0.9439829407607182,0.009917003311154212,0.0061134279020775215,0.9766796883212548,0.03213626349240029
171,0.027691128606345372,0.02213997949984764,0.0035087719298245723,0.8409090909090908,0.0013063357282821686,0.9982758620689656,0.9770437237357938,1.0,0.8703357425250208,0.3333333333333333,0.3333333333333333,0.996551724137931,0.2,0.0076640081651896865,0.0017625448801645825,1.0755950010632715,0.01344709872445711,0.005400197399258003,0.9918448003526266,0.028035109268054335
172,0.09875713601558378,0.09314837851551672,0.016064257028112428,0.8863636363636364,0.004934210526315789,0.9930313588850174,0.9611310192673079,0.5,0.40819429766813553,0.8333333333333334,0.8888888888888888,0.9930313588850174,0.8,0.008018175346328897,0.004754869252957055,0.6407860491892319,0.018913357435642694,0.0036187773401986094,0.8828559104744756,0.022673839983358274
173,0.09028027880881684,0.08468865997601416,0.0,0.8409090909090908,0.0,0.9965156794425087,0.8139907493951516,1.0,0.5283681887866241,1.0,0.6666666666666666,1.0,0.8,0.01067304553352431,0.0018141581137483354,0.5555330773016399,0.015875350885854976,0.006358620099848496,0.5927105623131145,0.029332689254817437
174,0.09027330521860999,0.08468118035102501,0.016064257028112428,0.8863636363636364,0.0,0.9965156794425087,0.86070347263544,1.0,0.5342704605039768,0.8333333333333334,0.8888888888888888,0.9930313588850174,0.2,0.009446817972106671,0.0016354449125306188,0.5700406845477372,0.014197733860629653,0.0037516741722977975,0.2971060243635748,0.02939934272794567
175,0.030205512277961533,0.0246571856366829,0.0035087719298245723,0.8409090909090908,0.0,0.9551724137931035,0.8513695142092422,0.0,0.0,0.3333333333333333,0.3333333333333333,0.9637931034482758,0.0,0.009065171089592159,0.001740516943116111,1.0936563003578361,0.009922359993068147,0.00280068917084229,0.864481504838002,0.02092259558097556
176,0.14053414132417674,0.13487094343812045,0.016064257028112428,0.8636363636363635,0.0005482456140350877,0.9930313588850174,0.8786312464244862,0.0,0.49478523810772934,0.8333333333333334,0.8888888888888888,1.0,0.8,0.009387135606255415,0.0056773964579854095,0.6603787606546416,0.018315131224660833,0.021157695528316908,1.296057246244867,0.05149542648367158
177,0.1847512679818436,0.149141278842148,0.016064257028112428,0.8863636363636364,0.0,0.9965156794425087,0.8490562417994512,1.0,0.5009763117639354,0.8333333333333334,0.8888888888888888,1.0,0.5,0.01067304553352431,0.0015936955675172008,0.742763714319119,0.01587535088590957,0.005001362425093318,0.8694932071640915,0.018823020173805813
178,0.41269668392020276,0.40701857013394827,0.016064257028112428,0.9090909090909092,0.0010964912280701754,0.9825783972125436,0.9049092108544596,0.0,0.26884451780585183,0.8333333333333334,1.0,0.9895470383275261,0.5,0.009387135606255415,0.18059770493944519,0.8843270741995237,0.018727984231153145,0.006265572704933237,0.5377992040678718,0.04188371977174145
179,0.09815472002018022,0.09255604973137355,0.0,0.8863636363636365,0.0,0.9965156794425087,0.8729304922373078,1.0,0.525133000451248,1.0,0.6666666666666666,1.0,0.9,0.01067304553352431,0.0016556724450989906,0.7511721536397977,0.015875350885854976,0.018440150673283317,0.9949229134795637,0.03753977158623933
180,0.030205512277961533,0.0246571856366829,0.0035087719298245723,0.8409090909090908,0.0,0.9551724137931035,0.8513695142092422,0.0,0.0,0.3333333333333333,0.3333333333333333,0.9637931034482758,0.0,0.00794012509887992,0.006283427309082119,1.0715086086633567,0.013738146916329295,0.0027250653030743183,0.9429076600895872,0.020198228663407064
181,0.8024336473558691,0.7393664777866936,0.016064257028112428,0.8636363636363635,0.0,0.975609756097561,0.8408816811386253,0.0,0.35570433649752486,0.8333333333333334,0.8888888888888888,0.9860627177700348,0.1,0.008018175346328897,0.004827997198650719,1.2045653088671935,0.018913925424660652,0.003390726607665693,0.4074316031754599,0.022964512023493866
182,0.15924506634449642,0.1536278269480829,0.016064257028112428,0.9090909090909092,0.001644736842105263,0.9965156794425087,0.9682527284427228,1.0,0.808388441808591,0.8333333333333334,0.8888888888888888,1.0,1.0,0.009446817972106671,0.0012727568067003824,0.8030079652523484,0.014210553973978992,0.01358565508873526,0.5777646929190597,0.03890251225231037
183,0.10169317970170677,0.08842359725885329,0.0,0.8863636363636364,0.0016313213703099511,0.9926470588235294,0.829987075795451,0.0,0.48166567338610367,0.5,0.3333333333333333,0.9926470588235294,0.7,0.009182821063748976,0.13928014311447184,0.5268728240159463,0.020696370099202825,0.009336679730183291,0.27101292265875615,0.03173657914524711
184,0.028282077119305082,0.021862365221082758,0.0035087719298245723,0.8636363636363635,0.0013063357282821686,0.9982758620689656,0.929485922361315,1.0,0.6162463940800066,0.3333333333333333,0.3333333333333333,0.9948275862068966,0.4,0.0069477640272268895,0.0011231067853107565,0.9777725652826087,0.015835680891116255,0.006315501510255064,0.73142789263098,0.024864513429710165
185,0.030205512277961533,0.0246571856366829,0.0035087719298245723,0.8409090909090908,0.0,0.9551724137931035,0.8513695142092422,0.0,0.0,0.3333333333333333,0.3333333333333333,0.9637931034482758,0.0,0.00794012509887992,0.006283427309082119,1.0715086086633567,0.013738146916329295,0.0027250653030743183,0.9429076600895872,0.020198228663407064
186,0.18303891267830807,0.17758314511434325,0.0035087719298245723,0.8636363636363635,0.008491182233834096,0.996551724137931,0.8872334704985047,0.0,0.4668072725160639,0.3333333333333333,0.3333333333333333,1.0,0.9,0.006012989789561848,0.004088771173782226,0.9817199444526256,0.012893289820835364,0.01324098149441979,1.5026514094364636,0.025565162473969106
187,0.9924583066819194,0.9831753368933649,0.0,0.8636363636363636,0.000683526999316473,0.9969135802469136,0.867370518359845,0.5,0.40556023985439327,0.5,0.3333333333333333,1.0,0.6,0.0085690278859476,0.5995307018779199,0.9874562796651659,0.01921190019202298,0.0049422515594981595,1.486014197055732,0.016534866563561325
188,0.9924572921269502,0.9830950949416524,0.0,0.8409090909090908,0.0,0.9969135802469136,0.9042425122502421,0.0,0.09868469832840188,0.5,0.3333333333333333,0.9984567901234568,0.1,0.006465854470068727,0.0055135979283902825,0.8958724229158229,0.015947529352888505,0.002835351516919756,0.7145404814558326,0.03346526530621383
189,0.10238547626625383,0.09259994564726598,0.0,0.8181818181818181,0.0,0.9891975308641975,0.7883040603384703,0.0,0.29411549767399225,0.8333333333333334,0.5555555555555556,0.9938271604938271,0.2,0.006400373644683982,0.03695092455431539,0.7102516540560605,0.015616506382250886,0.017105410661816832,0.8687118033498822,0.014842061371262058
190,0.4273618810988251,0.4216748376715732,0.016064257028112428,0.8863636363636365,0.001644736842105263,0.9895470383275261,0.9042245167657015,0.6666666666666666,0.49837942260824475,0.8333333333333334,0.8888888888888888,1.0,0.4,0.009446817972106671,0.0014678979736813646,0.765780100204623,0.014198136810512805,0.01189070232904148,1.3578089658428578,0.04331393268257651
191,0.09037920142011369,0.08478759805763364,0.016064257028112428,0.8636363636363635,0.0,0.9686411149825784,0.8697689961698503,0.0,0.106869661981432,0.8333333333333334,0.8888888888888888,0.975609756097561,0.1,0.01067304553352431,0.001725858042291396,0.5439995682855886,0.015875350885854976,0.003139503894352245,0.44164424766634364,0.031737271435586266
192,0.03004380364188175,0.02382814066999639,0.0035087719298245723,0.8863636363636364,0.001959503592423253,0.9896551724137931,0.8904365857897425,0.0,0.209218737617337,0.3333333333333333,0.3333333333333333,0.9913793103448276,0.3,0.0069477640272268895,0.0011189847731107934,0.9910004651499495,0.01583881906868275,0.0036645477495460895,0.845335427847768,0.035154772238776374
193,0.5911041654346914,0.5856092888983042,0.0035087719298245723,0.8863636363636364,0.001959503592423253,0.9982758620689656,0.9129892572947806,0.75,0.6670690935220813,0.3333333333333333,0.3333333333333333,0.9982758620689656,0.6,0.006012989789561848,0.003828739956138732,1.0248788457884703,3.053644137106268,0.007122978266439912,1.0342593362331254,4.156373714746463
194,0.09027982235352916,0.08468818265245726,0.016064257028112428,0.8409090909090908,0.0,0.9825783972125436,0.7218244229969262,0.0,0.3742695121414714,0.8333333333333334,0.8888888888888888,1.0,0.3,0.009446817972106671,0.0012632737073798484,0.5411912823859484,0.014197733860629653,0.004497857365960808,0.8468681777029259,0.026055419983678413
195,0.10250213106299189,0.0927159938496217,0.0,0.8863636363636364,0.0,0.9984567901234568,0.856600050889853,1.0,0.5006321736886433,0.8333333333333334,0.5555555555555556,1.0,0.5,0.008021021958170425,0.004352180266601264,0.7528342891684355,0.013567754164311911,0.02066417678744623,0.8564293230684954,0.0376210248956501
196,0.033203387369475146,0.026284876630709886,0.0035087719298245723,0.9090909090909091,0.005225342913128674,0.9982758620689656,0.9433915580952074,0.5,0.5435317436186837,0.3333333333333333,0.3333333333333333,0.996551724137931,0.6,0.009065171089592159,0.00158305040255357,0.921541734667895,0.009917003344727142,0.005529041167035026,1.0867477480902799,0.0303096044726524
197,0.18376604585957212,0.17819249522078157,0.0,0.8863636363636365,0.0005482456140350877,0.9965156794425087,0.9168037507492486,1.0,0.6963806063610185,1.0,0.6666666666666666,1.0,0.8,0.009446817972106671,0.0013485569334841308,0.6834269495445505,0.01419899455030206,0.0073593704482513705,0.9259326048791996,0.040545408588356785
198,0.1023655466082748,0.09258011824516449,0.0,0.8636363636363636,0.0,0.9830246913580247,0.9115234048903023,0.0,0.24417152111393647,0.5,0.3333333333333333,0.9737654320987654,0.0,0.007301920426342251,0.0053185316517897225,0.5033252311817772,0.012345674392292637,0.002441632590308032,0.3817034506656024,0.043676935590948984
199,0.09805492203244959,0.08633965310584885,0.0,0.8409090909090908,0.0027188689505165853,0.9963235294117647,0.9157033690415047,1.0,0.6836792985225157,0.5,0.3333333333333333,1.0,0.9,0.009157281635124956,0.11435982122988143,0.6107675179239093,0.01839773617256794,0.07962863831657228,0.5538038000174588,0.031464755131557644
200,0.0908642356707603,0.0852721370679041,0.016064257028112428,0.8636363636363635,0.0,0.9825783972125436,0.8479356136729648,0.0,0.3684678350768532,0.8333333333333334,0.8888888888888888,0.9965156794425087,0.2,0.009387135606255415,0.0062078627194798825,0.6189820611567189,0.018315131228280233,0.00574563850727882,1.012969153625583,0.04778617619464826
201,0.9924579801926942,0.9831537659380403,0.0,0.8636363636363635,0.0,0.9953703703703703,0.7479865054033523,0.0,0.41498172813343437,0.8333333333333334,0.5555555555555556,0.9984567901234568,0.5,0.01005185004591202,0.007378221192535887,0.8787101680404934,0.012347900724398184,0.0999470341659368,2.944194574049023,3.808208409891638
202,0.10236624334234468,0.09258081140545171,0.0,0.8409090909090908,0.0,0.9768518518518519,0.9320286568289977,0.0,0.04017834250983576,0.5,0.3333333333333333,0.9737654320987654,0.0,0.008364085868530517,0.014489451869311346,0.6803714655539818,0.015114402361015676,0.0017782873547979355,0.7273591020693053,0.018131423562095912
203,0.09707678915366336,0.0855421067466774,0.0,0.9090909090909091,0.0,0.904320987654321,0.839255986478127,0.0,0.026946021677358045,0.5,0.3333333333333333,0.7438271604938271,0.0,0.088177113482339,0.2227247313869806,0.5248087170628352,0.01990198253487454,0.04212514146755863,0.28523728295747885,0.03606737873916117
204,0.9924403349524032,0.9831533527704702,0.0,0.8636363636363635,0.002734107997265892,0.9984567901234568,0.9426312105782632,0.5,0.6342644192416027,0.5,0.3333333333333333,0.9969135802469136,0.5,0.006400373644683982,0.027735569955369355,0.8864813066808062,0.01561650638473554,0.0022492327539784525,1.1778753419707109,0.02225806837422792
205,0.09030667104262513,0.08471478915306796,0.0,0.8181818181818181,0.0,0.9930313588850174,0.9195005750271243,0.0,0.3524922157028856,1.0,0.6666666666666666,0.9930313588850174,0.8,0.009430017680903978,0.0012076991976794208,0.5314482299840263,0.016027687619300745,0.014113318878431796,1.0221110218056766,0.016852770784884327
206,0.27253727267571604,0.2621350897287879,0.0,0.8409090909090908,0.000683526999316473,0.9984567901234568,0.9240678756130758,1.0,0.6159893866556323,0.5,0.3333333333333333,1.0,0.4,0.007301920426342251,0.005594278832635679,0.8596673169221816,0.01450818172507044,0.004023170165539559,1.7003751345845122,3.650533047057252
207,0.10238349684171755,0.09259797612060477,0.0,0.8863636363636364,0.001367053998632946,0.9814814814814815,0.8786971860207773,0.25,0.22715959084687565,0.5,0.3333333333333333,0.9876543209876543,0.0,0.006465854470068727,0.00429791452275755,0.7346366182479015,0.015838585007200156,0.003708148642265908,0.3736650043558287,0.04434064045673909
208,0.32310052590045346,0.3175723426399537,0.016064257028112428,0.8863636363636365,0.0021929824561403508,0.9860627177700348,0.8823213682858942,0.6666666666666666,0.4224845685368428,0.8333333333333334,0.8888888888888888,0.9965156794425087,0.5,0.011825840321396181,0.001736055815391303,0.634472939190792,0.01587714313337319,0.009379580711222848,1.0210109312876408,0.04150206292267173
209,0.09998328428478442,0.09438543222694168,0.016064257028112428,0.8863636363636364,0.0005482456140350877,0.9895470383275261,0.9155486771287151,0.25,0.0,0.8333333333333334,0.8888888888888888,0.9930313588850174,0.5,0.01067304553352431,0.0017803280365111663,0.7424721414282394,0.015875350885855427,0.0032443260200498377,0.9324047774884819,0.04279726787862491
210,0.09998328428478442,0.09438543222694168,0.016064257028112428,0.8863636363636364,0.0027412280701754384,0.9895470383275261,0.9155486771287151,0.0,0.0,0.8333333333333334,0.8888888888888888,0.9930313588850174,0.5,0.009430017680903978,0.0021570335162939703,0.7428522495225721,0.016027687604189933,0.0033286526661566907,0.9086674500855213,0.01861032025335903
211,0.10236554762398808,0.09258011925564774,0.0,0.8863636363636364,0.0,0.9737654320987654,0.8933100774753261,0.0,0.2032042390932467,0.5,0.3333333333333333,0.9814814814814815,0.0,0.008364085868530517,0.009159910141850545,0.6407616296303009,0.015114402361015676,0.001911144189008151,0.29710021838151257,0.019023159626870824
212,0.7862225706420669,0.7217204221291568,0.016064257028112428,0.8409090909090908,0.0,0.9895470383275261,0.847355842277277,0.0,0.47206798521659055,0.8333333333333334,0.8888888888888888,0.9965156794425087,0.4,0.009387135606255415,0.0062078627194798825,1.2121010361184983,0.018315131255292924,0.00457516921972509,0.5740377584319382,0.062382192684307086
213,0.02651529700347588,0.020962793473249086,0.0035087719298245723,0.8636363636363635,0.001959503592423253,0.9827586206896551,0.864970668320624,0.0,0.21996754595479207,0.3333333333333333,0.3333333333333333,0.9827586206896551,0.1,0.009065171089592159,0.0017524735312278957,1.0182981660244694,0.009917003294890493,0.003949515537494312,0.6814782663683576,0.020990287834240572
214,0.6572751999435016,0.5840931127203162,0.016064257028112428,0.9090909090909091,0.004934210526315789,0.9965156794425087,0.8855526237199912,0.5,0.5086927398558417,0.8333333333333334,0.8888888888888888,1.0,0.8,0.01067304553352431,0.0015631702243063,1.1889974180735297,3.999962369297693,0.005122545585477293,1.2791845165804,3.3889726997448677
215,0.10898438568166335,0.0989581431837181,0.016064257028112428,0.8863636363636364,0.0,0.9930313588850174,0.9570722886479894,0.0,0.3863703249108227,0.8333333333333334,0.8888888888888888,0.9965156794425087,0.8,0.009446817972106671,0.0012971557319707548,1.0261656420052012,0.014197736308096455,0.003976748004944893,0.8263718195975853,0.01357725412315497
216,0.8260349819800661,0.8201724641983124,0.0,0.9090909090909092,0.001644736842105263,0.9930313588850174,0.9084324887929859,0.5,0.49616846226031863,1.0,0.6666666666666666,1.0,0.8,0.015274281124529653,0.20124265177381026,0.9196760794103842,0.02362636204066999,0.009528058008936899,1.3661467766454711,0.04649175199479579
217,0.12636065953708298,0.12077381392696546,0.016064257028112428,0.9090909090909092,0.0,0.9860627177700348,0.8602218842819704,0.0,0.3895529699495678,0.8333333333333334,0.8888888888888888,0.9965156794425087,0.5,0.01067304553352431,0.002820993709778581,0.880899705912021,4.1283691773343865,0.004089758105089394,0.7376315670829792,0.03361003073329614
218,0.8364702474972747,0.8308942556179754,0.0035087719298245723,0.8181818181818181,0.002612671456564337,0.9982758620689656,0.9179696224448887,1.0,0.7104551499150518,0.3333333333333333,0.3333333333333333,1.0,0.8,0.009065171089592159,0.0017366660407033292,1.12857460563752,0.009917007341421242,0.012244512659474523,0.9563035987294466,3.4131268825091405
219,0.20081533488347203,0.15894160308102662,0.016064257028112428,0.8636363636363636,0.0,0.9825783972125436,0.7286066006331549,0.0,0.2492675767154462,0.8333333333333334,0.8888888888888888,0.9965156794425087,0.5,0.014201623528629283,0.0851941512870811,1.1599646183691754,0.01831514657744636,0.006309070575206671,1.2704512899028968,0.02952692359477361
220,0.02871503937613573,0.02248484718758137,0.0035087719298245723,0.8863636363636364,0.0,0.9741379310344828,0.8375193991132841,0.0,0.15197763401215558,0.3333333333333333,0.3333333333333333,0.9862068965517241,0.0,0.006012989789561848,0.003560356909232396,0.907826993489369,0.012835790355845327,0.0024291593644044755,0.5924169192498151,0.027497496636853493
221,0.1988334935228484,0.19338205571293693,0.0035087719298245723,0.8409090909090908,0.0,0.9982758620689656,0.8476281877097064,1.0,0.5113853700672226,0.3333333333333333,0.3333333333333333,0.9982758620689656,0.3,0.006012989789561848,0.004400213688099433,0.9515292710956536,0.013296579735289797,0.0028011313299867203,0.6794464811623141,4.11570907987463
222,0.03602636845146512,0.0265999654896642,0.0035087719298245723,0.8636363636363635,0.0006531678641410843,0.9913793103448276,0.8917491665927985,0.3333333333333333,0.32836822348696126,0.3333333333333333,0.3333333333333333,0.9948275862068966,0.1,0.009065171089592159,0.0016745201202650235,1.0473234520184889,0.009917003294869636,0.00510728783978149,1.0970833320067634,0.026303653059471434
223,0.09140877091323496,0.08581654924141541,0.0,0.8636363636363635,0.0,0.9965156794425087,0.8370575670216244,1.0,0.5224105229726264,1.0,0.6666666666666666,1.0,0.8,0.009541051765515802,0.005868594291299921,0.7994509215588849,0.018315131224766107,0.04907996208567766,1.227804339300437,0.05250271578672774
224,0.40794098917336696,0.4023064611380093,0.016064257028112428,0.9318181818181819,0.0027412280701754384,0.9965156794425087,0.8942953317980228,1.0,0.5803433932938336,0.8333333333333334,0.8888888888888888,1.0,0.8,0.009387135606255415,0.03605781942304466,0.9684539098044483,0.018315138037561334,0.007835682134244215,0.9221820828160617,0.04336836535132029
225,0.12412960912221516,0.11423742789216579,0.0,0.8636363636363635,0.001367053998632946,0.9799382716049383,0.9405458929105445,0.0,0.026179251787360247,0.5,0.3333333333333333,0.9768518518518519,0.0,0.008364085868530517,0.010064086468683271,0.8688794610316057,0.015114589277546308,0.0017782873547979355,0.6400545547536377,0.01725284964725056
226,0.1024077528492423,0.09262210093688455,0.0,0.9090909090909091,0.000683526999316473,0.9984567901234568,0.8794449790423475,1.0,0.5753747859924263,0.8333333333333334,0.5555555555555556,1.0,0.7,0.006400373644683982,0.026876981097339384,0.628158944131608,0.015616506382250886,0.014557469909781634,1.1546783178798896,0.022496479731021965
227,0.20976466756096523,0.16431653716898598,0.016064257028112428,0.8636363636363635,0.0,0.9895470383275261,0.9023607706989727,0.0,0.37516381876045257,0.8333333333333334,0.8888888888888888,0.9895470383275261,0.5,0.009446817972106671,0.0012799410454763978,1.1285968452690127,0.014197733862589063,0.003104494686655976,0.2843770221254761,0.04949716493909914
228,0.0903853697235607,0.08479376971506297,0.016064257028112428,0.8863636363636364,0.001644736842105263,0.9895470383275261,0.8981627767369849,0.25,0.42410732819889185,0.8333333333333334,0.8888888888888888,0.9895470383275261,0.5,0.009430017680903978,0.0014235988427870397,0.6939659705425166,0.016027687604147967,0.006368725367759741,0.5179719943722496,0.07680263953754131
229,0.02618519914723494,0.02063231196650389,0.0035087719298245723,0.8409090909090908,0.0,0.9982758620689656,0.8353552370046275,1.0,0.5443575284731592,0.3333333333333333,0.3333333333333333,1.0,0.7,0.006012989789561848,0.004367684360614883,0.9264100407107023,0.012835592198044343,0.006948081490380785,1.1317523789627981,0.021030724995745747
230,0.10236554661086539,0.09258011824773626,0.96875,0.8863636363636364,0.0,0.9953703703703703,0.6999656579047109,0.0,0.47474588127020834,0.8333333333333334,0.6666666666666666,1.0,0.3,0.10894253155962479,0.03435059922140767,0.6329149674279199,0.013567754162501723,0.006589373478565666,0.4764948606503883,0.03687992992411678
231,0.12591754350301776,0.12010044954844312,0.0035087719298245723,0.8863636363636364,0.0013063357282821686,0.9982758620689656,0.9312608354463774,1.0,0.5580995828499797,0.3333333333333333,0.3333333333333333,0.9913793103448276,0.4,0.009065171089592159,0.0032054503654813105,0.9179632298112947,0.00993222768173891,0.015672074309910283,0.9759897131931742,0.01991794228547445
232,0.9311205846357703,0.9255349706207934,0.016064257028112428,0.9090909090909092,0.0005482456140350877,0.9965156794425087,0.8693928744718104,1.0,0.5896260776635541,0.8333333333333334,1.0,1.0,0.8,0.07891699489207553,0.2754259436797365,1.0250265076299399,5.481667105664368,0.13861439623828553,1.2745979031010455,0.038721084241534046
233,0.094087298003665,0.08849600959175202,0.016064257028112428,0.8636363636363636,0.0005482456140350877,0.9965156794425087,0.9000205142679731,1.0,0.6795921404767904,0.8333333333333334,0.7777777777777778,1.0,0.6,2.3355214903419754,1.0018737869158725,0.6284666908008456,0.6896616717795364,0.06675255378482989,2.1075191097419252,3.588757984542169
234,0.026291510331246215,0.02073874683144722,0.0035087719298245723,0.8636363636363635,0.0,0.9896551724137931,0.8365888412267386,0.0,0.36424877122898336,0.3333333333333333,0.3333333333333333,0.996551724137931,0.4,0.0069477640272268895,0.0011387780154142498,0.9110131285640842,0.015835680899778864,0.010708534126326432,0.3161169930472034,0.030766896647143837
235,0.19992413783552077,0.15840329088919353,0.016064257028112428,0.8636363636363635,0.0005482456140350877,0.9965156794425087,0.8725392293303245,1.0,0.5062394353162609,0.8333333333333334,0.8888888888888888,1.0,0.9,0.01067304553352431,0.0017486024904582985,0.9358784447480739,0.015875353695039923,0.007035864857587129,1.270976178709235,0.032220966710998736
236,0.2800415837268272,0.2744984255124385,0.016064257028112428,0.8863636363636365,0.003289473684210526,0.9895470383275261,0.8631270432070774,0.0,0.35166587060120547,0.8333333333333334,0.8888888888888888,0.9895470383275261,0.6,0.009863224512919929,0.0035558257858806677,0.7526631122304187,3.460154129160251,0.006368725367759741,0.8520021287944557,3.6692983162596438
237,0.09027108109826787,0.08467940323880985,0.016064257028112428,0.8409090909090908,0.0,0.9895470383275261,0.7812543902356575,0.0,0.39136061692680935,0.8333333333333334,0.8888888888888888,0.9965156794425087,0.3,0.009430017680903978,0.0018649005066147452,0.5626269934184944,0.016027687606422564,0.004397932330083256,0.503786811149913,0.013459106714207114
238,0.15750534450451426,0.13198769429360685,0.016064257028112428,0.9090909090909091,0.0010964912280701754,0.9930313588850174,0.9334120844567091,0.5,0.11160171501988869,0.8333333333333334,0.8888888888888888,0.9860627177700348,0.5,0.008018175346328897,0.005003153631496231,0.7463176435647044,0.018913448489574738,0.0050548040116968965,0.6867817340082578,0.030995655801934086
239,0.09287940781753712,0.0867609587090058,0.016064257028112428,0.8636363636363635,0.0021929824561403508,0.9930313588850174,0.8725871579816346,0.3333333333333333,0.4385130956890947,0.8333333333333334,0.8888888888888888,0.9930313588850174,0.7,0.009446817972106671,0.001285267546101872,0.6692335489883772,0.014197733860629653,0.0062367534520802025,1.1051376731621279,3.2830352570117043
240,0.09048496191416211,0.08489321380865716,0.016064257028112428,0.8863636363636364,0.0027412280701754384,0.9965156794425087,0.9082759501729277,1.0,0.6056778276341882,0.8333333333333334,0.8888888888888888,1.0,0.8,0.009430017680903978,0.0017175731010625238,0.7195231319304057,0.016027687604147967,0.009690099742497937,0.7639659320930989,0.034047018422765425
241,0.23699570682378768,0.23143817359416186,0.016064257028112428,0.8409090909090909,0.0,0.9825783972125436,0.7607063759856559,0.0,0.31047453041323414,0.8333333333333334,0.8888888888888888,0.9965156794425087,0.5,0.05081702762056002,0.17109204981326648,0.8125733856306679,0.09754142121204268,0.03095049754560465,1.1686781046424166,0.03412055531226072
242,0.7424767387039124,0.7369296844532554,0.0035087719298245723,0.8636363636363635,0.0,0.993103448275862,0.8557921500351741,0.3333333333333333,0.4179198825063889,0.3333333333333333,0.3333333333333333,0.9948275862068966,0.3,0.006012989789561848,0.0038549121530999353,1.0589692159719177,0.013089989526532501,0.007521677109871252,1.7366572675692795,3.9741745885426374
243,0.13719092738165817,0.13158911125628364,0.0,0.8863636363636365,0.0010964912280701754,0.9930313588850174,0.9126606568219091,0.5,0.42787284008558635,1.0,0.6666666666666666,0.9965156794425087,0.7,0.015923027760705654,0.008384292576422583,0.7838392508234288,0.01832488840525611,0.008485501804138002,2.060650877689976,0.046704100505655384
244,0.6250975286376026,0.6144971325139803,0.0035087719298245723,0.8636363636363635,0.005225342913128674,0.9982758620689656,0.9530710453360499,0.5,0.5259826715269815,0.3333333333333333,0.3333333333333333,0.9913793103448276,0.6,0.006012989789561848,0.003311278295731784,0.9487486239586973,0.01283559227321467,0.002972010760266488,1.0171102279469724,0.03820378122445932
245,0.09029171559348037,0.08469694775142372,0.016064257028112428,0.8636363636363635,0.001644736842105263,0.9895470383275261,0.8558063812163577,0.6666666666666666,0.3617343091337155,0.8333333333333334,0.8888888888888888,0.9895470383275261,0.5,0.008018175346328897,0.004783605680125354,0.5235948296951142,0.018913345127183297,0.003855964219397489,0.7889030339411952,0.018884302924265302
246,0.10192543002740428,0.0885572868064719,0.0,0.8863636363636364,0.000543773790103317,0.9669117647058824,0.8327982816223696,0.3333333333333333,0.16946267876588594,0.5,0.3333333333333333,0.9669117647058824,0.1,0.009157281635124956,0.016593097041857668,0.5448450484487178,0.018395013321609945,0.004991465308977241,0.508676408986453,0.03234713789011636
247,0.12648983684245185,0.12090301437894135,0.016064257028112428,0.9090909090909092,0.0,0.9930313588850174,0.8359700019152894,0.0,0.4864015501926343,0.8333333333333334,0.8888888888888888,1.0,0.4,0.011177177482344343,0.0037176147986606443,0.9350835315482453,0.02114046010272132,0.0103858188468705,0.758296014120241,0.027854411459551802
248,0.10768762815870925,0.0980088625533807,0.016064257028112428,0.8636363636363635,0.0,0.9930313588850174,0.8154387351761733,0.0,0.36548498468110857,0.8333333333333334,0.8888888888888888,0.9965156794425087,0.6,0.01067304553352431,0.0015984547326332475,0.7358424262504961,0.015880018021917904,0.0035515685474642625,0.23702338556247915,3.481816212167419
249,0.21542732210690851,0.20978556937003112,0.016064257028112428,0.9090909090909092,0.001644736842105263,0.9965156794425087,0.9285928042956919,0.5,0.5096135578535806,0.8333333333333334,0.8888888888888888,0.9965156794425087,0.7,0.01067304553352431,0.0016145596434822163,0.8584621366216447,0.015875460773997836,0.005091584038742204,1.1287661909649052,3.566222508205055
250,0.1674034813394909,0.16180557676553597,0.0035087719298245723,0.8636363636363635,0.0,0.993103448275862,0.8912604676698043,0.0,0.1849357156329895,0.3333333333333333,0.3333333333333333,0.9948275862068966,0.3,0.009065171089592159,0.0015875501945940727,1.0167399741488248,0.01156505844558646,0.008986280014762045,0.8581035204793148,0.031993524087398924
251,0.028598431314644235,0.022047173425021493,0.0035087719298245723,0.8863636363636364,0.002612671456564337,0.9982758620689656,0.9770770376350105,0.6666666666666666,0.7409568367932766,0.3333333333333333,0.3333333333333333,0.9948275862068966,0.6,0.009065171089592159,0.0015949141534699197,0.8863125390118959,0.009917003294865152,0.01688994482752382,0.7859133741033687,0.031373515142658515
252,0.02641175418067354,0.020859130358536093,0.0035087719298245723,0.8409090909090908,0.0,0.993103448275862,0.7879276432661693,0.0,0.32552082361234913,0.3333333333333333,0.3333333333333333,0.9982758620689656,0.4,0.00794012509887992,0.006283427309082119,1.0026600518576096,0.013738050769865342,0.004301381051942799,0.5378724598183228,0.02098352334444512
253,0.026106350467392958,0.020553370025560236,0.0035087719298245723,0.7954545454545454,0.0006531678641410843,0.9982758620689656,0.8562519425287779,1.0,0.642079143147374,0.3333333333333333,0.3333333333333333,1.0,0.9,0.0069477640272268895,0.0010951670285171268,1.0255369430806829,0.015835680891109826,0.008601702974082956,0.7107964015036995,3.4654806298420415
254,0.3383170349631007,0.26281969007445927,0.0,0.8636363636363636,0.0021929824561403508,0.9930313588850174,0.8711226488094567,0.0,0.3989566685944531,1.0,0.6666666666666666,1.0,0.8,0.016574706784798127,0.009669023168987734,1.307735793062798,2.3503288878262207,0.016017274282521785,2.4177823725341265,0.03443385077451179
255,0.09028409825148742,0.08469035835360172,0.016064257028112428,0.9090909090909091,0.0,0.9895470383275261,0.8565489467601365,0.0,0.3682536714810818,0.8333333333333334,0.8888888888888888,1.0,0.4,0.009446817972106671,0.0013273801534931092,0.5929121929450681,0.014197733860629653,0.004796307295134449,0.6515256412026099,0.0440314793061844
256,0.7688107339747875,0.7632549207361498,0.0035087719298245723,0.8636363636363635,0.0,0.9982758620689656,0.8309093914297527,1.0,0.5484302983021814,0.3333333333333333,0.3333333333333333,1.0,0.5,0.00794012509887992,0.0062577181923293085,1.2033616726211342,0.013741905855563561,0.006009791271143148,1.3416065287082113,3.2959675338193457
257,0.026736073856132192,0.021183825050121452,0.0035087719298245723,0.8863636363636364,0.001959503592423253,0.996551724137931,0.9432217621550004,0.6666666666666666,0.19185612565022025,0.3333333333333333,0.3333333333333333,0.993103448275862,0.7,0.00794012509887992,0.006250471885655809,0.9965660874584626,0.013738050769861964,0.0044890760426203515,0.7590365501723052,0.0218763630119224
258,0.9924592787249881,0.982999278447291,0.0,0.8409090909090908,0.002050580997949419,0.9984567901234568,0.8754763355781726,1.0,0.6796156708238243,0.5,0.3333333333333333,1.0,0.8,0.007301920426342251,0.0053194148042887916,0.7792206942804843,0.012345674392292637,0.11308143204366386,1.0948834243089682,0.04547833448047427
259,0.05799510285626075,0.052473291043459935,0.0035087719298245723,0.8636363636363635,0.0006531678641410843,0.9982758620689656,0.876403012231745,1.0,0.667897365069,0.3333333333333333,0.3333333333333333,1.0,0.7,0.009065171089592159,0.0015632549200742505,1.0855376683193663,0.009917254383860496,0.009517244709547274,1.4588006665509867,0.029430951522230603
260,0.10243577037009632,0.09264997755757154,0.0,0.8863636363636364,0.0,0.9891975308641975,0.8313300464565079,0.0,0.35286706335164086,0.5,0.3333333333333333,0.9922839506172839,0.3,0.006400373644683982,0.06668710761857363,0.7249795950678388,0.015616506382250886,0.00213600658487599,0.7857111526020173,0.02065701285858664
261,0.647499408511942,0.6419853734419914,0.0035087719298245723,0.8636363636363635,0.001959503592423253,0.9982758620689656,0.9698004265110042,0.6666666666666666,0.8448721798957448,0.3333333333333333,0.3333333333333333,0.9982758620689656,1.0,0.00794012509887992,0.006221638523504172,1.1315830623096832,0.01721056186812605,0.007061135031083836,1.8794913132615494,0.03512510923978241
262,0.11159989683810723,0.1061144805280162,0.0035087719298245723,0.8636363636363635,0.0006531678641410843,0.9982758620689656,0.9096522620926448,1.0,0.6540975602232961,0.3333333333333333,0.3333333333333333,0.9982758620689656,0.6,0.00794012509887992,0.006257723738980255,1.0382484160343015,0.013738052395125915,0.003833883663760187,0.6794252482758931,0.03154335137264448
263,0.09348666486623869,0.08789532287375196,0.016064257028112428,0.8863636363636365,0.0027412280701754384,0.9930313588850174,0.937233418963965,0.4,0.3555724896374556,0.8333333333333334,0.8888888888888888,0.9651567944250871,0.2,0.009387135606255415,0.006145626544881786,0.6335326067709665,0.0183151312242454,0.0039057619749803298,0.41050081183411535,0.04170318104414453
264,0.10073656670291031,0.08787372855055386,0.0,0.8181818181818181,0.0,0.9963235294117647,0.7915758153262636,1.0,0.546928696475301,0.5,0.3333333333333333,1.0,0.9,0.009182821063748976,0.3732206523356546,0.6497384835909769,0.020697681500492383,0.004426022527475599,0.6336626179571335,2.662943666679072
265,0.7124537105051039,0.6424191857186654,0.016064257028112428,0.9090909090909091,0.0010964912280701754,0.9965156794425087,0.9777487535857635,0.5,0.797406620680304,0.8333333333333334,0.8888888888888888,1.0,0.9,0.008018175346328897,0.005337845087058052,1.1906731772306465,0.028871020986961003,0.01669831121757308,1.5462060409568783,3.39898802495255
266,0.09916646312063737,0.08697413263874143,0.0,0.8636363636363635,0.0,0.9926470588235294,0.8511132257341862,0.5,0.2858862059645888,0.5,0.3333333333333333,0.9963235294117647,0.7,0.009157281635124956,0.14126880096916933,0.6699299839491393,0.02179874261667298,0.0034453888606920248,0.7648320863186505,0.033559033340232386
267,0.9980460255334295,0.9538883762952137,0.0,0.8409090909090908,0.0,0.9963235294117647,0.8680735405736465,1.0,0.6618648048960618,0.5,0.3333333333333333,1.0,0.9,0.008436805871674172,0.056057639841960875,0.5870473254667093,0.018839479408201767,0.013881197119927944,0.34568076943711995,3.2569291286410995
268,0.02639198607646298,0.0208393398107658,0.0035087719298245723,0.8409090909090908,0.0,0.9982758620689656,0.8864724714845384,1.0,0.5745892393649417,0.3333333333333333,0.3333333333333333,1.0,0.8,0.0069477640272268895,0.001152436923833814,0.9540710111309781,0.015835681219445216,0.0029619143078091336,0.7058510801324357,0.03387290512283486
269,0.09027355523451941,0.08468190946028564,0.0,0.7954545454545454,0.0,0.9790940766550522,0.7776787607712002,0.0,0.425943761493614,1.0,0.6666666666666666,0.9965156794425087,0.2,0.009573680368936471,0.004524671285948768,0.5542244779740421,0.016027687604148192,0.0060405788049600504,0.34071449220468797,0.01019407833956854
270,0.09430118255615472,0.08869808190998046,0.016064257028112428,0.8863636363636364,0.003837719298245614,0.9895470383275261,0.9660355804566907,0.0,0.2554643769559185,0.8333333333333334,0.8888888888888888,0.9930313588850174,0.5,0.009446817972106671,0.0012998353886874967,0.6187782572802623,0.01419773386071535,0.00389247724221729,1.1771515904875793,0.041546884188546455
271,0.9924587835665165,0.9831555449520584,0.0,0.8636363636363635,0.0,0.9984567901234568,0.8158704768979097,1.0,0.5518335678573179,0.5,0.3333333333333333,1.0,0.8,0.006465854470068727,0.006829778203972168,0.7555759654743959,0.015838585007200156,0.032329334234794824,1.1829418439866881,0.04278456544961184
272,0.09034670240522458,0.08475509972529843,0.0,0.8409090909090908,0.0010964912280701754,0.9965156794425087,0.9411575078707988,0.5,0.5767094488361422,1.0,0.6666666666666666,0.9930313588850174,0.5,0.008018175346328897,0.006057665179936538,0.6318112865522226,0.01891342837100353,0.0052016859567213195,0.3555585028534443,3.485937858360174
273,0.0903247774996293,0.08472273314939327,0.016064257028112428,0.8636363636363635,0.0010964912280701754,0.9965156794425087,0.9818461854819736,0.5,0.787802052111485,0.8333333333333334,0.8888888888888888,0.9930313588850174,0.1,0.009430017680903978,0.0013749491951501787,0.6127328964205723,0.016027687604148643,0.0037851648772150794,0.4919925080947206,0.0815802639058867
274,0.8055180888909288,0.7995184073037986,0.016064257028112428,0.9090909090909092,0.0021929824561403508,0.9965156794425087,0.9649313365644911,0.75,0.58160097011536,0.8333333333333334,0.8888888888888888,0.9965156794425087,0.8,0.008018175346328897,0.025851074280787992,0.7785873375753437,0.019615367547883598,0.007685133344807469,1.178324790722228,0.022287782230297187
275,0.0911436285063183,0.08555208919545176,0.016064257028112428,0.8863636363636365,0.003837719298245614,0.9965156794425087,0.8309950897327227,1.0,0.5778932660732525,0.8333333333333334,0.8888888888888888,1.0,0.8,0.009387135606255415,0.006164968105944774,0.6388338948645912,0.018326048473164797,0.005938120625464608,0.3206576609224536,0.04386295704877065
276,0.9103373590244787,0.8599962844331085,0.016064257028112428,0.9090909090909091,0.003837719298245614,0.9930313588850174,0.8998312313053065,0.0,0.43953946016451084,0.8333333333333334,0.8888888888888888,0.9965156794425087,0.7,0.009446817972106671,0.0019337719665508857,0.7742675092287437,0.014197733862872841,0.0065278857672479125,0.823177598822329,0.03663694957750754
277,0.10786274315066113,0.09199663562815646,0.0,0.8409090909090908,0.000543773790103317,0.9963235294117647,0.9561002889873892,1.0,0.874052598688771,0.5,0.3333333333333333,1.0,1.0,0.007749040793032158,0.10308980193282799,0.595221208541447,0.019055615799686315,0.04006729852102973,0.7155372017413048,11.019935268758708
278,0.09082935227390787,0.08512803694184046,0.0,0.7954545454545454,0.0,0.9790940766550522,0.7576993628115363,0.0,0.44948814041088825,1.0,0.6666666666666666,1.0,0.4,0.009446817972106671,0.0009344050826197002,0.7177722825788531,0.014197733860629766,0.004570289603939457,0.3606940892509476,0.012599790152027831
279,0.9670668531442238,0.9190087495969854,0.016064257028112428,0.9090909090909092,0.0043859649122807015,0.9965156794425087,0.9312692699463486,1.0,0.5574201760942494,0.8333333333333334,0.8888888888888888,1.0,0.7,0.012153905238929891,0.0023700115837719158,0.8205398421704275,0.016028256365852964,0.02398129801438438,1.1506399641001421,0.017397777322481434
280,0.09823138056996583,0.08644023769369563,0.0,0.8863636363636364,0.002175095160413268,0.9963235294117647,0.8969265053549413,1.0,0.6313506836094671,0.5,0.3333333333333333,1.0,0.6,0.009157281635124956,0.042530185596978624,0.6258484576196665,0.01839501332134024,0.0052499171235015915,0.5774518991851963,0.034668401314330126
281,0.09092670160846372,0.08520615363256456,0.016064257028112428,0.8636363636363635,0.0,0.9930313588850174,0.8555334605957521,0.0,0.3446244055962505,0.8333333333333334,0.8888888888888888,0.9965156794425087,0.2,0.009541051765515802,0.005649080170288231,0.5614836647659164,0.018359015992987397,0.004260720252897857,0.19408863811727617,0.020471320447725087
282,0.3796126597783037,0.302730603064635,0.016064257028112428,0.9090909090909092,0.0010964912280701754,0.9930313588850174,0.9303215547954269,0.5,0.416658811988012,0.8333333333333334,0.8888888888888888,1.0,0.6,0.027177414788949576,0.023021198527972592,1.1887641364429018,0.01602835717059565,0.005597239852216087,1.1007145758230465,0.013855014761055249
283,0.09030824321489217,0.08471239642832423,0.016064257028112428,0.8863636363636364,0.0,0.9686411149825784,0.8656564172135999,0.0,0.0,0.8333333333333334,0.8888888888888888,0.9790940766550522,0.2,0.009387135606255415,0.0056730387920676684,0.5897834601814552,0.018315131224181287,0.003376651003833341,0.709670176988374,0.015625748014171353
284,0.09027392994624628,0.08468178051904629,0.016064257028112428,0.8409090909090908,0.0,0.9930313588850174,0.8704844788113103,0.3333333333333333,0.48451072519875826,0.8333333333333334,0.8888888888888888,0.9895470383275261,0.2,0.009446817972106671,0.0026946836870641666,0.5692120541675714,0.014197733860629653,0.003663704113864903,0.4152398777701821,0.008906137281594994
285,0.09251352927166767,0.08691971958096911,0.016064257028112428,0.8636363636363635,0.0,0.9930313588850174,0.8650741252385996,0.0,0.4485796001177812,0.8333333333333334,0.8888888888888888,0.9965156794425087,0.8,0.013305410516303729,0.001957178341432866,0.5719395997534802,0.016027687606307604,0.0036159778238796904,1.4184457430335773,3.744534674295798
286,0.1023757546166918,0.09259027374215356,0.0,0.8863636363636364,0.000683526999316473,0.9907407407407407,0.9250276415805048,0.0,0.1992563086604806,0.5,0.3333333333333333,0.9907407407407407,0.4,0.006400373644683982,0.03051610145801582,0.7591816237780301,0.015616506382250886,0.0019393125413605362,0.499343706971949,0.023691495272256495
287,0.09758103328774381,0.09199008057257746,0.016064257028112428,0.8863636363636365,0.003837719298245614,0.9965156794425087,0.9384111313699462,1.0,0.5615504939275524,0.8333333333333334,0.8888888888888888,1.0,0.7,0.009387135606255415,0.006164968105944774,0.746377586272007,5.149484983669976,0.00396868258976513,0.3346900054689008,3.4876273015074264
288,0.09186746837976567,0.08627522859045406,0.016064257028112428,0.8636363636363635,0.0005482456140350877,0.9965156794425087,0.915212924677049,1.0,0.6317079780317297,0.8333333333333334,0.8888888888888888,1.0,0.8,0.009446817972106671,0.001571800267244496,0.7423229756887114,0.014197734478972263,0.011571626924946564,0.7757476080860335,0.033401156651305296
289,0.09030269990534545,0.0847047460316453,0.0,0.8409090909090908,0.0,0.9860627177700348,0.8268828115585729,0.0,0.04206307806848497,1.0,0.6666666666666666,0.9965156794425087,0.3,0.009446817972106671,0.0013521078166086977,0.6029788266357115,0.014197733860629766,0.0034017953472759706,0.19937485360595972,0.021428233470943074
290,0.09030663807724648,0.08471503290733501,0.016064257028112428,0.8409090909090908,0.0,0.9860627177700348,0.8724391457957693,0.0,0.3969023666913386,0.8333333333333334,0.8888888888888888,0.9930313588850174,0.3,0.01067304553352431,0.0017247373585936592,0.520290202687087,0.01587535088586366,0.004078290680378971,0.47014462623477365,0.03495835524921384
291,0.09044919831339271,0.08485680641851695,0.016064257028112428,0.8636363636363635,0.0005482456140350877,0.9825783972125436,0.9052439084421339,0.0,0.16717189627191442,0.8333333333333334,0.8888888888888888,0.9930313588850174,0.4,0.009446817972106671,0.0018079640873320106,0.5698250883507313,0.014197733860629766,0.0035172036865614236,0.6826394048242204,0.008812007137988144
292,0.09962039123427435,0.08723382225351173,0.0,0.8409090909090908,0.0016313213703099511,0.9963235294117647,0.9815725254708358,1.0,0.9050567364052764,0.5,0.3333333333333333,1.0,0.8,0.007749040793032158,0.08388388852023346,0.618646930657979,0.019094144614791426,0.006402732538696372,0.4798413077553034,3.1954869903213154
293,0.09237736801342111,0.08677759133319451,0.016064257028112428,0.8863636363636364,0.0021929824561403508,0.9965156794425087,0.9344589163647329,1.0,0.5710153590593419,0.8333333333333334,0.8888888888888888,1.0,0.8,0.009430017680903978,0.0018276023083514657,0.5958899895008708,0.016027687604153268,0.003456691559488679,0.9169875598056263,0.014926379290576703
294,0.09191342818577819,0.08632195159965722,0.016064257028112428,0.8863636363636364,0.001644736842105263,0.9895470383275261,0.9243494947799422,0.0,0.009071000013330055,0.8333333333333334,0.8888888888888888,0.9930313588850174,0.5,0.009430017680903978,0.0013643903420393168,0.5668015631255497,0.016027689630603914,0.003487879567728619,0.6707291359810781,0.016018088599128785
295,0.10332903469695176,0.09353866819313139,0.0,0.8409090909090908,0.000683526999316473,0.9953703703703703,0.9033638599075116,0.3333333333333333,0.28712091945135054,0.5,0.3333333333333333,0.9845679012345679,0.1,0.007301920426342251,0.005615825324158756,0.8267071770641339,0.012345677122677578,0.006233572048620389,0.6024310083951631,0.05039095588018178
296,0.09027302957143701,0.08468096333401354,0.016064257028112428,0.8181818181818181,0.0010964912280701754,0.9930313588850174,0.9066988826297147,1.0,0.0,0.8333333333333334,0.8888888888888888,0.9965156794425087,0.7,0.013453788627436907,0.001983193296189316,0.5832397490477073,0.015875350885909908,0.008810596056241213,0.3891674297950437,0.06002340666706527
297,0.0905246829083377,0.08493309463775961,0.016064257028112428,0.8863636363636364,0.0,0.9895470383275261,0.9071449282898204,0.0,0.0966107959707061,0.8333333333333334,0.8888888888888888,0.9825783972125436,0.8,0.009387135606255415,0.005664661526395644,0.7250447343755834,0.018315131224391264,0.003969078003697545,0.24500043038662045,0.041032434695755855
298,0.17550378279188694,0.17004569187116536,0.0035087719298245723,0.8636363636363635,0.002612671456564337,0.9982758620689656,0.8875048929978314,0.6666666666666666,0.5633782211675332,0.3333333333333333,0.3333333333333333,0.9982758620689656,0.7,0.006012989789561848,0.003317361516540357,1.1412197160795279,0.012849621942399215,0.004283349590179183,1.5554902392406456,4.023456212128051
299,0.674375960167358,0.6687480521750931,0.016064257028112428,0.8863636363636365,0.0,0.9930313588850174,0.9394400506292038,0.0,0.49539722132466335,0.8333333333333334,1.0,1.0,0.9,0.30713167070284325,0.2802234818675204,0.8392942016485196,0.22628870056489406,0.051356893138326955,0.8716310412706497,3.6640903401811604
300,0.1445410729775667,0.1390715496739272,0.0035087719298245723,0.8636363636363635,0.0006531678641410843,0.996551724137931,0.8366744188547387,0.0,0.45581242878567285,0.3333333333333333,0.3333333333333333,0.9982758620689656,0.5,0.0069477640272268895,0.0011454953500607658,0.9913326419529578,0.015838918925168647,0.006753966214501881,0.6196133237067076,0.03876500752269376
301,0.13282245009555904,0.12723680691120576,0.016064257028112428,0.8863636363636365,0.0005482456140350877,0.9895470383275261,0.8898096013991381,0.0,0.4294255886754258,0.8333333333333334,0.8888888888888888,0.9895470383275261,0.2,0.009863224512919929,0.013165206207359354,0.7119522626863073,0.016036311075726842,0.003512990015496042,0.6369516596323674,0.015485710792471023
302,0.9759999955220673,0.9333615149868517,0.016064257028112428,0.8636363636363636,0.0010964912280701754,0.9965156794425087,0.8956174084654029,0.6666666666666666,0.5304324096122135,0.8333333333333334,0.8888888888888888,0.9860627177700348,0.3,0.05684757679715569,0.5892692878398454,1.2086665529010454,0.015875792676801524,0.07177674862024927,0.6733455877360651,0.0873788658884918
303,0.9899268656305599,0.9400634755482311,0.0,0.8409090909090908,0.0,0.9963235294117647,0.8643549969140308,1.0,0.567436542793231,0.5,0.3333333333333333,1.0,0.9,0.008436805871674172,0.1264079308908337,0.6195625876618929,0.018839467825801533,0.007051950214805716,0.4117118768323679,0.03932768290918666
304,0.09738196807869581,0.09027243370695981,0.016064257028112428,0.8181818181818181,0.0,0.9930313588850174,0.8934370798947012,0.0,0.411231318081659,0.8333333333333334,0.8888888888888888,1.0,0.5,0.009573680368936471,0.003347030439567529,0.8026002656485347,0.01602768760422073,0.006283959618657541,0.41727700953814,0.08638798353317359
305,0.03816804659366457,0.032628102033058826,0.0035087719298245723,0.8863636363636364,0.0013063357282821686,0.9982758620689656,0.9679505227547817,0.25,0.7579077314076166,0.3333333333333333,0.3333333333333333,0.993103448275862,0.2,0.009065171089592159,0.0017351816075418837,1.0737104171311518,0.009917003295991149,0.00527882606103099,0.7937185613381746,0.027219853911212906
306,0.1023655466082748,0.09258011824516443,0.0,0.9090909090909091,0.000683526999316473,0.9861111111111112,0.9041600537469026,0.0,0.20267302918213226,0.5,0.3333333333333333,0.9768518518518519,0.1,0.008767707238410076,0.4342881766542804,0.49241670510385493,0.015114402361015676,0.004100549541916724,0.337570799663696,0.024133297630853288
307,0.46073402307608746,0.45516669414634736,0.0,0.8863636363636365,0.0021929824561403508,0.9930313588850174,0.9137984644248616,0.3333333333333333,0.4380047806216203,1.0,0.6666666666666666,0.9965156794425087,0.7,0.2846482433468359,0.18630842975597026,0.8578138072459726,0.016097960791722644,0.5628651540903247,1.485874969453754,3.7113232929284865
308,0.47202290024106497,0.394039018105259,0.0,0.8636363636363636,0.0005482456140350877,0.9965156794425087,0.9266840086813897,0.5,0.5231795461416273,1.0,0.6666666666666666,0.9930313588850174,0.7,0.010204643801414788,0.03037319590010889,1.2595635967897951,0.014210119026610705,0.010591364965782708,1.553365484067855,0.05549852204002402
309,0.09136571618189149,0.08577419475551434,0.016064257028112428,0.8863636363636365,0.0005482456140350877,0.9930313588850174,0.833694594743149,0.0,0.49952566937333576,0.8333333333333334,0.8888888888888888,0.9965156794425087,0.5,0.008018175346328897,0.006301861491282013,0.6802221237545167,0.01891345997805534,0.00602633804430432,0.19646446564385942,0.01859974615397011
310,0.09027302957143701,0.08468096333401354,0.016064257028112428,0.8181818181818181,0.0,0.9930313588850174,0.9066988826297147,1.0,0.0,0.8333333333333334,0.8888888888888888,0.9965156794425087,0.7,0.013453788627436907,0.001983193296189316,0.5832397490477073,0.015875350885909908,0.008810596056241213,0.3891674297950437,0.06002340666706527
311,0.0992358750813157,0.08701382154867304,0.0,0.8409090909090908,0.0,0.9926470588235294,0.9466256100198401,0.3333333333333333,0.39515451613995556,0.5,0.3333333333333333,0.9154411764705882,0.3,0.007749040793032158,0.0558045911755524,0.576768706873391,0.018686070614780687,0.0024277766606382997,0.4732029783895809,0.033743549657794004
312,0.09027935249655616,0.0846860534698275,0.016064257028112428,0.8181818181818181,0.0005482456140350877,0.9895470383275261,0.9271859150159971,0.3333333333333333,0.4648820138330402,0.8333333333333334,0.8888888888888888,0.9895470383275261,0.2,0.008018175346328897,0.004426770503612059,0.612996630876339,0.018913345127458795,0.0030017992130096567,0.38954563308589385,0.026032104926911197
313,0.09028288184095767,0.08469127463418585,0.016064257028112428,0.8409090909090908,0.0,0.9790940766550522,0.8145553620713493,0.0,0.34748379699855736,0.8333333333333334,0.8888888888888888,0.9930313588850174,0.3,0.010098107728773911,0.001421494922129742,0.669974296144723,0.016027687604148078,0.00461275829440412,0.15351821855493028,0.009154031900391527
314,0.09047404139129778,0.08484305210056636,0.016064257028112428,0.8636363636363635,0.0005482456140350877,0.9790940766550522,0.8745068905700343,0.25,0.43670308081181197,0.8333333333333334,0.8888888888888888,0.9930313588850174,0.4,0.011824860098699607,0.001785355025485687,0.7067786855710864,0.015889418721721033,0.003869440709990952,0.8981088513828454,0.07546053245884092
315,0.09115760455211197,0.08556606636158853,0.016064257028112428,0.9090909090909092,0.0,0.9965156794425087,0.9024408732671394,0.5,0.5694964356131362,0.8333333333333334,0.8888888888888888,0.9930313588850174,0.4,0.009387135606255415,0.006152239382072646,0.7153316790008257,0.01831513122417122,0.006396283656363069,0.2089497020693694,3.4792846630121583
316,0.5832247694760206,0.5777739906370015,0.016064257028112428,0.8863636363636365,0.0,0.9616724738675958,0.8366175127630908,0.0,0.16676401625757153,0.8333333333333334,1.0,0.9790940766550522,0.0,6.572318357283787,10.073121520153128,0.7789890766619192,0.8933536101178976,0.5176738402378467,0.5407455074596599,0.019467447084742986
317,0.8953654889144278,0.8898822304836573,0.016064257028112428,0.9090909090909092,0.0,0.9860627177700348,0.7765313609235724,0.0,0.18514853397377717,0.8333333333333334,0.8888888888888888,0.9930313588850174,0.4,0.009387135606255415,0.03591714517578974,0.686850939824155,0.018316941902705088,0.006568424094024225,0.9162403265840141,0.04515027492765489
318,0.0907429425525823,0.0851513714075911,0.016064257028112428,0.8863636363636365,0.0,0.9895470383275261,0.8384817784909133,0.0,0.2879434883234544,0.8333333333333334,0.8888888888888888,0.9965156794425087,0.3,0.009430017680903978,0.0034761818662984883,0.6530404832435417,0.016027687604147967,0.00535023073740514,0.3711846264734882,0.023110655667688763
319,0.7823112206998796,0.7174752031929492,0.0,0.8863636363636365,0.0,0.9721254355400697,0.9029055094489529,0.0,0.16619158778239662,0.8333333333333334,0.5555555555555556,0.9860627177700348,0.2,0.7001551080600587,0.6422687036999319,1.2535801941586464,5.2267503484542654,0.03623643014009035,1.1970418070203142,0.0584146705958461
320,0.06865256348607518,0.06313926314468904,0.0035087719298245723,0.8409090909090908,0.0006531678641410843,0.9982758620689656,0.9520606247185359,0.3333333333333333,0.5489761054656632,0.3333333333333333,0.3333333333333333,0.996551724137931,0.6,0.0069477640272268895,0.0011312172186223888,1.0224446958442854,0.01583568237511137,0.005173405069500626,1.262477166477894,0.0388742027458925
321,0.38251066254902677,0.3768693799480146,0.016064257028112428,0.9090909090909092,0.005482456140350877,0.9930313588850174,0.8746768184715064,0.6666666666666666,0.43880919461633316,0.8333333333333334,0.8888888888888888,0.9965156794425087,0.8,0.008018175346328897,0.004879659050482426,0.7342439906054211,0.018962432462268874,0.004984273513195738,1.8964908288923652,0.021130474061034278
322,0.6774192034640436,0.6719799619014805,0.016064257028112428,0.8863636363636365,0.0,0.9825783972125436,0.7390075214748397,0.0,0.1562239066802692,0.8333333333333334,0.8888888888888888,0.9930313588850174,0.3,0.011013722088694314,0.0016097170063821599,0.6995416272064817,0.015875979071175838,0.005239397140251271,1.1756443533393686,0.02984103027135774
323,0.12059162989246364,0.09946715697245412,0.0,0.8863636363636364,0.000543773790103317,0.9852941176470589,0.8830788975699047,0.0,0.44508091101038816,0.5,0.3333333333333333,0.9301470588235294,0.1,0.009157281635124956,0.013128690534374486,0.5471862470869836,0.018395013321311746,0.007094293408854302,0.5084313556004512,0.03162670672782095
324,0.09091659762007454,0.085324022002217,0.016064257028112428,0.8636363636363635,0.0,0.9860627177700348,0.8794949494680454,0.0,0.4428057942003669,0.8333333333333334,0.8888888888888888,0.9930313588850174,0.4,0.009446817972106671,0.0014563640189064336,0.6122686411297712,0.014197733860734267,0.004786029988469571,0.6064479268831806,0.0394574663667376
325,0.029755254144106735,0.02347659920165851,0.0035087719298245723,0.8636363636363635,0.0006531678641410843,0.9948275862068966,0.965072750138469,0.3333333333333333,0.15305822820645676,0.3333333333333333,0.3333333333333333,0.9879310344827587,0.7,0.00794012509887992,0.006221638523504172,0.9650692390508403,0.013738050771814846,0.003255787381952976,0.7219465752903391,0.029199773253695858
326,0.11965787983844889,0.11406988600474971,0.016064257028112428,0.8636363636363636,0.0005482456140350877,0.9965156794425087,0.8988905559033024,0.6666666666666666,0.5464434563106746,0.8333333333333334,0.8888888888888888,0.9965156794425087,0.4,0.009430017680903978,0.0020855801470037703,0.7729500070546036,1.948268233986512,0.005938440812274233,0.6633884604016496,0.01556741436559188
327,0.27030848635202986,0.1993948429323425,0.016064257028112428,0.8863636363636364,0.0,0.9860627177700348,0.8986814535350336,0.0,0.26041628996204735,0.8333333333333334,0.8888888888888888,0.9930313588850174,0.5,0.009387135606255415,0.005642897443290488,1.0502658479498361,0.05903866104309124,0.00839072008263799,0.6032129630515796,0.06629369808808598
328,0.29380258919558844,0.2883637962683119,0.0035087719298245723,0.8863636363636364,0.0006531678641410843,0.9982758620689656,0.8530762491543955,0.5,0.5759712722030518,0.3333333333333333,0.3333333333333333,0.9982758620689656,0.8,0.00794012509887992,0.006209052832907488,0.9838653694585321,0.013738052625934992,0.00832492507524877,1.170802261065248,3.687895703520416
329,0.159458229228581,0.1538783969984434,0.016064257028112428,0.8863636363636365,0.0,0.9965156794425087,0.8284586430863358,1.0,0.5754890386328713,0.8333333333333334,0.8888888888888888,1.0,0.7,0.009738948900723094,0.001475187357636252,0.7566488311602912,0.014203751582231403,0.023968113682643444,1.302899336674638,3.468879936618607
330,0.9928938995595102,0.9479085551158528,0.0,0.9318181818181819,0.03007518796992481,0.9969135802469136,0.9320978076092413,0.5,0.47299002295885706,0.8333333333333334,0.5555555555555556,0.9938271604938271,0.9,0.027082675118497587,0.2082079748481377,0.9542998086093873,1.1025675042295506,0.5122848725581594,2.637370401792861,0.48486105986653394
331,0.0978050684999976,0.08619732530946428,0.0,0.8409090909090908,0.0,0.9522058823529411,0.813232083782659,0.0,0.10806511766725713,0.5,0.3333333333333333,0.9779411764705882,0.0,0.009182821063748976,0.1392970278603975,0.543134160841507,0.020694765233728315,0.002511215863831457,0.4251771622733032,0.028727903920716176
332,0.973020098844963,0.9300324184467,0.0,0.8863636363636365,0.011513157894736841,0.9965156794425087,0.9367557064020607,0.6666666666666666,0.5521229485945042,0.8333333333333334,0.5555555555555556,0.9930313588850174,0.8,0.28909261406888753,0.7960844565348192,1.235718598975104,5.750690262363067,0.9732900620503728,1.4715497419698913,3.4022468943886506
333,0.09332396134194865,0.08772285756092807,0.016064257028112428,0.8409090909090908,0.0027412280701754384,0.9965156794425087,0.9244363357504856,0.5,0.5702697807242976,0.8333333333333334,0.8888888888888888,0.9965156794425087,0.7,0.009387135606255415,0.006188356718427816,0.5635576607386147,0.018315131297739252,0.012545023531865443,1.5449085440138468,0.04927768624748237
334,0.10893572875477764,0.0989224675868639,0.016064257028112428,0.8409090909090908,0.0,0.9930313588850174,0.8974084243999285,0.0,0.3392091925752261,0.8333333333333334,0.8888888888888888,0.9965156794425087,0.8,0.008018175346328897,0.006001488379429816,1.2443570714901095,0.018932021173173903,0.01265807454863143,0.47451619065376055,3.519236351965354
335,0.6826827502738029,0.6771564151065181,0.0035087719298245723,0.8181818181818181,0.0006531678641410843,0.9982758620689656,0.890775455791016,1.0,0.5906053091247425,0.3333333333333333,0.3333333333333333,1.0,0.7,0.0076640081651896865,0.002106726206030202,0.9826512499741042,0.01344726221275802,0.009728290971037097,0.8262312830133592,0.019363964977169443
336,0.09867092881823647,0.08669102040554066,0.0,0.8409090909090908,0.0,0.9926470588235294,0.8314443562148033,0.0,0.251495662438022,0.5,0.3333333333333333,0.9963235294117647,0.4,0.008436805871674172,0.09873343256568023,0.6535384487503916,0.018839478927597682,0.002913501843891969,0.6923193639451779,0.03979170090710419
337,0.0907417588345818,0.08515018755304271,0.016064257028112428,0.8636363636363635,0.0,0.9895470383275261,0.8734472758793173,0.0,0.15198233627194557,0.8333333333333334,0.8888888888888888,0.9965156794425087,0.4,0.009430017680903978,0.001759643029209224,0.5780571539614474,0.016027687604153944,0.0033282412638259095,0.8046480440443938,0.01454521393206383
338,0.0907529338591695,0.08506679561653402,0.0,0.8636363636363635,0.0,0.9895470383275261,0.8473544215510731,0.0,0.3873820470903232,1.0,0.6666666666666666,1.0,0.7,0.009387135606255415,0.005805902547892623,0.6213627142025409,0.018335751922580766,0.008949612340269458,0.5792451835063164,3.459513058611796
339,0.49315403834598603,0.48768842188204287,0.0035087719298245723,0.8181818181818181,0.0013063357282821686,0.9982758620689656,0.8699256997436826,1.0,0.5388124173257537,0.3333333333333333,0.3333333333333333,1.0,0.8,0.00794012509887992,0.006151291349098861,0.9602342334905166,0.01373805076988504,0.02485829871598182,0.8668575353110981,0.029117030295362663
340,0.14012490375055187,0.11105297740330511,0.0,0.8409090909090908,0.0,0.9816176470588235,0.827836396338072,0.0,0.47331495800346557,0.5,0.3333333333333333,0.9742647058823529,0.1,0.008436805871674172,0.05981659034136015,0.5859710108737294,0.018846650645486726,0.0029850951611795303,0.7525043719131758,0.03523570791833278
341,0.09039598008212502,0.08480438109798949,0.016064257028112428,0.8863636363636364,0.0005482456140350877,0.9895470383275261,0.8755242297180518,0.0,0.35954483658067504,0.8333333333333334,0.8888888888888888,0.9965156794425087,0.3,0.009446817972106671,0.0013313745363329051,0.5990136876392352,0.014197733860737983,0.0033250104213486983,0.35369770909753084,0.04326873443544589
342,0.09428531906912196,0.08786766223384895,0.016064257028112428,0.8636363636363635,0.0005482456140350877,0.9790940766550522,0.8018435521215048,0.3333333333333333,0.37558426788603116,0.8333333333333334,0.8888888888888888,0.9930313588850174,0.3,0.009446817972106671,0.0011778044213882136,1.1483931695512284,0.014197733860699922,0.003552174918575583,0.25401325984343937,0.026537600883480474
343,0.10236555345182907,0.09258012505349345,0.0,0.9090909090909091,0.000683526999316473,0.9922839506172839,0.9190814104230784,0.3333333333333333,0.3540006557366988,0.8333333333333334,0.5555555555555556,0.9537037037037037,0.1,0.007301920426342251,0.0055434598294109875,0.7185553978329028,0.012345674392292637,0.006200872053826992,0.6346753063255823,0.052079661063672816
344,0.0919040082596867,0.08631253089863505,0.016064257028112428,0.8863636363636365,0.0005482456140350877,0.9930313588850174,0.9696771190252585,0.6666666666666666,0.3723204809753379,0.8333333333333334,0.8888888888888888,0.9965156794425087,0.6,0.009387135606255415,0.03592135673176005,0.6577854125514233,0.018315142133513616,0.006900757177766634,0.20516119263752478,0.04504447681363272
345,0.9982878046277206,0.947961129009723,0.0,0.9090909090909091,0.0,0.9969135802469136,0.8551007060021989,1.0,0.6352255648164467,0.5,0.3333333333333333,0.9969135802469136,1.0,1.7580531630374396,2.672217201787181,0.6995007529660847,7.6427240445502145,3.035596434877499,0.610563741761054,0.7964128546779221
346,0.7868725409708525,0.7224263376541781,0.016064257028112428,0.8636363636363636,0.0,0.9930313588850174,0.852647024948377,0.0,0.4250121036547635,0.8333333333333334,0.8888888888888888,0.9930313588850174,0.5,0.060969326351273806,0.18845517929543384,1.2514855260663416,0.022572846159501517,0.019749124939637902,1.0078497764251864,0.03766950554815558
347,0.09343614506387221,0.08720035997063091,0.016064257028112428,0.9090909090909091,0.0005482456140350877,0.9930313588850174,0.8568798989395748,0.5,0.45051648740052064,0.8333333333333334,0.8888888888888888,0.9965156794425087,0.4,0.01067304553352431,0.0016027250673527752,0.772004502712681,0.015875354886193335,0.005024080050487927,0.44680508375762573,0.06936354149547472
348,0.8567419126121859,0.8466801946736264,0.0035087719298245723,0.8863636363636365,0.005878510777269758,0.996551724137931,0.9806580809725737,0.3333333333333333,0.35154751290642416,0.3333333333333333,0.4444444444444444,0.9948275862068966,0.7,0.964334114029614,0.7248668834046708,0.9383534574106859,3.2010346035655606,0.4538010284789214,0.9306273773301083,0.028827880517449264
349,0.14375080287742914,0.1381375773151901,0.0,0.8636363636363636,0.0005482456140350877,0.9930313588850174,0.9373481260937229,0.3333333333333333,0.4127869721423517,1.0,0.6666666666666666,0.9930313588850174,0.8,0.009446817972106671,0.0029631363284069387,0.7361166743847541,0.014256424839978878,0.012073710147026125,1.1732928078479787,0.0407060591394218
350,0.10260745748477851,0.09282078737120703,0.0,0.8863636363636364,0.002734107997265892,0.9938271604938271,0.9813698217877002,0.3333333333333333,0.1884113471875487,0.5,0.3333333333333333,0.9799382716049383,0.3,0.006400373644683982,0.028386093740921062,0.8041805891506263,0.015616506382251111,0.0022725978910411527,0.6364744088191997,0.024714528243097392
351,0.09061649128141003,0.08502491021561231,0.0,0.8409090909090909,0.0,0.9930313588850174,0.8489399701485253,0.0,0.4424667694441272,1.0,0.6666666666666666,1.0,0.6,0.008018175346328897,0.03330685189334427,0.573152946413959,0.01891337317014287,0.00490561168835379,0.55134057986132,0.017768711339088028
352,0.09028100179493159,0.0846893944917958,0.016064257028112428,0.8636363636363635,0.0005482456140350877,0.9895470383275261,0.8806414109038627,0.5,0.4195591325459965,0.8333333333333334,0.8888888888888888,1.0,0.6,0.01067304553352431,0.0032825338632266757,0.5947462878204782,0.01587535088609061,0.009091815664103579,0.27928394264377127,0.04182371628542882
353,0.09032574661812975,0.08472319367296666,0.0,0.8181818181818181,0.0043859649122807015,0.9965156794425087,0.8995320948828622,0.5,0.6255488544491681,1.0,0.6666666666666666,0.9965156794425087,1.0,0.015763236509965087,0.0030025916086772577,0.5718001672579412,0.015875350885879453,0.004476820152361155,0.34093699524983423,3.564884203513716
354,0.0910066857054529,0.08527034924638133,0.016064257028112428,0.8863636363636364,0.0021929824561403508,0.9965156794425087,0.9086851547061072,1.0,0.5250035714095395,0.8333333333333334,0.8888888888888888,1.0,0.6,0.012619648926022553,0.006742041971829239,0.8864728194413609,0.018318428863125503,0.005054260002038583,1.3850146970039208,0.018733325626157364
355,0.09139092418295935,0.08579940479660736,0.0,0.8409090909090909,0.0005482456140350877,0.9930313588850174,0.8833819263830869,0.5,0.46027920492804497,1.0,0.6666666666666666,0.9965156794425087,0.5,0.00964074849231215,0.006847156291627038,0.696813362504521,0.016027687658059946,0.004829993254185431,0.6017059859635647,0.01611773109566478
356,0.15356704711889402,0.14810118342869605,0.0035087719298245723,0.8409090909090908,0.001959503592423253,0.996551724137931,0.9239881074469135,0.6666666666666666,0.48784664145779844,0.3333333333333333,0.3333333333333333,1.0,0.9,0.0069477640272268895,0.0011387920508922139,0.9832468570475339,0.015836018141896602,0.00849592076116379,0.9868715956041368,0.034918257940603915
357,0.09874875614267287,0.08673545846764674,0.0,0.8409090909090908,0.0,0.9963235294117647,0.8805701939981506,1.0,0.5817964823645922,0.5,0.3333333333333333,1.0,0.9,0.009277898413462549,0.005904511943611038,0.6140288769978164,0.020898024654431618,0.005545824211547475,0.5718677600913418,0.03242313954850203
358,0.20336028141744011,0.16047595246259438,0.016064257028112428,0.8636363636363635,0.0,0.9790940766550522,0.8545637600544936,0.0,0.3804531672978808,0.8333333333333334,0.8888888888888888,0.9860627177700348,0.2,0.009387135606255415,0.007588245347215584,1.2172560869069045,0.018503364637435165,0.0046678472318546545,1.1333537861654808,0.05176417870800969
359,0.10270316336939866,0.09291600430179076,0.0,0.7954545454545454,0.0,0.9969135802469136,0.7255263641746965,0.0,0.42501488729698,0.5,0.3333333333333333,1.0,0.6,0.007301920426342251,0.0055524508765963125,0.637074527276873,0.012345674392294436,0.0073696953511722,0.7811349485597061,0.04027995236365231
360,0.09027126056296464,0.08467962106794824,0.016064257028112428,0.8636363636363635,0.0005482456140350877,0.9965156794425087,0.9001180016999837,1.0,0.5882343446010428,0.8333333333333334,0.8888888888888888,1.0,0.5,0.01067304553352431,0.0018439119475194205,0.8338844914605064,0.015875371021347503,0.022949709241536068,0.92948120675662,0.04038307577827309
361,0.09028520217408331,0.08469349347918864,0.016064257028112428,0.8636363636363635,0.0,0.975609756097561,0.89848686810331,0.0,0.048426491228675816,0.8333333333333334,0.8888888888888888,0.9825783972125436,0.2,0.008018175346328897,0.004553983023679732,0.5299806570753826,0.01891334515276031,0.0028642518418114486,0.34448719461286864,0.01324559980750752
362,0.10240449568636023,0.09261886755822035,0.0,0.8181818181818181,0.000683526999316473,0.9984567901234568,0.9387311455017249,0.5,0.5342912357829813,0.5,0.3333333333333333,0.9891975308641975,0.2,0.006465854470068727,0.006660572440613628,0.6816460972916071,0.015838585007200156,0.004293850969797211,0.5085222552269427,0.03999320073414288
363,0.026354827033817863,0.020802137141218868,0.0035087719298245723,0.8863636363636364,0.0006531678641410843,0.996551724137931,0.9198887322148058,0.3333333333333333,0.41849575685630114,0.3333333333333333,0.3333333333333333,0.996551724137931,0.6,0.006012989789561848,0.0040828878584946784,0.9083702111168174,0.01283580671728416,0.0041297219585542605,0.7926335563714446,0.024034732271455292
364,0.29655928580911683,0.29102183120843106,0.016064257028112428,0.8636363636363636,0.0021929824561403508,0.9965156794425087,0.977203563663228,1.0,0.8807772434608226,0.8333333333333334,1.0,0.9965156794425087,0.7,0.011290142324113354,0.05992031329702168,0.7290446901222583,0.05099789190484379,0.05853904945700122,0.9065757608918918,3.5259437440500023
365,0.03431236277578131,0.02846667833693106,0.0035087719298245723,0.8636363636363635,0.0006531678641410843,0.9982758620689656,0.9936218640461002,0.3333333333333333,0.9278487167234735,0.3333333333333333,0.3333333333333333,0.9896551724137931,0.2,0.00794012509887992,0.006290711701643339,1.0905433880049262,0.023798914149028415,0.0033621150599642273,0.9502179984791569,2.9957848592947536
366,0.09678909220413989,0.0911980598973351,0.016064257028112428,0.9090909090909092,0.0010964912280701754,0.9965156794425087,0.9294786106229782,0.5,0.5258425985633237,0.8333333333333334,0.8888888888888888,0.9895470383275261,0.4,0.009430017680903978,0.0013634195991716642,0.7168643746405985,0.016027687604153042,0.006097279490639758,0.618413913873731,0.014052416445026179
367,0.03652341200454834,0.027172079305426533,0.0035087719298245723,0.8181818181818181,0.0,0.993103448275862,0.870603730899953,0.0,0.3423588736742019,0.3333333333333333,0.3333333333333333,0.996551724137931,0.2,0.0076640081651896865,0.0010558097220509082,1.0527743097424362,0.01344709872503099,0.003868903791107405,1.0223381379154532,0.024181795169134695
368,0.03318293959413998,0.027637839392467167,0.0035087719298245723,0.7954545454545454,0.0,0.9982758620689656,0.8409794150525047,1.0,0.5697778305637895,0.3333333333333333,0.3333333333333333,1.0,0.9,0.009065171089592159,0.0017386534577380989,1.0374125539946604,0.00991703123522839,0.008552735461925592,0.7147072597612273,0.029365043231876983
369,0.277420499442825,0.26713136700832646,0.0035087719298245723,0.8409090909090908,0.009144350097975179,0.9982758620689656,0.9641623046021593,0.6666666666666666,0.6376181899252212,0.3333333333333333,0.3333333333333333,1.0,0.8,0.00794012509887992,0.006290717277446932,0.9695745430797678,0.013741852837737012,0.0039966359483844804,0.9301398127395117,0.03385095447134313
370,0.03332239524790548,0.02777744331480747,0.0035087719298245723,0.8636363636363635,0.001959503592423253,0.9982758620689656,0.9139279588588698,1.0,0.6082302390012406,0.3333333333333333,0.3333333333333333,1.0,0.9,0.006012989789561848,0.00383952419976788,0.9758687371489728,0.01283559234109759,0.03493585845916445,1.687785827572337,0.03161546521997464
371,0.9778199910293978,0.9353873978540147,0.0,0.8863636363636365,0.0,0.975609756097561,0.8832289291860095,0.0,0.34136432553475016,0.8333333333333334,0.5555555555555556,0.9860627177700348,0.2,0.014776484388834325,0.01452364058986565,1.1631214970144634,0.014213490690255395,0.006758517306809878,0.6635668851803225,0.07511124031425671
372,0.02992643417676888,0.023944863536028704,0.0035087719298245723,0.8409090909090908,0.0006531678641410843,0.9982758620689656,0.8954316482856997,1.0,0.6294177207612426,0.3333333333333333,0.3333333333333333,1.0,0.5,0.006012989789561848,0.003562857344464662,0.9606950928140352,0.012844951504877793,0.009806370919868872,0.6696592137836371,0.02367161619083184
373,0.09029196757590885,0.084700358323122,0.0,0.8636363636363635,0.0,0.9860627177700348,0.8242233320874925,0.0,0.04175731373841596,1.0,0.6666666666666666,0.9965156794425087,0.3,0.009387135606255415,0.005864136842523326,0.6432183843570773,0.018315131224573428,0.0038299020200529966,0.28455159703271365,0.02850837503899637
374,0.10225179693440756,0.09666135391150499,0.0,0.8409090909090909,0.0027412280701754384,0.9965156794425087,0.9455817507746609,1.0,0.7086946953743463,1.0,0.6666666666666666,1.0,0.9,0.008018175346328897,0.006005433393460379,0.7348773524033343,0.019150771110647117,0.011036697072295583,0.9634255087711513,3.7699186545267143
375,0.09351711267327123,0.08792240322197925,0.016064257028112428,0.8636363636363635,0.001644736842105263,0.9965156794425087,0.9760421542932811,0.5,0.7524739139764381,0.8333333333333334,0.8888888888888888,0.9930313588850174,0.8,0.009387135606255415,0.00565564144109042,0.6551452388523409,0.01831513122421736,0.020359697556294312,0.703815633154947,0.05122500695462838
376,0.07776366177316718,0.0682247316844738,0.0035087719298245723,0.8181818181818181,0.0,0.9862068965517241,0.863525920180603,0.0,0.27393542036891394,0.3333333333333333,0.3333333333333333,0.993103448275862,0.2,0.0069477640272268895,0.001113994579454433,1.0366451017680742,0.015835680891007974,0.003696496073759497,0.8431549635587873,0.028626402083843927
377,0.36842997023165514,0.3629176374427391,0.016064257028112428,0.9090909090909092,0.0,0.9930313588850174,0.8743882514429095,0.3333333333333333,0.48009705951640214,0.8333333333333334,0.8888888888888888,0.9930313588850174,0.6,0.011013722088694314,0.001731766715576494,0.7999140084904166,0.015877830550033112,0.07993005463354742,0.877396514683571,3.7154941972855546
378,0.09029585368454551,0.0847042459381363,0.016064257028112428,0.8409090909090908,0.0,0.9860627177700348,0.8413309749501736,0.0,0.3218925286455867,0.8333333333333334,0.8888888888888888,0.9860627177700348,0.2,0.01067304553352431,0.003230106302049716,0.5114839639178086,0.015875350885854976,0.003612567926325618,0.286326628673606,0.02575180442848251
379,0.09131336135225587,0.08572183569431885,0.016064257028112428,0.9090909090909092,0.0,0.9860627177700348,0.8619192252359629,0.0,0.4661449350485022,0.8333333333333334,0.8888888888888888,0.9965156794425087,0.3,0.01067304553352431,0.0015952124432476859,0.6837668985783335,0.01587535088589175,0.0034545163330764596,0.28326203009550877,0.014724918648397308
380,0.3107271825088823,0.3050642894920732,0.0,0.8863636363636365,0.0,0.9965156794425087,0.9080580482751837,0.5,0.5007235494924359,1.0,0.6666666666666666,0.9965156794425087,0.7,0.041227143097212225,0.24798214520045764,0.8262681546413584,0.01930705647859844,0.010490733607814265,0.982842536375502,0.019517909726858313
381,0.029196364001124686,0.02364691594511542,0.0035087719298245723,0.8636363636363635,0.0,0.996551724137931,0.8166455807005744,0.0,0.33849573473858663,0.3333333333333333,0.3333333333333333,0.9982758620689656,0.3,0.00794012509887992,0.006237828897410445,0.9540555537135168,0.013738083900984554,0.003884823386092897,1.5999690865072824,0.029110502715281372
382,0.09560027886482081,0.0899975492541853,0.016064257028112428,0.9318181818181819,0.0010964912280701754,0.9930313588850174,0.914315016445022,0.3333333333333333,0.4741388359761711,0.8333333333333334,0.8888888888888888,0.9930313588850174,0.4,0.008018175346328897,0.00487663929514511,0.6881917607817618,0.01891378893526434,0.0035701305687547923,0.62325805774085,0.015788211390035622
383,0.09056153267951583,0.08496994730376006,0.016064257028112428,0.8636363636363635,0.0,0.9965156794425087,0.8940801587102796,1.0,0.6099535193851425,0.8333333333333334,0.8888888888888888,1.0,0.8,0.011012662676553915,0.001738564410888662,0.5753999667662766,0.015875350885854976,0.03591645688233677,0.7370713434544325,0.03734096252162157
384,0.923350083242619,0.9137141319271549,0.0,0.8636363636363635,0.001367053998632946,0.9984567901234568,0.8586634314439299,1.0,0.6403770718482968,0.5,0.3333333333333333,1.0,1.0,0.008130253819308538,0.12702758762126096,0.7072445037269726,0.015838585007200156,0.01996755074769961,0.9375297151641677,0.044017320796750026
385,0.1031748498972922,0.09758149190061,0.0,0.8863636363636365,0.0005482456140350877,0.9965156794425087,0.907099958080781,1.0,0.6012128375701025,1.0,0.6666666666666666,1.0,0.8,0.008018175346328897,0.00758940234925545,0.7683375847253965,0.018962029200444357,0.008583777296795898,1.5209070637415594,3.830487158620555
386,0.9741260764079187,0.9312696114728007,0.016064257028112428,0.8636363636363636,0.0,0.9825783972125436,0.8405920727707809,0.0,0.36653912975004244,0.8333333333333334,0.8888888888888888,0.9895470383275261,0.4,0.010750674891922158,0.08567095900664683,1.2847514576902297,0.018315163282734363,0.004587521823942118,1.2053206825238822,3.3867801106755215
387,0.09027731723981924,0.08468416852393629,0.0,0.8409090909090908,0.0,0.9965156794425087,0.7720114713138395,1.0,0.5096284543380665,1.0,0.6666666666666666,1.0,0.4,0.010425041947363416,0.007297186266186725,0.900871397775033,0.018315131233117333,0.008512416146703755,0.47349473048959617,0.04132806831710298
388,0.10236841708102684,0.09258297399279508,0.0,0.8636363636363635,0.0,0.9799382716049383,0.9469085228253569,0.5,0.14091894488556023,0.5,0.3333333333333333,0.9691358024691358,0.0,0.00692563492608134,0.012596127433473448,0.6705189742819023,0.013567754162501723,0.0021254079294949534,0.7612997962280706,0.04291201622996753
389,0.5884653217696212,0.5778771350928591,0.0,0.8863636363636364,0.0,0.9984567901234568,0.9178753595414003,1.0,0.5592743546730479,0.5,0.3333333333333333,1.0,0.7,0.006400373644683982,0.03310047483886325,0.7168256409144033,0.015616506382250886,0.006031332056181405,0.6938475608766754,0.021098427146760794
390,0.141374726216849,0.13584029541326487,0.0035087719298245723,0.8409090909090908,0.0006531678641410843,0.9948275862068966,0.8859928247016979,0.0,0.4059488780406111,0.3333333333333333,0.3333333333333333,0.9982758620689656,0.8,0.009065171089592159,0.0017868845019667087,1.1248131774082364,0.010124916050816087,0.004626579337862851,0.9356397530873987,0.02253484940204768
391,0.09939095741536719,0.08710252361817733,0.0,0.8636363636363635,0.0,0.9926470588235294,0.8654952068239674,0.0,0.49828028089506793,0.5,0.3333333333333333,0.9963235294117647,0.5,0.008436805871674172,0.16801652142873558,0.5906464328478835,0.018839467828483822,0.0058173715696212035,0.4512647147089447,0.0391268156478684
392,0.09893891206101768,0.08684407647006315,0.0,0.8636363636363635,0.000543773790103317,0.9779411764705882,0.7972955336878803,0.5,0.4047895069972969,0.5,0.3333333333333333,0.9852941176470589,0.3,0.009277898413462549,0.0056110144546718185,0.5854080715141741,0.020858836337251135,0.003310876156604905,0.4874831034865346,0.032950689708429855
393,0.09030381912820895,0.08471221370383636,0.0,0.8636363636363635,0.0,0.9965156794425087,0.8343019161151539,1.0,0.547701361390842,1.0,0.6666666666666666,0.9965156794425087,0.4,0.008018175346328897,0.005101540996265581,0.5419498197636534,0.01891334528469247,0.005688600092229786,0.24655396784390288,0.017150728815203152
394,0.0499395635960056,0.04441078562116435,0.0035087719298245723,0.8636363636363635,0.0,0.9982758620689656,0.8553085906237765,1.0,0.5076779553255504,0.3333333333333333,0.3333333333333333,1.0,0.8,0.006012989789561848,0.003568443596132298,1.0771832473992067,0.012835603850923734,0.008336990598154789,1.2463211590775911,0.0228953679566032
395,0.11238207665988709,0.10678156966143909,0.016064257028112428,0.8863636363636365,0.0027412280701754384,0.9790940766550522,0.8728184212735077,0.0,0.3490599006612365,0.8333333333333334,0.8888888888888888,0.9895470383275261,0.5,0.009446817972106671,0.0015447235154073175,0.7628906043321075,0.014199880437780565,0.005383284210551331,0.5958969787973252,0.036170041986854584
396,0.0982943074620457,0.08647612020631718,0.0,0.8409090909090908,0.000543773790103317,0.9963235294117647,0.9088717701961706,1.0,0.6919991970421655,0.5,0.3333333333333333,0.9963235294117647,0.6,0.009182821063748976,0.07843864735107771,0.6152115742446337,0.020694765345626663,0.005121072700999363,0.6380050866184355,0.030182192364674527
397,0.8918264059095652,0.8863449995681139,0.016064257028112428,0.8863636363636365,0.0,0.9895470383275261,0.8237042080922117,0.0,0.41468732325544966,0.8333333333333334,0.8888888888888888,1.0,0.5,0.01673188288802654,0.004077658306579802,0.8874995824528416,0.01592250307523709,0.13938235642405497,0.9683842328024627,3.7898469883982364
398,0.09032708511557108,0.08473547275795917,0.016064257028112428,0.8409090909090908,0.0005482456140350877,0.9965156794425087,0.8152123057157474,1.0,0.5067481261124465,0.8333333333333334,0.8888888888888888,1.0,0.4,0.009541051765515802,0.005661780041354153,0.5661180251575345,0.01831513122416591,0.00519379516038423,0.47595642571085495,0.040843237125302266
399,0.10236554661226471,0.09258011824913359,0.0,0.8863636363636364,0.000683526999316473,0.9922839506172839,0.8568774224567418,0.3333333333333333,0.37128625374558644,0.8333333333333334,0.5555555555555556,0.9845679012345679,0.3,0.009484472220210021,0.003373150098427761,0.6072783752450545,0.015838585007200156,0.007096158312892052,0.328580030493464,0.04057499655243862
400,0.09029343816802848,0.08470183172741741,0.016064257028112428,0.8636363636363635,0.001644736842105263,0.9965156794425087,0.8732631429292037,1.0,0.587750974013744,0.8333333333333334,0.8888888888888888,0.9965156794425087,0.7,0.009446817972106671,0.0011681131775725798,0.5133310308530479,0.014197733860629991,0.007131616921395617,0.40255408598913855,0.036496927496102005
401,0.07280746526875814,0.0672972876320142,0.0035087719298245723,0.8863636363636364,0.0032658393207054214,0.9982758620689656,0.973416047290451,0.3333333333333333,0.8311325553289358,0.3333333333333333,0.3333333333333333,0.996551724137931,0.8,0.006012989789561848,0.003515083210733777,1.0794418390232157,0.01712918331901994,0.003951315085020678,1.1816837898731172,0.030902703396099917
402,0.2868851964182111,0.28134439258104044,0.016064257028112428,0.8863636363636365,0.0,0.9895470383275261,0.9020454242781328,0.0,0.26230429752417916,0.8333333333333334,0.8888888888888888,0.9651567944250871,0.1,0.009446817972106671,0.004211946900275097,0.727357336289899,0.015042039010995571,0.0028907781579143857,0.5525107290533491,0.04100738014580016
403,0.6368958068282987,0.6263034825755527,0.0035087719298245723,0.8636363636363635,0.0006531678641410843,0.993103448275862,0.8873227999439445,0.0,0.2501794803456625,0.3333333333333333,0.3333333333333333,0.9896551724137931,0.3,0.009065171089592159,0.001599117633763066,0.9319852704811523,0.009940235275652387,0.040335272654869664,0.8829843917337855,0.03017364665864906
404,0.9982878046277206,0.9479611290097225,0.0,0.9090909090909091,0.0,0.9969135802469136,0.7675551965510321,1.0,0.570680406083635,0.5,0.3333333333333333,1.0,0.5,0.030869959812917982,0.08847315514714066,0.523409484958345,7.816371017580337,0.17084196445918293,0.37993594710698714,14.033220914831166
405,0.09777172488150843,0.09218079163301601,0.016064257028112428,0.8409090909090909,0.0005482456140350877,0.9790940766550522,0.8266332776186449,0.5,0.2531283646422364,0.8333333333333334,0.8888888888888888,0.9895470383275261,0.1,0.01067304553352431,0.0017432062046411245,0.6152197989701488,0.015875350885855087,0.0036063053720996174,0.828442269382797,0.03582242463416111
406,0.07674911280344077,0.07124180420246506,0.0035087719298245723,0.8636363636363635,0.0013063357282821686,0.9982758620689656,0.9673830962644369,1.0,0.8075922641124478,0.3333333333333333,0.3333333333333333,1.0,0.6,0.006012989789561848,0.0037964491472844476,1.022929025821491,0.012835592242868165,0.01719174186065492,1.9515347867367288,4.352854536751395
407,0.09028825721039224,0.08469665064165788,0.016064257028112428,0.8181818181818181,0.0,0.9895470383275261,0.8555168941610929,0.0,0.37830125942336057,0.8333333333333334,0.8888888888888888,0.9965156794425087,0.3,0.009387135606255415,0.005655583584483248,0.5567931695073742,0.01831513122416591,0.004945323012461281,0.46051754774011805,0.043131570716786916
408,0.7978317548260976,0.7831283166019387,0.0035087719298245723,0.8863636363636364,0.0013063357282821686,0.9982758620689656,0.9278468725130601,1.0,0.6786435910950803,0.3333333333333333,0.3333333333333333,1.0,0.8,0.009065171089592159,0.0016581729214810886,0.8591430624511216,0.00991700329535067,0.10048022426861376,1.0586564116327333,0.02442714204431143
409,0.1981431446450237,0.19257365674037158,0.016064257028112428,0.9090909090909092,0.0005482456140350877,0.9895470383275261,0.8106726134719335,0.0,0.4607891540583817,0.8333333333333334,0.8888888888888888,0.9965156794425087,0.6,0.009446817972106671,0.0012007364284410782,0.7055284918186865,0.014197793525455506,0.006240824122330345,1.2096351704779524,0.038135428231303115
410,0.19096435822270108,0.18536572667522916,0.016064257028112428,0.8863636363636365,0.0010964912280701754,0.9965156794425087,0.8781356603733372,1.0,0.5153117436496071,0.8333333333333334,0.8888888888888888,1.0,0.9,0.014135658044119691,0.0017178978536835346,0.7947555755413341,0.01587535088585689,0.02308543043191758,1.9662154752584513,0.037286880474040676
411,0.09681900160715473,0.08983840191967274,0.016064257028112428,0.8636363636363635,0.0,0.9825783972125436,0.8384261025235836,0.0,0.27412178277529164,0.8333333333333334,0.8888888888888888,0.9825783972125436,0.2,0.008018175346328897,0.004275854507222642,1.1323025244875449,0.018913345190957193,0.002797349705826957,0.28099841901480804,0.01961404588666624
412,0.8474701251042008,0.8418913259655274,0.0035087719298245723,0.8863636363636364,0.0032658393207054214,0.9982758620689656,0.9233645136727494,0.5,0.5642555995922145,0.3333333333333333,0.3333333333333333,0.9982758620689656,0.9,0.006012989789561848,0.004461658524468955,0.974855419441793,0.015557845905274712,0.06965218774935229,1.7350378938628348,4.107894623582783
413,0.9195954116242199,0.9140980248798019,0.016064257028112428,0.8636363636363636,0.0010964912280701754,0.975609756097561,0.8664087822519264,0.3333333333333333,0.28960972411236074,0.8333333333333334,1.0,0.975609756097561,0.2,0.011810129599314845,0.005770981365659025,0.7606694172530635,4.693118426001276,0.21974356591742708,0.9513633949429691,0.01793036710623622
414,0.026983656434808823,0.02143169548076046,0.0035087719298245723,0.8409090909090908,0.0013063357282821686,0.996551724137931,0.8328871602658489,0.0,0.45439733090848233,0.3333333333333333,0.3333333333333333,0.9982758620689656,0.7,0.009065171089592159,0.0017387807532701657,1.1010674960780789,0.009917003294871432,0.004093983637549163,0.9874087609951365,0.024427027138300618
415,0.10236692339516984,0.09258148796893806,0.0,0.7954545454545454,0.000683526999316473,0.9969135802469136,0.876977818798988,0.5,0.4427012688993941,0.5,0.3333333333333333,1.0,0.3,0.007301920426342251,0.005615825324158756,0.6982539564002856,0.012345674392292637,0.004542673669471796,0.7048614635560653,0.04350680327335381
416,0.6340001173574625,0.6283023513866519,0.016064257028112428,0.8409090909090909,0.0021929824561403508,0.9930313588850174,0.8910345820851617,0.5,0.4351385941622523,0.8333333333333334,0.8888888888888888,1.0,0.8,0.012092953942481482,0.014425531535128655,0.8737211132383399,0.015480301890445658,0.009886076928951243,1.1437961791421618,3.3309403917963296
417,0.05918247922135289,0.053661653582551094,0.0035087719298245723,0.8636363636363635,0.0006531678641410843,0.9948275862068966,0.9343001327540068,0.5,0.304043272476059,0.3333333333333333,0.3333333333333333,0.9913793103448276,0.1,0.0069477640272268895,0.0011298174999602201,1.0629352797854292,0.015836776350308696,0.003047274117615866,1.780642866280459,0.038906335949307695
418,0.03549480960166029,0.0259503395201669,0.0035087719298245723,0.8863636363636364,0.0006531678641410843,0.9982758620689656,0.9472534708196975,0.5,0.5465698165021031,0.3333333333333333,0.3333333333333333,1.0,0.7,0.0076640081651896865,0.0016421187558022677,0.8708464320508883,0.013447098724211355,0.004259351446601325,0.8276642533335783,0.024693185068179406
419,0.9924591504666517,0.9830398246302856,0.0,0.8863636363636364,0.003417634996582365,0.9984567901234568,0.9003034314206546,1.0,0.7048527671169771,0.8333333333333334,0.5555555555555556,1.0,1.0,0.01562555576363487,0.07218735831276728,0.8951816930557153,0.01561656586012137,0.10824659662145998,1.9560202440125476,10.631556767346083
420,0.10236566978363237,0.09258024078647598,0.0,0.8636363636363635,0.0,0.9876543209876543,0.8545183689841089,0.0,0.30161454385403086,0.5,0.3333333333333333,0.9953703703703703,0.1,0.006400373644683982,0.02339045665126927,0.6822171156275973,0.015616506382250886,0.0017497832590898346,0.46522439531867094,0.022696847872215178
421,0.09875452355619985,0.08673875196435787,0.0,0.8863636363636364,0.0,0.9779411764705882,0.9065513166822762,0.0,0.009295871894139496,0.5,0.3333333333333333,0.9375,0.2,0.007749040793032158,0.018499657926602076,0.5176845865447317,0.01866864058332045,0.0023590050728069384,0.4279826855599575,0.035377801226750716
422,0.09924874114676363,0.08702117905584078,0.0,0.8863636363636364,0.000543773790103317,0.9779411764705882,0.9075092540416473,0.3333333333333333,0.009383095952080422,0.5,0.3333333333333333,0.9411764705882353,0.2,0.009182821063748976,0.0044656565331179145,0.5167976545466564,0.02069479737155953,0.002787456177873206,0.47366952361431325,0.02981592796082118
423,0.8397312017762204,0.7802915942956676,0.016064257028112428,0.8863636363636365,0.0,0.9790940766550522,0.8556762828474336,0.0,0.3386937352967886,0.8333333333333334,0.8888888888888888,0.9790940766550522,0.2,0.009387135606255415,0.01995172933785652,1.2119140079546002,0.019034915325214775,0.0033149635425396167,0.5810548458808142,0.04051561581689723
424,0.04507591680074652,0.03564588230939747,0.0035087719298245723,0.8636363636363635,0.0013063357282821686,0.9913793103448276,0.9205213241397954,0.0,0.27831442362644243,0.3333333333333333,0.3333333333333333,0.993103448275862,0.1,0.00794012509887992,0.006221638523504172,1.0214292093979498,0.013738050769916892,0.0032885746555554093,1.1174449022130064,0.017055853380479796
425,0.5829216278113176,0.5774294291353504,0.0035087719298245723,0.8181818181818181,0.0,0.9982758620689656,0.7985343984284982,1.0,0.5720614878222656,0.3333333333333333,0.3333333333333333,1.0,0.9,0.0069477640272268895,0.0011293242033594169,1.2041210635055453,1.8995707940939406,0.2347793975840689,1.056684755415995,3.375189812245287
426,0.0903473788645035,0.08474364276687985,0.016064257028112428,0.8863636363636364,0.0027412280701754384,0.9965156794425087,0.9646691186660872,0.3333333333333333,0.6831246573935594,0.8333333333333334,0.8888888888888888,0.9930313588850174,0.5,0.01067304553352431,0.0017825011538963877,0.59649136121585,0.01587535092456022,0.005931877009107063,0.7560205699161032,0.035050323808872
427,0.09075718361671015,0.08516561359877234,0.016064257028112428,0.8863636363636365,0.0005482456140350877,0.9895470383275261,0.8609996918459999,0.3333333333333333,0.42464076793152394,0.8333333333333334,0.8888888888888888,0.9895470383275261,0.2,0.009387135606255415,0.006145626544881786,0.5560737181009325,0.018315131307191937,0.004531339750888333,0.5814352044959236,0.04194680938708262
428,0.09027374842749625,0.08468206378716392,0.016064257028112428,0.8636363636363635,0.0010964912280701754,0.975609756097561,0.8112729639300719,0.3333333333333333,0.31294197285203207,0.8333333333333334,0.8888888888888888,0.9895470383275261,0.2,0.009446817972106671,0.0013993789442497606,0.655158040337086,0.014197733860642603,0.0036192491497562445,0.17680061039551923,0.016311593128256814
429,0.09797559954285795,0.0923846872356836,0.016064257028112428,0.8863636363636365,0.0,0.9895470383275261,0.8246360311217099,0.0,0.4117339560902803,0.8333333333333334,0.8888888888888888,0.9965156794425087,0.3,0.008018175346328897,0.005149529869609047,0.6766449923136754,0.01901063640567939,0.009279931932450552,0.6310812434691466,0.02000125195569097
430,0.09209949491306724,0.0864974582952972,0.016064257028112428,0.8863636363636364,0.003289473684210526,0.9965156794425087,0.9604624436066616,1.0,0.7416270112685455,0.8333333333333334,0.8888888888888888,1.0,1.0,0.009446817972106671,0.00123051815448759,0.5856192128391501,0.014197733860661296,0.012160286834811239,0.7449418368790575,0.04028045389810236
431,0.9924590138426769,0.983082962185162,0.0,0.8636363636363635,0.001367053998632946,0.9984567901234568,0.911948408061036,1.0,0.631999527415961,0.5,0.3333333333333333,1.0,1.0,0.006400373644683982,0.07367456666377185,0.8905396553787385,0.015616506879898347,0.020639224392530242,1.247798066890846,0.0233421197472499
432,0.09028246693049347,0.08469065165394685,0.016064257028112428,0.8409090909090908,0.001644736842105263,0.9895470383275261,0.8857465118219993,0.0,0.17052139836057356,0.8333333333333334,0.8888888888888888,0.9930313588850174,0.6,0.01067304553352431,0.003340112889480571,0.6126105546582732,0.015875350885854976,0.0035515685474642625,0.27357619327267624,0.05170745477907672
433,0.09027569695270621,0.08468404786427108,0.016064257028112428,0.8863636363636364,0.0027412280701754384,0.9965156794425087,0.9261819315117815,0.5,0.6667028347516047,0.8333333333333334,0.8888888888888888,1.0,0.7,0.009446817972106671,0.001190737764104215,0.5453071671815497,0.014197733860630217,0.004562040441619183,0.1333478779068045,0.031044763702048325
434,0.09069551571853374,0.08510334102896405,0.016064257028112428,0.8863636363636364,0.0005482456140350877,0.9825783972125436,0.9202973305960296,0.25,0.1052902275702362,0.8333333333333334,0.8888888888888888,0.9790940766550522,0.4,0.01067304553352431,0.001766964093951413,0.6627743828056268,0.015875350885854976,0.003172900340500574,0.6062183103758175,0.03429124509646525
435,0.0996638882621782,0.09407315443923026,0.016064257028112428,0.8181818181818182,0.0,0.975609756097561,0.8042695410819376,0.0,0.3717985373237618,0.8333333333333334,0.8888888888888888,0.9930313588850174,0.1,0.008018175346328897,0.01248953915427316,0.7546672410989981,0.02273136543610048,0.004630850949048348,0.25033343527069213,0.011056821332207213
436,0.043353101256974225,0.03774794967256678,0.0035087719298245723,0.8409090909090908,0.0013063357282821686,0.9913793103448276,0.872000482738764,0.5,0.3013015655932024,0.3333333333333333,0.3333333333333333,0.993103448275862,0.5,0.0069477640272268895,0.0012060071476892016,1.0265949824681406,0.01583587480112828,0.004618760520959146,0.5933298187896014,0.01700120864398049
437,0.09052018915659399,0.08492860056557733,0.016064257028112428,0.8409090909090908,0.0,0.9825783972125436,0.8938187809284834,0.0,0.36060402361768984,0.8333333333333334,0.8888888888888888,0.9895470383275261,0.2,0.01067304553352431,0.0019004658165808876,0.6878800751788886,0.01587535088585723,0.004188307147705987,0.2750404864463788,3.5339692827362885
438,0.09160926532249603,0.08601700262345258,0.016064257028112428,0.8636363636363635,0.0021929824561403508,0.9965156794425087,0.9677604060656422,0.5,0.7303382027151285,0.8333333333333334,0.8888888888888888,0.9965156794425087,0.8,0.009446817972106671,0.0014921589308564624,0.6520398967475869,0.014197733860680102,0.005633878770717348,1.1221438748858217,0.03937811679997923
439,0.09081077994145637,0.08521921414846412,0.016064257028112428,0.9090909090909092,0.007675438596491228,0.9930313588850174,0.9115966319782579,0.5,0.10062612945000549,0.8333333333333334,0.8888888888888888,0.9825783972125436,0.8,0.009446817972106671,0.0014452526236278394,0.769638145428094,0.014197752250757222,0.003790530140456511,0.25032202100589007,0.033824523001927904
440,0.0958059933618518,0.09021486508778537,0.016064257028112428,0.8863636363636365,0.003289473684210526,0.9965156794425087,0.9275096196391058,0.8,0.5259141779882148,0.8333333333333334,0.8888888888888888,0.9930313588850174,0.7,0.009430017680903978,0.0016551452877533656,0.7652548903375298,0.016028026560005154,0.004888498097223016,0.66860067628981,0.01722190263763447
441,0.09171649530029291,0.08612500247436333,0.016064257028112428,0.8863636363636365,0.0005482456140350877,0.9965156794425087,0.9907409660963495,0.5,0.8713312377836407,0.8333333333333334,0.8888888888888888,0.975609756097561,0.1,0.009387135606255415,0.006173106056249112,0.6916299012737462,0.018320999531004394,0.006212408553499047,0.29689516267439237,0.04594965380199045
442,0.09036404339613979,0.08475481631601706,0.0,0.8863636363636364,0.001644736842105263,0.9965156794425087,0.9255498110021907,0.5,0.5059178521349565,1.0,0.6666666666666666,1.0,0.8,0.009430017680903978,0.001697966112721248,0.6101531372269796,0.016027687604282557,0.004280692024766975,0.47728406184662064,0.03968464558883112
443,0.09250692921251868,0.08690549735818154,0.016064257028112428,0.8863636363636364,0.001644736842105263,0.9895470383275261,0.9682901350658341,0.3333333333333333,0.26702989940212685,0.8333333333333334,0.8888888888888888,0.9930313588850174,0.5,0.01067304553352431,0.0017337548675121152,0.5851851680213108,0.015875350885854976,0.006658455966194101,1.1079862685743784,0.04298894528212983
444,0.10108481809292069,0.08807375748155255,0.0,0.8636363636363635,0.000543773790103317,0.9926470588235294,0.9791162430660055,0.3333333333333333,0.0,0.5,0.3333333333333333,0.9595588235294118,0.5,0.009277898413462549,0.005692154497256671,0.5645006744760985,0.020981486014634447,0.0028314625587610603,0.5004511151192804,0.032867092627348105
445,0.09032308969611891,0.08472834551479869,0.016064257028112428,0.8636363636363635,0.001644736842105263,0.9965156794425087,0.9264432750562517,1.0,0.6093291086735624,0.8333333333333334,0.8888888888888888,1.0,0.8,0.01067304553352431,0.001726790919940328,0.5177575835267871,0.01587535092482045,0.005051353259307381,1.1139502416407017,0.0417767325063351
446,0.09970252031922044,0.09204767156297983,0.016064257028112428,0.8181818181818181,0.0,0.9825783972125436,0.7923734446404674,0.0,0.4118658951900185,0.8333333333333334,0.8888888888888888,0.9930313588850174,0.3,0.008018175346328897,0.004162539478663612,0.9156880818317588,0.018913351286754244,0.005866559103383855,0.1735195730656477,0.031500836322077265
447,0.4450680660992493,0.4393320522075663,0.016064257028112428,0.9318181818181819,0.003837719298245614,0.9930313588850174,0.9280378214377145,0.6666666666666666,0.47145478836487387,0.8333333333333334,0.8888888888888888,0.9930313588850174,0.7,0.009430017680903978,0.00415509799426527,0.8555076541987885,0.016035082430277545,0.004361982016523891,0.6779019413566946,3.533635136221927
448,0.030232074593138814,0.023527665723231395,0.0035087719298245723,0.8636363636363635,0.0013063357282821686,0.9982758620689656,0.9788326298673488,0.5,0.7820093715828282,0.3333333333333333,0.3333333333333333,0.996551724137931,0.6,0.0076640081651896865,0.002694955493530968,0.9883213299084542,0.013447098724211355,0.003957398585978634,1.3443785960744696,0.02568176540809426
449,0.1023655466082748,0.09258011824516443,0.0,0.8863636363636364,0.0,0.9984567901234568,0.8708878648826924,1.0,0.59065787225935,0.8333333333333334,0.5555555555555556,1.0,0.9,0.8513053039237555,1.2017552826684275,1.3298750823601746,0.013567754162501723,0.9260698522542785,1.6169842225518023,0.04007564385453381
450,0.10484824978434992,0.09925416199589687,0.0,0.8863636363636365,0.0005482456140350877,0.9965156794425087,0.9181614369940524,0.5,0.5905290146388843,1.0,0.6666666666666666,1.0,0.6,0.009446817972106671,0.0016290572968793444,0.7700910910670086,0.014255051477912367,0.008041951608556459,0.8564451683786288,0.022647640330716808
451,0.12075951142595154,0.1151716990531832,0.016064257028112428,0.9090909090909092,0.003289473684210526,0.9965156794425087,0.9345416857197827,0.5,0.508507304701992,0.8333333333333334,0.8888888888888888,0.9895470383275261,0.5,0.009446817972106671,0.00467683007352395,0.7726185273223801,0.014267322831609251,0.003729511084919749,0.3346954529986894,0.03490195413152922
452,0.09136298345052685,0.08577146178912387,0.016064257028112428,0.8863636363636364,0.0,0.9895470383275261,0.9236040825673886,0.0,0.008989456651920635,0.8333333333333334,0.8888888888888888,0.9930313588850174,0.5,0.01067304553352431,0.0017205541074599132,0.5321989156997865,0.01587535088777143,0.003172900340500574,0.7781928335073133,0.03773734248071456
453,0.09034677993324125,0.08475517787483577,0.016064257028112428,0.8863636363636364,0.0005482456140350877,0.9965156794425087,0.9057044553441812,0.6666666666666666,0.6198950658252292,0.8333333333333334,0.8888888888888888,0.9930313588850174,0.4,0.009430017680903978,0.001532567752073323,0.5818701132156905,0.016027687604147967,0.004212583068538039,0.3106403482608466,0.013581146838310403
454,0.8905311292961464,0.8368123249559495,0.016064257028112428,0.9090909090909092,0.001644736842105263,0.9965156794425087,0.9465690233831191,0.5,0.6033624916499281,0.8333333333333334,1.0,0.9965156794425087,0.6,0.01158692711266249,0.02848833260249972,1.2459011578847878,0.01933324488407783,0.019029521621501462,0.7852813124203242,3.490901510975133
455,0.10008597368979655,0.09449528588796463,0.016064257028112428,0.8863636363636365,0.0005482456140350877,0.9965156794425087,0.9222690015440667,1.0,0.5843643352854515,0.8333333333333334,0.8888888888888888,1.0,0.7,0.01067304553352431,0.0015933253376842285,0.7826680098954721,0.01587535238123848,0.004760602774250064,0.4898313602253001,0.023260984485524296
456,0.35830812325893646,0.28206456556112414,0.016064257028112428,0.8636363636363635,0.0005482456140350877,0.975609756097561,0.8830360175339074,0.3333333333333333,0.08220379316893034,0.8333333333333334,0.8888888888888888,0.9825783972125436,0.3,0.008018175346328897,0.0049774574148451324,1.1731186397039246,0.01891348580866933,0.00418258335815059,0.34722310517865834,0.03744885746086634
457,0.17406124293215874,0.16848508817475505,0.016064257028112428,0.8636363636363636,0.0010964912280701754,0.9965156794425087,0.8861085518572634,1.0,0.571700388484724,0.8333333333333334,0.8888888888888888,1.0,0.7,0.011810129599314845,0.001578033193655634,0.744069432039151,0.016027687811476263,0.0959985055341274,1.3700616739124458,0.015361151298845828
458,0.0925254246546795,0.08648060430976084,0.016064257028112428,0.8636363636363635,0.0,0.9790940766550522,0.9252066122000697,0.0,0.061117611389920445,0.8333333333333334,0.8888888888888888,0.9825783972125436,0.2,0.009387135606255415,0.005680529223087128,0.7328430415057375,0.018315131311608057,0.0036633039612016106,0.2681265583201315,0.016183201136090668
459,0.09028257439040066,0.08468915168627533,0.016064257028112428,0.8636363636363635,0.0,0.975609756097561,0.8934820063376665,0.0,0.04618968676757074,0.8333333333333334,0.8888888888888888,0.9825783972125436,0.3,0.009430017680903978,0.0015874750541122855,0.5324721634664076,0.016027687604147967,0.0030967011427943955,0.3658803367266727,0.020747351467392643
460,0.040757115966850166,0.03489801731736958,0.0035087719298245723,0.8409090909090908,0.0006531678641410843,0.9982758620689656,0.8998154817955287,1.0,0.5814892012161015,0.3333333333333333,0.3333333333333333,1.0,0.5,0.009065171089592159,0.001744163834885764,0.9976160982772024,0.00991718876734197,0.006329736369362831,0.7199805883753905,0.027152194766094866
461,0.09030824321489217,0.08471239642832423,0.016064257028112428,0.8863636363636364,0.0005482456140350877,0.9686411149825784,0.8656564172135999,0.0,0.0,0.8333333333333334,0.8888888888888888,0.9790940766550522,0.2,0.008018175346328897,0.004898510741923589,0.566542368691653,0.018913345133906537,0.002797349705826957,0.7548932883204362,0.008984729539218412
462,0.10236570566106284,0.09258027648067707,0.0,0.8409090909090908,0.0,0.9845679012345679,0.8665696846610771,0.0,0.14131198752027352,0.5,0.3333333333333333,0.9753086419753086,0.1,0.006400373644683982,0.02227122934342775,0.6761026073199987,0.015616506382250886,0.0025423170552726863,0.33415802219279955,0.022227626641796082
463,0.7691629465354833,0.7588136468007096,0.0035087719298245723,0.8409090909090908,0.0,0.9844827586206897,0.8622807823667692,0.0,0.30104296454189716,0.3333333333333333,0.3333333333333333,0.9879310344827587,0.1,0.0076640081651896865,0.0010473242155119994,0.9888119685326568,0.013447101023402375,0.013592461935445816,0.9193520821833746,0.03643916762370585
464,0.09027729896241055,0.08468525327393506,0.016064257028112428,0.8636363636363635,0.0,0.9930313588850174,0.8729756036228444,0.3333333333333333,0.4085681469443605,0.8333333333333334,0.8888888888888888,0.9860627177700348,0.5,0.009387135606255415,0.006003475048106392,0.559051347466648,0.01831513122416602,0.004102385135089788,0.5158554188647972,0.038650035606958615
465,0.09046386458977018,0.08487227161826172,0.016064257028112428,0.8863636363636365,0.0005482456140350877,0.9930313588850174,0.8608302990793734,0.5,0.49915161840594324,0.8333333333333334,0.8888888888888888,0.9965156794425087,0.3,0.008018175346328897,0.010908826158830782,0.5939914781737169,0.018913367685179355,0.0053740754538910765,0.11828848026828337,0.009125599277655405
466,0.09559505400351231,0.0888902289547921,0.016064257028112428,0.8863636363636364,0.0,0.9825783972125436,0.9117456309067903,0.0,0.09526025377216629,0.8333333333333334,0.8888888888888888,0.9721254355400697,0.4,0.009387135606255415,0.0056730387920676684,0.6868495489060411,0.018315131229171486,0.0035405577889852306,0.621330421267744,0.03641559797598032
467,0.5175207707647598,0.511379756524901,0.016064257028112428,0.9318181818181819,0.0043859649122807015,0.9930313588850174,0.8843254319796587,0.5,0.0,0.8333333333333334,1.0,0.9930313588850174,0.6,0.009446817972106671,0.016432381204911854,0.820183364404414,0.0208335614103248,0.003045288698405599,0.7748769846808418,0.03304534185187264
468,0.5175207707647598,0.511379756524901,0.016064257028112428,0.9318181818181819,0.003837719298245614,0.9930313588850174,0.8843254319796587,1.0,0.0,0.8333333333333334,1.0,0.9930313588850174,0.6,0.01067304553352431,0.002748585245829167,0.8307958061396638,0.015877211361084113,0.003371910448529538,0.9649704482229715,0.033659091881229855
469,0.09790493645744991,0.08625420136231576,0.0,0.8863636363636364,0.0016313213703099511,0.9926470588235294,0.922722409267952,0.5,0.2869154787318777,0.5,0.3333333333333333,0.9963235294117647,0.7,0.007749040793032158,0.011406747274406277,0.5232709080607835,0.018668638916470193,0.0031218021691686994,0.42120879184013404,0.03343415196369761
470,0.09816673307255397,0.08640338116569851,0.0,0.8636363636363635,0.0,0.9595588235294118,0.829958725968653,0.0,0.30954873975543673,0.5,0.3333333333333333,0.9632352941176471,0.0,0.009182821063748976,0.07046738684068116,0.544311854407879,0.0207118634291561,0.0025228624541127186,0.2888351112734835,0.03165955666443342
471,0.09027451651367857,0.08468239526182025,0.016064257028112428,0.8409090909090908,0.0010964912280701754,0.9825783972125436,0.8304040826067822,0.2,0.34754639182637215,0.8333333333333334,0.8888888888888888,0.9860627177700348,0.2,0.008018175346328897,0.004694792541002235,0.5632056486378741,0.01891334514047851,0.0035940093328894053,0.2823219444639473,0.014120076172279191
472,0.10246754574089911,0.09268159293245437,0.0,0.8863636363636364,0.000683526999316473,0.9984567901234568,0.9362522112090798,0.2,0.5794668828148098,0.5,0.3333333333333333,0.9861111111111112,0.3,0.006465854470068727,0.0159832760450974,0.72380036880665,0.015838585007200156,0.0035954222013530562,0.8342189182015766,0.04371777568203441
473,0.02943389748770575,0.02388471472772269,0.0035087719298245723,0.8863636363636365,0.0006531678641410843,0.9982758620689656,0.8306182162397258,1.0,0.5731627702434813,0.3333333333333333,0.4444444444444444,1.0,0.8,0.1847542751357181,0.005219600339785337,0.8924581157755448,0.013107630424703441,0.21653735135820895,2.0699449192029173,0.030372095454992372
474,0.24430838475368655,0.18457783212578588,0.016064257028112428,0.8863636363636364,0.0,0.9860627177700348,0.845824298945901,0.0,0.44569667591251894,0.8333333333333334,0.8888888888888888,0.9930313588850174,0.5,0.009430017680903978,0.001762771714387698,1.1228163689562665,0.01602768760684754,0.004489217153680715,0.7020644725232168,0.014519629384293081
475,0.09101338360275091,0.08527561933521388,0.016064257028112428,0.8636363636363635,0.0010964912280701754,0.9965156794425087,0.9690588952160595,0.3333333333333333,0.7527795751231415,0.8333333333333334,0.8888888888888888,0.9965156794425087,0.2,0.008018175346328897,0.004229618365511398,0.8672274356261098,0.018913345127321554,0.0033523492733206614,0.34557672215169966,0.002809823446661186
476,0.7212118637588809,0.7156720900591707,0.0035087719298245723,0.8181818181818181,0.001959503592423253,0.9982758620689656,0.9157883386730362,1.0,0.7108797879975932,0.3333333333333333,0.3333333333333333,1.0,0.9,0.0069477640272268895,0.0012407838812849325,1.1435595754806174,0.015836361728652375,0.03228553975270156,0.9230612456396988,3.568361286588032
477,0.05716804672379405,0.05129915145487152,0.0035087719298245723,0.9090909090909091,0.006531678641410843,0.9982758620689656,0.9314934500946654,1.0,0.6334496213632985,0.3333333333333333,0.3333333333333333,1.0,1.0,0.006012989789561848,0.004087314456449365,0.90035143532918,0.012915630576349216,0.016451074116292225,0.8852604567439889,4.280133450849775
478,0.0903491093007972,0.08474315501611135,0.016064257028112428,0.9090909090909091,0.0027412280701754384,0.9930313588850174,0.941251634933588,0.25,0.12478595047539043,0.8333333333333334,0.8888888888888888,0.9860627177700348,0.5,0.009446817972106671,0.0012866845953880151,0.6264799824299715,0.014197733860629653,0.003133407843024963,0.38380424982374656,0.00889623380484791
479,0.09087279963571993,0.08528123874491583,0.016064257028112428,0.8636363636363635,0.0,0.975609756097561,0.9014536759276772,0.0,0.06812522300578727,0.8333333333333334,0.8888888888888888,0.9790940766550522,0.2,0.009430017680903978,0.0015874750541122855,0.6133127683783035,0.016027687816741274,0.0030967011427943955,0.41405341219098213,0.009453023762880215
480,0.09427606608047234,0.08786041837319591,0.0,0.7954545454545454,0.0,0.9930313588850174,0.8323427364582354,0.0,0.4938197390380573,1.0,0.6666666666666666,1.0,0.6,0.010425041947363416,0.00923605781205037,1.0766088892501553,0.018315132962718673,0.00840485981438552,0.5162161346493354,0.06656061740496734
481,0.09102844444571767,0.0852877029863443,0.016064257028112428,0.8636363636363635,0.0027412280701754384,0.9965156794425087,0.9542651790933253,0.4,0.5631416123238964,0.8333333333333334,0.8888888888888888,0.9965156794425087,0.4,0.009387135606255415,0.005680529223087128,0.6470474372389562,0.01831513122570112,0.004686370234671886,0.30689017002455116,0.05934576394679976
482,0.09028549425648458,0.08469315365507929,0.016064257028112428,0.8863636363636364,0.001644736842105263,0.9930313588850174,0.9023386107612159,0.0,0.43270706275190907,0.8333333333333334,0.8888888888888888,0.9965156794425087,0.8,0.009387135606255415,0.005638614275026471,0.5788003541263513,0.01831513122420017,0.10514206562525016,0.25444333195821217,0.05781830510070662
483,0.09064430808514201,0.08505225605216254,0.016064257028112428,0.8636363636363635,0.0005482456140350877,0.9895470383275261,0.900876483769923,0.3333333333333333,0.48649413760088156,0.8333333333333334,0.8888888888888888,0.9965156794425087,0.4,0.008018175346328897,0.004953354235516941,0.6061556720335285,0.01891334517437486,0.0032094244320886424,1.378594470729915,0.020760277104643506
484,0.4725507967249162,0.46709034454173226,0.0035087719298245723,0.8636363636363635,0.0045721750489875895,0.9982758620689656,0.9910646271077409,1.0,0.9405477907502371,0.3333333333333333,0.3333333333333333,1.0,1.0,0.0076640081651896865,0.009184432806175081,1.0327552468006784,0.013447098726112921,0.015556606021693188,1.4128733779236788,0.032871881478324816
485,0.6008900891788828,0.5902703645905676,0.0035087719298245723,0.8409090909090908,0.0,0.9827586206896551,0.868198956067542,0.0,0.30131472723630903,0.3333333333333333,0.3333333333333333,0.9913793103448276,0.1,0.009065171089592159,0.0016594799421726183,0.9367910197588637,0.01006715396047765,0.003507249671433171,1.091447800854684,0.005959281122440527
486,0.09080819190819123,0.08521594877852018,0.016064257028112428,0.8636363636363635,0.0,0.9790940766550522,0.8202831009064433,0.0,0.4231488621251712,0.8333333333333334,0.8888888888888888,0.9965156794425087,0.4,0.008018175346328897,0.005045789072513295,0.598071787469254,0.0189133618674746,0.003386502070502893,1.2171506580658034,0.019454097930451313
487,0.1928628991556498,0.18729189262266793,0.016064257028112428,0.8636363636363636,0.0,0.9721254355400697,0.8418333138532366,0.0,0.3112276836119051,0.8333333333333334,0.8888888888888888,0.9790940766550522,0.1,0.009430017680903978,0.004428805285966366,0.7852629790984783,0.016028477943862363,0.003487879567728619,0.6090495358041681,0.014871326069360409
488,0.9924580653138518,0.9830802819390319,0.0,0.8636363636363635,0.001367053998632946,0.9984567901234568,0.9022475140998336,1.0,0.5452536994640971,0.5,0.3333333333333333,1.0,0.6,0.00692563492608134,0.0034289032829651037,0.9608541656855738,0.021960524710625404,0.008776348111605861,0.8456685661960651,3.6119899858783424
489,0.16884698189690994,0.16319088214943817,0.016064257028112428,0.9318181818181819,0.0021929824561403508,0.9965156794425087,0.9272623044858905,0.3333333333333333,0.522456429815391,0.8333333333333334,0.8888888888888888,0.9965156794425087,0.8,0.009446817972106671,0.001395438712286899,0.8149042374249821,0.014197913192749299,0.0060932950097397085,1.1754626058933162,3.3177524244693664
490,0.09048389854320871,0.08485060462748284,0.0,0.8181818181818181,0.0010964912280701754,0.9965156794425087,0.9072573175950823,0.5,0.5665881832967282,1.0,0.6666666666666666,0.9965156794425087,0.7,0.01034609822947689,0.0021993368913590626,0.6559330407945284,0.016027687604328923,0.006086784106362626,0.7395228245842763,0.07970251955017478
491,0.030638488993587454,0.025090639020136862,0.0035087719298245723,0.8863636363636364,0.005225342913128674,0.9982758620689656,0.9254050397367654,1.0,0.6910301450123957,0.3333333333333333,0.3333333333333333,1.0,1.0,0.00794012509887992,0.006245075295699174,0.9479673931134668,0.013738050769861964,0.004665988118327418,1.4982664711639027,0.03324680236590119
492,0.2058869150587721,0.2003197057217883,0.016064257028112428,0.8863636363636365,0.0005482456140350877,0.9790940766550522,0.9157202096929327,0.3333333333333333,0.24833236379706203,0.8333333333333334,1.0,0.9790940766550522,0.2,0.01397025129373671,0.06005272512822006,0.7367663028512924,0.5456164471401445,0.008673070889522629,0.5016715787845821,0.01895214714857838
493,0.026107315734780867,0.020554337625657892,0.0035087719298245723,0.8409090909090908,0.0,0.9913793103448276,0.7992380313035967,0.0,0.2601608127371857,0.3333333333333333,0.3333333333333333,0.9982758620689656,0.3,0.0076640081651896865,0.0012451583322827826,0.9712642990724676,0.01344709872552295,0.005919749628694132,1.2740274587605842,0.012552361389917529
494,0.09126898583722609,0.08548021506430464,0.016064257028112428,0.8636363636363635,0.0,0.9930313588850174,0.8866251434829067,0.0,0.4508843223926817,0.8333333333333334,0.8888888888888888,0.9930313588850174,0.2,0.009430017680903978,0.0019244285096806542,0.6831513807079341,0.016027687604147967,0.003200246396307259,0.3051568779450939,0.015463700743086005
495,0.09544486713308231,0.0898537044037262,0.016064257028112428,0.9090909090909092,0.0021929824561403508,0.9930313588850174,0.9260570028234479,0.5,0.2953154920062422,0.8333333333333334,0.8888888888888888,0.9930313588850174,0.7,0.01067304553352431,0.0017860287155578428,0.8369547754737279,0.0158772660625554,0.0042718294463522,0.3215356375423881,3.478227068543614
496,0.9590193500751569,0.91425748661628,0.75,0.9090909090909092,0.0010964912280701754,0.9965156794425087,0.8722756660545556,1.0,0.5619416095246748,0.8333333333333334,0.6666666666666666,1.0,0.5,1.341922279080569,0.06251605301481922,1.2545189156754042,0.032635706890549294,0.05778155709163988,1.6469893285843054,0.023138845071849476
497,0.10108481809292069,0.08807375748155255,0.0,0.8636363636363635,0.0,0.9926470588235294,0.9791162430660055,1.0,0.0,0.5,0.3333333333333333,0.9595588235294118,0.5,0.008436805871674172,0.11128760040849134,0.5731879488367374,0.018865671254590474,0.002419866740274975,0.498444784012116,0.04123118054862597
498,0.9574711341021517,0.9125046228625,0.0,0.8863636363636365,0.0010964912280701754,0.9895470383275261,0.899716677945917,0.3333333333333333,0.3776415606234297,0.8333333333333334,0.5555555555555556,0.9930313588850174,0.2,0.338422034821761,0.022462795155330447,1.111214662513536,0.017104377517109578,0.015282299100121586,0.49895837789012626,0.07401164695547674
499,0.097076789153685,0.0855421067466906,0.03125,0.9318181818181819,0.0005595970900951316,0.8919753086419753,0.8355285142936256,0.0,0.17058232562960463,0.8333333333333334,0.6666666666666666,0.7253086419753086,0.0,0.009333992125887603,8.235307213974993,0.5005743533871294,0.0215620346229851,0.003476941997023394,0.267401232486994,0.04355854759531918
500,0.09707678915366336,0.0855421067466774,0.0,0.9090909090909091,0.0,0.8148148148148149,0.7758825224951225,0.0,0.17359309561368452,0.5,0.3333333333333333,0.6851851851851851,0.0,0.01087922792431959,0.047617460804596924,0.5876026020924796,0.020728392235205628,0.008235085365263335,0.26719946081181023,0.04564976285578996
501,0.09707678915366336,0.0855421067466774,0.0,0.9090909090909091,0.0,0.4814814814814815,0.6574643100643369,0.0,0.016061528491988608,0.5,0.3333333333333333,0.39814814814814814,0.0,0.009333992125887603,0.12616832463890112,0.550189292474056,0.020979886403037176,0.0024070376763084995,0.2962523223672917,0.04518243728715528
502,0.09707678915366336,0.0855421067466774,0.0,0.9090909090909091,0.0,0.537037037037037,0.6528372810390886,0.0,0.1430583974267846,0.5,0.3333333333333333,0.5864197530864197,0.0,0.01010164148077175,0.05897985061024555,0.5786320564373808,0.01990198253487454,0.002124828107463174,0.2981669818452068,0.038626337123956564
503,0.09707678915366336,0.0855421067466774,0.0,0.9090909090909091,0.0,0.2129629629629629,0.5049667986046562,0.0,0.16792254091103698,0.5,0.3333333333333333,0.3395061728395061,0.0,0.009333992125887603,0.12353267138275652,0.6644549339092511,0.020979886403037176,0.002523708458600241,0.3632859312205443,0.04728328547675144
504,0.09707678915366336,0.0855421067466774,0.0,0.9090909090909091,0.0,0.4228395061728395,0.5441018618536471,0.0,0.04457677213646527,0.5,0.3333333333333333,0.6265432098765432,0.0,0.011045796141028047,0.007899823027296407,0.5707904175658907,0.02037631948920142,0.0026582976508354355,0.22692657965134913,0.04035078310466108
505,0.09707678915366336,0.0855421067466774,0.0,0.9090909090909091,0.0,0.5092592592592593,0.6785523568414973,0.0,0.04867159790034026,0.5,0.3333333333333333,0.42901234567901236,0.0,0.011045796141028047,0.007899823027296407,0.5371872159990816,0.02037631948920142,0.0025408269897445337,0.2779396997976346,0.040663160308233956
506,0.09707678915366369,0.08554210674667756,0.0,0.9318181818181819,0.0005595970900951316,0.5123456790123457,0.7096139692162919,0.0,0.021941771644163777,0.5,0.3333333333333333,0.37037037037037035,0.0,0.01087922792431959,0.054866363346847385,0.4863431653045617,0.020728392235205628,0.002846904501509516,0.2713438324974655,0.04317517826872346
507,0.09707678915366336,0.0855421067466774,0.0,0.9090909090909091,0.0,0.20370370370370372,0.5324101686496279,0.0,0.04180335665210422,0.5,0.3333333333333333,0.5740740740740741,0.0,0.01010164148077175,0.05810635765643916,0.5446923366367212,0.01990198253487454,0.002124828107463174,0.24577085705018223,0.037860856671640936
508,0.10125810503659083,0.08817335425765649,0.0,0.8409090909090908,0.0,0.9595588235294118,0.8722862206495496,0.0,0.3264440242423128,0.5,0.3333333333333333,0.9632352941176471,0.0,0.009277898413462549,0.005692154497256671,0.5572182783475206,0.020858446904369648,0.00391452154594445,0.512262314293314,0.03260455462822873
509,0.09953463013970021,0.08718473385270992,0.0,0.8181818181818181,0.0,0.9779411764705882,0.8897128262696696,0.0,0.4169146124557417,0.5,0.3333333333333333,0.9632352941176471,0.1,0.009182821063748976,0.002880982719344703,0.5588935527984713,0.020696378651437395,0.002946882794385391,0.5103388775093363,0.030278884880067684
510,0.10500130879188063,0.09033423028038795,0.0,0.8636363636363635,0.0016313213703099511,0.9963235294117647,0.9146404373690087,1.0,0.5817998308617665,0.5,0.3333333333333333,0.9595588235294118,0.4,0.007749040793032158,0.016399501222332247,0.543012153623398,0.018696627712186782,0.006266272254821588,0.4926279913097761,0.0367308645741975
511,0.10043414325233258,0.08770016452432078,0.0,0.9090909090909091,0.0016313213703099511,0.9779411764705882,0.8832479701823656,0.25,0.19524589657316005,0.5,0.3333333333333333,0.9705882352941176,0.1,0.007749040793032158,0.014310022951093898,0.49758041450344953,0.018673447872215438,0.0038144657667457875,0.30265170664494345,0.035180627981829
512,0.0986635311431493,0.08668679698973741,0.0,0.9090909090909091,0.001087547580206634,0.9816176470588235,0.8622405511625179,0.0,0.1674488602419123,0.5,0.3333333333333333,0.9705882352941176,0.1,0.007749040793032158,0.014310022951093898,0.49048245602161483,0.01866894357440035,0.004359349851793808,0.2986657426930165,0.03582058563827804
513,0.09861213684978765,0.0866574579159407,0.0,0.8409090909090908,0.000543773790103317,0.9816176470588235,0.8631849938958865,0.0,0.4119866222342621,0.5,0.3333333333333333,0.9852941176470589,0.5,0.008436805871674172,0.05566113917804962,0.5262036661843268,0.01883946784328307,0.0025316584330763417,0.3556172964698762,0.04009988416698591
514,0.09942080810737108,0.08711960163539512,0.0,0.8636363636363635,0.0,0.9595588235294118,0.861793470362774,0.0,0.14192746179595472,0.5,0.3333333333333333,0.9632352941176471,0.0,0.008436805871674172,0.07218456690870073,0.5696763673456179,0.018839493654530127,0.0023937136676649108,0.4576306282196227,0.037858915544846314
515,0.0984785851428518,0.08658123903896048,0.0,0.8636363636363635,0.0,0.9705882352941176,0.889833243886872,0.0,0.3887275125552312,0.5,0.3333333333333333,0.9595588235294118,0.1,0.008436805871674172,0.023675086980187207,0.5728758179408012,0.018839467825812847,0.002522902766895649,0.4214097731404038,0.039246277721412814
516,0.10147954492998945,0.08830068784679612,0.0,0.8636363636363635,0.0,0.9595588235294118,0.8320627905031128,0.0,0.19140175735917309,0.5,0.3333333333333333,0.9742647058823529,0.0,0.008436805871674172,0.047091775005158584,0.5632263025348241,0.01884204090309004,0.0025316584330763417,0.4304070401720707,0.03641247667106436
517,0.0997220911159008,0.08729204868198337,0.0,0.8409090909090908,0.0,0.9742647058823529,0.8239194278744542,0.0,0.30932064980469176,0.5,0.3333333333333333,0.9816176470588235,0.1,0.008436805871674172,0.039231689667711137,0.6191123746545946,0.018839468273065554,0.0028551121767103928,0.5740325479994985,0.0365633376044446
518,0.10192924808024717,0.08855948518470874,0.0,0.8409090909090908,0.0,0.9448529411764706,0.8022154472092209,0.0,0.22984790729121396,0.5,0.3333333333333333,0.9705882352941176,0.0,0.009157281635124956,0.0016114354755964362,0.6157738595741646,0.01839586177333272,0.0035518416573370403,0.5824293097708733,0.03000656615618606
519,0.10171564836995983,0.0884365276488091,0.0,0.8636363636363635,0.0,0.9852941176470589,0.8869136823072709,0.5,0.33280547885783673,0.5,0.3333333333333333,0.9705882352941176,0.2,0.007749040793032158,0.04176925246823999,0.5794473315173142,0.018670729625418794,0.0030391657887397,0.581557945075404,0.03451987127153382
520,0.09769230622055713,0.08613312713250498,0.0,0.8409090909090908,0.0,0.9632352941176471,0.7562163378934027,0.0,0.264808726806504,0.5,0.3333333333333333,0.9889705882352942,0.1,0.008436805871674172,0.08456049957452871,0.5660421729205682,0.018839467825801533,0.0032462140510460032,0.2826290811973001,0.03920818600726021
521,0.09805843460881214,0.08634165480979977,0.0,0.8636363636363635,0.0,0.9852941176470589,0.8087067983171762,0.0,0.16989713546217855,0.5,0.3333333333333333,0.9963235294117647,0.5,0.009277898413462549,0.006133460210220589,0.5203811801497616,0.02086035634134074,0.0028786023706071223,0.34443265211730756,0.033922732702185605
522,0.0977109578479548,0.08614374436514355,0.0,0.8636363636363635,0.0,0.9889705882352942,0.8324166867433327,0.0,0.31129080875386306,0.5,0.3333333333333333,0.9852941176470589,0.3,0.009277898413462549,0.006133460210220589,0.5305715294301457,0.020858474074292647,0.002779836143412441,0.3473335813044774,0.03404770795290845
523,0.09801974051560913,0.08631960548527579,0.0,0.8409090909090908,0.0,0.9117647058823529,0.8586086644696462,0.0,0.21911112769967234,0.5,0.3333333333333333,0.9558823529411765,0.0,0.009182821063748976,0.06064454117465502,0.5853743823004658,0.020694765312583765,0.002591664894262828,0.4535038955184531,0.030391101084112873
524,0.10338121338118755,0.08939687121223533,0.0,0.8636363636363635,0.0,0.9852941176470589,0.9842947972103309,0.2,0.0,0.5,0.3333333333333333,0.9154411764705882,0.1,0.009182821063748976,0.07046832726254983,0.5527444434362611,0.02069477121422158,0.0024832179780367577,0.4417438517182174,0.027328653137301553
525,0.10642691936200799,0.09116144510651114,0.25,0.8863636363636365,0.001087547580206634,0.9926470588235294,0.93649313551055,0.6666666666666666,0.32320155691663144,0.8333333333333334,0.6666666666666666,0.9963235294117647,0.7,4.681310870579627,4.137556092688323,0.5859927083226211,0.028416640563137505,0.011057420579447514,0.5753599248375044,0.031120125715503474
526,0.10010050884290911,0.08750884496888212,0.0,0.8636363636363635,0.0,0.9154411764705882,0.8589182154371315,0.0,0.1884923576787796,0.5,0.3333333333333333,0.9411764705882353,0.0,0.009277898413462549,0.006133460210220589,0.5348486510882298,0.020860111202682094,0.0027468718868275434,0.4932026818118774,0.03147778518070346
527,0.09970256859100546,0.0872808701658443,0.0,0.8636363636363635,0.0,0.9375,0.9138200268015529,0.0,0.10052184426803545,0.5,0.3333333333333333,0.9448529411764706,0.0,0.009277898413462549,0.006133460210220589,0.532325756927528,0.020858485326924234,0.002741875151189981,0.4822963627493679,0.031072252553872356
528,0.10338121338118755,0.08939687121223533,0.0,0.8636363636363635,0.0,0.9852941176470589,0.9842947972103309,1.0,0.0,0.5,0.3333333333333333,0.9154411764705882,0.1,0.009157281635124956,0.16981435552459806,0.5479435901678871,0.018395034043363716,0.002867223836932512,0.4847440235893235,0.030701366263055134
529,0.09828090095887065,0.0864684749062371,0.0,0.8636363636363635,0.0,0.9705882352941176,0.8159084061059176,0.0,0.21466053440714639,0.5,0.3333333333333333,0.9779411764705882,0.1,0.007749040793032158,0.003717944361384936,0.5386223181122677,0.018668638744067663,0.002408627175500827,0.5641294127534249,0.031051329848077965
530,0.09841385778385581,0.08654430955107195,0.0,0.8636363636363635,0.0,0.9632352941176471,0.8397009737825879,0.0,0.23791972087848356,0.5,0.3333333333333333,0.9448529411764706,0.1,0.009182821063748976,0.014699930074308021,0.5403634071052386,0.0206947652337282,0.0029024936536651406,0.5051056091445214,0.027316418013610753
531,0.09852422235123315,0.08660728112104032,0.0,0.8409090909090908,0.0,0.9742647058823529,0.7634647352011266,0.0,0.45984486756420906,0.5,0.3333333333333333,1.0,0.1,0.007749040793032158,0.018001172398837424,0.6371677682056988,0.01866864279339258,0.0024821464090447752,0.6923101010773479,0.029914023985258945
532,0.10984744448274564,0.09315415844832686,0.0,0.9090909090909091,0.0,0.9852941176470589,0.8984074878993155,0.0,0.4092662306633503,0.5,0.3333333333333333,0.9926470588235294,0.5,0.009182821063748976,0.0334614851774449,0.5325714551279017,0.17695754637967523,0.00589623761652195,0.4759585544112472,0.03263298529204786
533,0.11694063756750006,0.09731461266561642,0.25,0.9090909090909092,0.0,0.9889705882352942,0.8882147263861776,0.0,0.4454568866419747,0.8333333333333334,0.6666666666666666,0.9963235294117647,0.5,1.5402416644772619,2.869369808099464,0.5511292636380251,0.01895761918430679,0.009757689555961195,0.3958395844939767,0.040035768691033584
534,0.10037431742107883,0.08766584574885855,0.0,0.9090909090909091,0.001087547580206634,0.9926470588235294,0.915045200574004,0.5,0.39577970920258565,0.5,0.3333333333333333,0.9926470588235294,0.6,0.007749040793032158,0.02291756245506034,0.533748530291449,0.018668640625617548,0.004716614210097003,0.4621001970292788,0.038591716653240606
535,0.09785485143958617,0.08622567510595286,0.0,0.9090909090909091,0.0,0.9816176470588235,0.874613071753199,0.0,0.1095737894907397,0.5,0.3333333333333333,0.9963235294117647,0.4,0.009277898413462549,0.005603478691883708,0.5404811006916383,0.020858445807440954,0.003234899048543758,0.39260910346152555,0.03547996390169198
536,0.09932283694636035,0.0870635561894682,0.0,0.8863636363636364,0.0016313213703099511,0.9963235294117647,0.8714653076414104,1.0,0.5876885031329666,0.5,0.3333333333333333,1.0,0.7,0.007749040793032158,0.00888598530780506,0.5463090110982634,0.018668949469193123,0.0037581880828904705,0.40789092791509235,3.260950272530618
537,0.09987645594175576,0.08738045813107798,0.0,0.9090909090909091,0.000543773790103317,0.9816176470588235,0.8892745454012574,0.3333333333333333,0.12268143332964665,0.5,0.3333333333333333,0.9963235294117647,0.3,0.009157281635124956,0.005641696680572714,0.5390735785146044,0.018395152955930954,0.003682799887429772,0.4306212867200165,0.03521484936060881
538,0.09787647302017133,0.08623798927629944,0.0,0.8181818181818181,0.000543773790103317,0.9779411764705882,0.8719063716486986,0.0,0.1314410897689049,0.5,0.3333333333333333,0.9816176470588235,0.2,0.009277898413462549,0.0061409919753932715,0.605329349357393,0.020858770231465304,0.002788396275250921,0.4989708413973671,0.030067313001379162
539,0.0978858334620385,0.08624332059956141,0.0,0.8181818181818181,0.0,0.9926470588235294,0.9274309612417105,0.3333333333333333,0.24461662785998717,0.5,0.3333333333333333,0.9779411764705882,0.4,0.009157281635124956,0.03561330375402239,0.6012120820212321,0.0184310802521221,0.0031258267355238644,0.5261138323285923,0.03028381554058233
540,0.09784449204058987,0.0862197753953739,0.0,0.8181818181818181,0.0,0.9117647058823529,0.8144656073701461,0.0,0.23247956401463765,0.5,0.3333333333333333,0.9595588235294118,0.0,0.009277898413462549,0.006140990982145867,0.5596730472467587,0.020858447818099188,0.0027523376643581775,0.43508130618291907,0.031034366102109804
541,0.09909791281611235,0.08693494404855795,0.0,0.8409090909090908,0.0,0.9485294117647058,0.8065450279203805,0.0,0.26224269271410106,0.5,0.3333333333333333,0.9705882352941176,0.0,0.008436805871674172,0.04581042291767362,0.5521663375744116,0.018839603970033255,0.0024059675357379668,0.5574112645413217,0.03915535368616383
542,0.09843467826944774,0.08655618767489609,0.0,0.8636363636363635,0.0,0.9522058823529411,0.797670890907598,0.0,0.016316681224119667,0.5,0.3333333333333333,0.9705882352941176,0.0,0.007749040793032158,0.04062230347499881,0.557995794643621,0.018668653602370088,0.0022269236523241344,0.5699392073704328,0.03329728262278688
543,0.09905232260455465,0.08690888541812136,0.0,0.8636363636363635,0.0,0.9485294117647058,0.7984857723509308,0.0,0.20718098756485182,0.5,0.3333333333333333,0.9558823529411765,0.0,0.007749040793032158,0.04062230347499881,0.5434610050578458,0.018669866771262204,0.0022191092046558603,0.5550468774269138,0.03350714719199609
544,0.09820069702400713,0.08642274363350022,0.0,0.8636363636363635,0.0,0.9816176470588235,0.8622978603099852,0.0,0.4038673418351577,0.5,0.3333333333333333,0.9816176470588235,0.4,0.007749040793032158,0.04234126846660701,0.5482853050620128,0.01866864248749107,0.004102370926967999,0.38058532395623873,0.03449141497397198
545,0.09807583622714466,0.08635157174867947,0.0,0.8181818181818181,0.0,0.9742647058823529,0.785012613437858,0.0,0.37331866678922987,0.5,0.3333333333333333,0.9963235294117647,0.1,0.009157281635124956,0.01005601763055565,0.5437046835479524,0.018395013382849955,0.004036361994639151,0.3935741097395607,0.03099951235917542
546,0.09833733673408562,0.08650066050938815,0.0,0.8636363636363635,0.0016313213703099511,0.9816176470588235,0.8434479369363558,0.0,0.43006081316179,0.5,0.3333333333333333,0.9926470588235294,0.6,0.009157281635124956,0.0028048532276945337,0.5611211844478743,0.018395013487127715,0.004309040048774227,0.45452283295553403,0.03402892177882625
547,0.09987769312221773,0.08738116682159935,0.0,0.8636363636363635,0.0,0.9485294117647058,0.8497740924955097,0.0,0.2258786443356372,0.5,0.3333333333333333,0.9485294117647058,0.0,0.009182821063748976,0.06413794945589953,0.5969366729644279,0.020748360234859806,0.0025228624541127186,0.6020799139566396,0.03149340644619164
548,0.0982725697898007,0.08646372406261754,0.0,0.8409090909090908,0.000543773790103317,0.9558823529411765,0.8708921108742422,0.25,0.16526223741385138,0.5,0.3333333333333333,0.9595588235294118,0.0,0.009157281635124956,0.02978057318845195,0.6234566476509195,0.01839511851082128,0.0030000376178130122,0.6019617327450554,0.032362944268339154
549,0.09918088390405111,0.08698237762737604,0.0,0.8636363636363635,0.0,0.9705882352941176,0.8537276602631174,0.0,0.35355808694470914,0.5,0.3333333333333333,0.9669117647058824,0.2,0.008436805871674172,0.05595436825416181,0.5618038397601676,0.01890034969953136,0.002473798341806454,0.5244959055467203,0.041848244652206434
550,0.9979074944464326,0.9536025163327858,0.9919678714859438,0.8636363636363636,0.0,0.9963235294117647,0.8713523788544124,1.0,0.5716162649752552,0.8333333333333334,1.0,0.9926470588235294,0.6,5.286329548170988,5.8726411243141134,0.9646800251058386,5.819153327683335,2.1700163299646897,1.6699571257971249,0.03440710589430067
551,0.9974410023562652,0.9526672041414757,0.0,0.8636363636363635,0.0,0.9926470588235294,0.8664765290357415,0.0,0.46781353358487066,0.5,0.3333333333333333,0.9926470588235294,0.3,0.007749040793032158,0.015830955159937148,0.49963280738467747,0.01866863892243811,0.006500265483680912,0.39030274967754985,0.03429710910508382
552,0.12119595868284361,0.09982402724085582,0.0,0.8863636363636364,0.0,0.9889705882352942,0.8537912363480924,0.0,0.3509052428103945,0.5,0.3333333333333333,0.9963235294117647,0.5,0.009277898413462549,0.005603478691883708,0.593795859210316,0.020858445805843565,0.0036814845478447705,0.27167892550898387,0.03146507845687387
553,0.09993639773937679,0.08741479847045014,0.0,0.8181818181818181,0.0,0.9779411764705882,0.8141555768727495,0.0,0.2514178055390818,0.5,0.3333333333333333,0.9889705882352942,0.4,0.008436805871674172,0.005558253642234747,0.610543110613504,0.018949521166710274,0.002704194702189341,0.5289651905826492,0.04206085019554901
554,0.0980188264586993,0.08631908465356142,0.0,0.8181818181818181,0.000543773790103317,0.9963235294117647,0.8785031424281091,1.0,0.5676457670571935,0.5,0.3333333333333333,1.0,0.4,0.009277898413462549,0.008948664392473065,0.6022079938934457,0.020858761511612384,0.0029814016976273576,0.5168664304537939,0.0366607906091108
555,0.11920170373673966,0.09864696029063635,0.0,0.8181818181818181,0.000543773790103317,0.9889705882352942,0.8656316195258282,0.0,0.40379734873371464,0.5,0.3333333333333333,0.9926470588235294,0.6,0.008436805871674172,0.018355463502700717,0.5991765892155039,6.136784431899982,0.007450826887305995,0.9724718172212341,0.04152631253653091
556,0.0978200375981848,0.08620584927011904,0.0,0.8636363636363635,0.000543773790103317,0.9889705882352942,0.8965059483878141,0.0,0.18487114972522245,0.5,0.3333333333333333,0.9889705882352942,0.4,0.009157281635124956,0.03961043157413389,0.5893327485545236,0.018395017791687687,0.0029268228083336677,0.4815792824868926,0.036011211020580504
557,0.09799759016985721,0.08630698458021052,0.0,0.8636363636363635,0.002175095160413268,0.9963235294117647,0.931145728947598,0.3333333333333333,0.5505257678005595,0.5,0.3333333333333333,0.9852941176470589,0.4,0.008436805871674172,0.035360722378972205,0.632025763008937,0.018839467825801533,0.0026640644581071896,0.495099507697368,0.044255828702653224
558,0.09794397763248153,0.0862764406007494,0.0,0.8409090909090908,0.0,0.9779411764705882,0.835162212686774,0.0,0.4081112669986878,0.5,0.3333333333333333,1.0,0.4,0.007749040793032158,0.006452858149149571,0.5780284950394036,0.018668638782030667,0.002235469491406824,0.39630401953617317,0.03652180948885262
559,0.09831371713796178,0.08648718947202583,0.0,0.8409090909090908,0.0,0.8860294117647058,0.8453309206072775,0.0,0.11047228224556283,0.5,0.3333333333333333,0.9227941176470589,0.0,0.009277898413462549,0.005912118337045173,0.5360410547230884,0.0208584457862092,0.002741875151189981,0.41660099270589457,0.032939824078740125
560,0.10520807934511056,0.09045407671095851,0.0,0.8409090909090908,0.0,0.9191176470588235,0.8506475948890797,0.0,0.1108818748997128,0.5,0.3333333333333333,0.9485294117647058,0.0,0.13597948018664865,0.22138030210027074,0.5701272594051046,0.018399409900138743,0.003929171634201358,0.6633988450658024,0.03097290748312835
561,0.10069730337248295,0.08785118740483694,0.0,0.8409090909090908,0.0,0.9558823529411765,0.8976636905940987,0.0,0.29724815567350527,0.5,0.3333333333333333,0.9485294117647058,0.0,0.007749040793032158,0.009290546390655364,0.5805050135035833,0.01915049996593776,0.002417864875185978,0.517429001839848,0.03369864212543263
562,0.09777261569205942,0.0861788468456735,0.0,0.7954545454545454,0.0,0.9705882352941176,0.8110820037815148,0.0,0.20882401378599091,0.5,0.3333333333333333,0.9742647058823529,0.2,0.008436805871674172,0.02187391063462367,0.5568726824075563,0.018839467825801533,0.0023937136676649108,0.3535819623568428,0.03927535174903221
563,0.09815140326297955,0.08639464246822226,0.0,0.7954545454545454,0.000543773790103317,0.9779411764705882,0.8539096440504446,0.5,0.2801125262913905,0.5,0.3333333333333333,0.9742647058823529,0.3,0.009157281635124956,0.0057009510587860916,0.5220431638477677,0.018395020925787393,0.003023098438813612,0.3638238184965189,0.0322187457256455
564,0.10303602900671904,0.08919755357420983,0.0,0.7954545454545454,0.0,0.9779411764705882,0.8622712765314943,0.0,0.25361805477972243,0.5,0.3333333333333333,0.9742647058823529,0.2,0.007749040793032158,0.024610794081404392,0.5699558680640345,0.018668638720885092,0.0023572241927886394,0.40323754476829177,0.034488701470773396
565,0.10937826456034594,0.09288022056695933,0.25,0.8636363636363636,0.0,0.8897058823529411,0.8298576157406287,0.0,0.09004107159847408,0.8333333333333334,0.6666666666666666,0.9301470588235294,0.0,5.669149814045293,0.775104779200178,0.5519442439293967,0.1725834487015917,0.05840903642990881,0.5656173731586868,0.03390971265276588
566,0.1008939637332108,0.08796411291729622,0.0,0.8409090909090908,0.0,0.8897058823529411,0.8227486538760749,0.0,0.05375337841661154,0.5,0.3333333333333333,0.9301470588235294,0.0,0.009182821063748976,0.002649941885110859,0.5531174951980585,0.020696619273405367,0.0024832179780367577,0.5049335889451017,0.029271864235554983
567,0.09882085102570193,0.08677663239424038,0.0,0.8409090909090908,0.0,0.9338235294117647,0.8824177649013147,0.0,0.17883607161968074,0.5,0.3333333333333333,0.9375,0.0,0.008436805871674172,0.06348336759457002,0.5807026671924465,0.01883965051025878,0.002419866740274975,0.4661492758428399,0.03609588227043996
568,0.19151242445405126,0.14158359159213585,0.9919678714859438,0.9318181818181819,0.000543773790103317,0.9963235294117647,0.9527826011014333,0.3333333333333333,0.6243934179429569,0.8333333333333334,1.0,0.9742647058823529,0.2,6.175177385941756,4.888320479718097,0.7654716981183484,5.923973055515889,4.489816792445812,0.42246725571041466,0.04075066414629754
569,0.09820819035676465,0.08642701576758682,0.0,0.8409090909090908,0.0,0.9816176470588235,0.8577845948124472,0.0,0.28137681963541294,0.5,0.3333333333333333,0.9742647058823529,0.1,0.009182821063748976,0.008895702530016314,0.48505992911041335,0.020694765703241493,0.002831988969008279,0.28498179771893595,0.029524524421648574
570,0.10006205196232765,0.08748680297293443,0.0,0.9090909090909091,0.0,0.9816176470588235,0.8747484028092388,0.0,0.08429606942563139,0.5,0.3333333333333333,0.9742647058823529,0.3,0.009277898413462549,0.005603478691883708,0.49654279236689264,0.020858446890022506,0.0028372129295817,0.35551201069690413,0.03388674956118072
571,0.09761611454793984,0.08608976236211219,0.0,0.8636363636363635,0.0,0.9705882352941176,0.8906846874442471,0.0,0.30169138997626743,0.5,0.3333333333333333,0.9669117647058824,0.2,0.008436805871674172,0.046572103935067916,0.5465771627968051,0.018839467825801533,0.0024840710465799257,0.418626187202094,0.04042551163277905
572,0.09949481620151956,0.08716194885195538,0.0,0.8409090909090908,0.0,0.9669117647058824,0.8810730029950994,0.0,0.29735450541019104,0.5,0.3333333333333333,0.9632352941176471,0.2,0.009182821063748976,0.11084531697116602,0.5252234675909591,0.020947354657621715,0.0025552167936747925,0.38299290657730906,0.029045105055090344
573,0.09765880129213989,0.08611405639193243,0.0,0.8636363636363635,0.000543773790103317,0.9669117647058824,0.850799624027048,0.0,0.22513854578017034,0.5,0.3333333333333333,0.9705882352941176,0.1,0.009277898413462549,0.00560353636668718,0.5357751545935963,0.02085844578368337,0.0028042342530448425,0.43381403702024834,0.031130860333997673
574,0.09818952921645474,0.08641637677084374,0.0,0.8409090909090908,0.0,0.9338235294117647,0.8312201613728665,0.0,0.16009947215377462,0.5,0.3333333333333333,0.9522058823529411,0.0,0.007749040793032158,0.0031298103164709296,0.5992544384382502,0.01867125614570987,0.0021939911696629475,0.519837489700968,0.03274447061616958
575,0.09794698851828798,0.08627815581980508,0.0,0.8409090909090908,0.0016313213703099511,0.9816176470588235,0.88129957764933,0.3333333333333333,0.4165872177659533,0.5,0.3333333333333333,0.9632352941176471,0.2,0.007749040793032158,0.007977829669699463,0.5913913354990955,0.01866867978384442,0.0022842423608102377,0.5079525559991649,0.035711098855189805
576,0.09780712816130921,0.0861984981334748,0.0,0.8181818181818181,0.000543773790103317,0.9338235294117647,0.8266337884439771,0.0,0.14505878683831142,0.5,0.3333333333333333,0.9485294117647058,0.0,0.008436805871674172,0.01503860242715247,0.6155373092893768,0.018839467825801533,0.002419866740274975,0.6113937413978517,0.04012971735187344
577,0.09826399642602313,0.08645883523231523,0.0,0.8636363636363635,0.0,0.9375,0.8155744669860638,0.0,0.04757784911024221,0.5,0.3333333333333333,0.9558823529411765,0.0,0.007749040793032158,0.020388247290862332,0.5679995381380352,0.01866863873760883,0.0021994546402118484,0.6030492299835953,0.02964652571101284
578,0.10457754077734738,0.09008875627990381,0.0,0.8409090909090908,0.0,0.9007352941176471,0.7501981176282295,0.0,0.2936317272017698,0.5,0.3333333333333333,0.9595588235294118,0.0,0.007749040793032158,0.005916771769989027,0.5791258949779046,0.019602577391582676,0.002275695115412325,0.6688651824193969,0.030499534548596063
579,0.10133227454806815,0.08821599601603886,0.0,0.8409090909090908,0.0,0.9411764705882353,0.7836333837235141,0.0,0.4044540791986708,0.5,0.3333333333333333,0.9852941176470589,0.0,0.008436805871674172,0.042029248208783114,0.5668691631634595,0.019077995613934036,0.0024059675357379668,0.562270545749153,0.03473592581649584
580,0.09890665138730037,0.08682564481543881,0.0,0.8409090909090908,0.001087547580206634,0.9889705882352942,0.9191076737545689,0.0,0.061456208635063514,0.5,0.3333333333333333,0.9816176470588235,0.2,0.009157281635124956,0.09493586890272455,0.5816572368098105,0.018679765573132084,0.0031776476285652142,0.5080211552340246,0.034588089940205985
581,0.09980059480849945,0.08733700554259355,0.0,0.8409090909090908,0.000543773790103317,0.9889705882352942,0.9430865499705259,0.5,0.2652955024725058,0.5,0.3333333333333333,0.9301470588235294,0.1,0.009157281635124956,0.09493586890272455,0.5737930043642278,0.022781259501126506,0.0030763161565737994,0.5108361500194866,0.03485697248690495
582,0.09801745328431444,0.08631830221912257,0.0,0.8181818181818181,0.0,0.9632352941176471,0.9095247469751581,0.0,0.3661334678984386,0.5,0.3333333333333333,0.9191176470588235,0.1,0.009277898413462549,0.005611013460897843,0.5585152013013971,0.020858445784160063,0.002779836143412441,0.443686370714035,0.034231566678454235
583,0.09823300660922807,0.08644116481714226,0.0,0.8636363636363635,0.0,0.9705882352941176,0.8014768622865118,0.0,0.27834464956948035,0.5,0.3333333333333333,0.9889705882352942,0.3,0.007749040793032158,0.0040759351100465285,0.5269658225656672,0.018668639070959697,0.00337504983074483,0.38776165392762246,0.037299803218045935
584,0.09844831145086819,0.0865639658317644,0.0,0.8636363636363635,0.0,0.9595588235294118,0.8198830256888567,0.0,0.1428317328437636,0.5,0.3333333333333333,0.9852941176470589,0.0,0.009182821063748976,0.004933045336933704,0.4895420957304544,0.020697860333732613,0.0028792012595279504,0.2858171580986737,0.03135047639818339
585,0.09850218608984807,0.08659470607070346,0.0,0.8409090909090908,0.0,0.9742647058823529,0.8030495937119453,0.0,0.3011835156010535,0.5,0.3333333333333333,0.9816176470588235,0.2,0.007749040793032158,0.020357921440114606,0.5586788140699923,0.01866868443453729,0.0028570168497480727,0.3892925923375928,0.03376461029854371
586,0.0979492481753933,0.08627944309497215,0.0,0.8181818181818181,0.000543773790103317,0.9963235294117647,0.9273725901862812,0.5,0.559132863703683,0.5,0.3333333333333333,0.9779411764705882,0.5,0.009157281635124956,0.002979631446386612,0.5698094140286432,0.018398013714855246,0.003368742788724698,0.4794613310579349,0.03433743287524348
587,0.09837807140789023,0.08652389508610386,0.0,0.8636363636363635,0.0,0.9889705882352942,0.884961583410259,0.0,0.23631134733297954,0.5,0.3333333333333333,0.9852941176470589,0.3,0.009182821063748976,0.04939676500353668,0.6117278360323323,0.020752654420552206,0.002511215863831457,0.4640708858732804,0.027275938674992176
588,0.0980013155644025,0.0863091071889398,0.0,0.8409090909090908,0.0,0.9705882352941176,0.8637627093015224,0.0,0.1665955584058122,0.5,0.3333333333333333,0.9448529411764706,0.1,0.009277898413462549,0.006369379898382265,0.5828155271655179,0.02085844633620071,0.002758316513275586,0.42137532141328754,0.03229235835765393
589,0.09793017974642049,0.08626858052796493,0.0,0.8181818181818181,0.0,0.9926470588235294,0.8497412608103307,0.0,0.4106924075951217,0.5,0.3333333333333333,1.0,0.4,0.008436805871674172,0.0165324097863976,0.6418041916428424,0.018839467825801533,0.002937143892574442,0.5694825997191374,0.03907729206312049
590,0.09792637404302251,0.08626641263860196,0.0,0.8409090909090908,0.001087547580206634,0.9779411764705882,0.8330508281677704,0.0,0.4144574751035932,0.5,0.3333333333333333,0.9926470588235294,0.3,0.009277898413462549,0.006369379898382265,0.598306387984828,0.02085844578465319,0.00286539161558507,0.48905326074332583,0.03408476824116129
591,0.09802035694905475,0.08631995673129406,0.0,0.8409090909090908,0.000543773790103317,0.9926470588235294,0.8952509878304693,0.5,0.2928365224053545,0.5,0.3333333333333333,0.9926470588235294,0.7,0.008436805871674172,0.003449516524540529,0.5477964836222597,0.018839467833445527,0.0024059675357379668,0.3990847860966593,0.04165975867501728
592,0.0995257111705512,0.08717962943251495,0.0,0.8636363636363635,0.0,0.9154411764705882,0.8817180564946814,0.0,0.20858544512648491,0.5,0.3333333333333333,0.9044117647058824,0.0,0.009182821063748976,0.0036777010326673972,0.5610883058704077,0.020694766315270816,0.002591664894262828,0.500137705215576,0.02906377999325274
593,0.0979240060313239,0.08626506373226867,0.0,0.8409090909090908,0.0,0.9154411764705882,0.8418556516434081,0.0,0.09863313679944796,0.5,0.3333333333333333,0.9338235294117647,0.0,0.009182821063748976,0.012137705989289736,0.5504679140649219,0.020694765233866593,0.0025867272782473384,0.45066248193374414,0.03098059503545556
594,0.09853838049561725,0.08661536093898153,0.0,0.8409090909090908,0.0,0.9227941176470589,0.8578383711867078,0.0,0.2846340684705043,0.5,0.3333333333333333,0.9448529411764706,0.0,0.007749040793032158,0.012434015346526309,0.5631522191121596,0.018668814351585974,0.0021939911696629475,0.42428474188415766,0.030538326456427192
595,0.0988266681499208,0.08677995497085278,0.0,0.8863636363636364,0.0,0.9301470588235294,0.8696066648409504,0.0,0.0034622325812018184,0.5,0.3333333333333333,0.9301470588235294,0.0,0.009277898413462549,0.00560353636668718,0.5190315263153162,0.020858445852157875,0.0029740552206766633,0.4165113677610899,0.032267793745926004
596,0.09873961585898239,0.08673023900239196,0.0,0.8409090909090908,0.0,0.8860294117647058,0.8369706939008532,0.0,0.09246642910344183,0.5,0.3333333333333333,0.9227941176470589,0.0,0.009157281635124956,0.0026189936209243753,0.5574217394124221,0.018395013367865944,0.002867223836932512,0.4506646780884883,0.031762738776700265
597,0.10768981243365205,0.0918959422846205,0.0,0.8409090909090908,0.0,0.9007352941176471,0.84476798630843,0.0,0.09810530469665768,0.5,0.3333333333333333,0.9338235294117647,0.0,0.009277898413462549,0.005912118337045173,0.5520496721242538,0.020859503672516707,0.002822226851065269,0.5041067909700137,0.03197319432110099
598,0.09895152298698018,0.08685128200495196,0.0,0.8636363636363635,0.0,0.9779411764705882,0.9412786136702491,0.0,0.2841335473687704,0.5,0.3333333333333333,0.9632352941176471,0.3,0.009182821063748976,0.10579151346457343,0.5771645129183451,0.0206947855170478,0.0025867272782473384,0.5444271131367665,0.031961324002684116
599,0.09942510697755658,0.08712206121071986,0.0,0.8636363636363635,0.000543773790103317,0.9926470588235294,0.9493682512434961,0.3333333333333333,0.3200217969902581,0.5,0.3333333333333333,0.9669117647058824,0.4,0.009277898413462549,0.0056110144546718185,0.5668451903505519,0.020992982530698135,0.0029329933940982138,0.49816565493381776,0.03504791668845766
600,0.09881079821461913,0.08677089064211041,0.0,0.8636363636363635,0.0,0.9522058823529411,0.8624972264598096,0.0,0.17928079656488582,0.5,0.3333333333333333,0.9779411764705882,0.0,0.009182821063748976,0.018135347473150466,0.5969753698715968,0.020696387711604272,0.0025977872825935873,0.6219748432707428,0.03153045299060735
601,0.10721674258642755,0.09162062684447775,0.0,0.8636363636363635,0.0,0.9448529411764706,0.8244826372480093,0.0,0.1728087359657302,0.5,0.3333333333333333,0.9558823529411765,0.0,0.009182821063748976,0.042921480987160004,0.5526621824962301,0.02069476524462451,0.0024881431781689834,0.6440813923793542,0.025368578284756395
602,0.0989866217456995,0.0868713378161039,0.0,0.8863636363636364,0.0,0.9411764705882353,0.8361570494098686,0.0,0.17279380709322656,0.5,0.3333333333333333,0.9338235294117647,0.0,0.007749040793032158,0.024131710259246673,0.5494456998974462,0.01866870369126887,0.002266212411595179,0.5912948896044342,0.030368475580247974
603,0.0991202380880164,0.0869477060443391,0.0,0.8863636363636364,0.0,0.9669117647058824,0.8343784040407756,0.0,0.056366946634507364,0.5,0.3333333333333333,0.9742647058823529,0.1,0.007749040793032158,0.045676486643161124,0.527909159436887,0.018668645235470616,0.0022191092046558603,0.5712791922692297,0.03238140623335013
604,0.09878481886124102,0.08675605307680412,0.0,0.8636363636363635,0.0,0.9338235294117647,0.9058614541229215,0.0,0.09314889208870936,0.5,0.3333333333333333,0.9448529411764706,0.0,0.009157281635124956,0.19473063918951744,0.5399719478271482,0.01839501627793814,0.002867223836932512,0.4390691392571707,0.0316844118421608
605,0.0983380375585865,0.08650106022690629,0.0,0.8409090909090908,0.0,0.9632352941176471,0.8000728312540204,0.0,0.2978550545756471,0.5,0.3333333333333333,0.9742647058823529,0.1,0.008436805871674172,0.06115629096972486,0.5581428661710577,0.01883986012905047,0.0025869820505020056,0.4496617089727369,0.03954397013646942
606,0.10006314737348343,0.08748743078572557,0.0,0.8636363636363635,0.0,0.9191176470588235,0.8369621353536707,0.0,0.12859224307408457,0.5,0.3333333333333333,0.9448529411764706,0.0,0.009182821063748976,0.0583203184514216,0.5329489003211229,0.020694978237574196,0.0024881431781689834,0.36926558646149227,0.029737799617265328
607,0.10013674429647113,0.0875296157799772,0.0,0.8636363636363635,0.0,0.9485294117647058,0.8318953952924819,0.0,0.25224688138313744,0.5,0.3333333333333333,0.9779411764705882,0.0,0.008436805871674172,0.03175404442843768,0.6205905414426499,0.018839632176719554,0.0023937136676649108,0.6899696895538624,0.03950151027891949
608,0.09889986434002895,0.0868217673578568,0.0,0.8409090909090908,0.0,0.9705882352941176,0.8622678798656226,0.0,0.21488088538945682,0.5,0.3333333333333333,0.9705882352941176,0.2,0.008436805871674172,0.09738544349241555,0.580051707666693,0.018839474048466247,0.002704194702189341,0.5047492314424978,0.03985451297432661
609,0.09873994374338024,0.08673042623548055,0.0,0.8636363636363635,0.0,0.9669117647058824,0.8560131861352227,0.0,0.20091415326887063,0.5,0.3333333333333333,0.9852941176470589,0.2,0.009277898413462549,0.006369379898382265,0.5965146850095507,0.020858632642627318,0.0029652348844421777,0.5642494595297526,0.03327689829327839
610,0.09952216457418117,0.08717759970836086,0.0,0.8409090909090908,0.000543773790103317,0.9485294117647058,0.8946131296614649,0.0,0.20641806047410904,0.5,0.3333333333333333,0.9411764705882353,0.0,0.009157281635124956,0.013716943949591002,0.5788927536292257,0.018395019392065042,0.0030536633596462636,0.5212934618236614,0.030708354187166775
611,0.09860914809976251,0.086655751890922,0.0,0.8636363636363635,0.0,0.9742647058823529,0.8397206130655798,0.0,0.2549621770909941,0.5,0.3333333333333333,0.9742647058823529,0.2,0.009157281635124956,0.008294685660837756,0.48857636321704784,0.018395018837439412,0.003676559993277179,0.29810712122457866,0.033835222759474884
612,0.09915164030419377,0.08696565814079749,0.0,0.8636363636363635,0.0,0.9852941176470589,0.9060758676444918,0.0,0.2795499829086343,0.5,0.3333333333333333,0.9558823529411765,0.1,0.009157281635124956,0.012844722819065488,0.568806256389276,0.018395013359709573,0.0031776476285652142,0.44119640527144044,0.033033875588636165
613,0.10313963065161413,0.08925736025653841,0.0,0.8409090909090908,0.0,0.9632352941176471,0.85368589994541,0.0,0.3846987728602208,0.5,0.3333333333333333,0.9669117647058824,0.1,0.009157281635124956,0.008180676454773852,0.6152427308411398,0.018395017049855786,0.0034125127702271736,0.5696325491583893,0.03247722221457275
614,0.09922666394844548,0.08700855428539012,0.0,0.8863636363636364,0.0,0.9595588235294118,0.8260671192438186,0.0,0.053461523915141806,0.5,0.3333333333333333,0.9742647058823529,0.0,0.009277898413462549,0.005603478691883708,0.5199532677275703,0.02085844579855062,0.0027468718868275434,0.4820647153596592,0.031494288374829815
615,0.09845041641335717,0.0865651668031166,0.0,0.8409090909090908,0.0,0.9705882352941176,0.9526899734568489,0.0,0.2231195021398209,0.5,0.3333333333333333,0.9411764705882353,0.1,0.008436805871674172,0.08351408928219975,0.5591226684625937,0.018839467935773062,0.0024356322385235933,0.41266778140046795,0.03823747667279658
616,0.09961620953499495,0.08723142844218845,0.0,0.8409090909090908,0.0,0.9705882352941176,0.9559840235013187,0.0,0.2359457565300228,0.5,0.3333333333333333,0.9338235294117647,0.1,0.009277898413462549,0.006140990982145867,0.5387329238895171,0.02085844890418489,0.002741875151189981,0.4992065883684133,0.03101076673782798
617,0.0980026930751996,0.08630989205598016,0.0,0.8636363636363635,0.000543773790103317,0.9963235294117647,0.8447656674135535,1.0,0.6234682994461228,0.5,0.3333333333333333,1.0,1.0,0.009182821063748976,0.003508924883381215,0.5419651983561803,0.020694765234066645,0.0035960092814137463,0.5549681611904642,2.364390372816949
618,0.10193874975821282,0.08856495623986,0.0,0.8863636363636364,0.002175095160413268,0.9889705882352942,0.9130072158074041,0.3333333333333333,0.434194823539952,0.5,0.3333333333333333,0.9889705882352942,0.3,0.009182821063748976,0.0051068491806190615,0.5205225366531057,0.020695230280237165,0.0027694558947623303,0.43437587589911236,0.030693827280049747
619,0.09902863173470822,0.08689534543978034,0.0,0.8863636363636364,0.0,0.9852941176470589,0.8832368228876394,0.0,0.4088636746357024,0.5,0.3333333333333333,0.9816176470588235,0.3,0.009182821063748976,0.003862022159578449,0.4956244625093845,0.020694765349483866,0.0025867272782473384,0.30646769872516366,0.031797081077671645
620,0.09795461505497527,0.08628250052003317,0.0,0.8181818181818181,0.000543773790103317,0.9816176470588235,0.8850139675420011,0.3333333333333333,0.14190888784741906,0.5,0.3333333333333333,0.9779411764705882,0.3,0.007749040793032158,0.005134694542253012,0.6076618865525237,0.01866863872089776,0.0027926005103689417,0.4389481479833894,0.028113889120265443
621,0.10021830055189185,0.08757637251098715,0.0,0.8636363636363635,0.000543773790103317,0.9669117647058824,0.8239446028524252,0.5,0.13759625859155789,0.5,0.3333333333333333,0.9705882352941176,0.1,0.009182821063748976,0.055546436992689026,0.5590656668290566,0.020694765236624023,0.0024942506035394696,0.569764853910946,0.02946485434732857
622,0.09977233186931234,0.08732081905045425,0.0,0.8636363636363635,0.0,0.9852941176470589,0.8146686343370814,0.0,0.43741280177320063,0.5,0.3333333333333333,0.9816176470588235,0.2,0.009157281635124956,0.015055438874368691,0.5406857037570995,0.018395084556291148,0.00650807673182321,0.4231422598152469,0.03491752828914795
623,0.09825795588102082,0.08645539077939701,0.0,0.8409090909090908,0.0,0.9375,0.8363153078078331,0.0,0.1667318717819981,0.5,0.3333333333333333,0.9448529411764706,0.0,0.008436805871674172,0.021994165555961852,0.6173354454682491,0.01883947686756865,0.0023937136676649108,0.608692774988941,0.03941053537949498
624,0.998035439441767,0.9538663912044928,0.0,0.8409090909090908,0.000543773790103317,0.9742647058823529,0.8112624656461157,0.0,0.4177427731828828,0.5,0.3333333333333333,0.9926470588235294,0.3,0.009182821063748976,0.000859880077587367,0.5247343815835365,0.020694765233728766,0.004536953489911191,0.4085521217124647,0.02474966414696824
625,0.10030679775707219,0.08762711981552329,0.0,0.8181818181818181,0.009244154431756389,0.9889705882352942,0.8707988103348108,0.0,0.3947597418585269,0.5,0.3333333333333333,0.9926470588235294,0.8,0.009182821063748976,0.011722231533193763,0.6150315778400062,0.020697651863015885,0.002614792386309976,0.5007198894870781,0.02765314022839883
626,0.0977957674434432,0.08619202914325153,0.0,0.8636363636363635,0.000543773790103317,0.9889705882352942,0.9128769999700491,0.0,0.1358416629762177,0.5,0.3333333333333333,0.9889705882352942,0.4,0.008436805871674172,0.05211942349746615,0.6024078947975982,0.018839467825801533,0.0024535146692327087,0.4372672480348497,0.04331671794332911
627,0.09942137126081996,0.0871199238460777,0.0,0.8409090909090908,0.0,0.9411764705882353,0.9110163226763062,0.0,0.3659894639703981,0.5,0.3333333333333333,0.8970588235294118,0.0,0.009182821063748976,0.004929295088661707,0.5594471976746896,0.020694808079672722,0.0024832179780367577,0.5012428030207509,0.0302488439807851
628,0.9911510976650069,0.9419422782195754,0.0,0.7954545454545454,0.0,0.9669117647058824,0.785667830081313,0.0,0.18452168224752885,0.5,0.3333333333333333,0.9779411764705882,0.2,0.009277898413462549,0.008948664392473065,0.5826230227254989,0.020858445783666937,0.0029973677440755463,0.43081804296194537,0.03285675473791239
629,0.0987200549445717,0.08671906940516355,0.0,0.8181818181818181,0.0,0.9669117647058824,0.9146859483138019,0.0,0.28323351397180685,0.5,0.3333333333333333,0.9191176470588235,0.1,0.009277898413462549,0.0059120446879703135,0.5701513668724036,0.020858445783810454,0.0027468718868275434,0.44128424022454105,0.03104540503757008
630,0.10372219242314529,0.08959390243818977,0.0,0.8636363636363635,0.0,0.9632352941176471,0.7994867449826304,0.0,0.3401719082083957,0.5,0.3333333333333333,0.9705882352941176,0.1,0.009182821063748976,0.007728310557476009,0.5346851197407597,0.020694778023242356,0.002511215863831457,0.41496363860036534,0.031717960503681884
631,0.09772042257281799,0.08614913229373289,0.0,0.8181818181818181,0.0,0.9448529411764706,0.8141661148158978,0.0,0.1102169249359517,0.5,0.3333333333333333,0.9705882352941176,0.0,0.007749040793032158,0.00775007912878064,0.5542896977425799,0.018668638720885092,0.002345745446322781,0.43160823081450694,0.03299542024641325
632,0.09796614674197024,0.08628907010840153,0.0,0.8409090909090908,0.0,0.9375,0.7789530990463671,0.0,0.1991401327582374,0.5,0.3333333333333333,0.9632352941176471,0.0,0.009157281635124956,0.011486999983911624,0.6181737227906645,0.018395522206490808,0.002979059462472653,0.5805117192255688,0.0324120883219018
633,0.09948171801295824,0.08715445347574291,0.0,0.8409090909090908,0.0,0.9044117647058824,0.7814638329612149,0.0,0.2427783510004441,0.5,0.3333333333333333,0.9375,0.0,0.008436805871674172,0.007377668083921414,0.5616966930826288,0.018839510951966572,0.0024979819927730545,0.5890188692450327,0.037053497506152805
634,0.09805665783942819,0.08634064228369698,0.0,0.8181818181818181,0.0,0.9191176470588235,0.8491851680473133,0.0,0.28045108136197705,0.5,0.3333333333333333,0.9411764705882353,0.0,0.008436805871674172,0.03082618891394223,0.576236929542794,0.018839467825801533,0.002876679748664275,0.41714161596510446,0.04048346242661666
635,0.09829101769236859,0.0864742441281744,0.0,0.8636363636363635,0.0016313213703099511,0.9926470588235294,0.869042317577324,0.0,0.49655524738375023,0.5,0.3333333333333333,0.9889705882352942,0.5,0.007749040793032158,0.009254004854410348,0.532697623296882,0.01866863950884366,0.005250233459778032,0.3672224648766721,0.034440197909389465
636,0.09808190274377837,0.08635502909589005,0.0,0.8409090909090908,0.001087547580206634,0.9963235294117647,0.9243747883095532,1.0,0.5546960779978909,0.5,0.3333333333333333,1.0,0.7,0.007749040793032158,0.01417059821618583,0.5437448992020775,0.01866869276004287,0.002503929636657965,0.3833009024755665,0.03523271072186396
637,0.09775352529243453,0.08616797774708412,0.0,0.7954545454545454,0.000543773790103317,0.9926470588235294,0.8556966162346487,0.0,0.4786587620560686,0.5,0.3333333333333333,0.9963235294117647,0.4,0.009277898413462549,0.007283129730110122,0.5954465465487774,0.020858445783730757,0.0033583022574732325,0.4635344238156059,0.03258411431914411
638,0.09860731337793771,0.08665470460506935,0.0,0.8863636363636364,0.0,0.9301470588235294,0.8690943413762173,0.0,0.0034502868855321722,0.5,0.3333333333333333,0.9301470588235294,0.0,0.009277898413462549,0.00560353636668718,0.5195993186584273,0.020858445811061634,0.0029740552206766633,0.41692114753804754,0.032305806685277924
639,0.09914769868276796,0.08696340470077957,0.0,0.8409090909090908,0.0,0.9191176470588235,0.8505108424203273,0.0,0.10888935453087312,0.5,0.3333333333333333,0.9301470588235294,0.0,0.008436805871674172,0.0188243965002307,0.5434213744113383,0.018839474201538677,0.0023937136676649108,0.38393052347798934,0.03710300366254121
640,0.09949823412511893,0.08716390479875452,0.0,0.8636363636363635,0.001087547580206634,0.9852941176470589,0.9366183248778288,0.5,0.3964238195412525,0.5,0.3333333333333333,0.9779411764705882,0.5,0.009277898413462549,0.005611013460897843,0.5490199491270383,0.8725023152860171,0.0028888617765012153,0.4516986038630535,0.03416605650051179
641,0.09893041003479397,0.086839218798066,0.0,0.8636363636363635,0.0,0.9485294117647058,0.8477592745689849,0.0,0.13099799997589345,0.5,0.3333333333333333,0.9522058823529411,0.0,0.007749040793032158,0.0019302927394063965,0.5516873591280583,0.018668658527639687,0.0022054294839680224,0.5887961339905993,0.028264234723301175
642,0.09891903721442596,0.08683272107070611,0.0,0.8636363636363635,0.0,0.9117647058823529,0.8101123509765865,0.0,0.11825656100869308,0.5,0.3333333333333333,0.9558823529411765,0.0,0.009182821063748976,0.0583203184514216,0.5274193511845048,0.02069482982669216,0.0024942506035394696,0.34303102137953195,0.029962246857122194
643,0.09940404429517369,0.08711001064505991,0.0,0.8636363636363635,0.0,0.9669117647058824,0.9203760358180602,0.0,0.38246088908762943,0.5,0.3333333333333333,0.9705882352941176,0.1,0.007749040793032158,0.006509584864362038,0.5671821377071103,0.01867003755103685,0.0021939911696629475,0.48369112620813054,0.03574882074628095
644,0.09892515350720354,0.08683621552405396,0.0,0.8409090909090908,0.0,0.9264705882352942,0.847063142933672,0.0,0.23112817607269442,0.5,0.3333333333333333,0.9558823529411765,0.0,0.009277898413462549,0.00569326935498174,0.5554206035679249,0.020858445783671242,0.0031808091434009467,0.4123051431846545,0.031317472033561514
645,0.09883452607174825,0.08678444328556173,0.0,0.8181818181818181,0.0,0.9264705882352942,0.8790148307760133,0.0,0.17240369155990964,0.5,0.3333333333333333,0.9338235294117647,0.0,0.008436805871674172,0.028790120154760856,0.5791884531277061,0.01883964582942135,0.002471806831128141,0.4448955183695598,0.03523848370670883
646,0.09880510031178391,0.08676763630958911,0.0,0.8636363636363635,0.0,0.9852941176470589,0.8440433790818745,0.0,0.453669505974584,0.5,0.3333333333333333,0.9852941176470589,0.2,0.009277898413462549,0.005611071135266152,0.5074993858759776,0.020858445783680766,0.002788396275250921,0.3081193469700061,0.0325312735161457
647,0.09831854602496881,0.08648994346828559,0.0,0.8409090909090908,0.0,0.9375,0.8037773424990655,0.0,0.3144609873162142,0.5,0.3333333333333333,0.9632352941176471,0.0,0.009157281635124956,0.007995958636496072,0.5010667129993687,0.01839501332174112,0.003157033508375777,0.31828436002343274,0.03420477749013083
648,0.09841469719214535,0.08654478842261137,0.0,0.8636363636363635,0.0,0.9669117647058824,0.8364565192651825,0.0,0.1452198127060318,0.5,0.3333333333333333,0.9632352941176471,0.1,0.009182821063748976,0.009038855684823885,0.49453514913462304,0.02069476630421367,0.0027261754130363113,0.3120222401633692,0.030662209628649864
649,0.09831024143540423,0.08648520724430148,0.0,0.8636363636363635,0.0016313213703099511,0.9963235294117647,0.8778768642004063,0.5,0.5094869698469777,0.5,0.3333333333333333,0.9852941176470589,0.7,0.009277898413462549,0.005611013460897843,0.519616113336665,0.020858465669505492,0.0031770364049757594,0.33541889276052234,0.03417365207431608
650,0.09973379276336225,0.08729874928045611,0.0,0.8636363636363635,0.0,0.9595588235294118,0.8613429008270519,0.0,0.07913117276071335,0.5,0.3333333333333333,0.9632352941176471,0.0,0.009277898413462549,0.006133460210220589,0.5572823094230375,0.02085845674333774,0.002741875151189981,0.49647367818302485,0.030210656858796692
651,0.09888335084795763,0.08681233346149797,0.0,0.8409090909090908,0.0,0.9742647058823529,0.8747010286986765,0.0,0.3011010639582967,0.5,0.3333333333333333,0.9595588235294118,0.1,0.009182821063748976,0.005187652307724634,0.5841655258441183,0.020694765233728315,0.0025977872825935873,0.5014092889980606,0.02929612591434101
652,0.09906595716957711,0.08691667836186356,0.0,0.8636363636363635,0.0,0.9595588235294118,0.8528814047405079,0.0,0.07424597683265399,0.5,0.3333333333333333,0.9669117647058824,0.0,0.009182821063748976,0.005578103354540329,0.5719048864271938,0.02069476546072924,0.002796006860831335,0.4716448652593794,0.02677508261788252
653,0.10130130941565862,0.0881981924981945,0.0,0.8409090909090908,0.0,0.9779411764705882,0.8632375106504626,0.5,0.2912446328090704,0.5,0.3333333333333333,0.9742647058823529,0.2,0.009277898413462549,0.006140990982145867,0.6113363466590771,0.020890877685254047,0.0028551445257808355,0.5821223813174187,0.030637688569705723
654,0.1025812285258354,0.0889351670771436,0.0,0.8409090909090908,0.0,0.9595588235294118,0.8533501894132394,0.0,0.34689290631215375,0.5,0.3333333333333333,0.9632352941176471,0.0,0.009182821063748976,0.0030336378521154377,0.5916627416804301,0.020694766317163996,0.0027694558947623303,0.521999646179015,0.02784863216640684
655,0.10007798055583295,0.08749593235039382,0.0,0.8409090909090908,0.0,0.9669117647058824,0.880530307325563,0.0,0.31627513333665225,0.5,0.3333333333333333,0.9595588235294118,0.1,0.007749040793032158,0.01102232419892306,0.5688281350337223,0.018669357970259412,0.0021994546402118484,0.5511965762800063,0.03403059091938993
656,0.09774753335749631,0.08616456637961639,0.0,0.8863636363636364,0.000543773790103317,0.9963235294117647,0.7802364353520015,1.0,0.5161922709318785,0.5,0.3333333333333333,0.9926470588235294,0.6,0.007749040793032158,0.025444719728233426,0.5072449282611562,0.01866863872105239,0.00252211669529035,0.38595677822067265,0.03671919068336612
657,0.09789583430063387,0.086249016837874,0.0,0.8636363636363635,0.0,0.9779411764705882,0.7759046346529807,0.0,0.1519878781622409,0.5,0.3333333333333333,0.9889705882352942,0.2,0.009157281635124956,0.001613657208245618,0.5401632257763403,0.01839514572360093,0.0028973586172607135,0.3517396324641644,0.034505381539975684
658,0.09789744704212267,0.08624993543341736,0.0,0.8636363636363635,0.001087547580206634,0.9889705882352942,0.8271004780043543,0.3333333333333333,0.31223559252764943,0.5,0.3333333333333333,0.9852941176470589,0.1,0.009157281635124956,0.007447629220550214,0.5398558194532058,0.01841410099299023,0.00288157878669378,0.347249766800816,0.03522030210552771
659,0.09797386974311739,0.08629347002382137,0.0,0.8409090909090908,0.0,0.9411764705882353,0.9197015355787507,0.0,0.2462149501789591,0.5,0.3333333333333333,0.9411764705882353,0.0,0.007749040793032158,0.024694938978480456,0.5440243102929365,0.018668638869600445,0.0022427572569316667,0.3878487088835712,0.03022272428407645
660,0.10338121338118755,0.08939687121223533,0.0,0.8636363636363635,0.0,0.9852941176470589,0.9842947972103309,1.0,0.0,0.5,0.3333333333333333,0.9154411764705882,0.1,0.009277898413462549,0.006133460210220589,0.5438542674561592,0.02085846695223333,0.0027523376643581775,0.5418575120156888,0.030514126433196596
661,0.09915094181490747,0.08696525880938732,0.0,0.8636363636363635,0.0,0.9558823529411765,0.8553368926899685,0.0,0.09894492340931726,0.5,0.3333333333333333,0.9522058823529411,0.0,0.009157281635124956,0.010861892739226678,0.5617937093833031,0.018395013321302923,0.002979059462472653,0.5333083089063645,0.02808514937584894
662,0.09817485498738243,0.0864080111962725,0.0,0.8409090909090908,0.0,0.9117647058823529,0.8619271944076488,0.0,0.22335761734897708,0.5,0.3333333333333333,0.9448529411764706,0.0,0.009182821063748976,0.0583351911964016,0.5630362334566833,0.020694765262206517,0.0024832179780367577,0.41375097215024353,0.030035056530188883
663,0.1014085910760032,0.08825988016726238,0.0,0.8636363636363635,0.0,0.9779411764705882,0.9616382757747847,0.0,0.36767697371143937,0.5,0.3333333333333333,0.9375,0.1,0.009157281635124956,0.172720441399141,0.5435533165126379,0.018395023467469324,0.00288157878669378,0.4627066964794189,0.031108501114631766
664,0.10338121338118755,0.08939687121223533,0.0,0.8636363636363635,0.000543773790103317,0.9852941176470589,0.9842947972103309,1.0,0.0,0.5,0.3333333333333333,0.9154411764705882,0.1,0.009182821063748976,0.07046832726254983,0.5527444434362611,0.02069477121422158,0.0024832179780367577,0.4417438517182174,0.027328653137301553
665,0.09890225957137688,0.0868231357509257,0.0,0.8863636363636364,0.0,0.9852941176470589,0.8588668473216703,0.0,0.3659681412839876,0.5,0.3333333333333333,0.9852941176470589,0.2,0.007749040793032158,0.0018671060482945284,0.47897388612760894,0.018669389517597727,0.0026755811399096184,0.28715366727085473,0.03549118807784245
666,0.09778955778855813,0.08618849335508855,0.0,0.8863636363636364,0.0,0.9705882352941176,0.8028987477107482,0.0,0.23659941695763198,0.5,0.3333333333333333,0.9816176470588235,0.2,0.007749040793032158,0.003966939655352315,0.5047328183880773,0.018668638722131273,0.0030333309356005284,0.3334886662993959,0.03714126302483199
667,0.09792473634595289,0.08626547974505921,0.0,0.8409090909090908,0.0,0.9448529411764706,0.830245398033451,0.0,0.18564731583549987,0.5,0.3333333333333333,0.9595588235294118,0.0,0.008436805871674172,0.04045387618255125,0.6280531754323574,0.018839467825809,0.0023937136676649108,0.6378248387897614,0.039878487102132744
668,0.10018607976912808,0.08755789894490273,0.0,0.8863636363636364,0.0,0.9816176470588235,0.8884688721431424,0.0,0.32929794313201277,0.5,0.3333333333333333,0.9926470588235294,0.4,0.009157281635124956,0.02020418344603434,0.5315212244580544,0.01839523945499797,0.003575179354678239,0.44783184681615384,0.03581795637668186
669,0.09929118570972983,0.08704545303016065,0.0,0.8863636363636364,0.000543773790103317,0.9889705882352942,0.8988100611023017,0.0,0.45831326283034857,0.5,0.3333333333333333,0.9889705882352942,0.3,0.008436805871674172,0.04650757105853889,0.5257770529132973,0.018839473342369444,0.004348571168753331,0.3603646848575488,0.04040030099120161
670,0.10319227894761451,0.08928775800378674,0.0,0.8409090909090908,0.0,0.9264705882352942,0.8528744995651544,0.0,0.29192932268866145,0.5,0.3333333333333333,0.9522058823529411,0.0,0.008436805871674172,0.1057739316636603,0.5591420276160312,0.019237794972484304,0.0027955690629326646,0.4499418380624739,0.037816859631892304
671,0.0978854826849227,0.08624312080879598,0.0,0.9090909090909091,0.000543773790103317,0.9889705882352942,0.9404967956269598,0.25,0.46513109555305965,0.5,0.3333333333333333,0.9816176470588235,0.5,0.009182821063748976,0.020583137937558817,0.5478311396927708,0.020694765423330087,0.003726690171720107,0.464360699879081,0.03331706462886013
672,0.09849453043530088,0.0865903375439277,0.0,0.8636363636363635,0.0,0.9669117647058824,0.8034651324541542,0.0,0.41552999190682016,0.5,0.3333333333333333,0.9779411764705882,0.1,0.009277898413462549,0.005611013460897843,0.5050981124822214,0.02086285386686518,0.0027523376643581775,0.3739614930250634,0.03420689595607736
673,0.09970860501808565,0.0872843265583122,0.0,0.8636363636363635,0.0,0.9852941176470589,0.9013686951255023,0.0,0.2174400895205213,0.5,0.3333333333333333,0.9816176470588235,0.3,0.009277898413462549,0.005611013460897843,0.528030660965596,1.3506134374079577,0.0037297268871489472,0.45043316494123625,0.036305339299538386
674,0.0984340397243445,0.08655582337297524,0.0,0.8181818181818181,0.0,0.8933823529411765,0.8092535099728628,0.0,0.17145170748506644,0.5,0.3333333333333333,0.9558823529411765,0.0,0.009157281635124956,0.002157443257816843,0.5506207371542508,0.01839514046054919,0.0031321120888577357,0.4580933506887805,0.03219467127499811
675,0.09796528842902408,0.08628858112048199,0.0,0.8181818181818181,0.0,0.9852941176470589,0.9140070050852944,0.0,0.21719427775191502,0.5,0.3333333333333333,0.9742647058823529,0.3,0.009277898413462549,0.006140990982145867,0.5850816741548046,0.02085850156049834,0.002883940845290471,0.4589216074817068,0.030129651856080172
676,0.09815669667026528,0.08639765990804649,0.0,0.8181818181818181,0.0,0.8897058823529411,0.8223884753843791,0.0,0.1799383524916407,0.5,0.3333333333333333,0.9448529411764706,0.0,0.009157281635124956,0.23707447095397383,0.5605834328712742,0.018395090069678065,0.0029599758020246807,0.46849926190756047,0.032077711752675216
677,0.09818104335587774,0.08641153905393989,0.0,0.8409090909090908,0.0,0.9669117647058824,0.8817287278799739,0.0,0.2555279427792283,0.5,0.3333333333333333,0.9595588235294118,0.2,0.008436805871674172,0.04654280976866304,0.5367867859751144,0.01883952468639328,0.0023937136676649108,0.4377988456787311,0.04065836596164685
678,0.0984958416906021,0.08659108577440067,0.0,0.8636363636363635,0.0,0.9522058823529411,0.7943460388232957,0.0,0.016093044177919458,0.5,0.3333333333333333,0.9705882352941176,0.0,0.008436805871674172,0.05507250978479285,0.565860632596636,0.01883946917934163,0.0024059675357379668,0.5436639106207222,0.039596131665681183
679,0.09863179247423637,0.08666867805002865,0.0,0.8409090909090908,0.0,0.9411764705882353,0.7960639816311413,0.0,0.21117981526493923,0.5,0.3333333333333333,0.9558823529411765,0.0,0.007749040793032158,0.017250891630950532,0.5394612611940081,0.01866877885652069,0.00252174937702764,0.5510313324272529,0.03275822298282027
680,0.09800577017866585,0.0863116453158812,0.0,0.8636363636363635,0.0,0.9522058823529411,0.7792955487231159,0.0,0.3503540364593809,0.5,0.3333333333333333,0.9926470588235294,0.0,0.009157281635124956,0.003777873571604861,0.5142140932243655,0.018395013321498108,0.004322766273418457,0.33833241542883524,0.032295291454088715
681,0.09867214448426176,0.08669171445436846,0.0,0.8181818181818181,0.0,0.9227941176470589,0.858909407022516,0.0,0.1355418149868337,0.5,0.3333333333333333,0.9485294117647058,0.0,0.009157281635124956,0.004409459699671938,0.5793720514450427,0.018395019129371037,0.003164679295772679,0.5014230468655573,0.03064745434386825
682,0.0988154244178916,0.08677353291995155,0.0,0.8636363636363635,0.001087547580206634,0.9889705882352942,0.8502109317940612,0.0,0.49882342907595867,0.5,0.3333333333333333,0.9852941176470589,0.4,0.009277898413462549,0.005611013460897843,0.5118904783862126,0.020858447126882985,0.003037011455041627,0.311280688517119,0.03367494691724962
683,0.09835198348697705,0.08650901451703774,0.0,0.8409090909090908,0.0,0.9448529411764706,0.8486702105959627,0.0,0.14632928029486125,0.5,0.3333333333333333,0.9558823529411765,0.0,0.007749040793032158,0.007082046422905782,0.6055350954821338,0.018676907107597285,0.0021939911696629475,0.5365025855896443,0.03447721205437323
684,0.09801286673833742,0.08631568882721258,0.0,0.8409090909090908,0.0,0.9411764705882353,0.8448700590384111,0.0,0.15572864741741554,0.5,0.3333333333333333,0.9522058823529411,0.0,0.009182821063748976,0.0418904758389491,0.6223434805809168,0.020694765293676087,0.0024832179780367577,0.5549884297232386,0.030117976060537066
685,0.0981263467594754,0.08638035998591592,0.0,0.8409090909090908,0.0,0.9669117647058824,0.8625097121503442,0.0,0.2333001686237297,0.5,0.3333333333333333,0.9558823529411765,0.1,0.009277898413462549,0.005611013460897843,0.5239299579419244,0.020858445921785387,0.0027992353114799115,0.40579766910887527,0.03385735901419307
686,0.15773520622584525,0.12153331993364147,0.0,0.8181818181818181,0.001087547580206634,0.9963235294117647,0.8890505650550412,1.0,0.5918598884124128,0.5,0.3333333333333333,1.0,0.7,0.007749040793032158,0.00840441495080974,0.5398323917187903,0.018733478471989806,0.009707456062573123,0.43040256362849894,0.035828050170756076
687,0.10176122192934067,0.08846275668443793,0.0,0.8636363636363635,0.0,0.9779411764705882,0.8445583313247721,0.0,0.39918116891823374,0.5,0.3333333333333333,0.9852941176470589,0.5,0.009297131018463124,0.01743686658262664,0.5188533648930844,0.018395013321305186,0.00498039793423442,0.3763200345375747,0.03513458908238502
688,0.10711956158331437,0.09156409604444665,0.0,0.8863636363636364,0.0,0.9705882352941176,0.8409420210193453,0.0,0.34893919581885935,0.5,0.3333333333333333,0.9779411764705882,0.2,0.009157281635124956,0.0002764040249311626,0.5220803533197128,0.01839501599515147,0.0031258267355238644,0.3019004502882491,0.03343801269009726
689,0.09830616116872448,0.08648288025343104,0.0,0.8181818181818181,0.0,0.9852941176470589,0.8578076271857462,0.0,0.31151197601814495,0.5,0.3333333333333333,0.9889705882352942,0.4,0.009277898413462549,0.007002194602104994,0.6022601423905012,0.020872209437414805,0.0030232882947773265,0.48475789715869827,0.03535111643742224
690,0.0977346652477129,0.08615724044047846,0.0,0.8181818181818181,0.0,0.9595588235294118,0.8290408776127163,0.0,0.37150027763605753,0.5,0.3333333333333333,0.9742647058823529,0.0,0.009277898413462549,0.008948664392473065,0.5650090200385544,0.020858445981170155,0.0028851485468937297,0.4265953983702057,0.033455139922622626
691,0.09804936211622317,0.08633648473303746,0.0,0.8181818181818181,0.0,0.9889705882352942,0.8965377118722951,0.0,0.4659431487180824,0.5,0.3333333333333333,0.9926470588235294,0.3,0.009182821063748976,0.010585972495374385,0.6117416602231588,0.020694798652704963,0.0029692838145772404,0.4834257239063034,0.03297069110497106
692,0.09779406368244725,0.08619105901195218,0.0,0.8636363636363635,0.0016313213703099511,0.9889705882352942,0.9154923911432322,0.5,0.13828722745199573,0.5,0.3333333333333333,0.9889705882352942,0.4,0.008436805871674172,0.05211942349746615,0.6016316093150796,0.018839467825801533,0.0024535146692327087,0.4357607276147136,0.04325103358491128
693,0.09792269443287782,0.08626431660197953,0.0,0.8863636363636364,0.0,0.9852941176470589,0.8973469639109614,0.0,0.3723452694292436,0.5,0.3333333333333333,0.9926470588235294,0.4,0.009277898413462549,0.005611013460897843,0.5541177952998065,0.02085846776326179,0.004142412108839014,0.490263959956324,0.036559936467659364
694,0.10014139446300818,0.08753228151231796,0.0,0.8636363636363635,0.0,0.9852941176470589,0.901989985809091,0.0,0.21405109724153215,0.5,0.3333333333333333,0.9816176470588235,0.2,0.009277898413462549,0.005611013460897843,0.5307490179132162,0.11996302038342083,0.0034138910457932343,0.46032819644804635,0.03601466452229989
695,0.09880173353569788,0.08676571341378037,0.0,0.8409090909090908,0.0,0.8897058823529411,0.8535540118115751,0.0,0.11591275133126144,0.5,0.3333333333333333,0.9227941176470589,0.0,0.009277898413462549,0.005912043694274394,0.5419279502053813,0.020858445816558123,0.002741875151189981,0.4319436522374106,0.0326819383770383
696,0.0998798177524558,0.08738238394009018,0.0,0.8181818181818181,0.0,0.9485294117647058,0.8839785557643552,0.0,0.3032700204901817,0.5,0.3333333333333333,0.9191176470588235,0.0,0.009277898413462549,0.005611013460897843,0.5514745270231893,0.020858445785099836,0.0031128461360215133,0.4576205679493577,0.03300534320764801
697,0.10048341625609047,0.08772843369359723,0.0,0.8409090909090908,0.0,0.9191176470588235,0.8606139263096169,0.0,0.1206592079123745,0.5,0.3333333333333333,0.9411764705882353,0.0,0.008436805871674172,0.10493697461260645,0.5744729845810995,0.018997780808554264,0.002471806831128141,0.47638452968864553,0.034772260140553894
698,0.09762720525464197,0.08609607402811847,0.0,0.8181818181818181,0.0,0.9632352941176471,0.7705388553822713,0.0,0.2814251244765933,0.5,0.3333333333333333,0.9852941176470589,0.1,0.009182821063748976,0.0036950992243430735,0.5514527795881811,0.020694765234200163,0.0024942506035394696,0.26963306846221713,0.03105048695479857
699,0.10409244714369648,0.0898080061681868,0.0,0.7727272727272727,0.0,0.9742647058823529,0.8507082684545565,0.0,0.15506014339717755,0.5,0.3333333333333333,0.9742647058823529,0.2,0.009157281635124956,0.013390445180261,0.5832028904164424,0.018395013321302698,0.00291245617902763,0.4070135692801407,0.03225682050828452
700,0.09786354215439774,0.08623062464152442,0.0,0.7727272727272727,0.0,0.9742647058823529,0.8616300619000886,0.0,0.1675679303874016,0.5,0.3333333333333333,0.9742647058823529,0.2,0.008436805871674172,0.036220893985546836,0.5710788065311158,0.018839467825801533,0.002419866740274975,0.3963009257786975,0.039790625586380086
701,0.09818727726235443,0.08641509293940869,0.0,0.8181818181818181,0.0,0.8970588235294118,0.8310749947997409,0.0,0.10060604906779402,0.5,0.3333333333333333,0.9375,0.0,0.009182821063748976,0.0037852664574483654,0.5384435777643662,0.020694765238340615,0.0025867272782473384,0.4403066913725044,0.029299444323307135
702,0.10035308361725559,0.08765366636580069,0.0,0.8181818181818181,0.0,0.8933823529411765,0.833191615932184,0.0,0.1506877828866563,0.5,0.3333333333333333,0.9301470588235294,0.0,0.008436805871674172,0.03179385522466034,0.5573058089059135,0.018839894900865465,0.0023937136676649108,0.4378750968255992,0.04023024639056325
703,0.09905767780504016,0.08691194619457293,0.0,0.8409090909090908,0.0,0.9154411764705882,0.8489374123274822,0.0,0.11045068265126168,0.5,0.3333333333333333,0.9411764705882353,0.0,0.009182821063748976,0.004135445367530882,0.5813028695664004,0.020694772714897187,0.0024942506035394696,0.5285580906637355,0.027352796819057792
704,0.10247029770677551,0.08887120797388942,0.0,0.9090909090909091,0.000543773790103317,0.9852941176470589,0.8760562565546051,0.0,0.4019496751300411,0.5,0.3333333333333333,0.9669117647058824,0.2,0.007749040793032158,0.019829892640764072,0.5144181959475314,0.018730966834283495,0.002789766163728151,0.3331553027858826,0.036958124597732324
705,0.09875996730210479,0.08674186068201167,0.0,0.8409090909090908,0.0,0.9264705882352942,0.8533987026575118,0.0,0.3395968919374952,0.5,0.3333333333333333,0.9522058823529411,0.0,0.008436805871674172,0.1057739316500437,0.5505611985472965,0.01883947199870637,0.0031411102334945678,0.33980513370393656,0.03181218664933408
706,0.10190789848118342,0.0885471926682308,0.0,0.9090909090909091,0.001087547580206634,0.9816176470588235,0.8871897103935374,0.3333333333333333,0.0920426535287383,0.5,0.3333333333333333,0.9779411764705882,0.4,0.009182821063748976,0.012733688539138895,0.5160206457291854,0.020694781126821115,0.003230883363607122,0.3671509691402025,0.03159467275754778
707,0.09762638527258916,0.08609560737281224,0.0,0.8409090909090908,0.001087547580206634,0.9816176470588235,0.9111370995719601,0.3333333333333333,0.3580414397711553,0.5,0.3333333333333333,0.9595588235294118,0.2,0.007749040793032158,0.008202318004658923,0.5254496042951879,0.018668638720898214,0.0022191092046558603,0.38860443135871786,0.03563273642456866
708,0.0977076160793624,0.08614184205443154,0.0,0.8181818181818181,0.0,0.9558823529411765,0.8327637885850026,0.0,0.24697090166559021,0.5,0.3333333333333333,0.9595588235294118,0.0,0.008436805871674172,0.045009483076266225,0.5714369482358367,0.018839467825801533,0.0024356322385235933,0.48304984325621664,0.04119633067723793
709,0.09780144839793437,0.08619526394874921,0.0,0.8409090909090908,0.0,0.9301470588235294,0.8317092358192845,0.0,0.23351953872759013,0.5,0.3333333333333333,0.9301470588235294,0.0,0.009182821063748976,0.03994239362613023,0.6112836581355117,0.020694765233749055,0.0024832179780367577,0.5203844478242723,0.031900324993317665
710,0.09801308860017266,0.08631581524214621,0.0,0.8181818181818181,0.0,0.9705882352941176,0.8680418959097944,0.0,0.17611479445452416,0.5,0.3333333333333333,0.9485294117647058,0.1,0.009157281635124956,0.003308350434686974,0.5886970617703738,0.01839501855343449,0.002867223836932512,0.5268405806023254,0.034033485795108495
711,0.09812273500772972,0.0863783013376655,0.0,0.8409090909090908,0.0,0.9264705882352942,0.8169722574361619,0.0,0.13640148939183794,0.5,0.3333333333333333,0.9522058823529411,0.0,0.008436805871674172,0.04733474140971445,0.6098881084106973,0.01883946806393627,0.0023937136676649108,0.617329419856753,0.04057832958430954
712,0.09789874186141112,0.08625067294809047,0.0,0.8409090909090908,0.0,0.9411764705882353,0.827634685832686,0.0,0.14266811070446972,0.5,0.3333333333333333,0.9522058823529411,0.0,0.008436805871674172,0.0367555552333887,0.6200873550363272,0.01883946782591478,0.002419866740274975,0.6304452701655304,0.03897362221296828
713,0.09834929607521792,0.08650748168152073,0.0,0.8636363636363635,0.0,0.9375,0.8129344026376086,0.0,0.047218008658917454,0.5,0.3333333333333333,0.9558823529411765,0.0,0.008436805871674172,0.04716825979641452,0.5762832182539788,0.018839467825818957,0.0023937136676649108,0.6042343310815705,0.03525357654700048
714,0.10155998214849926,0.08834695806635506,0.0,0.8409090909090908,0.0,0.9779411764705882,0.9527343848165739,0.0,0.3966453359030734,0.5,0.3333333333333333,0.9705882352941176,0.1,0.008436805871674172,0.03961218635551115,0.5511040907335438,0.0189061733158138,0.0026027767617155064,0.4664465207263452,0.03829112052121454
715,0.09968681140381841,0.08727184809839361,0.0,0.8409090909090908,0.0,0.9080882352941176,0.8389228318766467,0.0,0.17103071953555504,0.5,0.3333333333333333,0.9375,0.0,0.007749040793032158,0.0019781605657755268,0.5269295256770697,0.018711251966470367,0.0021994546402118484,0.37244993826888206,0.031078052637367726
716,0.0989145807064229,0.08683017495581252,0.0,0.8409090909090908,0.0,0.9889705882352942,0.9240884509414279,0.0,0.0654803848264629,0.5,0.3333333333333333,0.9669117647058824,0.2,0.007749040793032158,0.06360629573278448,0.580399909324864,0.01866869915851047,0.002355092596386519,0.4431102955675099,0.036198605810192144
717,0.09821049335908061,0.08642832878532736,0.0,0.8181818181818181,0.0,0.8970588235294118,0.8572615618691722,0.0,0.2183312061293985,0.5,0.3333333333333333,0.9227941176470589,0.0,0.009157281635124956,0.015159969109739402,0.5512292740900036,0.01839501332169329,0.0029268228083336677,0.4198990814458908,0.03355343381020328
718,0.09807401373846758,0.08635053311359692,0.0,0.8181818181818181,0.0,0.8970588235294118,0.8565775735980077,0.0,0.11723070214515585,0.5,0.3333333333333333,0.9154411764705882,0.0,0.009277898413462549,0.005912118337045173,0.5444337750864445,0.020858445784211414,0.0027468718868275434,0.42531724399372967,0.033355665031440676
719,0.09782612570244509,0.08620931617699118,0.0,0.8636363636363635,0.0,0.9816176470588235,0.8151590192932483,0.0,0.24239170342540461,0.5,0.3333333333333333,0.9852941176470589,0.3,0.008436805871674172,0.03975094733959277,0.525508582119876,0.018839467825801533,0.0025869820505020056,0.3481030459164301,0.04060698586147702
720,0.09787398015220294,0.0862365694676277,0.0,0.8409090909090908,0.000543773790103317,0.9595588235294118,0.8189898676085265,0.5,0.1415237991066809,0.5,0.3333333333333333,0.9816176470588235,0.0,0.009277898413462549,0.005611013460897843,0.48085173944791426,0.020858448885437926,0.002872617935693915,0.26670765294556115,0.032509810919676856
721,0.09829129441290274,0.08647440193412154,0.0,0.8409090909090908,0.0,0.9852941176470589,0.8369607344087423,0.0,0.34469084194925803,0.5,0.3333333333333333,0.9852941176470589,0.2,0.009277898413462549,0.00569326935498174,0.5345068746932915,0.02085854891006138,0.0032631865338488904,0.36316469411471636,0.03161407325390531
722,0.09796339268463272,0.08628750110393779,0.0,0.8181818181818181,0.0,0.9779411764705882,0.8852191074346426,0.0,0.19208121196392025,0.5,0.3333333333333333,0.9595588235294118,0.2,0.009157281635124956,0.0026701073457584363,0.5882668562414256,0.01839504521001946,0.0029599758020246807,0.5206391630902589,0.03407765534097559
723,0.09786410936003176,0.08623094768114525,0.0,0.8636363636363635,0.000543773790103317,0.9926470588235294,0.9183887647429638,0.5,0.42017371316136665,0.5,0.3333333333333333,0.9926470588235294,0.4,0.009157281635124956,0.0013549119502928304,0.6070393290747215,0.018395013567341998,0.0032485883493262135,0.5200202838415182,0.03470008054067925
724,0.0982842023761411,0.08647035757027388,0.0,0.8409090909090908,0.0,0.9705882352941176,0.8467588821930822,0.0,0.1941118167439213,0.5,0.3333333333333333,0.9889705882352942,0.1,0.009157281635124956,0.0010132017898680633,0.6117793495006143,0.01839510413329701,0.003023098438813612,0.5643532815372906,0.03326667522906097
725,0.09787360705207937,0.0862363569696068,0.0,0.8181818181818181,0.0,0.9926470588235294,0.9059914162428875,0.0,0.4625411992791322,0.5,0.3333333333333333,0.9926470588235294,0.4,0.009182821063748976,0.024117903225337908,0.6152646973865652,0.020694815746705276,0.002874226249917306,0.46521720875739037,0.02562813624135654
726,0.09789658275199165,0.08624944314495941,0.0,0.8181818181818181,0.000543773790103317,0.9852941176470589,0.8345136440109553,0.0,0.4013557396587908,0.5,0.3333333333333333,0.9926470588235294,0.1,0.008436805871674172,0.05842331980436286,0.6250745575536025,0.018839467825802213,0.002552504349858389,0.5879802821495699,0.039117603575053395
727,0.09833751184059514,0.08650076038141319,0.0,0.8409090909090908,0.0,0.9926470588235294,0.8770353322796427,0.0,0.25726913326841705,0.5,0.3333333333333333,0.9852941176470589,0.6,0.009277898413462549,0.007109712650296828,0.5276837425737136,0.02085847066814609,0.0030897989433428656,0.40673710335688784,0.033229606264810335
728,0.09898179128297768,0.0868685775226622,0.0,0.8409090909090908,0.0,0.9191176470588235,0.8550437551723002,0.0,0.18527564006084718,0.5,0.3333333333333333,0.9338235294117647,0.0,0.009157281635124956,0.003589624100988457,0.570537721255944,0.018395014622953353,0.003039293258252727,0.4887950591513327,0.03169017384695736
729,0.09861041524915803,0.08665647519670677,0.0,0.8409090909090908,0.0,0.9154411764705882,0.8460964986822008,0.0,0.10153375845680901,0.5,0.3333333333333333,0.9375,0.0,0.009182821063748976,0.004122298745713338,0.5360106974790686,0.020694765356130008,0.0025867272782473384,0.44197985024645997,0.030424278496026354
730,0.09790385280727532,0.08625358411544326,0.0,0.8181818181818181,0.0,0.9227941176470589,0.8823898722885474,0.0,0.20665348476107803,0.5,0.3333333333333333,0.9007352941176471,0.0,0.009277898413462549,0.005611071135266152,0.5638347466945816,0.020858445783667162,0.002741875151189981,0.41846785068996945,0.031966059602020765
731,0.09958041290436181,0.08721093780810596,0.0,0.8409090909090908,0.0,0.9191176470588235,0.8561068690892786,0.0,0.08730642139371558,0.5,0.3333333333333333,0.9301470588235294,0.0,0.007749040793032158,0.016990518980879412,0.5363149684991996,0.01867143733341453,0.0022119635598042598,0.40336630862742023,0.03456398620685336
732,0.0989879850189147,0.08687211685126656,0.0,0.8181818181818181,0.0,0.9522058823529411,0.9088533144573071,0.0,0.4017773451645391,0.5,0.3333333333333333,0.9264705882352942,0.0,0.008436805871674172,0.03413705294543707,0.5710104353192061,0.018839470390029235,0.002818650166130856,0.44190183223569685,0.04267941252378407
733,0.1022221690991153,0.08872820244411289,0.0,0.8409090909090908,0.0,0.8933823529411765,0.8328314347739257,0.0,0.05643388888724776,0.5,0.3333333333333333,0.9375,0.0,0.007749040793032158,0.01719475176506964,0.5544430403182451,0.019014300782772116,0.0022119635598042598,0.4895869848248925,0.033764282243798974
734,0.09881587075637477,0.08677378784904599,0.0,0.8636363636363635,0.0,0.9485294117647058,0.8618346081624733,0.0,0.18226328627030952,0.5,0.3333333333333333,0.9779411764705882,0.0,0.009182821063748976,0.018135347473150466,0.5954721602208294,0.020694977239202498,0.002591664894262828,0.6137121370249687,0.03189968339392679
735,0.10017906717148806,0.08755387851665863,0.0,0.8636363636363635,0.0,0.9595588235294118,0.8753915024149763,0.0,0.19382670864936002,0.5,0.3333333333333333,0.9779411764705882,0.0,0.009277898413462549,0.006369379898382265,0.606640803496769,0.02086194518487656,0.002741875151189981,0.5916140044442798,0.03201532824395775
736,0.09825869935482512,0.08645581472293218,0.0,0.8636363636363635,0.000543773790103317,0.9926470588235294,0.9156315657481942,0.0,0.43236126933215824,0.5,0.3333333333333333,0.9816176470588235,0.4,0.009182821063748976,0.02807053105953869,0.5953570482316122,0.020694812008690687,0.0025228624541127186,0.5910525621204199,0.03359731594351184
737,0.10078029800275723,0.08789883742270999,0.0,0.8636363636363635,0.0,0.9411764705882353,0.831775383881294,0.0,0.09660474129071839,0.5,0.3333333333333333,0.9522058823529411,0.0,0.009157281635124956,0.011201956787113384,0.5575756928342063,0.018395013321311972,0.00288157878669378,0.5476427092960677,0.02766491184716033
738,0.10074402334630517,0.0878780096802152,0.0,0.8636363636363635,0.0,0.9558823529411765,0.866974821174813,0.0,0.10783432776916668,0.5,0.3333333333333333,0.9448529411764706,0.0,0.009182821063748976,0.008663405356277923,0.53603189733361,0.020694765233734775,0.0025867272782473384,0.54861952791351,0.024465797592073783
739,0.09895017087683133,0.08685050942896433,0.0,0.8863636363636364,0.0,0.9705882352941176,0.8645198041359821,0.0,0.21060517939928936,0.5,0.3333333333333333,0.9264705882352942,0.2,0.009157281635124956,0.013128690534374486,0.550521178421668,0.018395013321427203,0.003047635220573144,0.4839874697248947,0.03158784715376462
740,0.0988852576744309,0.08681342277811915,0.0,0.8636363636363635,0.0,0.9301470588235294,0.8923706858543399,0.0,0.11391409622935289,0.5,0.3333333333333333,0.9448529411764706,0.0,0.009157281635124956,0.19473063918951744,0.5384997753954572,0.018395019759348923,0.002867223836932512,0.43449830771119613,0.031906055881319034
741,0.09881209065661012,0.0867716288195245,0.0,0.8409090909090908,0.0,0.9044117647058824,0.8019709162685837,0.0,0.19729112480779676,0.5,0.3333333333333333,0.9558823529411765,0.0,0.009157281635124956,0.0018155987422461618,0.5470389937823156,0.01839513516152619,0.0029623600583408355,0.45923322727569227,0.032616819486924256
742,0.09961412871673225,0.087230237290226,0.0,0.8636363636363635,0.0,0.9227941176470589,0.863082426214926,0.0,0.14661519769109144,0.5,0.3333333333333333,0.9411764705882353,0.0,0.009157281635124956,0.19473063918951744,0.5352646776643424,0.018395235260729628,0.002867223836932512,0.4256997008818513,0.03226541044187779
743,0.1008343863888117,0.08792989676918833,0.0,0.8636363636363635,0.001087547580206634,0.9669117647058824,0.8896058517302778,0.0,0.2129931686559069,0.5,0.3333333333333333,0.9852941176470589,0.1,0.009157281635124956,0.007200005882434695,0.6178488123497716,0.018397862121046663,0.00291245617902763,0.7407211334319305,0.032998881720457555
744,0.10146724942742225,0.08829361589231222,0.0,0.8409090909090908,0.0,0.9816176470588235,0.8906674864809706,0.0,0.26372360370166614,0.5,0.3333333333333333,0.9926470588235294,0.2,0.007749040793032158,0.042318850981862444,0.5641223988930921,0.01883659457424469,0.0025471864889890787,0.5043356221265426,0.03535779231544418
745,0.0981693844622028,0.08640489262183754,0.0,0.8636363636363635,0.0,0.9669117647058824,0.8722388551388067,0.0,0.20741485474748134,0.5,0.3333333333333333,0.9852941176470589,0.2,0.009182821063748976,0.018135347473150466,0.6069021928933973,0.02069489330394052,0.0026053788657770345,0.6230195512506473,0.03254353885223503
746,0.039382326736524975,0.033843596163379785,0.0035087719298245723,0.8181818181818181,0.0,0.9896551724137931,0.8081545579696165,0.0,0.3049130933936871,0.3333333333333333,0.3333333333333333,0.9948275862068966,0.3,0.009065171089592159,0.0017206936320522579,1.1074676255311477,0.009917006530200289,0.0033888289413922957,1.2336639796100108,0.03101517016314536
747,0.04138978815666716,0.035853030690401855,0.0035087719298245723,0.8409090909090908,0.0,0.9913793103448276,0.9242834361874236,0.0,0.13267196181987695,0.3333333333333333,0.3333333333333333,0.9620689655172414,0.1,0.00794012509887992,0.006290711701643339,1.1013854096063813,0.013814824289392949,0.0027479621952824266,1.1004199208441572,0.027698881273926956
748,0.11892361053748779,0.11344209420905144,0.0035087719298245723,0.8409090909090908,0.0006531678641410843,0.996551724137931,0.8830913208201492,0.5,0.2905658707233473,0.3333333333333333,0.3333333333333333,0.996551724137931,0.6,0.0076640081651896865,0.0027635168031498033,1.1226540839945842,0.013450585116173735,0.005335299412311291,1.3510340299365138,0.027714168751636688
749,0.03177213263181167,0.024769586110741704,0.0035087719298245723,0.8636363636363635,0.0,0.9827586206896551,0.9047037024493398,0.0,0.11644390361764256,0.3333333333333333,0.3333333333333333,0.993103448275862,0.1,0.0069477640272268895,0.0011199977867042295,0.9991726797727118,0.01583598040439629,0.002920881047299003,1.192542876482891,0.040172386450231946
750,0.06982336286171698,0.06431095307313411,0.0035087719298245723,0.8636363636363635,0.0,0.996551724137931,0.8366380143644534,0.0,0.4565891492909103,0.3333333333333333,0.3333333333333333,1.0,0.8,0.009065171089592159,0.001739394726307677,1.138580196445663,0.009917019100857294,0.005374712199021298,1.2529888357075485,0.030993556557581188
751,0.03857212401253851,0.03195337708096213,0.0035087719298245723,0.8863636363636364,0.0032658393207054214,0.996551724137931,0.94017403557218,0.5,0.44048503197744693,0.3333333333333333,0.3333333333333333,0.9982758620689656,0.5,0.0069477640272268895,0.0011413547045896395,1.0507363232925055,0.015853948439071668,0.005774086784197143,1.3378069186110377,0.04196028937461716
752,0.026145625902792347,0.02059269253367557,0.0035087719298245723,0.7727272727272727,0.0,0.996551724137931,0.7858482889000818,0.0,0.4635300269960758,0.3333333333333333,0.3333333333333333,0.9982758620689656,0.7,0.00794012509887992,0.006257723738980255,0.9242632519872857,0.013738667800664009,0.00491546755879227,0.877120817317855,0.027498813227107646
753,0.07197732455242545,0.06578461171641758,0.0035087719298245723,0.8863636363636364,0.0013063357282821686,0.996551724137931,0.9313960166159797,0.0,0.4563905052599957,0.3333333333333333,0.3333333333333333,0.9896551724137931,0.2,0.0076640081651896865,0.001766639151729763,1.0657486289525677,0.013457909070310652,0.0036278502362383203,1.2181280861517787,0.029833829475880057
754,0.03202652256899441,0.024943869716827105,0.0035087719298245723,0.8863636363636364,0.0006531678641410843,0.9827586206896551,0.9235836505581642,0.0,0.31342241013335415,0.3333333333333333,0.3333333333333333,0.9913793103448276,0.1,0.009065171089592159,0.0017394092252835907,1.0254110622965587,0.009917003308825634,0.0045423145501512045,1.1240354592805097,0.03224388223305484
755,0.035004280433814206,0.029377437991661925,0.0035087719298245723,0.8181818181818181,0.0,0.9862068965517241,0.7806794978283246,0.0,0.4554388913407458,0.3333333333333333,0.3333333333333333,0.996551724137931,0.1,0.0076640081651896865,0.0015534705282658754,0.9578851290247835,0.013447098736039565,0.0030264334070560935,0.6447734368032236,0.027616533156126853
756,0.03145957213689088,0.02465080999874336,0.0035087719298245723,0.8636363636363635,0.0013063357282821686,0.9879310344827587,0.922260353867109,0.0,0.23663635015961737,0.3333333333333333,0.3333333333333333,0.993103448275862,0.1,0.0076640081651896865,0.00124555718846109,1.0230706290031137,0.013447100460004672,0.0030171219972152333,0.9397369122716553,0.026605800875172992
757,0.02631827780776297,0.020765545111536277,0.0035087719298245723,0.8636363636363635,0.0,0.993103448275862,0.8601269040072619,0.0,0.3902119732740995,0.3333333333333333,0.3333333333333333,0.9948275862068966,0.2,0.0069477640272268895,0.001127815769718983,0.9117845072469452,0.01583568089109742,0.0030326496967427144,0.4850197810087047,0.028457853070163082
758,0.031607671247286806,0.0258042147419002,0.0035087719298245723,0.8409090909090908,0.0,0.9862068965517241,0.86889590017968,0.0,0.3428329185529666,0.3333333333333333,0.3333333333333333,0.9896551724137931,0.2,0.0076640081651896865,0.002807651958945928,0.9454778016934695,0.013447098724211355,0.002998683771874764,0.7856446466205044,0.023620979855317203
759,0.03404718081390701,0.028502995554530564,0.0035087719298245723,0.8409090909090908,0.0013063357282821686,0.9620689655172414,0.8696679939051404,0.0,0.23148998173904445,0.3333333333333333,0.3333333333333333,0.9655172413793104,0.0,0.009065171089592159,0.0017412902154069322,1.0768918894402522,0.009934525201458407,0.0028149404378869152,0.9622425024486073,0.023171294252765234
760,0.026697006337741302,0.021144714101608897,0.0035087719298245723,0.8181818181818181,0.0,0.9913793103448276,0.8597597584921957,0.0,0.41663726427656833,0.3333333333333333,0.3333333333333333,0.9982758620689656,0.3,0.0076640081651896865,0.0011466796457966155,1.0097841061067099,0.013447098733031088,0.002968582035174594,0.5802502974137502,0.02553894058593171
761,0.027340762232566873,0.021240291218075413,0.0035087719298245723,0.8636363636363635,0.0006531678641410843,0.9896551724137931,0.8849895048670975,0.0,0.3944161337394323,0.3333333333333333,0.3333333333333333,0.9862068965517241,0.1,0.009065171089592159,0.0017222678005289309,0.8946851486004336,0.009917003294865152,0.004242446560140581,0.44343455716385405,0.009773345504575837
762,0.031049000550607553,0.025354977769133147,0.0035087719298245723,0.8409090909090908,0.0,0.9879310344827587,0.8940981795899221,0.0,0.13530805498159137,0.3333333333333333,0.3333333333333333,0.9896551724137931,0.1,0.006012989789561848,0.0038330413253093217,0.949190013325833,0.012839396248220693,0.0024291593644044755,0.48850939095872625,0.027835414387007387
763,0.03223553170350468,0.02668941764449112,0.0035087719298245723,0.8409090909090908,0.0,0.9603448275862069,0.902859428063767,0.0,0.2765329267122789,0.3333333333333333,0.3333333333333333,0.9655172413793104,0.0,0.00794012509887992,0.006290711701643339,1.078300430364605,0.013738721303458054,0.004964848354606672,0.8892934380494847,0.021141276943819724
764,0.030205512277961533,0.0246571856366829,0.0035087719298245723,0.8409090909090908,0.0,0.9551724137931035,0.8513695142092422,0.0,0.0,0.3333333333333333,0.3333333333333333,0.9637931034482758,0.0,0.0076640081651896865,0.0017654888019421387,1.0831689828060052,0.013448051884548111,0.0026860381131592697,0.7276195042043235,0.019233110600265405
765,0.030205512277961533,0.0246571856366829,0.0035087719298245723,0.8409090909090908,0.0,0.9551724137931035,0.8513695142092422,0.0,0.0,0.3333333333333333,0.3333333333333333,0.9637931034482758,0.0,0.00794012509887992,0.006283427309082119,1.0715086086633567,0.013738146916329295,0.0027250653030743183,0.9429076600895872,0.020198228663407064
766,0.028526611547068148,0.02245185927483434,0.0035087719298245723,0.8636363636363635,0.0045721750489875895,0.996551724137931,0.9198334631019602,0.5,0.2987896870791711,0.3333333333333333,0.3333333333333333,0.9913793103448276,0.5,0.00794012509887992,0.006257723738980255,0.9565309521076845,0.013738050769862415,0.00311292913377528,0.5568091968432506,0.03020224797440307
767,0.042865694016870126,0.03703482059665614,0.0035087719298245723,0.8636363636363635,0.0,0.9913793103448276,0.863347228892545,0.0,0.12954339084154454,0.3333333333333333,0.3333333333333333,0.9948275862068966,0.4,0.009065171089592159,0.0015876053023811535,0.9952711878461005,0.009925748825871394,0.005801365255474233,0.8623975558429277,0.031235614914905282
768,0.04827915695877716,0.042218647367588735,0.0035087719298245723,0.8409090909090908,0.0,0.9689655172413794,0.8699122803829266,0.0,0.25008624915898714,0.3333333333333333,0.3333333333333333,0.9896551724137931,0.0,0.006012989789561848,0.0030868720638687233,0.9438839328406057,0.012964074089386985,0.0024805889947435928,1.0804156895043144,0.028979306719703068
769,0.03622861349142703,0.029618483411807284,0.0035087719298245723,0.9090909090909091,0.0006531678641410843,0.9862068965517241,0.9039447618338239,0.0,0.3955154136188417,0.3333333333333333,0.3333333333333333,0.9844827586206897,0.1,0.009065171089592159,0.001583190309835866,0.9291987029376251,0.009917010305287884,0.004714201782373483,1.0280337689530528,0.030464149302270406
770,0.03610584049053678,0.029715795607707485,0.0035087719298245723,0.8636363636363635,0.0013063357282821686,0.9913793103448276,0.9016645775090477,0.5,0.30858912095704927,0.3333333333333333,0.3333333333333333,0.9879310344827587,0.3,0.0076640081651896865,0.0017628735966699232,1.039310493091928,0.013447098728553144,0.0033973277029927247,0.9987048942834107,0.028885324160549695
771,0.03060977689862865,0.023917140297731954,0.0035087719298245723,0.8636363636363635,0.0,0.9879310344827587,0.8937657941506669,0.0,0.44925857579997497,0.3333333333333333,0.3333333333333333,0.9948275862068966,0.2,0.009065171089592159,0.016322712977590362,0.9882344910446905,0.009917003299385512,0.0033378315386971445,0.9699879206657782,0.0261817197662607
772,0.037394958652791854,0.031594126314326676,0.0035087719298245723,0.8636363636363635,0.0006531678641410843,0.993103448275862,0.9142444648229885,0.25,0.4006879373615275,0.3333333333333333,0.3333333333333333,0.9879310344827587,0.3,0.0076640081651896865,0.001869371330377639,0.9502554399234571,0.013447098724648741,0.004474488303856023,0.5722164565126111,0.020986805209250545
773,0.03130588276742974,0.02386515233893749,0.0035087719298245723,0.8636363636363635,0.0,0.9758620689655172,0.898661428334018,0.0,0.32546639342286887,0.3333333333333333,0.3333333333333333,0.9862068965517241,0.0,0.006012989789561848,0.0031577113239128632,0.9426073210041602,0.012836715503394786,0.0024273613151440765,0.9144638825126663,0.021226765928391275
774,0.03253319297174784,0.02663897577197949,0.0035087719298245723,0.8863636363636364,0.002612671456564337,0.993103448275862,0.8945088170230695,0.3333333333333333,0.44653646922992474,0.3333333333333333,0.3333333333333333,0.9862068965517241,0.4,0.0069477640272268895,0.0011201259508637046,0.9345941525699782,0.01583575499264904,0.0022802004160506896,0.580959336824967,0.03905851526263728
775,0.05814675596556773,0.05249779212915512,0.0035087719298245723,0.8636363636363635,0.002612671456564337,0.993103448275862,0.8775982779351404,0.5,0.19010547427976587,0.3333333333333333,0.3333333333333333,0.996551724137931,0.3,0.00794012509887992,0.006290717277446932,0.9336302250748676,0.013738061951133742,0.0033208847282220674,0.7674233245676668,0.03118295411180885
776,0.1447019973970698,0.13880460048893595,0.0035087719298245723,0.8636363636363635,0.001959503592423253,0.996551724137931,0.8949681413373711,0.5,0.47894442113142044,0.3333333333333333,0.3333333333333333,0.9982758620689656,0.8,0.0076640081651896865,0.0013126129887030575,1.1273711323585103,0.013447098828095963,0.006593642651785153,1.6318158886192886,0.025865757597031226
777,0.036716484052314535,0.03006462020403311,0.0035087719298245723,0.8863636363636364,0.001959503592423253,0.9862068965517241,0.9506943794416431,0.3333333333333333,0.2827085306454883,0.3333333333333333,0.3333333333333333,0.9810344827586207,0.2,0.0069477640272268895,0.0011202338128938367,1.0534974678961837,0.015936821999072603,0.0024085436499683083,1.2084340005778733,0.04243278205497223
778,0.032842208980578325,0.026880984693439747,0.0035087719298245723,0.8636363636363635,0.001959503592423253,0.9913793103448276,0.900102447765489,0.0,0.2631308878809615,0.3333333333333333,0.3333333333333333,0.993103448275862,0.3,0.0069477640272268895,0.0011203113078860137,0.9736274525458232,0.01583868949232675,0.0028671920857481392,0.7849247959089054,0.038344542762976615
779,0.031248324794768134,0.023413018157102505,0.0035087719298245723,0.8409090909090908,0.0,0.9913793103448276,0.8832044171178324,0.0,0.480731529606802,0.3333333333333333,0.3333333333333333,1.0,0.4,0.0076640081651896865,0.0010677862140368263,0.9959369018921103,0.013447098724212255,0.002818770709884765,0.9208719163917976,0.027000200228535626
780,0.03555232156588739,0.029041420717833,0.0035087719298245723,0.8636363636363635,0.0006531678641410843,0.993103448275862,0.8942607149871868,0.0,0.3411770568466771,0.3333333333333333,0.3333333333333333,0.9948275862068966,0.6,0.009065171089592159,0.0016251143303355777,0.9523861305898061,0.009918273362582102,0.004528607247187326,0.8025134263834433,0.02733493156388601
781,0.031344454269451094,0.02454267377228614,0.0035087719298245723,0.8863636363636364,0.0006531678641410843,0.9896551724137931,0.9334711329454343,0.0,0.26234100194021037,0.3333333333333333,0.3333333333333333,0.9913793103448276,0.1,0.0069477640272268895,0.0011200101289153433,1.0313518372125918,0.015837981088485723,0.0024085436499683083,0.9938742555117106,0.040748948452569426
782,0.5746034194206809,0.5691139082448342,0.0035087719298245723,0.8636363636363635,0.0013063357282821686,0.996551724137931,0.9181284282368036,0.5,0.48886975163418067,0.3333333333333333,0.3333333333333333,0.996551724137931,0.5,0.0069477640272268895,0.0011300793458789932,0.9377326622409111,0.015863011208258556,0.004929224644114253,1.2915205565575367,0.03838055839129226
783,0.0652665357853417,0.059471781171111515,0.0,0.8636363636363636,0.0,0.9844827586206897,0.8656044368378164,0.0,0.08997322119195517,1.0,0.6666666666666666,0.9913793103448276,0.1,5.603123010192201,8.1901927159609,1.0042386605689886,0.752026663111826,1.4321851467020392,0.6584875310834181,0.0353212771646403
784,0.05575438967256985,0.049331118043829614,0.0035087719298245723,0.8636363636363635,0.002612671456564337,0.996551724137931,0.8493300534154153,0.0,0.4070427063314762,0.3333333333333333,0.3333333333333333,0.9982758620689656,0.6,0.009065171089592159,0.0015765705991956933,0.9331466972594299,0.009965134256907872,0.008385852385093115,1.2766383660422709,0.02817320665255953
785,0.9195783303070992,0.9139868283142721,0.0,0.8181818181818182,0.0013063357282821686,0.996551724137931,0.9520314731159072,0.5,0.4773499407455385,1.0,0.6666666666666666,0.9982758620689656,0.6,2.808522256894363,4.1848566537901295,1.1744232470813354,5.161908051121164,2.2216659398300314,0.6191418456758897,3.3317618213499256
786,0.038277401981140935,0.03266592907457644,0.0035087719298245723,0.8181818181818181,0.0006531678641410843,0.9982758620689656,0.9058993888188469,1.0,0.5502850957691728,0.3333333333333333,0.3333333333333333,0.996551724137931,0.4,0.00794012509887992,0.006226600732711844,0.9474603492701308,0.01373805541396803,0.004096447357219555,0.5062925884469995,0.027883286222405754
787,0.8313592584530748,0.8257846265532227,0.0,0.8409090909090909,0.0006531678641410843,0.996551724137931,0.8631396183151983,0.0,0.4113698980933008,1.0,0.6666666666666666,0.9982758620689656,0.8,5.358357842776596,2.637202581936591,1.0189480644288864,0.03340383851670253,1.6184503662661283,0.9974846376018677,0.03259514619281604
788,0.027842831267239077,0.022291854975760306,0.0035087719298245723,0.8636363636363635,0.0013063357282821686,0.996551724137931,0.9150595201953442,0.6666666666666666,0.3807865284272215,0.3333333333333333,0.3333333333333333,0.9982758620689656,0.5,0.00794012509887992,0.006245213894458198,0.9272599644118904,0.013738051891670381,0.002981240651805646,0.5542511042810316,0.02774432345166796
789,0.036479777002327296,0.029736407633813744,0.0035087719298245723,0.8636363636363635,0.0006531678641410843,0.9896551724137931,0.9213899555616241,0.0,0.2487775757825068,0.3333333333333333,0.3333333333333333,0.9862068965517241,0.1,0.0069477640272268895,0.0011145754029607208,1.0653951408184543,0.01591330046951767,0.0022541731252431964,1.1733172144732655,0.040494803721021565
790,0.03041001123400966,0.02466351998661681,0.0035087719298245723,0.8409090909090908,0.0,0.993103448275862,0.8266398499189314,0.0,0.4604881804822877,0.3333333333333333,0.3333333333333333,1.0,0.2,0.030114611648812264,0.0019100947886851226,0.9970432667183682,4.548301514487796,0.0076807652856022614,0.7410484742451551,0.02794870834902662
791,0.03278447977200638,0.027238954569804463,0.0035087719298245723,0.8181818181818181,0.0,0.9948275862068966,0.8355437584597476,0.0,0.19903848987173722,0.3333333333333333,0.3333333333333333,0.9982758620689656,0.1,0.0069477640272268895,0.0011332326738607743,1.1036832360246602,0.015835709068833914,0.0027835740719281796,0.64245341807501,0.03473335750789254
792,0.0350318568951028,0.0293864394475315,0.0035087719298245723,0.8181818181818181,0.0006531678641410843,0.9844827586206897,0.8693795010576164,0.0,0.2772031623060738,0.3333333333333333,0.3333333333333333,0.9948275862068966,0.1,0.0076640081651896865,0.001584160696651015,1.0535705919796914,0.013451035340090442,0.0038460165613551684,0.8435309225127456,0.017843604893557328
793,0.030111633418779093,0.024184002249842962,0.0035087719298245723,0.8636363636363635,0.0,0.9948275862068966,0.8784822843610497,0.0,0.48514580719888556,0.3333333333333333,0.3333333333333333,1.0,0.7,0.006012989789561848,0.0035077185132709097,0.9548672646970192,0.012838466193856587,0.0033505342108232673,0.7048495003683724,0.02947380966908095
794,0.7344102572334961,0.7288659472961897,0.0035087719298245723,0.8409090909090908,0.0,0.996551724137931,0.9225551251004084,0.5,0.42042745473485776,0.3333333333333333,0.3333333333333333,0.993103448275862,0.5,0.00794012509887992,0.006290717277446932,0.961477150204991,0.01374011093819251,0.0037222720385752983,1.687444399593346,0.02886903420878511
795,0.06530974606861706,0.0596180557084206,0.0035087719298245723,0.8409090909090908,0.0,0.993103448275862,0.8640813805939159,0.0,0.11280783002370776,0.3333333333333333,0.3333333333333333,0.993103448275862,0.1,0.006012989789561848,0.004084122400654224,0.879615442821919,0.0130866294341679,0.0033163396068474093,0.5291584936325414,0.027584059982973152
796,0.06874644541446018,0.06323321679322336,0.0035087719298245723,0.8636363636363635,0.0,0.9948275862068966,0.9312416376249832,0.0,0.09975814639932956,0.3333333333333333,0.3333333333333333,0.9896551724137931,0.2,0.0076640081651896865,0.001255734484857932,1.0416113739082908,0.013447104050954227,0.003003562983208709,1.6661571659380143,0.02852917877520104
797,0.0291036843882142,0.02227439738728737,0.0035087719298245723,0.8409090909090908,0.0006531678641410843,0.9844827586206897,0.8737589359727873,0.0,0.12323671629888189,0.3333333333333333,0.3333333333333333,0.9948275862068966,0.2,0.0076640081651896865,0.0014754782085347642,0.9492670423627922,0.013447098724213269,0.0026969679178537533,0.7531410237914183,0.0035600208826111804
798,0.032077560743527744,0.02515968449407857,0.0035087719298245723,0.8636363636363635,0.0,0.996551724137931,0.9007018422062252,0.0,0.414195143579561,0.3333333333333333,0.3333333333333333,1.0,0.8,0.009065171089592159,0.0017203744790947983,1.0419555070475295,0.009917005817851925,0.007868237916088079,1.2813287191464555,0.026612556016431088
799,0.045402169823980376,0.039459703802198154,0.0035087719298245723,0.8636363636363635,0.0006531678641410843,0.9810344827586207,0.8846134302663826,0.0,0.30611402371600493,0.3333333333333333,0.3333333333333333,0.9879310344827587,0.0,0.0069477640272268895,0.0008875312911620545,1.0199689746073675,0.01599519219160573,0.00237824756235803,1.1540055121573098,0.037237196763525486
800,0.03455689983520471,0.02896212883446997,0.0035087719298245723,0.8181818181818181,0.0,0.993103448275862,0.7940489734228893,0.0,0.36367281833298426,0.3333333333333333,0.3333333333333333,0.9982758620689656,0.5,0.0069477640272268895,0.0011781598494391998,0.9687469825962024,0.015837310636006657,0.005614997132722791,0.24218782245530812,0.02920042103729709
801,0.06109004844072774,0.0554709214911831,0.0035087719298245723,0.8409090909090908,0.0,0.9913793103448276,0.9114379516936874,0.0,0.11509175405407768,0.3333333333333333,0.3333333333333333,0.9913793103448276,0.2,0.009065171089592159,0.001782681322838769,1.0301159858820466,0.009917010442842886,0.003907792666753725,0.9640265360429302,0.02431773949888436
802,0.06061511495525207,0.05499478176136963,0.0035087719298245723,0.8409090909090908,0.0006531678641410843,0.993103448275862,0.8735387736306315,0.5,0.289198681667579,0.3333333333333333,0.3333333333333333,0.9879310344827587,0.1,0.006012989789561848,0.004195877544908502,0.855605211458952,0.013087772448086323,0.0042221274720063776,0.5787286235923327,0.02845888387542721
803,0.027797579195648847,0.022246551545984095,0.0035087719298245723,0.8636363636363635,0.0013063357282821686,0.996551724137931,0.9254672082854122,0.5,0.4637470718114761,0.3333333333333333,0.3333333333333333,0.9982758620689656,0.4,0.0076640081651896865,0.008013484586032824,0.9003015477209974,4.803494198161013,0.0032812256755454013,0.8758915981166572,0.025664595341886982
804,0.06578004716058983,0.06026452581640851,0.0035087719298245723,0.8636363636363635,0.0,0.9948275862068966,0.9321003911613338,0.0,0.10144663189803937,0.3333333333333333,0.3333333333333333,0.9862068965517241,0.2,0.006012989789561848,0.003863310158752685,1.0353996875204954,0.012835921856337812,0.0025852692037814026,1.7779104968760604,0.033253440523037386
805,0.03632924733977927,0.030787434664906965,0.0035087719298245723,0.8181818181818181,0.0,0.9879310344827587,0.8270711377565243,0.0,0.3516804570518566,0.3333333333333333,0.3333333333333333,0.9913793103448276,0.1,0.0069477640272268895,0.0011036328841340216,1.0680543562672802,0.01583568145187502,0.0025637903660948235,1.3743466197782048,0.04097277032997864
806,0.03335855814555955,0.027813644620661604,0.0035087719298245723,0.8409090909090908,0.0006531678641410843,0.9948275862068966,0.940483836381948,0.5,0.23215429851645442,0.3333333333333333,0.3333333333333333,0.9620689655172414,0.1,0.0069477640272268895,0.0011161939236253018,1.1382147123831867,0.015835723268569895,0.0023567657731232983,0.928718972218349,0.036905414463024026
807,0.04258623725510535,0.037050636703269135,0.0035087719298245723,0.8409090909090908,0.0,0.9948275862068966,0.9328147781253945,0.0,0.1467997518183648,0.3333333333333333,0.3333333333333333,0.9620689655172414,0.1,0.0076640081651896865,0.0017715931771201826,1.1140795285721956,0.013447570108764972,0.0026909166551302133,0.8772389163906823,0.025794341124978727
808,0.12551459770188533,0.12003640541348592,0.0035087719298245723,0.8181818181818181,0.0,0.9948275862068966,0.8461786073496181,0.0,0.23064160035780035,0.3333333333333333,0.3333333333333333,0.996551724137931,0.6,0.006012989789561848,0.002860924657410622,1.1005869749797026,0.012855611327577659,0.0039978175346411125,1.5514160025995385,0.030361560136658403
809,0.03215946904305178,0.024141373441009584,0.0035087719298245723,0.8863636363636364,0.005225342913128674,0.9879310344827587,0.95507551199869,0.0,0.36017159401017795,0.3333333333333333,0.3333333333333333,0.9810344827586207,0.2,0.0076640081651896865,0.001764041228780138,1.0115466024351691,0.013447098724211692,0.0033898187911451496,1.118808963304894,0.029441133597053325
810,0.030039985541924996,0.024088846350533044,0.0035087719298245723,0.8636363636363635,0.0,0.9827586206896551,0.8537805848275778,0.0,0.3179779814944248,0.3333333333333333,0.3333333333333333,0.9862068965517241,0.1,0.0069477640272268895,0.001121350673432599,0.9510034297950875,0.015835682174502787,0.002646580983189293,0.7633229514070834,0.038530839997906255
811,0.03158195955538823,0.025751194820741674,0.0035087719298245723,0.8409090909090908,0.0,0.9896551724137931,0.8431923418345761,0.0,0.2989563617097414,0.3333333333333333,0.3333333333333333,0.9913793103448276,0.3,0.009065171089592159,0.0034630468113695796,0.9535383827672094,0.009917003294879056,0.003358646305125936,0.9110014137053981,0.03099749436716621
812,0.031033228914158717,0.02404912555438138,0.0035087719298245723,0.8863636363636364,0.0006531678641410843,0.996551724137931,0.9406518072290132,0.6666666666666666,0.4708292188021307,0.3333333333333333,0.3333333333333333,0.996551724137931,0.4,0.009065171089592159,0.0017384131512553933,1.0117863610644642,0.00991700330316044,0.00389014303970808,1.0842887910426295,0.031195527797558065
813,0.03099021017389403,0.02375794590700797,0.0035087719298245723,0.8863636363636364,0.0006531678641410843,0.993103448275862,0.9509953842495845,0.0,0.3281455500294185,0.3333333333333333,0.3333333333333333,0.993103448275862,0.2,0.0076640081651896865,0.001764041228780138,1.0104819116257036,0.013447098724217094,0.0026860381131592697,1.0896584374104927,0.028905669531070554
814,0.027814144938546614,0.021916923978875735,0.9919678714859438,0.8636363636363638,0.0006531678641410843,0.9982758620689656,0.9278294727208839,0.5,0.5564990926824964,0.8333333333333334,0.7777777777777778,0.996551724137931,0.4,5.7176363425823045,3.4751834752793034,0.9410504767554242,4.833352288819752,2.0874170392292344,0.4401380589970232,0.014429609673155019
815,0.044082021335566934,0.037513155228505735,0.0035087719298245723,0.8636363636363635,0.0,0.993103448275862,0.9504623332298305,0.0,0.21008494230864672,0.3333333333333333,0.3333333333333333,0.993103448275862,0.1,0.0076640081651896865,0.0017570911268630183,1.0546296208099593,0.013454305467931877,0.003009615083103865,1.1795988538899436,0.02903253436382659
816,0.039345710869808426,0.03269479934482544,0.0035087719298245723,0.8863636363636364,0.0,0.996551724137931,0.9711328996099012,0.0,0.44453106835221334,0.3333333333333333,0.3333333333333333,0.996551724137931,0.4,0.0069477640272268895,0.0011352416910247484,1.054830581952848,0.015862925067613748,0.004104423757403475,1.278539555793187,0.04122179655528931
817,0.03237209762071058,0.02409813404152239,0.0035087719298245723,0.8636363636363635,0.002612671456564337,0.993103448275862,0.9517707740969192,0.0,0.14815426069389181,0.3333333333333333,0.3333333333333333,0.9793103448275862,0.3,0.0069477640272268895,0.0011101537082384486,1.0161636285023499,0.015835681341153318,0.0022541731252431964,0.9213787589781018,0.03802613331810136
818,0.03481843323209488,0.028414227290441796,0.0035087719298245723,0.8636363636363635,0.0,0.9948275862068966,0.968545078525973,0.25,0.3050951025041364,0.3333333333333333,0.3333333333333333,0.9810344827586207,0.5,0.0076640081651896865,0.0013139550047792123,1.0254902783744626,0.013460216204736478,0.003383765091281198,0.8797970284371717,0.0222786277987623
819,0.030369603025714897,0.024318750136257672,0.0035087719298245723,0.8409090909090908,0.0013063357282821686,0.9982758620689656,0.915308991408347,1.0,0.5969561517265995,0.3333333333333333,0.3333333333333333,1.0,0.4,0.009065171089592159,0.0017360286245066815,1.016453202958963,0.009917031690410175,0.004003305655223507,0.853036261944565,0.029030762525634475
820,0.035452908321174426,0.02842953801309933,0.0035087719298245723,0.8636363636363635,0.0006531678641410843,0.9844827586206897,0.880455124052679,0.0,0.36042376550037125,0.3333333333333333,0.3333333333333333,0.996551724137931,0.1,0.009065171089592159,0.0017368059664854194,1.013053118948927,0.009917188376889497,0.0031916027014192703,1.2155989531716433,0.03282505986626024
821,0.02785372083449955,0.02158259101693183,0.0035087719298245723,0.8409090909090908,0.0,0.9913793103448276,0.848634325877786,0.0,0.18350005797822522,0.3333333333333333,0.3333333333333333,0.996551724137931,0.2,0.00794012509887992,0.006254442398816889,0.9075767293300647,0.01373805077416427,0.003602319933115839,0.5792310005551948,0.018811330178221425
822,0.02802423717623448,0.021639503227907697,0.0035087719298245723,0.8409090909090908,0.0,0.9879310344827587,0.8661700489428189,0.0,0.3930329195409221,0.3333333333333333,0.3333333333333333,0.996551724137931,0.2,0.0069477640272268895,0.0011220160809845099,0.9526681164135826,0.01583568099344526,0.003062967627224822,0.6144460645841376,0.01693719598874837
823,0.03276263777059729,0.027002890338856833,0.0035087719298245723,0.8409090909090908,0.0,0.9844827586206897,0.8388762205797596,0.0,0.3499078335753245,0.3333333333333333,0.3333333333333333,0.993103448275862,0.1,0.0076640081651896865,0.0028231815329196074,0.9385844243514841,0.013447098724211355,0.002832330883546369,0.7795931400126463,0.022533731393334314
824,0.03191604511359358,0.026130288721602946,0.0035087719298245723,0.8409090909090908,0.0,0.9810344827586207,0.8070701895704573,0.0,0.306126863130019,0.3333333333333333,0.3333333333333333,0.9948275862068966,0.0,0.0069477640272268895,0.0007186324880401456,0.9358967630846285,0.015835682556397366,0.0028201310217623463,0.5328052489229445,0.03526215299939016
825,0.030205512277961533,0.0246571856366829,0.0035087719298245723,0.8409090909090908,0.0,0.9551724137931035,0.8513695142092422,0.0,0.0,0.3333333333333333,0.3333333333333333,0.9637931034482758,0.0,0.009065171089592159,0.001740516943116111,1.0936563003578361,0.009922359993068147,0.00280068917084229,0.864481504838002,0.02092259558097556
826,0.029519207365210742,0.022275169595295463,0.0035087719298245723,0.8409090909090908,0.0,0.996551724137931,0.9096430984130915,0.0,0.30143349943675235,0.3333333333333333,0.3333333333333333,0.9982758620689656,0.6,0.006012989789561848,0.003512845938433776,0.9381548157866528,0.012835592212466555,0.003566159469567854,0.5956742775257002,0.03596018302806189
827,0.027226442882363422,0.021159024398454462,0.0035087719298245723,0.8409090909090908,0.032658393207054215,0.9896551724137931,0.8786096592236871,0.0,0.36459518552942316,0.3333333333333333,0.3333333333333333,0.9896551724137931,0.4,0.0076640081651896865,0.0014374572916712625,0.8950837402412936,0.013447098724211355,0.003003562983208709,0.3863186090597446,0.01348043912187528
828,0.02729639820936791,0.021212496700868777,0.0035087719298245723,0.8409090909090908,0.0,0.9948275862068966,0.8379600882805185,0.0,0.46001982197340585,0.3333333333333333,0.3333333333333333,1.0,0.2,0.009065171089592159,0.0015793686131823183,0.8624509029881218,0.009917003294865489,0.0037232813532470438,0.4113700006934997,0.01801413875347494
829,0.028916141116443916,0.02318657713547112,0.0035087719298245723,0.8409090909090908,0.0,0.9862068965517241,0.8879958324511776,0.0,0.17407596127837932,0.3333333333333333,0.3333333333333333,0.9879310344827587,0.3,0.009065171089592159,0.0017507733767430302,0.9586224334647263,0.009917003295435215,0.003002514851652818,0.6323090213982997,0.02828235013026983
830,0.03168641130509675,0.026004637777512385,0.0035087719298245723,0.8409090909090908,0.0006531678641410843,0.9862068965517241,0.8934862215794221,0.0,0.13606804117157956,0.3333333333333333,0.3333333333333333,0.9879310344827587,0.1,0.0076640081651896865,0.002793182593206636,0.9652359793814893,0.01344709872497844,0.0026969679178537533,0.6768749921989202,0.026476365723739712
831,0.030205512277961533,0.0246571856366829,0.0035087719298245723,0.8409090909090908,0.0,0.9551724137931035,0.8513695142092422,0.0,0.0,0.3333333333333333,0.3333333333333333,0.9637931034482758,0.0,0.0069477640272268895,0.0011190747396408664,1.1194455456358432,0.015835688764851023,0.0022541731252431964,0.6680440053555774,0.029650072232751724
832,0.030205512277961533,0.0246571856366829,0.0035087719298245723,0.8409090909090908,0.0,0.9551724137931035,0.8513695142092422,0.0,0.0,0.3333333333333333,0.3333333333333333,0.9637931034482758,0.0,0.0069477640272268895,0.0011190747396408664,1.1194455456358432,0.015835688764851023,0.0022541731252431964,0.6680440053555774,0.029650072232751724
833,0.030205512277961533,0.0246571856366829,0.0035087719298245723,0.8409090909090908,0.0,0.9551724137931035,0.8513695142092422,0.0,0.0,0.3333333333333333,0.3333333333333333,0.9637931034482758,0.0,0.0069477640272268895,0.0011190747396408664,1.1194455456358432,0.015835688764851023,0.0022541731252431964,0.6680440053555774,0.029650072232751724
834,0.030205512277961533,0.0246571856366829,0.0035087719298245723,0.8409090909090908,0.0,0.9551724137931035,0.8513695142092422,0.0,0.0,0.3333333333333333,0.3333333333333333,0.9637931034482758,0.0,0.0069477640272268895,0.0011190747396408664,1.1194455456358432,0.015835688764851023,0.0022541731252431964,0.6680440053555774,0.029650072232751724
835,0.030205512277961533,0.0246571856366829,0.0035087719298245723,0.8409090909090908,0.0,0.9551724137931035,0.8513695142092422,0.0,0.0,0.3333333333333333,0.3333333333333333,0.9637931034482758,0.0,0.0076640081651896865,0.0017654888019421387,1.0831689828060052,0.013448051884548111,0.0026860381131592697,0.7276195042043235,0.019233110600265405
836,0.029417419301395187,0.023318819412454117,0.0035087719298245723,0.8636363636363635,0.0013063357282821686,0.9896551724137931,0.8895577655139366,0.0,0.33645376017797723,0.3333333333333333,0.3333333333333333,0.9913793103448276,0.2,0.009065171089592159,0.0017445355617107948,0.9154169997871271,0.009917003295241231,0.0034528253900547264,0.6917164784883134,0.02961100688931652
837,0.033809992239761,0.027890695042791902,0.0035087719298245723,0.8636363636363635,0.0006531678641410843,0.9982758620689656,0.8737972979316051,1.0,0.518752625219465,0.3333333333333333,0.3333333333333333,0.993103448275862,0.3,0.0076640081651896865,0.0013884344586543224,0.9430002783387083,0.013447099426979423,0.0034066416110264857,0.6261825451140981,0.019488540387574818
838,0.03531898994150029,0.029365565728608933,0.0035087719298245723,0.8636363636363635,0.0,0.9896551724137931,0.8675690045874747,0.0,0.1340372452953572,0.3333333333333333,0.3333333333333333,0.9948275862068966,0.5,0.006012989789561848,0.0038270033078431653,1.002576407009095,0.01313281488910854,0.003552391678219432,0.7876191586016882,0.030602981004439832
839,0.028936991188514005,0.022523623174640905,0.0035087719298245723,0.8636363636363635,0.0013063357282821686,0.996551724137931,0.9200706921740556,0.3333333333333333,0.4956961697038611,0.3333333333333333,0.3333333333333333,0.9913793103448276,0.4,0.006012989789561848,0.0033049506639224687,1.037311029316939,0.012845716851348716,0.0033505342108232673,0.9094718549702753,0.03094757266078533
840,0.04305804852566619,0.036711438406638486,0.0035087719298245723,0.9090909090909091,0.002612671456564337,0.993103448275862,0.9280903769095331,0.0,0.46024353984276045,0.3333333333333333,0.3333333333333333,0.9775862068965517,0.2,0.006012989789561848,0.0038412158600543618,0.9487232700810004,0.015004184363038528,0.0047445006556899256,0.8614841883162891,0.027269001473682455
841,0.035049411001113806,0.028521888070984158,0.0035087719298245723,0.8636363636363635,0.0,0.9793103448275862,0.9087788979643407,0.0,0.4017712121848084,0.3333333333333333,0.3333333333333333,0.9827586206896551,0.0,0.0069477640272268895,0.0011211558625731813,0.9516837537253221,0.015838432964758533,0.0023068185688426028,0.8150413036245839,0.038682353907339595
842,0.030649485394215525,0.02388741091233071,0.0035087719298245723,0.8863636363636364,0.0,0.996551724137931,0.9058229609799022,0.0,0.4997040320733064,0.3333333333333333,0.3333333333333333,0.9982758620689656,0.6,0.006012989789561848,0.003339335251881553,0.9809523522099035,0.012850422342243888,0.0028786319508029385,0.8782077594265972,0.026593553618969163
843,0.04692594337620104,0.04074457087146277,0.0035087719298245723,0.8409090909090908,0.0006531678641410843,0.9879310344827587,0.9047594011850993,0.0,0.31178033147178996,0.3333333333333333,0.3333333333333333,0.9913793103448276,0.1,0.00794012509887992,0.0062577181923293085,0.9357693320954421,0.0137381184444022,0.0028995563904523373,1.124873076676563,0.029060247344075522
844,0.03400726484864236,0.027632935205474884,0.0035087719298245723,0.8636363636363635,0.0,0.993103448275862,0.908865328747184,0.0,0.4490743671073545,0.3333333333333333,0.3333333333333333,0.9896551724137931,0.4,0.009065171089592159,0.0017368773777037064,1.0095314811721243,0.00991700336168124,0.0032793166360595444,1.143846866724216,0.02979534090838005
845,0.028877361404961333,0.0227841517189869,0.0035087719298245723,0.8636363636363635,0.0,0.9706896551724138,0.8202445133070742,0.0,0.21400275147350822,0.3333333333333333,0.3333333333333333,0.9879310344827587,0.0,0.00794012509887992,0.006257723738980255,0.9293414389394138,0.013738050769861964,0.0029583432182685838,0.5105194685401738,0.02959576125333674
846,0.029845501078774817,0.02389438493858126,0.0035087719298245723,0.8636363636363635,0.0,0.9862068965517241,0.8785893336546358,0.0,0.3663047174836518,0.3333333333333333,0.3333333333333333,0.9810344827586207,0.3,0.0069477640272268895,0.0011214346165311852,0.9302314542469761,0.01583568362317453,0.0023485388252422273,0.7138509915549435,0.038568106305717144
847,0.049800108914824004,0.04406732624845261,0.0035087719298245723,0.8409090909090908,0.0,0.9879310344827587,0.8336636627012677,0.0,0.33116061031486177,0.3333333333333333,0.3333333333333333,0.9948275862068966,0.3,0.00794012509887992,0.006260641341918016,0.9326328839802456,0.01373805077136394,0.00634223432481094,0.4309857610549346,0.02964225718399954
848,0.05415922189814004,0.04840062319824495,0.0035087719298245723,0.8636363636363635,0.0,0.993103448275862,0.8324998507870128,0.0,0.36172070125091516,0.3333333333333333,0.3333333333333333,0.996551724137931,0.4,0.009065171089592159,0.0016014179071040238,0.9008255096703304,0.009940598834812301,0.0033947310605253766,0.7511686234723951,0.030124923287509257
849,0.07547819700423741,0.06967375647983653,0.0035087719298245723,0.8636363636363635,0.0013063357282821686,0.993103448275862,0.9237026409264673,0.25,0.40946495845091446,0.3333333333333333,0.3333333333333333,0.9844827586206897,0.2,0.006012989789561848,0.0028342461303702384,1.006865686989918,0.05417990857656172,0.0023545728130372973,1.0964786851665784,0.029657814609633168
850,0.057181425902536054,0.05117262600546285,0.0035087719298245723,0.8636363636363635,0.0,0.9827586206896551,0.8912804105593021,0.0,0.3073495352436735,0.3333333333333333,0.3333333333333333,0.9844827586206897,0.1,0.00794012509887992,0.006257775851715883,0.985496583236369,0.013738378846208734,0.003780370147641278,0.8884571404570394,0.024790967385618656
851,0.033523836023915954,0.026884196171618913,0.0035087719298245723,0.8636363636363635,0.0,0.9896551724137931,0.9130429162559291,0.0,0.4273744408776531,0.3333333333333333,0.3333333333333333,0.9948275862068966,0.1,0.0076640081651896865,0.0021220115007927723,0.9970074196884466,0.013447099496990871,0.003291007408446967,1.1054860544237821,0.02848249890804214
852,0.1511946289639623,0.1456775729897854,0.0035087719298245723,0.8636363636363635,0.0,0.9896551724137931,0.8928950547783177,0.0,0.043110786557129965,0.3333333333333333,0.3333333333333333,0.9913793103448276,0.1,0.00794012509887992,0.006278007930864439,0.9356955839209743,0.013738191909019497,0.003538582803792957,0.8414924003040547,0.027550271631874585
853,0.11430445675000289,0.10876301139872668,0.0035087719298245723,0.8636363636363635,0.0,0.9896551724137931,0.8972796024651906,0.0,0.04505305938397852,0.3333333333333333,0.3333333333333333,0.9896551724137931,0.1,0.0076640081651896865,0.0027936816802917506,0.9463807877004339,0.01344825651657042,0.00391258119834814,0.7291458849661153,0.026407969019210522
854,0.319477803468846,0.31399611101053115,0.0035087719298245723,0.8409090909090908,0.0,0.9913793103448276,0.8175718377667205,0.0,0.32487909673333804,0.3333333333333333,0.3333333333333333,0.993103448275862,0.3,0.009065171089592159,0.0017681636418351672,1.1153597223249998,1.2521474279878881,0.0067120601177242285,0.8552459954330579,0.025971550139233062
855,0.041141351568773854,0.03449936230658773,0.0035087719298245723,0.8863636363636364,0.0006531678641410843,0.9896551724137931,0.9347062151594758,0.0,0.2389532132210096,0.3333333333333333,0.3333333333333333,0.9913793103448276,0.2,0.0069477640272268895,0.0011202338128938367,1.061402127928957,0.016024677400998003,0.0024085436499683083,1.3203213838012917,0.042406104153306735
856,0.034282851944506976,0.025502744784821896,0.0035087719298245723,0.8863636363636364,0.0006531678641410843,0.9913793103448276,0.9442461795689691,0.0,0.190062296696059,0.3333333333333333,0.3333333333333333,0.9913793103448276,0.3,0.00794012509887992,0.0062577181923293085,1.011616796979078,0.013738050769921057,0.003100455433794391,1.3059779181525175,0.031359797294319765
857,0.03166486917824529,0.025698440816150026,0.0035087719298245723,0.8636363636363635,0.001959503592423253,0.9827586206896551,0.8692041939476793,0.0,0.21019855322177394,0.3333333333333333,0.3333333333333333,0.9827586206896551,0.1,0.006012989789561848,0.003564263496060769,0.9597987726311906,0.012857889127637821,0.0025750574219338324,0.6966937031109203,0.03217757818498652
858,0.03110352495650981,0.024262661640655436,0.0035087719298245723,0.8409090909090908,0.0,0.9982758620689656,0.8588132322920567,1.0,0.5300457843630795,0.3333333333333333,0.3333333333333333,1.0,0.7,0.009065171089592159,0.003221648104538191,1.0865400815056074,0.009917008412781545,0.004982586122059686,1.1258975344202649,0.031214396678232767
859,0.03137464475770557,0.02379685860305858,0.0035087719298245723,0.8409090909090908,0.005225342913128674,0.9948275862068966,0.9323391773555166,0.0,0.4664600715820949,0.3333333333333333,0.3333333333333333,0.996551724137931,0.5,0.00794012509887992,0.0062577181923293085,1.0120863274095062,0.01373805076986264,0.003861683685020263,1.0158075119403538,0.02995666358920718
860,0.03138572733761358,0.02433690513803005,0.0035087719298245723,0.8636363636363635,0.0013063357282821686,0.993103448275862,0.8909212499443703,0.3333333333333333,0.3350496874439355,0.3333333333333333,0.3333333333333333,0.9948275862068966,0.5,0.00794012509887992,0.0062355591445779086,0.9443055866137435,0.013738050769881775,0.003778891589819251,0.5498422007786256,0.02793352841946719
861,0.04779062284526914,0.041607808714054006,0.0035087719298245723,0.8636363636363635,0.0006531678641410843,0.993103448275862,0.9345679245631598,0.25,0.44920845158449496,0.3333333333333333,0.3333333333333333,0.9844827586206897,0.2,0.006012989789561848,0.003841699576887649,0.954615252293134,0.01414431347844171,0.002378177739224568,0.8366270302963729,0.028752268188859165
862,0.12339693824329401,0.11791769668199448,0.0035087719298245723,0.8636363636363635,0.0006531678641410843,0.9982758620689656,0.9457279325499973,0.5,0.5297866891796972,0.3333333333333333,0.3333333333333333,0.9982758620689656,0.7,0.0076640081651896865,0.005351490025976542,0.9982416226145887,0.013447098724307565,0.003674252407518083,1.128437414507282,0.02922332872536246
863,0.030067842888628515,0.022772613813859865,0.0035087719298245723,0.8636363636363635,0.0045721750489875895,0.9948275862068966,0.9588916604575858,0.3333333333333333,0.13274110921920546,0.3333333333333333,0.3333333333333333,0.9862068965517241,0.7,0.0076640081651896865,0.001640021048054071,0.9463263945684668,0.013447098724211468,0.003003562983208709,0.8289539862664952,0.023631353460734125
864,0.031765765435262105,0.025716219692645925,0.0035087719298245723,0.8636363636363635,0.006531678641410843,0.9948275862068966,0.9502609594195949,0.0,0.27719154353208353,0.3333333333333333,0.3333333333333333,0.9862068965517241,0.7,0.0069477640272268895,0.0011262001507570194,0.969017676699489,0.015840262571344504,0.0024502613350022504,0.777271479939491,0.03670399696837163
865,0.03683510964042014,0.029958878001821787,0.0035087719298245723,0.8636363636363635,0.0,0.9913793103448276,0.8950407062627405,0.0,0.4686568912546395,0.3333333333333333,0.3333333333333333,0.9982758620689656,0.1,0.009065171089592159,0.0017295956929463065,0.9835452032076437,0.009917920222895497,0.004477371593368436,1.2207724201267138,0.032493494453642496
866,0.18908293088994987,0.18362890503871715,0.0035087719298245723,0.8409090909090908,0.0006531678641410843,0.9982758620689656,0.9452023424618763,1.0,0.5913066877703901,0.3333333333333333,0.3333333333333333,1.0,0.5,0.00794012509887992,0.006227805054954763,0.9978044317586089,0.013738050769861964,0.0043986691402955625,1.106268322632457,0.029000436415904173
867,0.8514530019565721,0.845873229629532,0.9919678714859438,0.8863636363636365,0.0013063357282821686,0.9982758620689656,0.9580040809139007,1.0,0.5801067526483197,0.8333333333333334,1.0,0.996551724137931,0.6,5.32147605677489,3.977386264754652,1.0349178175776728,0.01348253877847101,2.652132437434211,1.121584910314117,0.02931230992245055
868,0.05909661424406443,0.05348552629851838,0.0035087719298245723,0.8181818181818181,0.0,0.9982758620689656,0.953719661148614,0.5,0.5571351978026696,0.3333333333333333,0.3333333333333333,0.993103448275862,0.2,0.006012989789561848,0.0037152736056749727,0.9437913817950112,0.01373607458624254,0.0033661601281531547,0.5016800209814618,0.031207835832500995
869,0.054784344261825324,0.04925981486954517,0.0035087719298245723,0.8409090909090908,0.0013063357282821686,0.9982758620689656,0.855296624345735,1.0,0.5401414261884077,0.3333333333333333,0.3333333333333333,1.0,0.3,0.009065171089592159,0.001744263621145875,0.9685557219826577,0.009999415345257672,0.0042950186093865935,0.9346373465156402,0.029659416114285197
870,0.051155102398168895,0.04562740777254515,0.0035087719298245723,0.8181818181818181,0.0,0.9982758620689656,0.885220502045319,1.0,0.5248369700775721,0.3333333333333333,0.3333333333333333,1.0,0.5,0.0069477640272268895,0.001124061088446127,1.0351323915264399,0.01583568520537636,0.003564290147966537,1.0766295680858786,0.038397071953790815
871,0.026357756196034643,0.020805069433331103,0.0035087719298245723,0.8636363636363635,0.0,0.9948275862068966,0.8771862542253562,0.0,0.28944494602122284,0.3333333333333333,0.3333333333333333,0.993103448275862,0.5,0.009065171089592159,0.001594188843761803,0.8967511837643177,0.009917003294868965,0.004212661220596164,0.5412289343286536,0.0197311847226319
872,0.05192860489906315,0.045659514038686455,0.0035087719298245723,0.8636363636363635,0.0,0.9948275862068966,0.9297851163257664,0.0,0.4518934165432458,0.3333333333333333,0.3333333333333333,0.993103448275862,0.3,0.006012989789561848,0.0033208119034774395,1.059799820682897,0.12772383396299697,0.0025273748004384497,0.945792059960795,0.03584877919842145
873,0.03688841781626051,0.03092991196274747,0.0035087719298245723,0.8636363636363635,0.0,0.9913793103448276,0.8997340617727,0.0,0.3473171920252449,0.3333333333333333,0.3333333333333333,0.9948275862068966,0.1,0.009065171089592159,0.0017381236811406819,1.1081298045170955,0.009920140998622498,0.003165505995281196,1.0024489939420935,0.03128448518445641
874,0.02704086120354665,0.02109635687723188,0.0035087719298245723,0.8409090909090908,0.0,0.993103448275862,0.8621828667227865,0.0,0.4141966898624099,0.3333333333333333,0.3333333333333333,0.9827586206896551,0.1,0.009065171089592159,0.001735783998186414,0.9375271063415015,0.009917003297681715,0.0036910396426624234,0.46158349612942173,0.015872241794044294
875,0.03323073443881053,0.027552886543316557,0.0035087719298245723,0.8181818181818181,0.002612671456564337,0.9948275862068966,0.9226138122448988,0.0,0.4021334545799723,0.3333333333333333,0.3333333333333333,0.9948275862068966,0.2,0.0076640081651896865,0.0017160686899459828,0.9440988612489618,0.013447248467259084,0.005942730788180756,0.6842290357891542,0.026841951526718793
876,0.1757948635001887,0.17026187632261847,0.0035087719298245723,0.8409090909090908,0.0,0.996551724137931,0.8981702259243277,0.5,0.42822485700395896,0.3333333333333333,0.3333333333333333,0.9982758620689656,0.7,0.0176690366304202,0.0073687625533632155,1.1048677569564076,0.013452074286526927,0.00960428107346057,0.9917920545302524,0.0262302539428056
877,0.07026716189038529,0.06468575400780979,0.0035087719298245723,0.8409090909090908,0.0006531678641410843,0.9982758620689656,0.9157224500480488,1.0,0.535064763708991,0.3333333333333333,0.3333333333333333,0.996551724137931,0.4,0.0076640081651896865,0.011832323755544922,1.0935007836788444,0.014007179975592176,0.0047234707980242,0.8583231079099769,0.020654090247004393
878,0.04510639204117095,0.039442405090440946,0.0035087719298245723,0.8409090909090908,0.0006531678641410843,0.993103448275862,0.8940980963450462,0.0,0.3981432912116655,0.3333333333333333,0.3333333333333333,0.9913793103448276,0.3,0.0076640081651896865,0.002040392534088858,1.021375156167483,0.013471898802901717,0.0026860381131592697,0.7637409155512985,0.02522422107787709
879,0.02952940036176699,0.023236089664326554,0.0035087719298245723,0.8636363636363635,0.0013063357282821686,0.9982758620689656,0.902769736974336,1.0,0.547417731222118,0.3333333333333333,0.3333333333333333,0.9982758620689656,0.5,0.009065171089592159,0.0017466577522619025,0.9239751019403472,0.009917003294867843,0.008015270819429224,0.9433563765621673,0.029430219800176887
880,0.04529803134979671,0.0397650027898932,0.0035087719298245723,0.8636363636363635,0.0013063357282821686,0.996551724137931,0.911523676817524,0.3333333333333333,0.46170512921288787,0.3333333333333333,0.3333333333333333,0.9948275862068966,0.4,0.0069477640272268895,0.0011203439359265778,0.9239429699685248,0.015835680894189,0.0036224059890088045,1.3876630631252673,0.03565756982120377
881,0.2282570157239403,0.22281181933636385,0.0035087719298245723,0.8181818181818181,0.0006531678641410843,0.9913793103448276,0.868938013850421,0.0,0.43373972037582065,0.3333333333333333,0.3333333333333333,1.0,0.3,0.009065171089592159,0.0016260857251440333,0.9212526104455606,0.009917003295363564,0.004876481651888299,1.4950474337161597,0.026839096350242078
882,0.06371257909885186,0.057983652510939176,0.0035087719298245723,0.8636363636363635,0.006531678641410843,0.9982758620689656,0.913138599104488,1.0,0.5861236199267497,0.3333333333333333,0.3333333333333333,1.0,0.8,0.009065171089592159,0.001660324542786459,0.8510070819003807,0.0099171121934655,0.00933292303877561,0.8709382745819165,3.3099680146337804
883,0.03837057190474813,0.03283083113098123,0.0035087719298245723,0.8181818181818181,0.0,0.9844827586206897,0.7940958327768065,0.0,0.2990490614471485,0.3333333333333333,0.3333333333333333,0.993103448275862,0.2,0.0076640081651896865,0.001196437737028581,1.0774883420735677,0.013448167749137693,0.003180143276382056,1.2588493027147871,0.028088487232604945
884,0.029903967495374606,0.023848404536204182,0.0035087719298245723,0.8409090909090908,0.0006531678641410843,0.9948275862068966,0.8985215544349796,0.0,0.4398650908542999,0.3333333333333333,0.3333333333333333,0.9879310344827587,0.1,0.00794012509887992,0.006290717277446932,1.0017777076943482,0.013738051085988134,0.0030950095369721513,0.6508642557906505,0.02640277161146964
885,0.04270439863240971,0.037056751516262254,0.0035087719298245723,0.8409090909090908,0.0,0.9896551724137931,0.822617273240433,0.0,0.07416651410677144,0.3333333333333333,0.3333333333333333,0.9913793103448276,0.3,0.00794012509887992,0.006290717277446932,1.008642917382795,0.01373805754906788,0.0030950095369721513,0.7661227583863897,0.027569511141257767
886,0.038004352571367694,0.03236993944592964,0.0035087719298245723,0.8409090909090908,0.0,0.9896551724137931,0.82781269945542,0.0,0.19791597179978737,0.3333333333333333,0.3333333333333333,0.9913793103448276,0.3,0.0069477640272268895,0.001147131067085251,1.0284206180456434,0.015835723341948413,0.0024345714649528956,0.7246711612094687,0.03336281254228641
887,0.03219405799434971,0.025611273556729708,0.0035087719298245723,0.8636363636363635,0.0,0.9896551724137931,0.8903951808679048,0.0,0.42418024372632834,0.3333333333333333,0.3333333333333333,0.9948275862068966,0.2,0.0076640081651896865,0.002085113055132483,0.9805759673615936,0.013447098812130532,0.002939681538772228,1.1520261170067065,0.02737835983301052
888,0.033259850759378984,0.02695515437340218,0.0035087719298245723,0.8409090909090908,0.0013063357282821686,0.9844827586206897,0.9076507033294231,0.0,0.20707599513791175,0.3333333333333333,0.3333333333333333,0.9844827586206897,0.1,0.00794012509887992,0.006257775851715883,0.9413495310405608,0.013738050774170011,0.0029536123381079193,1.0789773051653249,0.02387335898274602
889,0.04344022836183625,0.037794240417834246,0.0035087719298245723,0.8409090909090908,0.0,0.996551724137931,0.8562277929825168,0.0,0.4558215747594756,0.3333333333333333,0.3333333333333333,0.996551724137931,0.2,0.0076640081651896865,0.0018509559848788664,0.9159338297245482,0.013447108050522145,0.005143711766829626,0.3595039531191184,0.020079670430494235
890,0.034914755602651115,0.029248049738842485,0.0035087719298245723,0.8181818181818181,0.0,0.9862068965517241,0.82138190236803,0.0,0.40410804196962424,0.3333333333333333,0.3333333333333333,0.9948275862068966,0.2,0.0069477640272268895,0.0011231743283167416,0.933161045078013,0.015835753059358228,0.003145264634535155,0.4169864304713111,0.03109128938153534
891,0.028293614421333046,0.022550960598889003,0.0035087719298245723,0.8409090909090908,0.0006531678641410843,0.9844827586206897,0.8630651482040874,0.0,0.34528745789209236,0.3333333333333333,0.3333333333333333,0.9948275862068966,0.2,0.0076640081651896865,0.0017403591241882607,0.9751093060676632,0.0134470987699718,0.004150119823738331,0.6578377159488019,0.018016175306568183
892,0.03655114946504634,0.03067437536933787,0.0035087719298245723,0.8863636363636364,0.0,0.993103448275862,0.898322560121355,0.0,0.22509187764562244,0.3333333333333333,0.3333333333333333,0.9810344827586207,0.3,0.00794012509887992,0.006257723738980255,0.9483330240646092,0.013738050769957526,0.003338747627098668,0.7467323684991435,0.03361724975096126
893,0.8734771923905698,0.8678925131816383,0.0,0.8181818181818182,0.0,0.9982758620689656,0.9239066115771452,1.0,0.5130276546094872,1.0,0.6666666666666666,0.9982758620689656,0.6,4.531508747728693,0.17194943387609857,1.060266480786336,0.009917323617522063,0.5507901414406443,1.2512231163579215,0.02953515703234
894,0.04278623034444362,0.037250821828025416,0.0035087719298245723,0.8409090909090908,0.0,0.9913793103448276,0.8122597660396256,0.0,0.3033112921027945,0.3333333333333333,0.3333333333333333,0.996551724137931,0.5,0.0076640081651896865,0.0012183658864580989,1.1132362861225136,0.24872908262732993,0.002806791098280579,1.2613097895538081,0.029410348248563974
895,0.09843683852068552,0.0929438341551736,0.0035087719298245723,0.8181818181818181,0.0,0.9896551724137931,0.8653464571067202,0.0,0.36369458542966104,0.3333333333333333,0.3333333333333333,0.9948275862068966,0.3,0.006012989789561848,0.0038506359656615232,1.0450857858223939,0.012837832967330737,0.0026517347250314045,1.631440734419949,0.03318708030381409
896,0.037336052516836804,0.031795267474769295,0.0035087719298245723,0.8409090909090908,0.0,0.9551724137931035,0.855382179297119,0.0,0.09593089959545598,0.3333333333333333,0.3333333333333333,0.9620689655172414,0.0,0.009065171089592159,0.0017410375412647396,1.1114724714976667,0.011774467580655855,0.00280068917084229,0.8819501946022185,0.023178834901604634
897,0.030455681048875638,0.024907630142605608,0.0035087719298245723,0.8409090909090908,0.0,0.9568965517241379,0.8657287844621608,0.0,0.10288701412043211,0.3333333333333333,0.3333333333333333,0.9603448275862069,0.0,0.0069477640272268895,0.0011161939236253018,1.122258495375205,0.01583569344646553,0.0022541731252431964,0.7063317601419353,0.031172896153257072
898,0.032833756226371635,0.024546946958167337,0.0035087719298245723,0.8409090909090908,0.0032658393207054214,0.9948275862068966,0.9157203319500625,0.0,0.4078238665583571,0.3333333333333333,0.3333333333333333,1.0,0.6,0.009065171089592159,0.0015747374072638237,0.9322231424699075,0.009917003320626965,0.004356557357201179,0.945466094160566,0.029559499805443108
899,0.03170906282269603,0.024537346766486945,0.0035087719298245723,0.8636363636363635,0.0,0.9896551724137931,0.94581173514903,0.0,0.3897165099237434,0.3333333333333333,0.3333333333333333,0.9879310344827587,0.2,0.009065171089592159,0.0017386035173387463,1.0038533332847492,0.009917003299410853,0.0039852521192893405,1.1273506841899097,0.031441048702505456
900,0.03206660490688651,0.025229589979938016,0.0035087719298245723,0.8636363636363635,0.0,0.9844827586206897,0.916818321783456,0.0,0.13179005169497648,0.3333333333333333,0.3333333333333333,0.993103448275862,0.2,0.009065171089592159,0.0017386035173387463,0.9925560625970967,0.009917003375951982,0.0037454338848558403,1.2050789829957673,0.03126406420656617
901,0.03192291626838184,0.025894998251845713,0.0035087719298245723,0.8863636363636364,0.0,0.9896551724137931,0.8504061786428726,0.0,0.333326473252225,0.3333333333333333,0.3333333333333333,0.9913793103448276,0.3,0.0076640081651896865,0.002309916041502066,1.0103602798357694,0.01344709872421428,0.00442145040361928,0.7819701114818997,0.026851024833444585
902,0.04095497939247028,0.0347978760633032,0.0035087719298245723,0.8636363636363635,0.0,0.9913793103448276,0.8764263199869036,0.0,0.453155981157233,0.3333333333333333,0.3333333333333333,0.996551724137931,0.1,0.0069477640272268895,0.0011197192265864394,1.0319472013932327,0.0158669594188519,0.0030467481933558805,1.3999409018440563,0.04025753682596283
903,0.02620755502484895,0.02065469392508229,0.0035087719298245723,0.7954545454545454,0.0,0.996551724137931,0.8219268479030282,0.5,0.4903098308778766,0.3333333333333333,0.3333333333333333,0.9982758620689656,0.6,0.0069477640272268895,0.0011355529956972807,0.9317203794195881,0.015835680891007068,0.0026831699141218273,1.4565700432879858,0.034364029330531794
904,0.02628488408391194,0.020732113131840757,0.0035087719298245723,0.7727272727272727,0.0,0.993103448275862,0.8382497748410317,0.0,0.43748074401757475,0.3333333333333333,0.3333333333333333,0.9982758620689656,0.3,0.00794012509887992,0.006257723738980255,0.9697600917923401,0.01373805076986219,0.004390038093601246,0.690584833507447,0.022523622202728723
905,0.031449432163241475,0.024625141957407615,0.0035087719298245723,0.8863636363636364,0.008491182233834096,0.996551724137931,0.955178195322925,0.5,0.48291197576937417,0.3333333333333333,0.3333333333333333,0.996551724137931,0.4,0.0076640081651896865,0.0017660270080305822,1.0229342182479089,0.01344709872442909,0.0027044737829348873,1.0938468074773695,0.028888178571429474
906,0.06782365983340832,0.06174883349906829,0.0035087719298245723,0.8863636363636364,0.001959503592423253,0.996551724137931,0.9420183596716624,0.0,0.41502091884431047,0.3333333333333333,0.3333333333333333,0.996551724137931,0.4,1.6865617960810773,3.312273791192637,1.0463868631437119,4.516471518392207,0.04718977466704111,1.0636010011414632,0.03253632876095643
907,0.04023476883165611,0.03359440569292632,0.0035087719298245723,0.8863636363636364,0.0,0.9844827586206897,0.9154996964150005,0.0,0.2045064945010444,0.3333333333333333,0.3333333333333333,0.9913793103448276,0.1,0.0069477640272268895,0.001120130730434126,1.0611095977194027,0.016049794643758386,0.00242073883641345,1.2830341182636196,0.04231490248658446
908,0.03536807287083943,0.02968420063515309,0.0035087719298245723,0.8409090909090908,0.0,0.9896551724137931,0.8311467288465909,0.0,0.07833583238756914,0.3333333333333333,0.3333333333333333,0.9913793103448276,0.3,0.009065171089592159,0.0017579368451014047,0.9985973235934992,0.009917159289565393,0.003419498817476747,0.7848642016432924,0.027754776640783525
909,0.03715031143849834,0.030797930214734204,0.0035087719298245723,0.8636363636363635,0.0,0.993103448275862,0.956657592763208,0.0,0.161629504500036,0.3333333333333333,0.3333333333333333,0.9793103448275862,0.5,0.0076640081651896865,0.0011929698289286006,1.0348515210774114,0.01406268697309725,0.0026860381131592697,0.8809567618044143,0.022720816774555973
910,0.03152323309609362,0.023839750953125072,0.0035087719298245723,0.8636363636363635,0.0013063357282821686,0.9896551724137931,0.9359088349229493,0.0,0.24505816201455,0.3333333333333333,0.3333333333333333,0.9810344827586207,0.3,0.0069477640272268895,0.0010959204285850984,1.0226155492483289,0.015835685237327406,0.0022541731252431964,0.9287693021067234,0.037805175955279456
911,0.027674511003102364,0.021517813717772005,0.0035087719298245723,0.8636363636363635,0.0,0.9879310344827587,0.8535081586632626,0.0,0.1872578194975506,0.3333333333333333,0.3333333333333333,0.996551724137931,0.3,0.0076640081651896865,0.0013499883221060854,0.9187879907737353,0.013447099180846727,0.005104160366467602,0.5785093543360752,0.023127632244566824
912,0.028817086264974923,0.02266852096471006,0.0035087719298245723,0.8636363636363635,0.0,0.9741379310344828,0.8233407847555774,0.0,0.17543808520956272,0.3333333333333333,0.3333333333333333,0.9844827586206897,0.0,0.0076640081651896865,0.002192842605318886,0.9463160969974134,0.013447098724211355,0.0026860381131592697,0.6799228992235712,0.025481470903321018
913,0.03262155723485338,0.026649262318494793,0.0035087719298245723,0.8409090909090908,0.0,0.9948275862068966,0.884971917455129,0.0,0.38454895622954555,0.3333333333333333,0.3333333333333333,0.993103448275862,0.3,0.0069477640272268895,0.0011209007286590005,1.01843722169077,0.01583568163011117,0.004076745429836739,0.7254674960341009,0.03802753123073352
914,0.03579899749311022,0.03025663898378872,0.0035087719298245723,0.8409090909090908,0.0006531678641410843,0.9948275862068966,0.8696375523540947,0.5,0.41270496742014773,0.3333333333333333,0.3333333333333333,0.9672413793103448,0.2,0.00794012509887992,0.0062577181923293085,1.0457110129734126,0.013738051254011313,0.0033932927829075235,1.0744015831694127,0.03225260190850092
915,0.030242481213215267,0.0246941953747582,0.0035087719298245723,0.8409090909090908,0.0,0.9568965517241379,0.8635607095682976,0.0,0.09751680709683908,0.3333333333333333,0.3333333333333333,0.9620689655172414,0.0,0.0076640081651896865,0.0017529121907483285,1.0766824180066543,0.01344840499418425,0.0026860381131592697,0.7448919933402435,0.020062587902711128
916,0.02736791670069938,0.021234544911357622,0.0035087719298245723,0.8409090909090908,0.028086218158066622,0.9879310344827587,0.8725063464135094,0.0,0.343473777387282,0.3333333333333333,0.3333333333333333,0.9913793103448276,0.3,0.00794012509887992,0.006257723738980255,0.8705131865810156,0.013738050809414528,0.003593788653754541,0.2967109541195862,0.013839300434879166
917,0.027033038595214776,0.021077952628580088,0.0035087719298245723,0.8636363636363635,0.0,0.9879310344827587,0.8652301767601867,0.0,0.37101646946056044,0.3333333333333333,0.3333333333333333,0.993103448275862,0.2,0.009065171089592159,0.0017416022328000111,0.9505863045982444,0.00991700329530279,0.004521503211003202,0.5119359445566243,0.014934483767330402
918,0.027874836127708247,0.02146678795930107,0.0035087719298245723,0.8409090909090908,0.0,0.9827586206896551,0.8432388251384435,0.0,0.33762554969440073,0.3333333333333333,0.3333333333333333,0.9913793103448276,0.1,0.00794012509887992,0.006257723738980255,0.9182014226777231,0.013738050769861964,0.003270713889792924,0.3339577043571673,0.014613895517530305
919,0.027746509556485943,0.021942961687213325,0.0035087719298245723,0.8636363636363635,0.001959503592423253,0.9948275862068966,0.938670955986595,0.0,0.30481545230482876,0.3333333333333333,0.3333333333333333,0.9879310344827587,0.4,0.0076640081651896865,0.0027405333092142144,0.9638302560377228,0.013447098724211804,0.00337888459695212,0.6041933529959982,0.02636099823156015
920,0.029481568227026078,0.023774405240542196,0.0035087719298245723,0.8409090909090908,0.0006531678641410843,0.9879310344827587,0.8896092627470866,0.5,0.17639555429884535,0.3333333333333333,0.3333333333333333,0.9896551724137931,0.3,0.006012989789561848,0.003520184121983613,0.9750700813778784,0.01283683654351488,0.0024220201646984285,0.5189933821598874,0.027218905978508394
921,0.0317951433172351,0.026248554002658353,0.0035087719298245723,0.8409090909090908,0.0,0.9586206896551724,0.8649699089672518,0.0,0.1205441952538292,0.3333333333333333,0.3333333333333333,0.9637931034482758,0.0,0.006012989789561848,0.0033047485118034006,1.0676605808317203,0.01284081318976856,0.0022938131075383493,0.8312869717396266,0.024029889227408768
922,0.030205512277961533,0.0246571856366829,0.0035087719298245723,0.8409090909090908,0.0,0.9551724137931035,0.8513695142092422,0.0,0.0,0.3333333333333333,0.3333333333333333,0.9637931034482758,0.0,0.006012989789561848,0.00330276522363685,1.062157940977929,0.012836668349019814,0.0022938131075383493,0.8386465695292717,0.022734918319429444
923,0.030205512277961533,0.0246571856366829,0.0035087719298245723,0.8409090909090908,0.0,0.9551724137931035,0.8513695142092422,0.0,0.0,0.3333333333333333,0.3333333333333333,0.9637931034482758,0.0,0.00794012509887992,0.006283427309082119,1.0715086086633567,0.013738146916329295,0.0027250653030743183,0.9429076600895872,0.020198228663407064
924,0.030205512277961533,0.0246571856366829,0.0035087719298245723,0.8409090909090908,0.0,0.9551724137931035,0.8513695142092422,0.0,0.0,0.3333333333333333,0.3333333333333333,0.9637931034482758,0.0,0.00794012509887992,0.006283427309082119,1.0715086086633567,0.013738146916329295,0.0027250653030743183,0.9429076600895872,0.020198228663407064
925,0.029081391612549856,0.02299231939465174,0.0035087719298245723,0.8636363636363635,0.0,0.9879310344827587,0.8975324307695728,0.0,0.25258489653982696,0.3333333333333333,0.3333333333333333,0.9896551724137931,0.2,0.006012989789561848,0.0036057210955625424,0.9431407939431663,0.012845624583808403,0.002529735288409369,0.6780417244417558,0.031991117379868705
926,0.031156925472570984,0.025158616055888372,0.0035087719298245723,0.8636363636363635,0.0006531678641410843,0.9879310344827587,0.8989268225588043,0.0,0.3418832222483046,0.3333333333333333,0.3333333333333333,0.9896551724137931,0.3,0.006012989789561848,0.0035515329149502736,0.9566046884141531,0.01289784649916938,0.0026608055680487994,0.7070181380195639,0.0311255231950789
927,0.045289882220289734,0.03968686232219576,0.0035087719298245723,0.8409090909090908,0.0,0.9948275862068966,0.8601231094043146,0.0,0.47483515143718313,0.3333333333333333,0.3333333333333333,0.993103448275862,0.2,0.0076640081651896865,0.0027655629271650306,0.9392922728197968,0.013460564018684056,0.0051134979402780905,0.5401486866428235,0.02829041946763857
928,0.07638448295734201,0.0703975178416576,0.0035087719298245723,0.8409090909090908,0.0006531678641410843,0.9913793103448276,0.9208068804157034,0.0,0.43936385226523167,0.3333333333333333,0.3333333333333333,0.993103448275862,0.2,0.0076640081651896865,0.0020851521397629792,0.9625388809401715,0.014678478318014701,0.0030389269037537727,1.0897692448736152,0.02938299455192914
929,0.04263082658348116,0.03638081360960049,0.0035087719298245723,0.8409090909090908,0.0,0.9758620689655172,0.8938693842802661,0.0,0.2855346687240733,0.3333333333333333,0.3333333333333333,0.9879310344827587,0.0,0.0069477640272268895,0.0011177435934828241,0.9314086485030979,0.015845042065587116,0.002341224286943585,0.9494117869550744,0.036807863048713516
930,0.03153462236373494,0.02468457533833901,0.0035087719298245723,0.8863636363636364,0.001959503592423253,0.9948275862068966,0.9266040380370422,0.0,0.38376621167682945,0.3333333333333333,0.3333333333333333,0.993103448275862,0.3,0.0076640081651896865,0.0017647980023470554,1.0247812071281517,0.013447098724292374,0.004127191292656365,0.9617654837989249,0.02850214502178439
931,0.029427636002060997,0.023397025946083005,0.0035087719298245723,0.8636363636363635,0.0,0.9706896551724138,0.8156658977803954,0.0,0.13374927863691166,0.3333333333333333,0.3333333333333333,0.9879310344827587,0.0,0.0076640081651896865,0.002242552458658243,0.9349419114822842,0.013447098724211355,0.0026909166551302133,0.599861182892047,0.025313255786195053
932,0.0298236777846842,0.023925760393384787,0.0035087719298245723,0.8636363636363635,0.0,0.9775862068965517,0.8361704891407912,0.0,0.25657026974002883,0.3333333333333333,0.3333333333333333,0.9844827586206897,0.0,0.009065171089592159,0.0032502873777629465,0.9160865594821186,0.009917003294865265,0.002848274074265705,0.7536403270440978,0.029432753573205094
933,0.03725866942758549,0.030775670685591783,0.0035087719298245723,0.8636363636363635,0.002612671456564337,0.993103448275862,0.8777632027560079,0.0,0.310806071824828,0.3333333333333333,0.3333333333333333,0.9948275862068966,0.6,0.00794012509887992,0.0062355591445779086,0.9522316623804046,0.013739070754415389,0.0035682198227762565,0.5896947242022019,0.029348212594006447
934,0.03387955675818932,0.027424628142381613,0.0035087719298245723,0.8636363636363635,0.002612671456564337,0.9896551724137931,0.9353869538583445,0.0,0.2728905767771982,0.3333333333333333,0.3333333333333333,0.9879310344827587,0.3,0.0076640081651896865,0.0013165322427143471,1.0293489449256985,0.013452438050284378,0.0035175949832693012,0.9142164211161251,0.027081982022895634
935,0.030638840841404336,0.023784196455294893,0.0035087719298245723,0.8636363636363635,0.0,0.9741379310344828,0.8850552461194321,0.0,0.2248136175294616,0.3333333333333333,0.3333333333333333,0.9810344827586207,0.0,0.009065171089592159,0.0017281756797523438,0.9538134291868627,0.009917003294866498,0.0030059278499195386,1.0079870051010398,0.02289201631492279
936,0.032570860697290094,0.02670174522560237,0.0035087719298245723,0.8636363636363635,0.0,0.9775862068965517,0.8333585106551513,0.0,0.18368353963371964,0.3333333333333333,0.3333333333333333,0.9844827586206897,0.0,0.006012989789561848,0.002879200465357885,0.9348114325127383,0.012847447162554029,0.0022938131075383493,0.6800362628471883,0.030914888605849292
937,0.037917151164359675,0.03207760167912993,0.0035087719298245723,0.8636363636363635,0.0006531678641410843,0.9896551724137931,0.8963819058118582,0.0,0.4135720728694169,0.3333333333333333,0.3333333333333333,0.9913793103448276,0.2,0.0076640081651896865,0.0028220168187621003,0.9528143918268908,0.013447098736163569,0.0038595855023908347,0.9032887220239827,0.028284526255213334
938,0.044812117750699265,0.03903143446876861,0.0035087719298245723,0.8409090909090908,0.0,0.9948275862068966,0.8819686220299617,0.0,0.43153843798212355,0.3333333333333333,0.3333333333333333,0.9948275862068966,0.6,0.00794012509887992,0.006290717277446932,0.9566692188128426,0.013738050771465353,0.0034843817690909697,0.583690601037143,0.031070022904813803
939,0.032205629063407515,0.02646116592847958,0.0035087719298245723,0.8636363636363635,0.0,0.9879310344827587,0.865214392856916,0.0,0.17625316057216855,0.3333333333333333,0.3333333333333333,0.9948275862068966,0.4,0.006012989789561848,0.004083031788812212,0.9281452300991645,0.012844618623941168,0.003141865434916436,0.5068510693683289,0.02869337027410193
940,0.131068709878002,0.12521935166228038,0.0035087719298245723,0.8409090909090908,0.0006531678641410843,0.9827586206896551,0.8422405386051094,0.0,0.38940656949916874,0.3333333333333333,0.3333333333333333,0.9982758620689656,0.1,0.0076640081651896865,0.0012941345399166762,1.1228699780191456,0.013447104961329476,0.0033898187911451496,1.5468898797345845,0.027179358885184825
941,0.04782869868038753,0.04119515952505154,0.0035087719298245723,0.8863636363636364,0.0006531678641410843,0.9948275862068966,0.9578805934208013,0.5,0.2346628585393009,0.3333333333333333,0.3333333333333333,0.9913793103448276,0.2,0.006012989789561848,0.003315997503531801,1.0373588420777575,0.013249002271510019,0.002529735288409369,1.1736850456495358,0.03399228422358353
942,0.03205082454432473,0.024919932415498225,0.0035087719298245723,0.8863636363636364,0.0013063357282821686,0.9896551724137931,0.9588271774805878,0.0,0.3169560554023463,0.3333333333333333,0.3333333333333333,0.9827586206896551,0.2,0.00794012509887992,0.0062577181923293085,1.0160046096131967,0.01373805076993749,0.0028669804226588006,1.1333165016004738,0.03237371463216884
943,0.030996755032359657,0.024878591026701147,0.0035087719298245723,0.8636363636363635,0.0,0.993103448275862,0.8862445563075079,0.0,0.2921657345316304,0.3333333333333333,0.3333333333333333,0.9948275862068966,0.3,0.0069477640272268895,0.0011203113078860137,0.9731566042542749,0.01583579094063589,0.0029421063859309715,0.9191921772452821,0.03712761983092113
944,0.03281185134786768,0.02529871217540791,0.0035087719298245723,0.8636363636363635,0.001959503592423253,0.996551724137931,0.9505399746572706,0.6666666666666666,0.49525617650740383,0.3333333333333333,0.3333333333333333,0.9982758620689656,0.7,0.009065171089592159,0.0017296298017095658,1.0507168087501273,0.00991700335232824,0.005032669803951591,1.2842533533822043,0.028235021572319635
945,0.033281652097542525,0.024656287866351823,0.0035087719298245723,0.8409090909090908,0.0,0.996551724137931,0.9162535286307103,0.0,0.3651315370652116,0.3333333333333333,0.3333333333333333,0.9982758620689656,0.6,0.00794012509887992,0.0062577181923293085,1.0326845240131821,0.013738050769863541,0.003393562359504248,1.241181398599694,0.028307083921137857
946,0.032138901913884244,0.025439815858408266,0.0035087719298245723,0.8636363636363635,0.005225342913128674,0.996551724137931,0.9161648139000287,0.0,0.485502503033868,0.3333333333333333,0.3333333333333333,1.0,0.6,0.0069477640272268895,0.0011239455903245973,1.0275511750556965,0.015844870316797044,0.0028145612533151065,0.8882858950391664,0.03838519004903295
947,0.03550971721332785,0.028943497668088458,0.0035087719298245723,0.8636363636363635,0.0013063357282821686,0.9879310344827587,0.91195070972599,0.0,0.4544170193996949,0.3333333333333333,0.3333333333333333,0.993103448275862,0.2,0.0076640081651896865,0.0020851521397629792,0.9419079594865768,0.01344709928659678,0.0026969679178537533,1.0133789724995028,0.026109822709318945
948,0.46826711409125255,0.46280768199853684,0.0035087719298245723,0.8636363636363635,0.0006531678641410843,0.9913793103448276,0.8929281411402227,0.0,0.39551521900834596,0.3333333333333333,0.3333333333333333,0.996551724137931,0.4,0.00794012509887992,0.006255492888529943,0.926652997634526,0.013740093900462531,0.0034048051525174066,1.4980538018831133,0.03018541144224717
949,0.028677058429196545,0.022389016238614556,0.0035087719298245723,0.8409090909090908,0.0,0.9810344827586207,0.8640893086325023,0.0,0.0901507281173759,0.3333333333333333,0.3333333333333333,0.9913793103448276,0.0,0.00794012509887992,0.006220837810744613,0.9633056147096053,0.013738050769902824,0.002735489162608908,0.5464766171771058,0.024741491597966004
950,0.0357115996320686,0.02905107472470958,0.0035087719298245723,0.8636363636363635,0.0013063357282821686,0.993103448275862,0.8804984933672673,0.0,0.31252842090821653,0.3333333333333333,0.3333333333333333,0.9948275862068966,0.7,0.0069477640272268895,0.0010946384728903267,0.9261441749578855,0.015843114565781927,0.006202098357259569,0.551507962963622,0.03572159606418853
951,0.0406603033115539,0.0342595477035082,0.0035087719298245723,0.8409090909090908,0.0,0.9827586206896551,0.8276263143113973,0.0,0.37055779177307746,0.3333333333333333,0.3333333333333333,0.9982758620689656,0.1,0.009065171089592159,0.0017238441202191003,0.9732646906441701,0.00992323449142244,0.0037878526823470694,1.2683652666878735,0.03116932635655794
952,0.8855879407351025,0.8800009571301648,0.0,0.8181818181818182,0.0,0.996551724137931,0.9258770816264039,0.0,0.3812598601711412,1.0,0.6666666666666666,0.9982758620689656,0.6,2.997743606188166,0.015904333339147057,1.0639541269073507,3.5700367156649904,0.015770526612012167,0.759437946602568,0.02363093641647168
953,0.9035717515647447,0.897981973798435,0.0,0.8181818181818182,0.0006531678641410843,0.9982758620689656,0.9285739522644255,0.5,0.535122317975551,1.0,0.6666666666666666,1.0,0.5,3.2315013612579997,0.12785732224904933,1.121134528805479,4.255937083897422,0.02591532077082166,1.1485961713510613,0.03772875036019109
954,0.09742137671055928,0.0918598504788144,0.0,0.8409090909090909,0.0,0.9844827586206897,0.8618687762464562,0.0,0.37051594207116745,1.0,0.6666666666666666,0.993103448275862,0.1,2.0511554857756167,3.537352011028932,1.0163922459241206,0.024313592968827062,0.010646708306480035,0.7952096020894138,0.028511018695802373
955,0.18404974317355616,0.17859427437091496,0.0035087719298245723,0.8181818181818181,0.0006531678641410843,0.996551724137931,0.8568405746149449,0.5,0.41617197042362,0.3333333333333333,0.3333333333333333,0.9982758620689656,0.9,0.0076640081651896865,0.0015150393545130844,0.9840360568209461,0.013447098724574924,0.004123770764367456,0.7242065286796431,0.024160313238924737
956,0.028235039467015444,0.021848488551113876,0.0035087719298245723,0.8636363636363635,0.0013063357282821686,0.9982758620689656,0.9219493585765672,0.5,0.5918103129598417,0.3333333333333333,0.3333333333333333,0.996551724137931,0.6,0.0069477640272268895,0.001114697105503708,0.8650080695941668,0.015835701270510847,0.0033475604310788352,0.45950188918671014,0.011912877420805584
957,0.04090784822449345,0.034285371206809356,0.0035087719298245723,0.8636363636363635,0.0,0.993103448275862,0.9474058108591805,0.0,0.20245457464322336,0.3333333333333333,0.3333333333333333,0.9879310344827587,0.1,0.009065171089592159,0.0017339137283029732,1.0543222607362,0.009917076846229689,0.003713912326704542,1.2221139094645574,0.03242194276462231
958,0.027156648620291657,0.021232628869299608,0.0035087719298245723,0.8409090909090908,0.0,0.9793103448275862,0.829868249055203,0.0,0.3227640560847226,0.3333333333333333,0.3333333333333333,0.9879310344827587,0.0,0.0069477640272268895,0.0011203713107956047,0.9196451159724307,0.016709547331711917,0.0024345714649528956,0.33051954809332534,0.023505634758533556
959,0.03189803940390801,0.02635156136187422,0.0035087719298245723,0.8181818181818181,0.0,0.9637931034482758,0.8355055167609613,0.3333333333333333,0.20311700951479195,0.3333333333333333,0.3333333333333333,0.9689655172413794,0.0,0.006012989789561848,0.0033105564058225293,1.0536015567582995,0.012837687010555541,0.003300451547789147,0.7766827186695119,0.022778921338858435
960,0.03505042038090078,0.02940731266188623,0.0035087719298245723,0.8181818181818181,0.0006531678641410843,0.9896551724137931,0.884236296134551,0.0,0.29941860443786106,0.3333333333333333,0.3333333333333333,0.9913793103448276,0.2,0.009065171089592159,0.0018690888857178958,0.9970570880327617,0.009917076026452356,0.003907363055070466,0.8460137528333584,0.022492446732074158
961,0.04176491337014465,0.03610929570301408,0.0035087719298245723,0.8181818181818181,0.0,0.9913793103448276,0.900472057236468,0.0,0.3581579901090678,0.3333333333333333,0.3333333333333333,0.9896551724137931,0.1,0.0069477640272268895,0.0011653161707919537,1.0447967622063434,0.0158368701301688,0.0026799188918000478,0.8055805884939873,0.03039959289334287
962,0.029323739901429224,0.02310773787191217,0.0035087719298245723,0.8636363636363635,0.0006531678641410843,0.9982758620689656,0.905558003636585,1.0,0.5556151224740771,0.3333333333333333,0.3333333333333333,0.9982758620689656,0.5,0.0069477640272268895,0.0011107976066648938,1.0998008205846814,0.01583931586293633,0.0031238607283728763,1.2000323879130623,0.03954537287485048
963,0.7357783485801819,0.7302335715463119,0.0035087719298245723,0.8409090909090908,0.0,0.9913793103448276,0.9040214795508528,0.0,0.3703147668677623,0.3333333333333333,0.3333333333333333,0.9948275862068966,0.4,0.006012989789561848,0.0040920022315967565,0.9574195676163735,0.013994807535511909,0.004549564344150488,1.427526918610627,0.030271465968809644
964,0.043439449081736026,0.037904665144485816,0.0035087719298245723,0.8409090909090908,0.0,0.993103448275862,0.906201786004021,0.0,0.36817816105438106,0.3333333333333333,0.3333333333333333,0.996551724137931,0.4,0.006012989789561848,0.003827518447048057,0.92412769255909,0.012835599035692983,0.003200346171947789,1.3480645401106273,0.02894760498769841
965,0.06511573229412393,0.05942794739208912,0.0035087719298245723,0.8409090909090908,0.0,0.9913793103448276,0.846242976804181,0.0,0.10137224683376311,0.3333333333333333,0.3333333333333333,0.993103448275862,0.1,0.0076640081651896865,0.001406140802432787,0.8866291670010881,0.013447098727130824,0.003037983028411721,0.6140316497191345,0.025765839804436343
966,0.04943928349657589,0.043735714135636816,0.0035087719298245723,0.8181818181818181,0.0,0.9879310344827587,0.8411808536315897,0.0,0.21022200978595929,0.3333333333333333,0.3333333333333333,0.993103448275862,0.2,0.00794012509887992,0.006196714234994729,0.9012599325217856,0.013738050769922296,0.003815373913833352,0.49891257404515826,0.028902561576082154
967,0.028865311506174995,0.02331549230380614,0.0035087719298245723,0.8181818181818181,0.0,0.996551724137931,0.7838282043347886,0.0,0.46344980856216567,0.3333333333333333,0.3333333333333333,1.0,0.4,0.0069477640272268895,0.0011233298471051995,1.1419298053035065,0.015835680891033464,0.0030852955135813103,1.9466698550048245,0.0392878491384887
968,0.033042032378663544,0.02413543092105408,0.0035087719298245723,0.8409090909090908,0.0,0.9948275862068966,0.8672843119657382,0.0,0.46977454415313724,0.3333333333333333,0.3333333333333333,0.996551724137931,0.8,0.0076640081651896865,0.001391878281577987,0.8834741970459996,0.013447098724211804,0.003383765091281198,0.6956977198976658,0.008357009957553854
969,0.031180640509713253,0.023214149213530655,0.0035087719298245723,0.8409090909090908,0.0006531678641410843,0.9879310344827587,0.8772981791768163,0.0,0.3914192886012481,0.3333333333333333,0.3333333333333333,0.9948275862068966,0.2,0.00794012509887992,0.006257723738980255,0.9230158169757182,0.013738050769861964,0.0027250653030743183,0.709527380612505,0.01662410226339777
970,0.030458354640508167,0.024349765675339474,0.0035087719298245723,0.8409090909090908,0.0,0.9948275862068966,0.8852221154426027,0.0,0.1840538327263208,0.3333333333333333,0.3333333333333333,0.996551724137931,0.4,0.006012989789561848,0.0032738773234685793,0.9640579712072535,0.01285976500146713,0.0031767477850651116,0.7758112629223254,0.026646114067002617
971,0.03058605009093407,0.02393169917887389,0.0035087719298245723,0.8636363636363635,0.0,0.9620689655172414,0.8664370438399595,0.0,0.20338707955230262,0.3333333333333333,0.3333333333333333,0.9844827586206897,0.0,0.00794012509887992,0.006257775851715883,0.9737008442671659,0.01373805076986309,0.0027752539475198426,1.043780726900768,0.02329489064988018
972,0.033017908535488694,0.026582029406714613,0.0035087719298245723,0.8409090909090908,0.0,0.9706896551724138,0.8863874217933493,0.0,0.17214116153271697,0.3333333333333333,0.3333333333333333,0.9810344827586207,0.0,0.006012989789561848,0.0030796268713853153,0.9366540914350018,0.012845187516381456,0.0024648189092480446,1.0860684893767103,0.024897204632811976
973,0.037717389113304356,0.03195524173833292,0.0035087719298245723,0.8409090909090908,0.0006531678641410843,0.9982758620689656,0.8356201604884042,1.0,0.5164108001678048,0.3333333333333333,0.3333333333333333,0.9982758620689656,0.5,0.006012989789561848,0.003588606812202232,0.9755159249685655,0.012918721011405667,0.00403743402026502,0.5459119672319406,0.025726197628381943
974,0.03394018832518253,0.028255221242112438,0.0035087719298245723,0.8409090909090908,0.0,0.9913793103448276,0.9189745107401411,0.3333333333333333,0.12370943870425855,0.3333333333333333,0.3333333333333333,0.9896551724137931,0.2,0.00794012509887992,0.006260641341918016,1.0052150875986734,0.013738060245326606,0.002805280201960146,0.6975095676112921,0.023653186577321673
975,0.09700986157339575,0.09142358458723687,0.0035087719298245723,0.8409090909090908,0.0,0.9844827586206897,0.8437415122803029,0.0,0.2523019410248689,0.3333333333333333,0.3333333333333333,0.9862068965517241,0.2,0.006012989789561848,0.004173369101255286,0.8536332789888916,0.01316859705770212,0.005579354736040787,0.6522567141495363,0.028324539526444484
976,0.05394484711680547,0.04830177372059902,0.0035087719298245723,0.8636363636363635,0.0,0.9862068965517241,0.8370829599964802,0.0,0.28393647632827956,0.3333333333333333,0.3333333333333333,0.9862068965517241,0.3,0.00794012509887992,0.006257723738980255,0.8500286509519509,0.013738059538394127,0.0042385565524366885,0.699582724458714,0.030157132951227694
977,0.03212537344445798,0.02657914074556411,0.0035087719298245723,0.8409090909090908,0.0006531678641410843,0.996551724137931,0.8887928286350245,0.0,0.398335973773257,0.3333333333333333,0.3333333333333333,0.996551724137931,0.4,0.009065171089592159,0.0016512844572633414,0.8992394742341582,0.009917003294865152,0.0032813591563965695,1.1600718465726056,0.0278654670780283
978,0.06644203187470088,0.05693778695203611,0.0035087719298245723,0.8636363636363635,0.001959503592423253,0.9758620689655172,0.8668465056559083,0.0,0.2964542026679937,0.3333333333333333,0.3333333333333333,0.9810344827586207,0.0,0.00794012509887992,0.006290711701643339,0.9915076769316757,0.013738050769917456,0.0028473793325810323,0.9714670302820567,0.0245982676679552
979,0.44174136015088694,0.4311445335388542,0.0035087719298245723,0.8636363636363635,0.0,0.9913793103448276,0.893205065332703,0.0,0.4240414530455927,0.3333333333333333,0.3333333333333333,0.993103448275862,0.3,0.00794012509887992,0.006290711701643339,0.9716435287447073,0.013738053734605635,0.004399601731096421,1.0807914877043079,0.027034154965029714
980,0.20872804908368014,0.19859709022515953,0.0035087719298245723,0.8636363636363635,0.001959503592423253,0.9948275862068966,0.9286992379787293,0.0,0.30960101919021943,0.3333333333333333,0.3333333333333333,0.9948275862068966,0.2,0.009065171089592159,0.0017378080806418137,0.9978352568919886,0.009917003314042876,0.003242996043811359,1.4391419928438272,0.026855577822273775
981,0.03687435898320579,0.02720095524775723,0.0035087719298245723,0.8636363636363635,0.0,0.9913793103448276,0.9189153185984033,0.0,0.444341020908224,0.3333333333333333,0.3333333333333333,0.993103448275862,0.3,0.009065171089592159,0.0017287461556047322,1.0369846282512276,0.009917003294865265,0.0033250552000105293,1.3261014433321776,0.02724188057366246
982,0.06643469213925401,0.056942864237132296,0.0035087719298245723,0.8409090909090908,0.0013063357282821686,0.9844827586206897,0.914454830090557,0.0,0.16095101653627153,0.3333333333333333,0.3333333333333333,0.9775862068965517,0.1,0.0069477640272268895,0.0011103894610194796,1.0270942193292385,0.015835680891265483,0.0022541731252431964,1.0129999872375912,0.025966209237992987
983,0.04661496771053808,0.037192005985803966,0.0035087719298245723,0.8409090909090908,0.0013063357282821686,0.9948275862068966,0.9067812389081672,0.0,0.39379653014368965,0.3333333333333333,0.3333333333333333,0.9948275862068966,0.4,0.0069477640272268895,0.0011158656224558505,0.9775990161399878,0.01583568090438663,0.003593832156544711,1.0281986491268982,0.036457193925434235
984,0.15441837598069075,0.14452692225716285,0.0035087719298245723,0.8409090909090908,0.0,0.993103448275862,0.8962575680392446,0.0,0.4299849722175504,0.3333333333333333,0.3333333333333333,1.0,0.4,0.00794012509887992,0.0062577181923293085,0.9577357845502713,0.013738050769861964,0.0035663839069084596,0.9668358618603495,0.024552494809565582
985,0.033612465802904556,0.025547940659099933,0.0035087719298245723,0.8409090909090908,0.0,0.9879310344827587,0.9240235339317963,0.0,0.08988508948481111,0.3333333333333333,0.3333333333333333,0.9862068965517241,0.3,0.006012989789561848,0.0033573689958771827,1.0248152598564515,0.01283560454624648,0.0027982496052340305,1.389070344668757,0.02982353451059729
986,0.7747898999046052,0.7644506191080169,0.0035087719298245723,0.8636363636363635,0.005225342913128674,0.9913793103448276,0.9086213341864229,0.0,0.06905615310152602,0.3333333333333333,0.3333333333333333,0.9948275862068966,0.3,0.006012989789561848,0.003373968853915283,0.9552957683209882,0.012836033816854626,0.0028714900962776503,1.4653214754448947,0.029035720298403248
987,0.03139861016199974,0.025851590574233196,0.0035087719298245723,0.8181818181818181,0.0,0.9896551724137931,0.7938579040944156,0.0,0.35840309758905897,0.3333333333333333,0.3333333333333333,0.996551724137931,0.1,0.0069477640272268895,0.001121896389888138,1.013298615345851,0.015835700734290723,0.0030146121064974583,0.5072529215905657,0.03576054830055911
988,0.030710524746851653,0.02287690102248119,0.0035087719298245723,0.8409090909090908,0.001959503592423253,0.993103448275862,0.8011891997830716,0.0,0.43041195570876645,0.3333333333333333,0.3333333333333333,0.9982758620689656,0.5,0.006012989789561848,0.0038266086269285564,0.9588644707924582,0.012835746756481622,0.003976222197483006,0.7768059381561359,0.03170278149385777
989,0.06228296169398917,0.052809490639738554,0.0035087719298245723,0.8409090909090908,0.0,0.9879310344827587,0.8977558293734459,0.0,0.2038803566251629,0.3333333333333333,0.3333333333333333,0.9913793103448276,0.2,0.00794012509887992,0.0062577181923293085,1.0102790404022666,0.013738050769865116,0.0037382955025277533,1.0792731800310473,0.024240552814306694
990,0.02807759977437363,0.02252688984363882,0.0035087719298245723,0.8409090909090908,0.0,0.9896551724137931,0.876311856196279,0.0,0.3902850193076106,0.3333333333333333,0.3333333333333333,0.9827586206896551,0.1,0.0076640081651896865,0.0025679542132491574,0.9394954437878595,0.013447098724211355,0.004456691380858347,1.0391066243986298,0.024220737649167615
991,0.02731426300675399,0.021762681139059104,0.0035087719298245723,0.8636363636363635,0.0,0.9948275862068966,0.8668314178546095,0.0,0.45043133605100927,0.3333333333333333,0.3333333333333333,0.9844827586206897,0.1,0.0069477640272268895,0.001112347698537502,0.9755603902716576,0.015835680891008876,0.003390660711699474,0.8644170210308074,0.02890548434290976
992,0.055180554773739066,0.04563933601042214,0.0035087719298245723,0.8636363636363635,0.0,0.9948275862068966,0.928516063147744,0.0,0.4367262765052483,0.3333333333333333,0.3333333333333333,0.9913793103448276,0.3,0.0069477640272268895,0.0011211558625731813,0.9235215374921482,0.01583568089101113,0.00237824756235803,0.7700389641562926,0.0161309931665294
993,0.026936160685499644,0.02138414311600617,0.0035087719298245723,0.8863636363636364,0.0,0.9793103448275862,0.8636897795724625,0.0,0.30772230636508346,0.3333333333333333,0.3333333333333333,0.9775862068965517,0.0,0.006012989789561848,0.003605559633135558,0.9277494475158922,0.012835592190222204,0.0024922654515129533,0.885659917677436,0.026726567792661825
994,0.02947117803664856,0.023922036098549315,0.0035087719298245723,0.8863636363636364,0.0006531678641410843,0.9896551724137931,0.8646212969207112,0.3333333333333333,0.30951064433411246,0.3333333333333333,0.3333333333333333,0.9879310344827587,0.2,0.00794012509887992,0.006257723738980255,0.9331783483515622,0.013738050769861964,0.003834017620018949,0.7082746833492416,0.029075412901457928
995,0.05219575245975183,0.042734619659601014,0.0035087719298245723,0.8409090909090908,0.0,0.9672413793103448,0.8577642371238057,0.0,0.2999481515594513,0.3333333333333333,0.3333333333333333,0.9810344827586207,0.0,0.006012989789561848,0.0035482691379576923,0.9793287294469571,0.012835592223492806,0.0026608055680487994,0.9805412434419449,0.030737234274431483
996,0.05017029538902862,0.04071199231031214,0.0035087719298245723,0.8636363636363635,0.0,0.9793103448275862,0.8474202390083312,0.0,0.18543171845975503,0.3333333333333333,0.3333333333333333,0.9862068965517241,0.0,0.0069477640272268895,0.0011111952873229804,1.0629966010692562,0.015835680891060647,0.002597755945661402,1.0744003961230213,0.02232633171179473
997,0.03336915753699765,0.024393842613738725,0.0035087719298245723,0.8636363636363635,0.001959503592423253,0.9896551724137931,0.9011765079076186,0.3333333333333333,0.396684881633085,0.3333333333333333,0.3333333333333333,0.9862068965517241,0.3,0.0069477640272268895,0.0011317574724556585,0.9517200964490329,0.0158356808910082,0.003271534944328971,0.7820214602943958,0.011606300024216636
998,0.16800599265209415,0.1580286674726653,0.0035087719298245723,0.8409090909090908,0.0,0.993103448275862,0.8767611125843925,0.0,0.4286067419862182,0.3333333333333333,0.3333333333333333,0.996551724137931,0.3,0.00794012509887992,0.006260641341918016,0.948081895412915,0.01373805304848717,0.004265632009323803,0.9354545019515725,0.026734513098218324
999,0.7157047400981968,0.7052299882655756,0.0035087719298245723,0.8863636363636364,0.005225342913128674,0.9948275862068966,0.9559481092225655,0.5,0.11394897925612757,0.3333333333333333,0.3333333333333333,0.9827586206896551,0.4,0.00794012509887992,0.0062577181923293085,0.9504398775965229,0.013738050769865229,0.003672024404470581,0.9920561304209696,0.03011581445796809
1000,0.26394268643810204,0.2536722794335683,0.0035087719298245723,0.8636363636363635,0.0,0.9948275862068966,0.9304423911170143,0.0,0.3607518189150618,0.3333333333333333,0.3333333333333333,0.9862068965517241,0.3,0.006012989789561848,0.003330287249813956,0.9584982276939472,0.012835592184825304,0.0023052406008283086,1.0867203760177622,0.03052863954964282
1001,0.029205589390473796,0.02233007843519652,0.0035087719298245723,0.8863636363636364,0.022860875244937948,0.9982758620689656,0.8916193936369718,0.3333333333333333,0.5011725113689723,0.3333333333333333,0.3333333333333333,0.9862068965517241,0.6,0.0069477640272268895,0.0011533667722647904,0.8524459943791829,0.015835680894843093,0.003295351672312295,0.29197968547171327,0.03555154352659098
1002,0.04014148581368493,0.030705389629727797,0.0035087719298245723,0.8636363636363635,0.0,0.9948275862068966,0.912706305658595,0.0,0.31053133157413904,0.3333333333333333,0.3333333333333333,0.996551724137931,0.2,0.0076640081651896865,0.0010573355109356388,1.0144587154295597,0.013447098724378792,0.003009615083103865,1.0962083629059596,0.02656817593470904
1003,0.06859759910320196,0.059066598917977,0.0035087719298245723,0.8863636363636364,0.0013063357282821686,0.9982758620689656,0.957316320676879,0.5,0.5767275154675712,0.3333333333333333,0.3333333333333333,1.0,0.7,0.00794012509887992,0.0062577181923293085,0.9554524434222822,0.013738050769861964,0.0037612002508690717,0.8590308569680117,0.018057478932382923
1004,0.028542376103483758,0.022295422072295068,0.0035087719298245723,0.8636363636363635,0.0,0.9862068965517241,0.8265948325193554,0.0,0.11284675496903618,0.3333333333333333,0.3333333333333333,0.9879310344827587,0.3,0.006012989789561848,0.004319112629426983,0.8455808357172923,0.012835595910741621,0.0033496931507089466,0.6028928837593264,0.027940241487032818
1005,0.02643775505835466,0.020885150441159905,0.0035087719298245723,0.8409090909090908,0.0,0.993103448275862,0.8328749001624057,0.0,0.39378982769883075,0.3333333333333333,0.3333333333333333,0.9948275862068966,0.3,0.00794012509887992,0.006226670195514697,1.0160912665942137,0.013738050769882675,0.0042778244911735345,1.1861652993045546,0.026475762477935056
1006,0.03430259695681526,0.0249215651579891,0.0035087719298245723,0.8636363636363635,0.0,0.9896551724137931,0.8557228886124939,0.0,0.42832130533823476,0.3333333333333333,0.3333333333333333,0.9896551724137931,0.2,0.006012989789561848,0.003549418047051209,0.8750670339990578,0.012835592192397676,0.0030875450799521544,0.5114639644858021,0.026060634233020706
1007,0.1523861570911943,0.14246663832453188,0.0035087719298245723,0.8409090909090908,0.0,0.9913793103448276,0.8370913114969037,0.0,0.30004105817536886,0.3333333333333333,0.3333333333333333,0.9948275862068966,0.5,0.009065171089592159,0.0017305318199352826,1.0597020212843187,0.00991700330046834,0.0037390549984998443,1.0585610039058184,0.0272589904802498
1008,0.04381245668129241,0.03440813150342964,0.0035087719298245723,0.8409090909090908,0.0032658393207054214,0.9827586206896551,0.8676002527634433,0.0,0.31962348865014756,0.3333333333333333,0.3333333333333333,0.9879310344827587,0.1,0.0076640081651896865,0.0013114929620761313,1.009153292539875,0.013447098724211468,0.00442145040361928,0.8726772046455011,0.03342842971333983
1009,0.45704050690898057,0.4464224404449926,0.0035087719298245723,0.8863636363636364,0.0013063357282821686,0.996551724137931,0.8915875482411371,0.0,0.4774111594304078,0.3333333333333333,0.3333333333333333,1.0,0.8,0.0069477640272268895,0.0011304930877588401,0.8802837997461956,0.015835680891013386,0.002646580983189293,0.5654450407807066,0.03509174941302751
1010,0.07561567770626698,0.06596337436660504,0.0035087719298245723,0.8636363636363635,0.0,0.9862068965517241,0.8919230192863123,0.0,0.31776706963285095,0.3333333333333333,0.3333333333333333,0.9948275862068966,0.1,0.009065171089592159,0.0017340432438289735,0.981024018762256,0.009917003294865152,0.0029364222195005364,1.2890069365746388,0.028639781532561113
1011,0.030884621744896923,0.023038318810785607,0.0035087719298245723,0.8636363636363635,0.0,0.9775862068965517,0.8272469831436222,0.0,0.28554183778227193,0.3333333333333333,0.3333333333333333,0.9879310344827587,0.0,0.0069477640272268895,0.0011213470578080094,0.8470338129381938,0.015835680891007294,0.002855504843965693,0.3925405522774341,0.03293505212722219
1012,0.8474246337087428,0.8373273733815693,0.0035087719298245723,0.8409090909090908,0.0006531678641410843,0.9724137931034482,0.8516868077514915,0.0,0.27825618959899157,0.3333333333333333,0.3333333333333333,0.993103448275862,0.0,0.00794012509887992,0.006290711701643339,1.007770738154649,0.013738185102097835,0.0028419336708731197,1.1846903019791653,0.029463748373947926
1013,0.04029838021605603,0.030918993839835984,0.0035087719298245723,0.8181818181818181,0.0,0.9948275862068966,0.8263081835500727,0.0,0.32843455808663236,0.3333333333333333,0.3333333333333333,0.996551724137931,0.4,0.006012989789561848,0.003797301828371813,0.8749301178828736,0.012835592192919586,0.002557180967621216,0.4863335583329887,0.03199940490080501
1014,0.0261064317237919,0.020553452581988374,0.0035087719298245723,0.7954545454545454,0.0,0.996551724137931,0.8620171449682991,0.5,0.10977084190113151,0.3333333333333333,0.3333333333333333,0.9982758620689656,0.5,0.0076640081651896865,0.0011636537430684702,1.1692738412030743,0.013447098895459577,0.0026969679178537533,1.0095428912589903,0.016182590699149624
1015,0.04606883002799722,0.03665901821420353,0.0035087719298245723,0.8636363636363635,0.0,0.9896551724137931,0.8603583955281605,0.0,0.21623261725333776,0.3333333333333333,0.3333333333333333,0.993103448275862,0.2,0.009065171089592159,0.0016116051522326459,0.9594889690189532,0.0099170032948656,0.00322577460045096,1.046871219825216,0.01961520775467635
1016,0.7714723472413199,0.7611234975893647,0.0035087719298245723,0.8636363636363635,0.0006531678641410843,0.9913793103448276,0.8907546080266846,0.0,0.14306759295900573,0.3333333333333333,0.3333333333333333,0.9948275862068966,0.4,0.009065171089592159,0.0017368817239912732,0.9844037507928874,0.010175187224896094,0.003435603788619382,1.4403715148611063,0.02604857515236729
1017,0.65279488228561,0.6422142253968176,0.0035087719298245723,0.8636363636363635,0.013063357282821686,0.9982758620689656,0.8603151897362487,1.0,0.5408839896342206,0.3333333333333333,0.3333333333333333,1.0,0.7,0.0069477640272268895,0.0011107448326092124,0.9523926516634218,0.015835680891016658,0.00422369381555291,1.3888359540318769,0.027138412596985455
1018,0.4005399073185263,0.39000052871007385,0.0035087719298245723,0.8181818181818181,0.0,0.9810344827586207,0.8592518254105135,0.0,0.2996506677746439,0.3333333333333333,0.3333333333333333,0.9879310344827587,0.0,0.006012989789561848,0.0033073647784331735,0.9279354502166027,0.012835947239359106,0.0035360307333824137,1.1001405166002338,0.01345330965886149
1019,0.048663673901181204,0.03915181777800891,0.0035087719298245723,0.8181818181818181,0.0,0.9810344827586207,0.851763085075322,0.0,0.3960949096998643,0.3333333333333333,0.3333333333333333,0.9982758620689656,0.0,0.00794012509887992,0.006262386924336663,1.006054070844381,0.013738050793842233,0.00316310392093741,1.06475669156434,0.03106045639623603
1020,0.0266910344561041,0.02113873475029443,0.0035087719298245723,0.8409090909090908,0.0,0.9758620689655172,0.804907533659164,0.0,0.15890591742390914,0.3333333333333333,0.3333333333333333,0.9879310344827587,0.0,0.00794012509887992,0.006254442398816889,1.0300860591418406,0.013738051059825252,0.003024903952867142,0.7871109188975863,0.024654903545842155
1021,0.03339533186548771,0.027850457251217153,0.0035087719298245723,0.8636363636363635,0.0,0.9862068965517241,0.8332273526202384,0.0,0.19066752502045292,0.3333333333333333,0.3333333333333333,0.9879310344827587,0.1,0.00794012509887992,0.006254442398816889,1.0617853993522925,0.013740885958307913,0.003250443441143564,0.8030177904709495,0.02837563141070013
1022,0.026471085822976526,0.020918530311945183,0.0035087719298245723,0.8636363636363635,0.0,0.9879310344827587,0.8447811835202951,0.0,0.08004378148504421,0.3333333333333333,0.3333333333333333,0.9844827586206897,0.1,0.006012989789561848,0.0035180613033780686,0.9677057503120573,0.012835592191612505,0.002666775722524689,0.6567662388131552,0.023063275987733178
1023,0.02666599281377413,0.02111366258769204,0.0035087719298245723,0.8636363636363635,0.0,0.9810344827586207,0.8246421179799376,0.0,0.37205367221708374,0.3333333333333333,0.3333333333333333,0.9913793103448276,0.0,0.0076640081651896865,0.003650229209142828,0.9212049272627979,0.013447098724211355,0.004530129306949885,1.002567530124199,0.025540999846506315
1024,0.09323409017809359,0.08357191707074407,0.0035087719298245723,0.8409090909090908,0.0,0.9758620689655172,0.8951969915385334,0.0,0.35235936694828507,0.3333333333333333,0.3333333333333333,0.9896551724137931,0.0,0.009065171089592159,0.001739938839832332,0.9878464898746742,0.009917003294865152,0.002986849552754912,1.173001003586326,0.025639650186634392
1025,0.04940699906981505,0.03994141621297226,0.0035087719298245723,0.8409090909090908,0.0013063357282821686,0.9879310344827587,0.8921622507205518,0.0,0.2836121980358238,0.3333333333333333,0.3333333333333333,0.9844827586206897,0.1,0.00794012509887992,0.006290711701643339,1.0020913153109394,0.013738050769862077,0.0027250653030743183,1.0213940428001493,0.027319073363261937
1026,0.0342192465987754,0.024889863504042153,0.0035087719298245723,0.8863636363636364,0.0006531678641410843,0.993103448275862,0.8854752361242432,0.0,0.04292255163217895,0.3333333333333333,0.3333333333333333,0.993103448275862,0.3,0.0069477640272268895,0.001137311375587001,0.8366312723713374,0.015835680891097756,0.002645005458120822,0.34083782836748416,0.004188170401845097
1027,0.48136050767698935,0.47073971696026906,0.0035087719298245723,0.8409090909090908,0.0,0.9724137931034482,0.8541734261694507,0.0,0.25742405919778155,0.3333333333333333,0.3333333333333333,0.9844827586206897,0.0,0.0076640081651896865,0.0011562438378403229,0.9381250577128888,0.013447099796907966,0.003506655071103429,0.9208666244272385,0.00958530722048986
1028,0.033074091286899865,0.024127487960425298,0.0035087719298245723,0.8636363636363635,0.0,0.993103448275862,0.848326067564193,0.0,0.3820860623218102,0.3333333333333333,0.3333333333333333,0.993103448275862,0.4,0.006012989789561848,0.0041162697402453464,0.8928563876949849,0.012835592732622064,0.0032330873483770645,0.7584011945316363,0.004045362324498733
1029,0.05045966119595535,0.041049725733085574,0.0035087719298245723,0.8409090909090908,0.0,0.9793103448275862,0.8169962888641182,0.0,0.22286103926026501,0.3333333333333333,0.3333333333333333,0.993103448275862,0.0,0.00794012509887992,0.006290717277446932,0.9260529749888549,0.013738050769861964,0.00316310392093741,0.7425418786181248,0.015726902276222993
1030,0.6271551709219008,0.6165556060857327,0.0035087719298245723,0.8409090909090908,0.0,0.993103448275862,0.9018968656503978,0.0,0.36907335637422234,0.3333333333333333,0.3333333333333333,0.996551724137931,0.6,0.006012989789561848,0.0038239636705864697,0.916250300194281,0.01283559219899044,0.0035163759115593037,0.9507442824170055,0.03618087253683851
1031,0.19071015935011337,0.18069201168055193,0.0035087719298245723,0.8409090909090908,0.0006531678641410843,0.9827586206896551,0.8821900888308588,0.0,0.11252402371437253,0.3333333333333333,0.3333333333333333,0.9879310344827587,0.1,0.0076640081651896865,0.001047089278650645,1.0054168453472745,0.013447099911525236,0.002998683771874764,0.8065608678637569,0.03207039876500719
1032,0.026426012169594837,0.020873394270909507,0.0035087719298245723,0.8863636363636364,0.0006531678641410843,0.9827586206896551,0.8787487747403365,0.3333333333333333,0.2562049707018209,0.3333333333333333,0.3333333333333333,0.9879310344827587,0.1,0.0069477640272268895,0.0011030201380476988,0.8403203944615937,0.015835680894936487,0.0024502613350022504,0.7835157717466026,0.03402470340035475
1033,0.030441713150778038,0.024893646595609886,0.0035087719298245723,0.8863636363636364,0.0,0.9913793103448276,0.8575305797108574,0.0,0.17656897004143746,0.3333333333333333,0.3333333333333333,0.9913793103448276,0.1,0.00794012509887992,0.006245138502535589,0.8530900334867219,0.013738050769861964,0.002979522739879754,0.8048364416380879,0.02883537635363555
1034,0.02815648420414485,0.02260586387801361,0.0035087719298245723,0.8636363636363635,0.0,0.996551724137931,0.8631496075941149,0.0,0.4736244915519152,0.3333333333333333,0.3333333333333333,0.996551724137931,0.6,0.009065171089592159,0.001727645612360438,1.09072830414294,0.009917003303015008,0.007878709336614949,0.9500324213197661,0.02497759674216615
1035,0.03556964393390705,0.02624036085160153,0.0035087719298245723,0.8409090909090908,0.0,0.9913793103448276,0.8809146593378493,0.0,0.2690213042648363,0.3333333333333333,0.3333333333333333,0.9948275862068966,0.2,0.0076640081651896865,0.0010585817044202887,1.07824793923724,0.013447098724211355,0.003383765091281198,1.067852102070539,0.024021560183791934
1036,0.23289507528863862,0.22271866140272417,0.0035087719298245723,0.8636363636363635,0.0013063357282821686,0.9948275862068966,0.9321979686111239,0.0,0.4096762398466858,0.3333333333333333,0.3333333333333333,0.9913793103448276,0.3,0.0076640081651896865,0.001417141038503479,0.9544070516632545,0.013447098724211355,0.004402984271759501,0.9977850163534681,0.024313302378489613
1037,0.039556881242975406,0.030054209668390897,0.0035087719298245723,0.8863636363636364,0.0006531678641410843,0.9896551724137931,0.9115129880966677,0.0,0.09680715607097201,0.3333333333333333,0.3333333333333333,0.9948275862068966,0.4,0.00794012509887992,0.0062577181923293085,0.8926989189244164,0.013738050769861964,0.002836955404782178,0.8251581768157066,0.0257243016494899
1038,0.03497058448532164,0.025562979621298776,0.0035087719298245723,0.8636363636363635,0.0,0.9896551724137931,0.8797994010470895,0.0,0.4433074318893495,0.3333333333333333,0.3333333333333333,0.9948275862068966,0.1,0.0069477640272268895,0.0011112249204853885,0.9941539441925162,0.015835680891020155,0.0032674515899606773,1.060632746048291,0.03522792158872314
1039,0.030511213547644522,0.022815421352229248,0.0035087719298245723,0.8636363636363635,0.0,0.9896551724137931,0.8793476320518028,0.0,0.4103382151996807,0.3333333333333333,0.3333333333333333,0.9896551724137931,0.3,0.009065171089592159,0.0015888151512277707,0.8817838824758488,0.009917003294865152,0.006186543407832157,0.6863060955951318,0.015133387848531275
1040,0.8473271990835562,0.8372285842932697,0.0035087719298245723,0.8636363636363635,0.001959503592423253,0.993103448275862,0.9493397257692127,0.0,0.343344614127437,0.3333333333333333,0.3333333333333333,0.9948275862068966,0.7,0.038746309514159166,0.7257861126938171,0.9396659999103927,3.6464906957958028,0.15261247418414092,0.9804829205794345,0.028151603085670798
1041,0.35872911156345855,0.34825256493507634,0.0035087719298245723,0.8181818181818181,0.0013063357282821686,0.996551724137931,0.9256948877449583,0.5,0.48328929631251616,0.3333333333333333,0.3333333333333333,0.996551724137931,0.3,0.0076640081651896865,0.0010452658692221817,1.0172057281610747,0.013447098739835158,0.004402984271759501,1.1711924537400378,0.031696578662099344
1042,0.11992859620403795,0.11017740829555589,0.0035087719298245723,0.8181818181818181,0.0,0.9913793103448276,0.8465826817666806,0.0,0.3260158040458464,0.3333333333333333,0.3333333333333333,0.996551724137931,0.2,0.0076640081651896865,0.001196790022750714,0.9879301097133754,0.013447098724338283,0.00337888459695212,1.2652882032231418,0.029762346776355423
1043,0.05610029991440557,0.046666645606130985,0.0035087719298245723,0.8409090909090908,0.005878510777269758,0.9982758620689656,0.9414988968446902,0.5,0.5894588023171288,0.3333333333333333,0.3333333333333333,1.0,0.9,0.006012989789561848,0.0035262260169968435,0.9694352890516883,0.012835592185030649,0.004924243441320473,0.8830906371745461,0.03378451344038891
1044,0.02673058413904661,0.021178330398784806,0.0035087719298245723,0.8409090909090908,0.0,0.9982758620689656,0.8458647267657102,1.0,0.5525051281630815,0.3333333333333333,0.3333333333333333,1.0,0.3,0.00794012509887992,0.006290717277446932,0.9447640755091239,0.01373805077068634,0.003180327412967215,0.5780051117843439,0.029944140326335297
1045,0.026335615241521393,0.02078283163866862,0.25,0.9090909090909092,0.0006531678641410843,0.996551724137931,0.9548290121960674,0.2,0.27149052006378716,0.8333333333333334,0.6666666666666666,0.9844827586206897,0.1,0.25357668462435007,0.5442548341410895,0.856201100488057,0.013455624687115027,0.02825695338236896,0.9453914404651725,0.01988024473410108
1046,0.04450236191442247,0.035118707454784515,0.0035087719298245723,0.8409090909090908,0.0006531678641410843,0.9862068965517241,0.9062552135088527,0.3333333333333333,0.38131298787736634,0.3333333333333333,0.3333333333333333,0.9810344827586207,0.1,0.00794012509887992,0.006290711701643339,1.0103423650680128,0.01373805076986748,0.0032328883482660243,0.9429701466378471,0.025554497487510226
1047,0.08199669887667771,0.07238280113606965,0.0035087719298245723,0.8409090909090908,0.0006531678641410843,0.9879310344827587,0.876933412396596,0.0,0.34151741738136243,0.3333333333333333,0.3333333333333333,0.996551724137931,0.3,0.00794012509887992,0.006290711701643339,0.9231621519830779,0.013738050851813234,0.004205681499407793,0.893657387887652,0.02259840152979593
1048,0.02940410068924737,0.02385488399232244,0.0035087719298245723,0.8863636363636364,0.0,0.9896551724137931,0.8787309854356293,0.0,0.20860753251604514,0.3333333333333333,0.3333333333333333,0.9913793103448276,0.4,0.00794012509887992,0.0062577181923293085,1.06800815912358,0.013738050770577609,0.00329878141258868,0.8705261062669978,0.030083399998250666
1049,0.030482655594203933,0.024934633862208677,0.0035087719298245723,0.8863636363636364,0.001959503592423253,0.993103448275862,0.8962326691369312,0.2857142857142857,0.2407874993123994,0.3333333333333333,0.3333333333333333,0.9896551724137931,0.4,0.009065171089592159,0.0017363977653670783,1.0713189299327188,0.009917003296432489,0.0031351259101693777,0.9976712878742696,0.03107599116671281
1050,0.05321985383928196,0.043756895848969024,0.0035087719298245723,0.8409090909090908,0.0006531678641410843,0.996551724137931,0.9062319752968926,0.0,0.43948347351074135,0.3333333333333333,0.3333333333333333,0.9982758620689656,0.6,0.0076640081651896865,0.00121889862333297,0.9974051630935022,0.013447098724211355,0.00509056348098043,1.0947660811522413,0.024422200473542138
1051,0.06080869552204371,0.05131206417761319,0.0035087719298245723,0.8409090909090908,0.0045721750489875895,0.9948275862068966,0.894512239583161,0.3333333333333333,0.4624482723990514,0.3333333333333333,0.3333333333333333,0.996551724137931,0.4,0.006012989789561848,0.003822037915731422,0.9742986908190999,0.012835592202802828,0.002965480403610545,1.0222620919980492,0.02359010577809133
1052,0.04566943872710849,0.03615526387101892,0.0035087719298245723,0.8409090909090908,0.002612671456564337,0.9948275862068966,0.9049111686723148,0.0,0.47912659084388065,0.3333333333333333,0.3333333333333333,0.996551724137931,0.5,0.009065171089592159,0.0017377826688001008,0.9731297931234234,0.009917003294865152,0.0033866145982544616,1.1059002442609844,0.02800134656924351
1053,0.19077425744445198,0.18074941611904727,0.0035087719298245723,0.8636363636363635,0.002612671456564337,0.9948275862068966,0.9123406081276157,0.3333333333333333,0.17945251263142048,0.3333333333333333,0.3333333333333333,0.9879310344827587,0.4,0.006012989789561848,0.0033175745711025075,0.9954785565223868,0.012835592221971155,0.0033341772519069747,1.3653511816496566,0.028829478365947944
1054,0.02685604025903776,0.021303927246801024,0.0035087719298245723,0.9090909090909091,0.0013063357282821686,0.9982758620689656,0.8535821123438014,1.0,0.5554461961311725,0.3333333333333333,0.3333333333333333,1.0,0.5,0.0076640081651896865,0.0016536268912130056,0.9173786126887271,0.013447098724211355,0.0049622816861228025,1.1188159037317769,0.023081775401027023
1055,0.04830811984890615,0.038904010984449455,0.0035087719298245723,0.8409090909090908,0.0,0.9810344827586207,0.8546876375495499,0.0,0.30538321258349044,0.3333333333333333,0.3333333333333333,0.9896551724137931,0.0,0.0069477640272268895,0.0011112930702249558,1.0509177582238447,0.015835680891063467,0.00242073883641345,1.0425190357369656,0.02429690675230108
1056,0.44192295366091516,0.43132961383371393,0.0035087719298245723,0.8636363636363635,0.0006531678641410843,0.9896551724137931,0.9073938020042324,0.0,0.3382943132034635,0.3333333333333333,0.3333333333333333,0.9948275862068966,0.4,0.006012989789561848,0.0033245877345532784,0.973342229187361,0.012835592184292484,0.0024220201646984285,1.2300261546774642,0.034329918832268866
1057,0.04566679413489483,0.03618606939350377,0.0035087719298245723,0.8636363636363635,0.0013063357282821686,0.993103448275862,0.8873751082045827,0.0,0.25392171599418345,0.3333333333333333,0.3333333333333333,0.9879310344827587,0.1,0.009065171089592159,0.0017379084255412357,1.064793048135099,0.009917003294865265,0.004190194664843147,1.034383086068081,0.023230628441482788
1058,0.6739534478244735,0.6634081145744268,0.0035087719298245723,0.8636363636363635,0.0,0.996551724137931,0.9430435714848064,0.0,0.3864803873911693,0.3333333333333333,0.3333333333333333,1.0,0.6,0.0076640081651896865,0.0010254915824859452,0.9532004369101209,0.013447098724257716,0.0026860381131592697,0.8762708975867716,0.033968297760659086
1059,0.026532476552816542,0.02097998038937604,0.0035087719298245723,0.8636363636363635,0.0,0.9775862068965517,0.813903138138706,0.0,0.24165113293425755,0.3333333333333333,0.3333333333333333,0.9896551724137931,0.0,0.0076640081651896865,0.0030628472395470797,0.919764775984774,0.013447103157562762,0.004325987780389094,1.2168417536132978,0.017832132601584057
1060,0.25394737272974877,0.24372208062838596,0.0035087719298245723,0.8409090909090908,0.0,0.9913793103448276,0.8659448679015962,0.0,0.3438365694554123,0.3333333333333333,0.3333333333333333,0.993103448275862,0.3,0.0069477640272268895,0.0011184291862134383,0.9369859246628862,0.01583568089249246,0.003262915070416074,0.6476884499323171,0.019167845569896483
1061,0.03411775520180427,0.024778730165776475,0.0035087719298245723,0.8409090909090908,0.0,0.9775862068965517,0.8367649329673833,0.0,0.2232078313459538,0.3333333333333333,0.3333333333333333,0.9879310344827587,0.0,0.006012989789561848,0.004112623852532022,0.9146248924755763,0.012835592282403942,0.002415491997248611,0.7719332584444153,0.01456709478398439
1062,0.06326686743234455,0.05367850933176521,0.0035087719298245723,0.8636363636363635,0.005878510777269758,0.993103448275862,0.9125664522394548,0.0,0.41037502045954966,0.3333333333333333,0.3333333333333333,0.9948275862068966,0.4,0.009065171089592159,0.0016223840883464236,0.9306464037578122,0.009917003294865152,0.003176781694707381,1.1498602554043897,0.029401066448597572
1063,0.2562304396342361,0.2460005500965159,0.0035087719298245723,0.8181818181818181,0.002612671456564337,0.9982758620689656,0.9008457342675977,1.0,0.5708280671545336,0.3333333333333333,0.3333333333333333,0.996551724137931,0.8,0.0076640081651896865,0.0014288695978737888,0.9432154076664233,0.01344709872430509,0.005914846933687806,0.8511989079571664,0.0357432287615875
1064,0.08105544039948942,0.0715006242449378,0.0035087719298245723,0.8409090909090908,0.0,0.993103448275862,0.9068635899730304,0.0,0.2816240294493152,0.3333333333333333,0.3333333333333333,0.9913793103448276,0.5,0.006012989789561848,0.003718849174783759,0.9031382380623713,0.012835592184243903,0.003571958945865098,1.049720531512114,0.028504888447117075
1065,0.06056065259990839,0.05107228735152625,0.0035087719298245723,0.8636363636363635,0.0,0.9775862068965517,0.8514176547357764,0.0,0.2692393105076253,0.3333333333333333,0.3333333333333333,0.9810344827586207,0.0,0.00794012509887992,0.006290711701643339,1.009785967599687,0.013738050769866578,0.0030900310634754606,1.043182108688065,0.02345500864845716
1066,0.033589498893526026,0.02534587037987518,0.0035087719298245723,0.8409090909090908,0.002612671456564337,0.9896551724137931,0.9455022103768448,0.25,0.284156910899506,0.3333333333333333,0.3333333333333333,0.9862068965517241,0.2,0.0076640081651896865,0.0017913979555252994,1.042147888108289,0.013447098724211355,0.003383765091281198,1.5394146627628587,0.025347494978066976
1067,0.03575149985142967,0.02640798113643511,0.0035087719298245723,0.8409090909090908,0.0,0.9879310344827587,0.898077846424916,0.0,0.3858456315245974,0.3333333333333333,0.3333333333333333,0.9810344827586207,0.1,0.0069477640272268895,0.0011131679796800842,1.0577799050616334,0.01583568089303455,0.0024345714649528956,0.9936573711183452,0.022595579440275324
1068,0.3160052572772274,0.30560248569348314,0.0035087719298245723,0.8409090909090908,0.0,0.993103448275862,0.8290959608974334,0.0,0.44198685350710054,0.3333333333333333,0.3333333333333333,0.9982758620689656,0.5,0.006012989789561848,0.003092020657556453,0.9293509241253732,0.01283559219091595,0.004794779773407143,1.5386907309593285,0.02859255532333549
1069,0.38375071247437376,0.3731646730496123,0.0035087719298245723,0.8409090909090908,0.007838014369693011,0.993103448275862,0.9385054116033568,0.5,0.3430184751447686,0.3333333333333333,0.3333333333333333,0.9913793103448276,0.5,0.009065171089592159,0.0017378085480312289,1.000199720788088,0.00992608067987741,0.004866481685226786,1.4612236573330277,0.026788245272686178
1070,0.026348066151742677,0.020795367161316414,0.0035087719298245723,0.8409090909090908,0.0,0.9982758620689656,0.8837434258431133,0.5,0.5263462735787574,0.3333333333333333,0.3333333333333333,0.9982758620689656,0.3,0.0069477640272268895,0.001106047133227624,0.9764814499540112,0.015835680891010114,0.0042245978414000036,0.6477923287351942,0.027960580084728345
1071,0.053146345010707585,0.043724460775534824,0.0035087719298245723,0.8409090909090908,0.0,0.9775862068965517,0.8683328819325256,0.0,0.2858879804790495,0.3333333333333333,0.3333333333333333,0.9844827586206897,0.0,0.0069477640272268895,0.001110875484865309,1.0298983905219623,0.015835680891830357,0.0023068185688426028,0.9584137725101612,0.02465594248720239
1072,0.02650512526250426,0.02095260421343459,0.0035087719298245723,0.8636363636363635,0.0,0.9758620689655172,0.8293970782918985,0.0,0.29011949560820605,0.3333333333333333,0.3333333333333333,0.9827586206896551,0.0,0.009065171089592159,0.0018247451732450216,0.918842607817246,0.00991700329493456,0.004079212885860446,0.893721317592343,0.02896116192374012
1073,0.11267562717760893,0.10288840034426194,0.0035087719298245723,0.8636363636363635,0.0006531678641410843,0.9982758620689656,0.9290312984125736,1.0,0.5284607389699855,0.3333333333333333,0.3333333333333333,0.996551724137931,0.4,0.00794012509887992,0.0062577181923293085,0.9355424809261034,0.01734671676842135,0.0033661178525588704,1.1667672398945532,0.023975456048536993
1074,0.029405641979271535,0.023856426839998612,0.0035087719298245723,0.8636363636363635,0.0,0.9706896551724138,0.7980610212853694,0.0,0.16396387474897323,0.3333333333333333,0.3333333333333333,0.993103448275862,0.0,0.009065171089592159,0.0017996223476295916,0.993248455593722,0.009917003294890044,0.0042632604518014015,1.077491186142899,0.02886318848428419
1075,0.04490820271988838,0.03544256006600399,0.0035087719298245723,0.8636363636363635,0.0,0.9758620689655172,0.8573783068506926,0.0,0.2584035497229954,0.3333333333333333,0.3333333333333333,0.9810344827586207,0.0,0.006012989789561848,0.0035436858323366575,1.0117553812494149,0.012835592330565698,0.0023117685148204936,1.018180235606926,0.029426151294001213
1076,0.04830153509997481,0.03883166386549558,0.0035087719298245723,0.8409090909090908,0.0,0.9827586206896551,0.8824986057797917,0.0,0.20725605726773322,0.3333333333333333,0.3333333333333333,0.9844827586206897,0.1,0.00794012509887992,0.006227805054954763,0.9247475204094855,0.013738050769870407,0.00501863388816837,0.6873064542036312,0.019742767119769102
1077,0.7643964928884178,0.7540332951708384,0.0035087719298245723,0.8636363636363635,0.0032658393207054214,0.9982758620689656,0.9788344799139918,0.25,0.6259117151847986,0.3333333333333333,0.3333333333333333,0.9948275862068966,0.5,0.006012989789561848,0.003567975791386155,0.9251927106533702,0.0128555348692191,0.0024040640722286597,1.0131887987233057,0.0362095104688339
1078,0.17275284554039505,0.1627789764432449,0.0035087719298245723,0.8863636363636364,0.0013063357282821686,0.9982758620689656,0.9373872375556928,0.5,0.5975315475490466,0.3333333333333333,0.3333333333333333,0.9982758620689656,0.6,0.0076640081651896865,0.0024711301882753244,0.924337406863975,0.013447207504188928,0.006053341077312882,0.9468854710462403,4.045273174650117
1079,0.32401879335835115,0.31361201079702994,0.0035087719298245723,0.8409090909090908,0.0,0.9896551724137931,0.8980717932838634,0.0,0.39360438846543844,0.3333333333333333,0.3333333333333333,0.9862068965517241,0.2,0.0076640081651896865,0.0010252528667118019,0.9887797848043177,0.013447098724216868,0.0038411338038478993,0.9293914601228049,0.034856880013222735
1080,0.05550209907236692,0.04600016050296479,0.0035087719298245723,0.8863636363636364,0.005878510777269758,0.9982758620689656,0.9276782966795893,1.0,0.5238190381411153,0.3333333333333333,0.3333333333333333,0.9982758620689656,0.5,0.009065171089592159,0.0016225037746570449,0.9287914146978956,0.009917003294865152,0.004003305655223507,1.0307380101560408,0.028168115187348117
1081,0.02873755918090104,0.022482463452044577,0.0035087719298245723,0.8636363636363635,0.001959503592423253,0.9879310344827587,0.8252139895841935,0.0,0.11000314479055806,0.3333333333333333,0.3333333333333333,0.993103448275862,0.4,0.0076640081651896865,0.0014354561708794938,0.8495469773080814,0.013447098724211355,0.004085264477260706,0.7057067984375716,0.02147913395702023
1082,0.026296980823931726,0.02074421444997765,0.0035087719298245723,0.8409090909090908,0.0006531678641410843,0.993103448275862,0.8747278014171992,0.3333333333333333,0.4425884962330242,0.3333333333333333,0.3333333333333333,0.9879310344827587,0.2,0.00794012509887992,0.006226670195514697,0.9920910596586606,0.01373805076986219,0.00329878141258868,0.832458665369299,0.028302896004554483
1083,0.026420639858545147,0.02086802143690053,0.0035087719298245723,0.8863636363636364,0.0,0.9913793103448276,0.8874403136889383,0.0,0.4197217711524379,0.3333333333333333,0.3333333333333333,0.9948275862068966,0.2,0.00794012509887992,0.006257723738980255,0.8788330901225236,0.013738050769862302,0.003620743397858337,0.5937734805599995,0.023062300599654802
1084,0.05312513353974313,0.043539115664950445,0.0035087719298245723,0.8409090909090908,0.0,0.9844827586206897,0.849952280530391,0.0,0.2442739851110297,0.3333333333333333,0.3333333333333333,0.993103448275862,0.2,0.0069477640272268895,0.0010909224969960771,1.112421664336016,0.015835680891033124,0.002611589149061646,1.1389221734620099,0.03399366702481917
1085,0.2724029105830602,0.26208504865804305,0.0035087719298245723,0.8636363636363635,0.0,0.996551724137931,0.9595710506405893,0.0,0.4614352843126589,0.3333333333333333,0.3333333333333333,0.9913793103448276,0.2,0.0069477640272268895,0.001133532848452041,0.9892623333237881,0.015835680891007068,0.0032127196660382434,1.361484390413987,0.02569639492368413
1086,0.028223166479921402,0.021967203592207496,0.0035087719298245723,0.8636363636363635,0.0,0.9827586206896551,0.8195248172538157,0.0,0.2384192940689407,0.3333333333333333,0.3333333333333333,0.9862068965517241,0.1,0.009065171089592159,0.0016059549967853345,0.814779604112731,0.009917003294865152,0.005456841121448193,0.5047331018880582,0.020015120433735684
1087,0.35956718884767247,0.3490909228124511,0.0035087719298245723,0.8636363636363635,0.0013063357282821686,0.996551724137931,0.9116388733459748,0.0,0.44968574135442607,0.3333333333333333,0.3333333333333333,0.993103448275862,0.4,0.0076640081651896865,0.0011968374692592765,1.011597181378378,0.013447098823041325,0.003009615083103865,1.1858668903929297,0.033513508351148635
1088,0.0345396430337086,0.02518684994448528,0.0035087719298245723,0.8181818181818181,0.0,0.9982758620689656,0.8483654006557411,1.0,0.5502515890519836,0.3333333333333333,0.3333333333333333,1.0,0.5,0.00794012509887992,0.006290717277446932,0.8513504621385399,0.013739318625214911,0.00311292913377528,0.4313909992306433,0.027625950016200614
1089,0.7741647741341752,0.7638296609150579,0.0035087719298245723,0.8181818181818181,0.0,0.9896551724137931,0.8768401096377514,0.0,0.02848609890615783,0.3333333333333333,0.3333333333333333,0.9948275862068966,0.1,0.009065171089592159,0.0018102712663278777,1.0108240231964893,0.009917478997696558,0.0028149404378869152,0.980471861517608,0.02707700655242084
1090,0.5932269704908317,0.5826023109298504,0.0035087719298245723,0.8636363636363635,0.0,0.993103448275862,0.8970420633897878,0.0,0.19024040683063026,0.3333333333333333,0.3333333333333333,0.993103448275862,0.3,0.0076640081651896865,0.001202730952933227,0.9379076445381146,4.685004658118148,0.0030171219972152333,1.080479188659503,0.029801022332682458
1091,0.24313380174435373,0.23290020574339948,0.0035087719298245723,0.8409090909090908,0.0013063357282821686,0.996551724137931,0.9543814257611107,0.3333333333333333,0.4187552846256192,0.3333333333333333,0.3333333333333333,0.993103448275862,0.4,0.0076640081651896865,0.0017863788522532438,0.9997718401284804,0.013447098725938618,0.0034066416110264857,1.4918265972709137,0.031032442441232797
1092,0.03576948042129813,0.02642846518179931,0.0035087719298245723,0.8636363636363635,0.0,0.9948275862068966,0.9159057657045584,0.0,0.3106467278769959,0.3333333333333333,0.3333333333333333,0.9913793103448276,0.6,0.0069477640272268895,0.001135335555911187,0.9171533477850107,0.01583568089104339,0.00360603480955555,0.9132141084224922,0.010402878656828974
1093,0.035595694028777936,0.026201719128312706,0.0035087719298245723,0.8409090909090908,0.0,0.9913793103448276,0.9101890274346224,0.0,0.4031384697549951,0.3333333333333333,0.3333333333333333,0.9879310344827587,0.1,0.0076640081651896865,0.001783476777803425,1.0252875693031513,0.013447098724211355,0.003009615083103865,1.0107100687794803,0.02214571716125618
1094,0.029520137537891955,0.02397105068801897,0.0035087719298245723,0.8636363636363635,0.0,0.9793103448275862,0.8184506708925652,0.0,0.35170240568264977,0.3333333333333333,0.3333333333333333,0.9913793103448276,0.0,0.0076640081651896865,0.0024259944927453162,1.0232022546919082,0.013447098726958998,0.0035603229525128107,0.8469552785140909,0.024273693191470682
1095,0.02634548660548075,0.02079278486144559,0.0035087719298245723,0.8636363636363635,0.0,0.9810344827586207,0.8393079050755796,0.0,0.1869469412797139,0.3333333333333333,0.3333333333333333,0.9810344827586207,0.0,0.00794012509887992,0.006290717277446932,0.9980234938217158,0.013738050769981164,0.003079456001769591,0.7012431119482657,0.022244772818123665
1096,0.042859423893171544,0.0334070024787656,0.0035087719298245723,0.8409090909090908,0.0,0.9655172413793104,0.8642709157215605,0.0,0.23503791788139639,0.3333333333333333,0.3333333333333333,0.9896551724137931,0.0,0.006012989789561848,0.003330287249813956,0.995816280264026,0.01283559252711721,0.0022938131075383493,1.029443476910153,0.024177463546484618
1097,0.04142588782523482,0.03206427738490969,0.0035087719298245723,0.8636363636363636,0.0,0.993103448275862,0.8888285223720658,0.0,0.044033044923231346,0.3333333333333333,0.3333333333333333,0.993103448275862,0.3,0.0076640081651896865,0.001462045844802207,0.8705543566820814,0.013449013591883326,0.0038595855023908347,0.5325997062472645,0.01591103181474489
1098,0.03349532653261422,0.024292941038168314,0.0035087719298245723,0.8409090909090908,0.0,0.9862068965517241,0.875767007859094,0.0,0.37883484715585436,0.3333333333333333,0.3333333333333333,0.9896551724137931,0.2,0.006012989789561848,0.004189786959805833,0.8996929490073196,0.012835592219680754,0.0024922654515129533,0.6939164746916467,0.017000437809144956
1099,0.4078084469465255,0.39725801081890566,0.0035087719298245723,0.8409090909090908,0.0006531678641410843,0.9844827586206897,0.9074273134397816,0.0,0.13109337183344882,0.3333333333333333,0.3333333333333333,0.9862068965517241,0.2,0.00794012509887992,0.006283427309082119,0.9862401488701904,0.013744107773556656,0.0030900310634754606,0.946336530111554,0.02948542405074448
1100,0.02742869335550613,0.021877243612808406,0.0035087719298245723,0.8636363636363635,0.0006531678641410843,0.9879310344827587,0.779264747520261,0.0,0.3751040668818557,0.3333333333333333,0.3333333333333333,1.0,0.2,0.0069477640272268895,0.0011087548063402934,0.8805467038556309,0.015835680891654283,0.002313685860716902,0.3711301508353307,0.03681466403747152
1101,0.030550555012283986,0.025002607867349202,0.0035087719298245723,0.8636363636363635,0.0,0.996551724137931,0.8128624680440455,0.0,0.4761915103545097,0.3333333333333333,0.3333333333333333,1.0,0.3,0.0069477640272268895,0.0011038842211571257,1.1432430703432437,0.0158356847568125,0.0026450769476209037,0.8088046044354766,0.03485848995116341
1102,0.8980775111729928,0.8881970175569667,0.0035087719298245723,0.8636363636363638,0.0045721750489875895,0.993103448275862,0.9007078049127278,0.0,0.37975401365943506,0.3333333333333333,0.4444444444444444,0.993103448275862,0.4,4.900721786871166,0.9583835895327506,0.9938900640202811,0.00993613861197208,1.5154887862128965,1.1430865409870288,0.03165431835185367
1103,0.026498982573303742,0.020946458155962466,0.0035087719298245723,0.8409090909090908,0.0,0.9913793103448276,0.8711255948607094,0.0,0.3286680396490482,0.3333333333333333,0.3333333333333333,0.993103448275862,0.3,0.009065171089592159,0.0017252764711837912,1.0201854986520489,0.009917003294865152,0.0034717563713860225,0.8451546095080896,0.02055042349746618
1104,0.02878844174601647,0.023238534040620484,0.0035087719298245723,0.8636363636363635,0.0,0.9948275862068966,0.7922875220476352,0.0,0.4764485755161255,0.3333333333333333,0.3333333333333333,1.0,0.6,0.0069477640272268895,0.0011026003897274702,1.013954228337107,0.015835680907338123,0.00681090456394711,1.199434965145176,0.03666904926625838
1105,0.032181000610541854,0.02362492910144015,0.0035087719298245723,0.8863636363636364,0.0006531678641410843,0.9913793103448276,0.8755665128974917,0.0,0.1841269482725546,0.3333333333333333,0.3333333333333333,0.993103448275862,0.3,0.006012989789561848,0.004389080706177194,0.8663132858640784,0.012835594479259915,0.0024388525794271066,0.7266136950523404,0.013755072351761818
1106,0.5368193320578689,0.5261674240952366,0.0035087719298245723,0.8409090909090908,0.0006531678641410843,0.996551724137931,0.874246036228782,0.5,0.4321503281050134,0.3333333333333333,0.3333333333333333,0.9948275862068966,0.7,0.009065171089592159,0.0017283535704590337,1.011525875562282,0.009917005230447773,0.006714586065700729,1.0478089851097705,0.03206140095419832
1107,0.09954841829045946,0.08990123882166368,0.0035087719298245723,0.8181818181818181,0.0,0.9862068965517241,0.832639344845498,0.0,0.2914764728841682,0.3333333333333333,0.3333333333333333,0.996551724137931,0.2,0.00794012509887992,0.006290711701643339,1.0441996763512853,0.01373807989754139,0.003578859930933721,1.2047591217184082,0.020245690032359598
1108,0.39511713257737713,0.38458498742736624,0.0035087719298245723,0.8409090909090908,0.0,0.993103448275862,0.881296028804906,0.0,0.4216052732006491,0.3333333333333333,0.3333333333333333,0.9896551724137931,0.3,0.009065171089592159,0.001725304032312681,0.9337227977044609,0.009917003531510156,0.004469681595898942,0.930734868282459,0.026429939229168354
1109,0.027421906405268315,0.02187044483967432,0.0035087719298245723,0.8636363636363635,0.0006531678641410843,0.993103448275862,0.8962786948375818,0.0,0.3542476585706622,0.3333333333333333,0.3333333333333333,0.9982758620689656,0.2,0.0076640081651896865,0.002684954430390769,0.8599152834221647,0.013447098724211355,0.0034066416110264857,1.1637568614638065,0.024148479998903356
1110,0.04210203383231037,0.03273790440134411,0.0035087719298245723,0.8409090909090908,0.0006531678641410843,0.9862068965517241,0.9009730389103053,0.3333333333333333,0.30374961653765775,0.3333333333333333,0.3333333333333333,0.9862068965517241,0.1,0.0069477640272268895,0.0011123343079233283,1.0354534622079523,0.015835680898632985,0.0030738588343315683,0.8730904306820736,0.026089240027552644
1111,0.2987379683198208,0.28837785618322725,0.0035087719298245723,0.8636363636363635,0.001959503592423253,0.996551724137931,0.9083341373800045,0.0,0.471862638692343,0.3333333333333333,0.3333333333333333,0.996551724137931,0.3,0.0076640081651896865,0.0012013700097538034,0.920101267394234,0.013447098725229596,0.00337888459695212,0.9111121194300947,0.03037134032779698
1112,0.0733648343676444,0.06380562916414978,0.0035087719298245723,0.8636363636363635,0.0006531678641410843,0.9913793103448276,0.8776693959498199,0.0,0.439165500855597,0.3333333333333333,0.3333333333333333,0.996551724137931,0.4,0.0069477640272268895,0.0010916919468645142,0.9576506223813084,0.01583568089100865,0.0032357357181986538,0.9376226868099459,0.02429371262233421
1113,0.3130203322409295,0.30263161308585684,0.0035087719298245723,0.8409090909090908,0.0,0.993103448275862,0.8665264579033454,0.0,0.22244308277146085,0.3333333333333333,0.3333333333333333,0.993103448275862,0.3,0.0076640081651896865,0.0012012589133580077,0.9386418654905656,0.013447098849789604,0.0033898187911451496,0.9129982559802692,0.030617058153603573
1114,0.11765330995959411,0.10783661263991595,0.0035087719298245723,0.8863636363636364,0.0045721750489875895,0.996551724137931,0.923774072363803,0.6666666666666666,0.4974320561758232,0.3333333333333333,0.3333333333333333,0.993103448275862,0.5,0.006012989789561848,0.0038310269356132244,0.898728954250345,0.012835592187770202,0.005492841646635031,1.0154508500567063,0.023748439640949928
1115,0.14677349562042485,0.1369158344603616,0.0035087719298245723,0.8636363636363635,0.001959503592423253,0.9896551724137931,0.9002390330581921,0.0,0.1638273094449485,0.3333333333333333,0.3333333333333333,0.9879310344827587,0.3,0.006012989789561848,0.0033256659176150345,0.9993251526266888,0.012835592268982031,0.002839699536384479,1.3821247184638314,0.028177913517622194
1116,0.048211516055839176,0.03870860609970583,0.0035087719298245723,0.8863636363636364,0.0013063357282821686,0.9879310344827587,0.9155617140271592,0.0,0.43215895864885423,0.3333333333333333,0.3333333333333333,0.9896551724137931,0.2,0.006012989789561848,0.0038105188692681862,0.896546399382801,0.012835592808589369,0.0025853635496870054,0.9112360890465955,0.018398891612365277
1117,0.20519553365979348,0.19511588335678642,0.0035087719298245723,0.8636363636363635,0.001959503592423253,0.993103448275862,0.9198869149235009,0.0,0.3680906895453462,0.3333333333333333,0.3333333333333333,0.996551724137931,0.6,0.006012989789561848,0.0033192633184080628,0.9568452310256795,0.012835592188384216,0.0026733046985075682,1.1597936719393571,0.03335441730986781
1118,0.07376381102132668,0.06423218808248143,0.0035087719298245723,0.8636363636363635,0.0,0.9689655172413794,0.8293274950167098,0.0,0.2664878064371724,0.3333333333333333,0.3333333333333333,0.9827586206896551,0.0,0.009065171089592159,0.0017373175928106666,1.015930630972676,0.009917003294881746,0.004887295990908343,0.9288811354299421,0.026635371731483896
1119,0.026364039177313225,0.02081129846206453,0.25,0.9090909090909092,0.0,0.9913793103448276,0.9035395741906145,0.0,0.1669441725356412,0.8333333333333334,0.6666666666666666,0.9862068965517241,0.1,0.44575056590365736,0.29077412588839463,0.8725685075549082,0.01836696817793612,0.15428951485653822,0.9501093658142191,0.012017747299002119
1120,0.4126893140914871,0.40213138985042024,0.0035087719298245723,0.8181818181818181,0.0006531678641410843,0.9879310344827587,0.8729304923675478,0.0,0.3784938817625271,0.3333333333333333,0.3333333333333333,0.9896551724137931,0.1,0.009065171089592159,0.0017154654108619,0.9261743749674853,0.009917950168268743,0.003995930720855589,1.0334556156001808,0.005494333823966672
1121,0.11314692587921615,0.10339299631661081,0.0035087719298245723,0.8863636363636364,0.002612671456564337,0.9948275862068966,0.9125189932421665,0.0,0.4352183441249876,0.3333333333333333,0.3333333333333333,0.996551724137931,0.5,0.006012989789561848,0.0038515766638469815,0.8839518188955536,0.012835592235353594,0.003752478430220023,0.9057983044378581,0.022589837243764777
1122,0.481054923110931,0.47043485314837846,0.0035087719298245723,0.8181818181818181,0.001959503592423253,0.993103448275862,0.86854646283737,0.0,0.40322653840076916,0.3333333333333333,0.3333333333333333,0.9913793103448276,0.4,0.009065171089592159,0.0015841830481637853,0.8802405403339766,4.693249329159347,0.010118054592753724,0.6673731309899268,0.03173907008017995
1123,0.0666224586395322,0.05711250213710828,0.0035087719298245723,0.8636363636363635,0.0,0.9810344827586207,0.8603351729881434,0.0,0.32292614352154314,0.3333333333333333,0.3333333333333333,0.9827586206896551,0.0,0.0069477640272268895,0.0011103665834167806,1.0499521553898656,0.0158356808910082,0.0022541731252431964,1.0771685968657168,0.024303760917232364
1124,0.5710294951012033,0.560388791436878,0.0035087719298245723,0.8636363636363635,0.007838014369693011,0.9982758620689656,0.9487443011115533,1.0,0.5367266541621403,0.3333333333333333,0.3333333333333333,0.993103448275862,0.2,0.00794012509887992,0.0062577181923293085,0.9439663855954221,0.01373805119792836,0.006663978788773673,1.1224410626841723,0.029373667624448756
1125,0.03678045194524571,0.026836875674140614,0.0035087719298245723,0.8409090909090908,0.0,0.9879310344827587,0.9290697686034091,0.0,0.0961402968848708,0.3333333333333333,0.3333333333333333,0.9862068965517241,0.3,0.0076640081651896865,0.0017905602497654684,1.0317536078752676,0.013447098724211355,0.003003562983208709,1.5619258692858353,0.02506371070608494
1126,0.03437915450463713,0.025416088409192794,0.0035087719298245723,0.8181818181818181,0.0,0.9879310344827587,0.9288693751927805,0.0,0.28450844235818273,0.3333333333333333,0.3333333333333333,0.9844827586206897,0.1,0.006012989789561848,0.0033408687257729516,1.0239526312914555,0.012835606502644339,0.0027982496052340305,1.3637156621260298,0.029161059427841814
1127,0.0494282134846209,0.04001903965622711,0.0035087719298245723,0.8409090909090908,0.0,0.9775862068965517,0.90024493846486,0.0,0.14283752531990512,0.3333333333333333,0.3333333333333333,0.9775862068965517,0.0,0.006012989789561848,0.003297516944562372,0.9987896976170549,0.012835594028405515,0.0022938131075383493,0.9841176516488387,0.030931597412203617
1128,0.0669339860539242,0.05742469126209104,0.0035087719298245723,0.8409090909090908,0.0,0.9896551724137931,0.8797269063706998,0.0,0.4140120386504451,0.3333333333333333,0.3333333333333333,0.996551724137931,0.3,0.00794012509887992,0.0062577181923293085,0.9926987494234226,0.013738050769861964,0.00633772231904143,1.3273992802003716,0.018744207867886574
1129,0.050828293432362615,0.04135544794214818,0.0035087719298245723,0.8409090909090908,0.0006531678641410843,0.996551724137931,0.8972776425946639,0.0,0.4884214772492249,0.3333333333333333,0.3333333333333333,0.996551724137931,0.3,0.0069477640272268895,0.0011198627337314793,1.0361909946838266,0.01583568089970081,0.0033849948311882897,1.4270881031622276,0.038092390149323134
1130,0.034706626655412354,0.025519640271187582,0.0035087719298245723,0.8409090909090908,0.002612671456564337,0.9844827586206897,0.9222967552437603,0.0,0.29822796969917653,0.3333333333333333,0.3333333333333333,0.9844827586206897,0.1,0.006012989789561848,0.003361479905740002,1.016380747974278,0.012835607043467001,0.002954048709858684,1.3825624962130996,0.028810935580292144
1131,0.41725409282860615,0.40667401835749983,0.0035087719298245723,0.8636363636363635,0.0,0.9862068965517241,0.889267050044297,0.0,0.0621078764915699,0.3333333333333333,0.3333333333333333,0.9844827586206897,0.2,0.0076640081651896865,0.001444269424758634,0.9191048351202374,0.013447108163725312,0.003671116692455669,0.9204062954569313,0.022234408992910664
1132,0.03879386656283501,0.033254549578026205,0.0035087719298245723,0.8409090909090908,0.0,0.993103448275862,0.8808620195672006,0.0,0.40397859575359085,0.3333333333333333,0.3333333333333333,0.9810344827586207,0.1,0.009065171089592159,0.0017485324472905149,1.025254042938026,0.009917026801690853,0.0034273004783886545,0.7891101215850275,0.03161563054838499
1133,0.035271559536594665,0.025939437331280513,0.0035087719298245723,0.8409090909090908,0.0,0.996551724137931,0.8317457591148487,0.5,0.4951449459462396,0.3333333333333333,0.3333333333333333,0.9982758620689656,0.5,0.009065171089592159,0.0016121784120918736,1.0018239005501457,0.009917003294896547,0.003959616114423171,0.9225541925754775,0.01691789883531493
1134,0.04119259795453856,0.03180033424137113,0.0035087719298245723,0.8409090909090908,0.0,0.9879310344827587,0.9142668024463956,0.0,0.2294123362342133,0.3333333333333333,0.3333333333333333,0.9913793103448276,0.1,0.006012989789561848,0.0033346861632518564,0.9995886890380307,0.012835600875768386,0.002803709256867092,1.1389370005720825,0.02337588286783451
1135,0.026851202832143706,0.021299088114562048,0.0035087719298245723,0.8409090909090908,0.0,0.9741379310344828,0.8008604669081405,0.0,0.387533852392246,0.3333333333333333,0.3333333333333333,0.993103448275862,0.0,0.006012989789561848,0.0035550501092402377,0.9748921687338289,0.012835592210629129,0.0027828055574718935,0.6499448832388005,0.027655643108585024
1136,0.026400145813235132,0.020847506659867843,0.0035087719298245723,0.8636363636363635,0.0,0.9862068965517241,0.8372003631209151,0.0,0.16309641588837942,0.3333333333333333,0.3333333333333333,0.9827586206896551,0.1,0.006012989789561848,0.0035187009609529154,0.9619431895047602,0.012835592185147042,0.0026608055680487994,0.6998337432609429,0.021919056706249874
1137,0.0891824270830055,0.07952971605188008,0.0035087719298245723,0.8636363636363635,0.0006531678641410843,0.9827586206896551,0.8893405718386149,0.0,0.37455483948465496,0.3333333333333333,0.3333333333333333,0.9879310344827587,0.1,0.0069477640272268895,0.0011227663652813174,0.963011004112767,0.015835680891007183,0.00248721393024447,0.9021580163051786,0.01855862511751589
1138,0.02664923139184794,0.021096879290772808,0.0035087719298245723,0.8636363636363635,0.0,0.9810344827586207,0.8694245873018129,0.0,0.277936882863159,0.3333333333333333,0.3333333333333333,0.9758620689655172,0.0,0.00794012509887992,0.006257723738980255,0.8910888175095949,0.013738050769931075,0.004280852714416108,0.6858015280384615,0.02350366526122252
1139,0.028242804527937815,0.022692281393100422,0.0035087719298245723,0.8636363636363635,0.0,0.9758620689655172,0.8226415204391431,0.0,0.18332268017462494,0.3333333333333333,0.3333333333333333,0.9862068965517241,0.0,0.00794012509887992,0.006257723738980255,0.9583869089048513,0.013738050769861964,0.003530386579800627,0.8666192789265273,0.022792570013875614
1140,0.06851165490682376,0.058905178007111814,0.0035087719298245723,0.8409090909090908,0.0006531678641410843,0.9793103448275862,0.8671339548373801,0.0,0.2697148442183941,0.3333333333333333,0.3333333333333333,0.993103448275862,0.0,0.00794012509887992,0.00627270195814506,0.9888970054344144,0.013738050769861964,0.00315062903707057,0.9774372812569146,0.023973500590251707
1141,0.06430470117184306,0.054805550774613965,0.0035087719298245723,0.8636363636363635,0.0,0.9637931034482758,0.8591153954288253,0.0,0.2953261625603232,0.3333333333333333,0.3333333333333333,0.9793103448275862,0.0,0.009065171089592159,0.0017444619506083064,1.0063328766263375,0.009917003294865152,0.003002514851652818,0.9886528515133332,0.027536269715521762
1142,0.03629795086493193,0.0268119235826354,0.0035087719298245723,0.8409090909090908,0.0,0.9810344827586207,0.869215245519304,0.0,0.3519249623966878,0.3333333333333333,0.3333333333333333,0.9879310344827587,0.0,0.0069477640272268895,0.00111863003868054,0.9542641272114424,0.015835680891007294,0.0036724867476565486,0.859331059517268,0.016026403149401416
1143,0.594033944939621,0.5833956516168647,0.0035087719298245723,0.8409090909090908,0.0,0.996551724137931,0.8893527684948335,0.0,0.41411863528741,0.3333333333333333,0.3333333333333333,0.9982758620689656,0.3,0.0069477640272268895,0.0011071714751414035,1.0376381940255557,0.015835680891007068,0.002638193446610468,1.5823813769385735,0.022861162824119364
1144,0.7364475561692853,0.726016299732093,0.0035087719298245723,0.8863636363636364,0.002612671456564337,0.9948275862068966,0.9543291750232978,0.0,0.11018918446618942,0.3333333333333333,0.3333333333333333,0.9810344827586207,0.4,0.0069477640272268895,0.001126972275090408,0.9822005298928356,0.015835683259419323,0.0025855602817769913,1.0840020974686415,0.026611342070643806
1145,0.18500418117818163,0.17498193411036578,0.0035087719298245723,0.8636363636363635,0.005225342913128674,0.9913793103448276,0.9278256143338734,0.0,0.408731200369144,0.3333333333333333,0.3333333333333333,0.993103448275862,0.3,0.006012989789561848,0.003308615347952072,0.9335156093222582,0.012835592192409933,0.002965480403610545,1.0664454721023868,0.028252794383704823
1146,0.02799303354651439,0.021764850841026417,0.0035087719298245723,0.8409090909090908,0.0,0.9879310344827587,0.8303616973483964,0.0,0.3233144609822023,0.3333333333333333,0.3333333333333333,0.9913793103448276,0.2,0.009065171089592159,0.0016387529110641513,0.8219470468282777,0.009917003294865265,0.0031289746308095522,0.411118900964428,0.022974286642408172
1147,0.12203301048040727,0.11227134549796075,0.0035087719298245723,0.8636363636363635,0.001959503592423253,0.9948275862068966,0.9461704383487605,0.3333333333333333,0.41570004816216055,0.3333333333333333,0.3333333333333333,0.996551724137931,0.5,0.0076640081651896865,0.0010225150009841072,0.9911198918669925,0.013447098724211355,0.003003562983208709,1.1211097181105383,0.030286246060361635
1148,0.03310034188301192,0.02416146350854209,0.0035087719298245723,0.8636363636363635,0.0,0.9982758620689656,0.9070846174900917,0.5,0.5359689336858781,0.3333333333333333,0.3333333333333333,0.9879310344827587,0.2,0.006012989789561848,0.0038062401810755684,0.8953623525649874,0.012835592198095174,0.003359878114303609,0.565211563479499,0.02603398766739783
1149,0.028177318992863576,0.02193791762137265,0.0035087719298245723,0.8409090909090908,0.0,0.9793103448275862,0.814025585383466,0.0,0.2621535411765774,0.3333333333333333,0.3333333333333333,0.9844827586206897,0.0,0.0076640081651896865,0.0014248836738472261,0.84663314468054,0.013447098724211355,0.0038411338038478993,0.510804254981076,0.019547785090765567
1150,0.11201059795384138,0.10227261887903921,0.0035087719298245723,0.8409090909090908,0.0006531678641410843,0.9913793103448276,0.9012621366405509,0.0,0.4139639257713189,0.3333333333333333,0.3333333333333333,0.996551724137931,0.1,0.009065171089592159,0.001734631099422334,0.9813404199991544,0.009917003294894979,0.0053743377576553975,1.25110420926404,0.028372414619352995
1151,0.026357579325221425,0.020804891511180312,0.0035087719298245723,0.8636363636363635,0.0,0.9896551724137931,0.8055615882292335,0.0,0.3578131105084428,0.3333333333333333,0.3333333333333333,0.9982758620689656,0.4,0.0076640081651896865,0.001982724156243055,1.0149938976043282,0.013447098724211468,0.003003562983208709,0.6608194585473653,0.023168664322203537
1152,0.1541198800070508,0.1441713854011275,0.0035087719298245723,0.8409090909090908,0.0,0.9896551724137931,0.8519235363712934,0.0,0.24886218106335434,0.3333333333333333,0.3333333333333333,0.9948275862068966,0.2,0.00794012509887992,0.006236676367797789,1.0498630616117242,0.013738050769862752,0.003768330714783395,1.0487772691388388,0.029727953893754346
1153,0.04919985029233698,0.03974879472481768,0.0035087719298245723,0.8409090909090908,0.001959503592423253,0.9775862068965517,0.8709774459826226,0.0,0.31618432079356606,0.3333333333333333,0.3333333333333333,0.9879310344827587,0.0,0.006012989789561848,0.0035586067395754995,0.9712808683016677,0.012835592239485135,0.0024040640722286597,0.9667811527396809,0.028792576570739678
1154,0.5105405270482,0.49989887010961676,0.0035087719298245723,0.8636363636363635,0.0045721750489875895,0.9948275862068966,0.9231877885939493,0.0,0.48627655794589253,0.3333333333333333,0.3333333333333333,0.996551724137931,0.4,0.009065171089592159,0.0017298943963263676,0.9378355061258428,0.009917003298954825,0.0038602275879972767,1.0538194655530442,0.02974699162249842
1155,0.06386082451207353,0.0543153723307373,0.0035087719298245723,0.8409090909090908,0.0,0.9775862068965517,0.8725457424872716,0.0,0.3780818782804303,0.3333333333333333,0.3333333333333333,0.9896551724137931,0.0,0.0076640081651896865,0.0013109263205094209,0.9955824873708892,0.013447098724211355,0.0035115381129291892,1.0565624017007549,0.025708269846673598
1156,0.038391126836727185,0.02896534418869179,0.0035087719298245723,0.8409090909090908,0.0032658393207054214,0.9982758620689656,0.9033663024625898,0.5,0.5350752495546814,0.3333333333333333,0.3333333333333333,0.9913793103448276,0.7,0.006012989789561848,0.003789988098596855,0.8964184070853422,0.01283559218549487,0.0029791523832779095,0.6769469539404656,0.027978638397847925
1157,0.842123794146646,0.8320064386280213,0.0035087719298245723,0.8409090909090908,0.0006531678641410843,0.993103448275862,0.8893156248891528,0.0,0.41061806671864465,0.3333333333333333,0.3333333333333333,0.996551724137931,0.3,0.0069477640272268895,0.0011145273964052462,1.0048024170564058,0.015835680924788997,0.0023068185688426028,1.2401515811127417,0.026493733724435534
1158,0.02859116858366162,0.021913914595185546,0.0035087719298245723,0.8409090909090908,0.0,0.9810344827586207,0.8085704638393952,0.0,0.30012763872245907,0.3333333333333333,0.3333333333333333,0.993103448275862,0.0,0.00794012509887992,0.006257723738980255,0.8808373568863567,0.013738050769861964,0.0042366513714585516,0.37353519394180684,0.02674300835317921
1159,0.27120290072703723,0.26093091220609754,0.0035087719298245723,0.8181818181818181,0.0,0.9896551724137931,0.8735412470795818,0.0,0.027861448581428028,0.3333333333333333,0.3333333333333333,0.993103448275862,0.1,0.0076640081651896865,0.0010639643354199316,1.0391982196058074,0.013447098754074674,0.0026860381131592697,1.0208171015094392,0.026307831226078597
1160,0.04252570385405319,0.03312518415603549,0.0035087719298245723,0.8636363636363635,0.0006531678641410843,0.993103448275862,0.9011969334493422,0.3333333333333333,0.20056429419271304,0.3333333333333333,0.3333333333333333,0.993103448275862,0.3,0.00794012509887992,0.0062577181923293085,0.9567540059480047,0.013738050769861964,0.0029585917975473103,1.0183189473160905,0.02140611566457205
1161,0.7707729359425476,0.7604224362522818,0.0035087719298245723,0.8636363636363635,0.0,0.993103448275862,0.9061316157186317,0.0,0.06749116595684945,0.3333333333333333,0.3333333333333333,0.9948275862068966,0.4,0.006012989789561848,0.0033738291635617653,0.9556696141471837,0.012835918867752405,0.00319713275825388,1.4680626563249441,0.02895638201842871
1162,0.0263793774841371,0.020826704124703388,0.0035087719298245723,0.8636363636363635,0.0,0.9879310344827587,0.7836934530606031,0.0,0.3685320715997741,0.3333333333333333,0.3333333333333333,0.996551724137931,0.2,0.009065171089592159,0.0017154692056469494,1.0112392768788312,0.009917003296971828,0.004935328016925591,1.130499823091532,0.03004882320156398
1163,0.06965331021632903,0.060153272075182895,0.0035087719298245723,0.8181818181818181,0.0,0.9879310344827587,0.8548101917841034,0.0,0.36538691834614745,0.3333333333333333,0.3333333333333333,0.993103448275862,0.4,0.006012989789561848,0.00440697363266744,0.8856672403771244,0.012835592184282364,0.004624040597796188,0.9300026780313385,0.015281301814828318
1164,0.05391659883602895,0.04428498795790836,0.0035087719298245723,0.8181818181818181,0.0,0.9879310344827587,0.9245362744217549,0.0,0.27806492420221063,0.3333333333333333,0.3333333333333333,0.9879310344827587,0.1,0.00794012509887992,0.0062899068094693185,1.0157773046294682,0.01373805090926827,0.0033878570562700006,1.4227371903237802,0.017374468081324815
1165,0.02640179929294506,0.020849163427917428,0.0035087719298245723,0.8409090909090908,0.0,0.9775862068965517,0.8095564592943759,0.0,0.16348048342278998,0.3333333333333333,0.3333333333333333,0.9879310344827587,0.0,0.006012989789561848,0.0035146836628964593,0.9917657789939399,0.012835592192789362,0.0025242765073696565,0.7396790443842968,0.009524144613537346
1166,0.02643002368730407,0.02087742071645493,0.0035087719298245723,0.8636363636363635,0.0,0.9827586206896551,0.8423487712143504,0.0,0.32040136407956543,0.3333333333333333,0.3333333333333333,0.9844827586206897,0.1,0.009065171089592159,0.0017824918815208335,1.0178442403769035,0.009917003294948464,0.0031479091945250757,0.7098114227066392,0.023784691879683795
1167,0.026627389132717227,0.02107501544480772,0.0035087719298245723,0.8636363636363635,0.0,0.9844827586206897,0.8348801808449053,0.0,0.07534339862684991,0.3333333333333333,0.3333333333333333,0.9844827586206897,0.1,0.009065171089592159,0.0017744073789843654,1.0073895450637003,0.009917003294870422,0.0028667568574254386,0.7303045463301662,0.02485677757156239
1168,0.02674696346982841,0.021194726812181153,0.0035087719298245723,0.8409090909090908,0.0,0.9793103448275862,0.8525903441689039,0.0,0.32693007160890686,0.3333333333333333,0.3333333333333333,0.9793103448275862,0.0,0.009065171089592159,0.0018168605265326478,0.9364171649043714,0.009917003294865152,0.003401782760886573,0.8992758820693459,0.029094642306356895
1169,0.2742932064597481,0.2639715831356476,0.0035087719298245723,0.8409090909090908,0.0,0.9913793103448276,0.8859409795475981,0.0,0.3976775772960056,0.3333333333333333,0.3333333333333333,0.993103448275862,0.6,0.006012989789561848,0.0033570761742320997,0.9745291622929847,0.012835592184783808,0.0027709017146030695,1.453690973888141,0.02648367853772939
1170,0.06012912840637252,0.05059553901298319,0.0035087719298245723,0.8636363636363635,0.0,0.9896551724137931,0.8849724929937836,0.0,0.3847394986963725,0.3333333333333333,0.3333333333333333,0.993103448275862,0.3,0.0076640081651896865,0.0013970762722834511,0.9706908710612809,0.013447098724211355,0.0038411338038478993,1.1244946560035207,0.02620917619311772
1171,0.03143604458978211,0.023254493947821198,0.0035087719298245723,0.8863636363636364,0.0,0.993103448275862,0.8994452610888919,0.3333333333333333,0.2140880313597915,0.3333333333333333,0.3333333333333333,0.9913793103448276,0.4,0.009065171089592159,0.0015770211631592642,0.8527741373921826,0.009917003294865936,0.005247423936636586,0.6947182064422919,0.012317874097281443
1172,0.055423581949369805,0.04599096162760247,0.0035087719298245723,0.8636363636363635,0.0,0.9913793103448276,0.8729422252030992,0.0,0.40406015104890936,0.3333333333333333,0.3333333333333333,0.9879310344827587,0.3,0.00794012509887992,0.006257723738980255,0.8821800451332201,0.013738050769861964,0.003217650797973676,0.654747657163927,0.01483392680056988
1173,0.03252356382824684,0.02381231005968304,0.0035087719298245723,0.8409090909090908,0.0,0.9793103448275862,0.8434829550408809,0.0,0.10980857825626977,0.3333333333333333,0.3333333333333333,0.9862068965517241,0.0,0.009065171089592159,0.0016180910869228956,0.8967459271883725,0.009917003294865152,0.00280068917084229,0.7442109714108697,0.010651188585472343
1174,0.2873587447143976,0.2770426493692335,0.0035087719298245723,0.8181818181818181,0.0013063357282821686,0.9982758620689656,0.9061881846870076,1.0,0.5480834970969629,0.3333333333333333,0.3333333333333333,0.9948275862068966,0.3,0.0069477640272268895,0.0011341547140745114,0.9587220241735398,0.01583568091773675,0.006075225538457945,0.809267633599377,0.025243353497128234
1175,0.5545870786304314,0.543949548171252,0.0035087719298245723,0.8409090909090908,0.002612671456564337,0.9948275862068966,0.8842062267909299,0.0,0.4042756323157186,0.3333333333333333,0.3333333333333333,0.996551724137931,0.3,0.006012989789561848,0.0033065735395468626,0.9544947382582601,0.01283559226169395,0.003988739515786444,0.9536560699778412,0.03759892281858813
1176,0.495431069286976,0.4848027505098413,0.0035087719298245723,0.8409090909090908,0.0,0.9844827586206897,0.8937283038585034,0.0,0.1174407597239634,0.3333333333333333,0.3333333333333333,0.9862068965517241,0.2,0.0076640081651896865,0.0010469596960019133,0.9942598025139948,0.01344710314460187,0.002998683771874764,0.824726691901997,0.033716343166282726
1177,0.026545749507487115,0.020993263075235802,0.0035087719298245723,0.8863636363636364,0.0006531678641410843,0.9948275862068966,0.9190868982389567,0.5,0.1911579125443712,0.3333333333333333,0.3333333333333333,0.9810344827586207,0.2,0.00794012509887992,0.006245080842420313,0.8695710141831616,0.013738050909655358,0.004295090556918083,0.7629936406218073,0.005463342001341543
1178,0.026914662929753863,0.021362619977244424,0.0035087719298245723,0.8863636363636364,0.0,0.9879310344827587,0.8779615441531928,0.0,0.19709505897507118,0.3333333333333333,0.3333333333333333,0.9948275862068966,0.1,0.00794012509887992,0.006245138502535589,0.8425953278376421,0.013738050769861964,0.0031994486995968663,0.7944880780778903,0.02592818873728941
1179,0.029019827350202476,0.023470180905637905,0.0035087719298245723,0.8636363636363635,0.0,0.9879310344827587,0.818924961399072,0.0,0.1933002471290276,0.3333333333333333,0.3333333333333333,0.9948275862068966,0.1,0.0069477640272268895,0.001109590824229019,1.0974179622876017,0.01583568329312252,0.0022541731252431964,0.9127362961413946,0.03898957397260087
1180,0.10425063558286674,0.09458727377964887,0.0035087719298245723,0.8409090909090908,0.0013063357282821686,0.9948275862068966,0.862828063879485,0.0,0.4579103897771315,0.3333333333333333,0.3333333333333333,0.9982758620689656,0.5,0.006012989789561848,0.0035732032814319533,0.9821755975859952,0.012835592269784184,0.002816209536678192,1.4008820458031648,0.028482845010390702
1181,0.026559504555612734,0.021007050444033226,0.0035087719298245723,0.8636363636363635,0.0,0.9948275862068966,0.9324913678758229,0.0,0.16513820614427532,0.3333333333333333,0.3333333333333333,0.993103448275862,0.5,0.00794012509887992,0.0062577181923293085,0.991901773623636,0.013738050769861964,0.004463387233807577,0.7499658360103264,0.022563728278186243
1182,0.04238943928591854,0.03290943760708037,0.0035087719298245723,0.8636363636363635,0.001959503592423253,0.9896551724137931,0.9075775721162698,0.0,0.09374671651370436,0.3333333333333333,0.3333333333333333,0.9948275862068966,0.4,0.009065171089592159,0.0016197696617108086,0.9015402657924156,0.009917003294865152,0.002986849552754912,0.950047447301708,0.025728718641228658
1183,0.03747846401651744,0.02786431993705296,0.0035087719298245723,0.8636363636363635,0.0,0.9913793103448276,0.8655968637675879,0.0,0.32748234867517645,0.3333333333333333,0.3333333333333333,0.9982758620689656,0.2,0.00794012509887992,0.006290711701643339,1.014286322305743,0.013738050769897871,0.004886650207252815,1.3788424145637608,0.029198485672783443
1184,0.03262302335814249,0.023884369279335904,0.0035087719298245723,0.8636363636363635,0.0,0.9913793103448276,0.8523436919824061,0.0,0.3701222573688018,0.3333333333333333,0.3333333333333333,0.9913793103448276,0.4,0.00794012509887992,0.006278007930864439,0.9011016247161386,0.013738050769861964,0.003896147038148894,0.756034510183147,0.006652216500728645
1185,0.7051005466235719,0.6946057531456856,0.0035087719298245723,0.8636363636363635,0.0,0.9948275862068966,0.9706245449770351,0.0,0.26191885979943197,0.3333333333333333,0.3333333333333333,0.9948275862068966,0.7,0.006012989789561848,0.0034194769603317007,0.9280949902070613,0.012836300126267911,0.0026046660361297214,0.9675355752646617,0.029605756418464715
1186,0.06671210432021168,0.0572166357335408,0.0035087719298245723,0.8181818181818181,0.0,0.993103448275862,0.8449660831725799,0.0,0.3070147975008992,0.3333333333333333,0.3333333333333333,0.996551724137931,0.2,0.00794012509887992,0.006290711701643339,1.0571526857076767,0.013738053449890365,0.003578859930933721,1.2626078229355364,0.019298511100109342
1187,0.04979084234494935,0.040365659992634584,0.0035087719298245723,0.8181818181818181,0.0,0.9896551724137931,0.8668099311203549,0.0,0.28653401886541485,0.3333333333333333,0.3333333333333333,0.993103448275862,0.4,0.0069477640272268895,0.001117178718370939,0.9787117161413643,0.015835680891267287,0.0028007270756941396,1.1465860846694378,0.022017109392742942
1188,0.6629564104126419,0.6523989455231591,0.0035087719298245723,0.8409090909090908,0.0006531678641410843,0.9982758620689656,0.9137173593192481,0.25,0.5046017589757167,0.3333333333333333,0.3333333333333333,0.9913793103448276,0.1,0.0069477640272268895,0.0011131679796800842,1.0604575012742743,0.015835680893863814,0.002313685860716902,1.1017723826756183,0.024031208906604134
1189,0.026644849249036207,0.021092493833648307,0.0035087719298245723,0.8636363636363635,0.0,0.9896551724137931,0.8827683533607525,0.0,0.43527628755205094,0.3333333333333333,0.3333333333333333,0.993103448275862,0.1,0.00794012509887992,0.006243029626396323,0.8673257025796917,0.013738050769861964,0.0035506586371117916,0.6585332795485631,0.026794399063845706
1190,0.026384600454956053,0.020831877468604487,0.25,0.8863636363636365,0.0,0.996551724137931,0.9426898769345168,0.0,0.22448135213292963,0.8333333333333334,0.6666666666666666,0.9862068965517241,0.1,5.039290734811844,3.3070306095255226,0.8680313229011566,0.07361943694162969,0.17046504121425896,0.8947066030182155,0.023898407586200283
1191,0.05025341667104455,0.0408266811330219,0.0035087719298245723,0.8409090909090908,0.005225342913128674,0.993103448275862,0.9220885728378057,0.0,0.4494032216646151,0.3333333333333333,0.3333333333333333,0.9948275862068966,0.2,0.009065171089592159,0.001740124383994937,1.0035922859993591,0.009917003294865152,0.004143056871540324,0.9533595753552041,0.0256896523477851
1192,0.07608019002349387,0.06649369485100648,0.0035087719298245723,0.8636363636363635,0.0013063357282821686,0.996551724137931,0.9140367805236345,0.5,0.4295011838982289,0.3333333333333333,0.3333333333333333,0.993103448275862,0.4,0.006012989789561848,0.0038215289333049444,0.9205643764767794,0.012835592540232003,0.002954048709858684,0.8663632301425748,0.019566290462586646
1193,0.026820492069656976,0.021268338614073234,0.0035087719298245723,0.8636363636363635,0.0,0.9879310344827587,0.8577312983692797,0.0,0.386635767881208,0.3333333333333333,0.3333333333333333,0.993103448275862,0.3,0.006012989789561848,0.003351277015284122,1.028380050663958,0.012835592300534633,0.002657541818549268,1.192141033256692,0.028586480117682778
1194,0.029466044199657815,0.02391689671728614,0.0035087719298245723,0.8636363636363635,0.0,0.9862068965517241,0.8379038833650859,0.0,0.2130640670879651,0.3333333333333333,0.3333333333333333,0.9896551724137931,0.2,0.00794012509887992,0.0062577181923293085,1.050048603808485,0.013738050771446894,0.002974724340509907,0.8385482758850653,0.030179838438201132
1195,0.05900692945595121,0.04951305329296335,0.0035087719298245723,0.8409090909090908,0.001959503592423253,0.9896551724137931,0.9159589362211389,0.0,0.4211111422674787,0.3333333333333333,0.3333333333333333,0.9913793103448276,0.2,0.0076640081651896865,0.0012171150211482782,1.0072276716625546,0.013447098724218332,0.00509056348098043,1.176000523434949,0.024143714478235198
1196,0.6027390753436044,0.5921167582245416,0.0035087719298245723,0.8409090909090908,0.0006531678641410843,0.9913793103448276,0.8659096931138245,0.0,0.39666986566724394,0.3333333333333333,0.3333333333333333,0.9948275862068966,0.3,0.00794012509887992,0.006290711701643339,0.9541391707934445,0.013738093125976306,0.003410757458110922,1.1489076289391393,0.02455002393760727
1197,0.03783319540224939,0.0283767069726909,0.0035087719298245723,0.8409090909090908,0.0,0.9948275862068966,0.906254926379991,0.0,0.4765038760028728,0.3333333333333333,0.3333333333333333,0.9948275862068966,0.3,0.0069477640272268895,0.001111050200462568,1.0341539880530384,0.015835680891227583,0.0022541731252431964,1.1144300406921588,0.016721491731584305
1198,0.8698498849488105,0.8598426554593916,0.0035087719298245723,0.8409090909090908,0.0006531678641410843,0.9896551724137931,0.8907185905704462,0.0,0.3341198703139606,0.3333333333333333,0.3333333333333333,0.9913793103448276,0.2,0.0076640081651896865,0.0010442693799981157,1.0009423836357607,0.013447098773193961,0.0026860381131592697,1.1768492736848755,0.03503388732456044
1199,0.08842679065556236,0.07877313099059269,0.0035087719298245723,0.8863636363636364,0.0045721750489875895,0.9948275862068966,0.9386653005157347,0.5,0.48178166543731327,0.3333333333333333,0.3333333333333333,0.993103448275862,0.5,0.0069477640272268895,0.0011219447203709933,0.8972747235876326,0.015835680891009438,0.0022958899202958315,0.7772463302778663,0.03563915862863283
1200,0.2078720370982965,0.19779129712324867,0.0035087719298245723,0.8409090909090908,0.0006531678641410843,0.9913793103448276,0.8977027007238519,0.3333333333333333,0.3877540881221846,0.3333333333333333,0.3333333333333333,0.9913793103448276,0.1,0.0069477640272268895,0.0011123343079233283,1.031038987283596,0.015835680891007183,0.0022541731252431964,1.0868783716158756,0.029070259172746634
1201,0.6062839756392324,0.5956680898879299,0.0035087719298245723,0.8409090909090908,0.001959503592423253,0.993103448275862,0.9012694102625592,0.0,0.380284178031688,0.3333333333333333,0.3333333333333333,0.996551724137931,0.6,0.009065171089592159,0.0017290119863111375,0.9429588017542399,0.009917021451546446,0.0038935398069162358,0.8796681368075201,0.033913981003527424
1202,0.06049660057630435,0.050991955520823695,0.0035087719298245723,0.8636363636363635,0.0,0.9827586206896551,0.8647543606239426,0.0,0.2061940472792928,0.3333333333333333,0.3333333333333333,0.9862068965517241,0.1,0.0076640081651896865,0.0010258308889951964,1.0274588355983003,0.013447098724211355,0.0038411338038478993,0.9835584521164648,0.029821881317449953
1203,0.5062286405748666,0.49558906884181997,0.0035087719298245723,0.8636363636363635,0.0006531678641410843,0.9896551724137931,0.9232067764641745,0.0,0.346511547797687,0.3333333333333333,0.3333333333333333,0.9896551724137931,0.3,0.006012989789561848,0.0033138499403185685,0.9493662106431098,0.012835592301071837,0.002415491997248611,1.0627548717111635,0.03343153863422289
1204,0.026650441965705318,0.021098088401471315,0.0035087719298245723,0.8636363636363635,0.0,0.9672413793103448,0.8023897072524833,0.0,0.2290327104849864,0.3333333333333333,0.3333333333333333,0.9844827586206897,0.0,0.0076640081651896865,0.0025180550171001485,0.9068986683387467,0.013447098741420863,0.004709981501440444,1.1868625648212512,0.013078604680248261
1205,0.23168469364089983,0.221527235711997,0.0035087719298245723,0.8409090909090908,0.0,0.9775862068965517,0.8734680376857735,0.0,0.29171684117069985,0.3333333333333333,0.3333333333333333,0.9810344827586207,0.0,0.009065171089592159,0.001715185760546893,0.9256136602757853,0.009917003424197749,0.003249402793444411,0.9017344551994602,0.015044376867629617
1206,0.033579081672614475,0.02434632744368792,0.0035087719298245723,0.8409090909090908,0.0,0.9793103448275862,0.8385106718757525,0.0,0.10765370694288623,0.3333333333333333,0.3333333333333333,0.9896551724137931,0.0,0.0069477640272268895,0.0011352919721109604,0.902044479569147,0.015835680891047112,0.00242073883641345,0.622870506413377,0.004116165678889268
1207,0.05489062645104803,0.045353885388303594,0.0035087719298245723,0.8636363636363635,0.009797517962116264,0.9948275862068966,0.9418930203093028,0.25,0.4516456359510187,0.3333333333333333,0.3333333333333333,0.9948275862068966,0.6,0.009065171089592159,0.0016223840883464236,0.9215222642086606,0.009917003294865152,0.004242446560140581,1.0424114716320592,0.0282546700040999
1208,0.7114127392849758,0.7009334372404936,0.0035087719298245723,0.8181818181818181,0.0006531678641410843,0.9948275862068966,0.8455380561995552,0.0,0.402995104604828,0.3333333333333333,0.3333333333333333,0.9982758620689656,0.2,0.006012989789561848,0.003320239083575859,0.9887480176785105,0.012835642717026334,0.003976222197483006,1.1601305421180896,0.03499960698004777
1209,0.06731584025455317,0.057827848551426864,0.0035087719298245723,0.8409090909090908,0.0,0.993103448275862,0.8954441484891416,0.0,0.3071193921293386,0.3333333333333333,0.3333333333333333,0.996551724137931,0.6,0.0076640081651896865,0.0017634906155638498,0.9717474372245143,0.013447098724212592,0.0033973277029927247,1.017003522934062,0.027002602137732534
1210,0.10236667712151681,0.09258124294488329,0.0,0.8863636363636364,0.0,0.9783950617283951,0.8435445154154813,0.0,0.16209608996474167,0.8333333333333334,0.5555555555555556,0.9768518518518519,0.0,0.008364085868530517,0.015577142098682722,0.7336166063837845,0.015114402361015676,0.0022528084632599224,0.6459576936171159,0.019614261090152043
1211,0.1034836076886596,0.0936924398953638,0.0,0.8636363636363635,0.0,0.9783950617283951,0.8431508709471194,0.0,0.11093822230684414,0.8333333333333334,0.5555555555555556,0.9814814814814815,0.0,0.008364085868530517,0.015530377910289685,0.8676889426463997,0.015114402361131095,0.00265422878275662,0.809351060140785,0.01877966995382218
1212,0.10240983533226111,0.09262417968220493,0.0,0.8636363636363635,0.0,0.9922839506172839,0.871917161634338,0.0,0.38916289751738076,0.5,0.3333333333333333,0.9830246913580247,0.1,0.008364085868530517,0.01407019217661382,0.7912499943841431,0.015114402361020185,0.0017892293130862469,0.6039524984564103,0.01938365171719442
1213,0.10299267822176406,0.09320403740546634,0.0,0.7954545454545454,0.0,0.9891975308641975,0.8124263494889994,0.0,0.39428454980973393,0.5,0.3333333333333333,0.9922839506172839,0.2,0.008364085868530517,0.01685400595285514,0.8385631272103381,0.01511440876477291,0.0019066706072024392,0.6524721960368437,0.014384033448631409
1214,0.10249467413017976,0.092708583375052,0.0,0.8409090909090908,0.000683526999316473,0.9722222222222222,0.8729315968406428,0.0,0.12070516493370398,0.5,0.3333333333333333,0.9907407407407407,0.0,0.00692563492608134,0.011871314814547538,0.735385412279751,0.013567754162501723,0.002468473752832566,0.8956458077250727,0.04436862356564508
1215,0.10336748498592241,0.09357692502377501,0.0,0.8636363636363635,0.001367053998632946,0.9953703703703703,0.9332805117242677,0.5,0.378966616657755,0.5,0.3333333333333333,0.9938271604938271,0.2,0.006400373644683982,0.03165632940966169,0.7671970231215248,0.015616506382250886,0.00281245425818703,0.9398562586563985,0.02273744516232517
1216,0.1023752113492854,0.09258973341459137,0.0,0.8181818181818181,0.000683526999316473,0.9922839506172839,0.8745453542503184,0.0,0.31301687203138306,0.5,0.3333333333333333,0.9938271604938271,0.3,0.008364085868530517,0.0074786591667146286,0.725542096184667,0.015114402361015676,0.002065850235692635,0.6163132986378926,0.015949522294442006
1217,0.10239548129631892,0.09260989940060332,0.0,0.8181818181818181,0.001367053998632946,0.9922839506172839,0.8869246053178037,0.0,0.4192942851818996,0.5,0.3333333333333333,0.9922839506172839,0.4,0.006400373644683982,0.035945216940340384,0.7415571387949588,0.015616506382250886,0.0016912819179279066,0.561393635628193,0.021029882204636533
1218,0.11634686348119838,0.10649158593347718,0.0,0.8409090909090908,0.0,0.9845679012345679,0.8220318369035139,0.0,0.22398003880057737,0.5,0.3333333333333333,0.9891975308641975,0.1,0.00692563492608134,0.024212724341548454,0.7975938748624445,0.013568007230384276,0.002082759578622869,0.8561958454752452,0.03978990834404176
1219,0.1038391613554257,0.09404618821158267,0.0,0.8409090909090908,0.0,0.9876543209876543,0.8125491524057973,0.0,0.2994036818153448,0.5,0.3333333333333333,0.9907407407407407,0.1,0.007301920426342251,0.0056158308337565625,0.77812814283766,0.012345674392715379,0.002191848859788402,1.6187237399622998,0.04661386694225412
1220,0.10238342473842155,0.0925979045539208,0.0,0.8636363636363635,0.0,0.9783950617283951,0.8661149132444386,0.0,0.29396874254008454,0.5,0.3333333333333333,0.9830246913580247,0.0,0.006465854470068727,0.004643770318240288,0.7283396155394988,0.015838585007200156,0.0018419362441170885,0.34083222278677716,0.04124875359945492
1221,0.10242681258712794,0.09264106974647313,0.0,0.8636363636363635,0.0,0.9938271604938271,0.8398718793634323,0.0,0.476285145129969,0.5,0.3333333333333333,0.9907407407407407,0.1,0.006465854470068727,0.0055621646022144785,0.7366564704215337,0.015838585007200156,0.001956884950768362,0.38441649948392426,0.03741103830418748
1222,0.1028824887817571,0.09309440760206833,0.0,0.8636363636363635,0.0,0.9876543209876543,0.833625401719936,0.0,0.3099954837944223,0.5,0.3333333333333333,0.9814814814814815,0.1,0.008364085868530517,0.009760249488659578,0.7921206356149866,0.015114402367241948,0.001802733469128855,0.789301810862196,0.015864293735890413
1223,0.1065056390845146,0.09669907315110537,0.0,0.8636363636363635,0.0,0.9907407407407407,0.8682676014810681,0.0,0.1791193239501193,0.5,0.3333333333333333,0.9922839506172839,0.3,0.006465854470068727,0.005127997583099102,0.7951062873120155,0.01583858500720038,0.0028574942562182965,0.9928346043088433,0.039239520247091375
1224,0.10295161174402312,0.0931631809235079,0.0,0.8636363636363635,0.0,0.9583333333333334,0.9020180684938396,0.0,0.1490925813117282,0.5,0.3333333333333333,0.9675925925925926,0.0,0.007301920426342251,0.005316902493330653,0.793242098841431,0.012345674392292637,0.0020598785237586114,0.8400094068434496,0.04853126032805779
1225,0.1030212127536968,0.09323240850356129,0.0,0.8409090909090908,0.004101161995898838,0.9938271604938271,0.9403632297564268,0.5,0.41885015684863813,0.5,0.3333333333333333,0.9876543209876543,0.3,0.008364085868530517,0.011156393766586368,0.8470629881559049,0.015114402366695626,0.0019066706072024392,0.4219730534571973,0.01869279721757534
1226,0.10653180372283699,0.09672497675384667,0.0,0.8409090909090908,0.0,0.9753086419753086,0.8798897939419348,0.0,0.0038640026947918127,0.5,0.3333333333333333,0.9876543209876543,0.0,0.006400373644683982,0.019885186378119566,0.878499185368496,0.015619600741989165,0.0015890695760642632,0.3998766781870723,0.017535882989978848
1227,0.10257265284849704,0.09278616004657103,0.0,0.8636363636363635,0.0,0.9814814814814815,0.8300578864927395,0.0,0.21621719696864128,0.8333333333333334,0.5555555555555556,0.9845679012345679,0.0,0.006493753943735999,0.003968771673920046,0.7231262566936236,0.015838585007200156,0.005312091048264904,0.8900355261539744,0.035971398490863775
1228,0.9928938983616284,0.9479085530686631,0.0,0.9090909090909092,0.00683526999316473,0.9984567901234568,0.9138653006995191,1.0,0.5345273535539974,0.8333333333333334,0.5555555555555556,0.9984567901234568,0.4,0.1144152761158314,0.21005893750391946,0.9392117349845789,4.628485140353821,0.8962310392972438,2.396406697133263,0.08277432080101065
1229,0.10236554757706506,0.09258011920896192,0.0,0.9090909090909091,0.0,0.9768518518518519,0.8725893163533207,0.0,0.39055090929198877,0.8333333333333334,0.5555555555555556,0.9783950617283951,0.0,0.006465854470068727,0.00440885380026768,0.6707702971628988,0.015838585007200156,0.0021892880909753815,0.4925099956023059,0.04350735459860305
1230,0.10250700951848069,0.09272085577232353,0.0,0.8409090909090908,0.0,0.9614197530864198,0.90742767826534,0.0,0.11503865358444232,0.5,0.3333333333333333,0.962962962962963,0.0,0.006400373644683982,0.03539265843973741,0.754198447973613,0.015616506382250886,0.0015890695760642632,0.8365750152019931,0.02241252942595125
1231,0.10388426738476753,0.09409104970826909,0.0,0.8863636363636364,0.000683526999316473,0.9938271604938271,0.9055276015904896,0.0,0.23070611543575625,0.5,0.3333333333333333,0.9922839506172839,0.3,0.006465854470068727,0.004647108300778947,0.8661734381935426,0.01583858500726005,0.002159778457600554,0.3646336136277049,0.04441110256310216
1232,0.1024015850962482,0.09261597188611309,0.0,0.8409090909090908,0.001367053998632946,0.9891975308641975,0.8883189863490486,0.0,0.15993046539009037,0.5,0.3333333333333333,0.9907407407407407,0.1,0.007301920426342251,0.0055950496814448905,0.7246622332574746,0.012345674392292637,0.002191848859788402,0.9236893878129324,0.04821620518504752
1233,0.10244967708043728,0.09266381714425398,0.0,0.8409090909090908,0.0,0.9907407407407407,0.8730902988533813,0.0,0.338331159830227,0.5,0.3333333333333333,0.9907407407407407,0.3,0.008364085868530517,0.014966551018569217,0.8023102538893803,0.01511442189805999,0.0016747508379144416,0.6183536450353332,0.019104529041144697
1234,0.10236560033986275,0.09258017170058541,0.0,0.8863636363636364,0.0,0.9938271604938271,0.9366509945511998,0.0,0.20444641348711579,0.5,0.3333333333333333,0.9814814814814815,0.1,0.008364085868530517,0.00866505752005315,0.6930646362625366,0.015114402361015676,0.0016796338393213373,0.33248455964468204,0.018598535058800398
1235,0.10548056964054897,0.09567927105035545,0.0,0.8409090909090908,0.0,0.9922839506172839,0.8678180086468262,0.0,0.40619670629580684,0.5,0.3333333333333333,0.9953703703703703,0.3,0.006465854470068727,0.004646164784325856,0.8612906682878556,0.015838585021026197,0.0027936631590334384,0.5645910767893667,0.04084589635080233
1236,0.10859787961795031,0.09878056228929444,0.0,0.8409090909090908,0.0,0.9753086419753086,0.8801702906607112,0.0,0.007431908235901452,0.5,0.3333333333333333,0.9876543209876543,0.0,0.006400373644683982,0.019885186378119566,0.8907759324630313,0.01566560234413899,0.0015890695760642632,0.40477809014513,0.017533877542740186
1237,0.10236626852507269,0.0925808364330849,0.0,0.8181818181818181,0.0,0.9953703703703703,0.919400050896349,0.0,0.1563394003090629,0.5,0.3333333333333333,0.9845679012345679,0.2,0.00692563492608134,0.005578087725556746,0.6767343228232047,0.013567754162501949,0.0018804196016164198,0.36902034572161413,0.040047809688729855
1238,0.10295499020133081,0.09316654205747277,0.0,0.7954545454545454,0.0,0.9922839506172839,0.8580484911997759,0.0,0.4175650250199916,0.5,0.3333333333333333,0.9922839506172839,0.4,0.006465854470068727,0.006128313314575019,0.7693849096711507,0.015838585007200156,0.00214758843296009,0.7112171591978023,0.036763847973257865
1239,0.1027884434394738,0.09300083373405388,0.0,0.8181818181818181,0.0,0.9907407407407407,0.782589664348118,0.0,0.3550875604292768,0.5,0.3333333333333333,0.9969135802469136,0.2,0.006400373644683982,0.018839095190285794,0.7625864305798739,0.015616506382251111,0.0034943322601521643,0.5642119756858637,0.023052731805887426
1240,0.10298016491594675,0.0931915791886862,0.0,0.8636363636363635,0.0,0.9861111111111112,0.8504803454058093,0.0,0.2167288069275195,0.5,0.3333333333333333,0.9907407407407407,0.2,0.00692563492608134,0.008206410606932791,0.7660476171280184,0.013567754162501723,0.0017178191295672018,0.6913492815138919,0.041811906924717125
1241,0.28165491204363824,0.27122943263824817,0.9964912280701754,0.8636363636363636,0.0,0.9845679012345679,0.8159687537716787,0.0,0.3302871324408456,0.3333333333333333,0.4444444444444444,0.9876543209876543,0.1,1.0438018216342788,3.0812754851344635,0.9487790633679957,5.055927135508702,0.6160505836004839,0.9828639123930667,0.016446353795309916
1242,0.10236790448223698,0.0925824640250063,0.0,0.8181818181818181,0.0,0.9768518518518519,0.8505848423317424,0.0,0.2080872693127066,0.5,0.3333333333333333,0.9845679012345679,0.0,0.007301920426342251,0.0055950496814448905,0.6695318919671766,0.012345674392292637,0.0021278094389031972,0.6255321921583045,0.04686718689519662
1243,0.10236555056528429,0.09258012218187561,0.0,0.8409090909090908,0.0,0.9783950617283951,0.9329428534133143,0.0,0.08234776123754473,0.5,0.3333333333333333,0.9722222222222222,0.0,0.008364085868530517,0.014486728444069617,0.6181133920027605,0.015114402361015676,0.0017782873547979355,0.7024768881826265,0.01826893896806836
1244,0.10238156052533431,0.09259604997840282,0.0,0.8636363636363635,0.0,0.9876543209876543,0.9203376822425503,0.0,0.37773320635048424,0.5,0.3333333333333333,0.9861111111111112,0.1,0.007301920426342251,0.005309696931058555,0.7554123377204023,0.012345674392292637,0.0020598785237586114,0.5464792453138305,0.05231200289876226
1245,0.10260326185677526,0.0928166135200229,0.0,0.8636363636363635,0.0,0.9845679012345679,0.8920797084569618,0.0,0.0706640173554074,0.5,0.3333333333333333,0.9814814814814815,0.1,0.006465854470068727,0.006656634295932514,0.7219086718183058,0.015838585007200156,0.00204436679281379,0.5307447153791928,0.040101146912699524
1246,0.10239607834871522,0.09261049296319651,0.0,0.8863636363636364,0.0,0.9845679012345679,0.8814031451738966,0.0,0.32035701683868945,0.5,0.3333333333333333,0.9876543209876543,0.1,0.006400373644683982,0.023985538728139442,0.787005791159239,0.015616506382250886,0.0019662553423095623,0.35875999829151617,0.023555704664055203
1247,0.10285888184228553,0.09307091644046184,0.0,0.8409090909090908,0.0,0.9814814814814815,0.8902314814542072,0.0,0.19724456385432765,0.5,0.3333333333333333,0.9861111111111112,0.0,0.008364085868530517,0.011578949505274702,0.840419551167676,0.015114402361442634,0.0017782873547979355,0.41621956095783313,0.01790465696909829
1248,0.12324453602680785,0.11335650675402498,0.0,0.8636363636363635,0.0,0.9799382716049383,0.9388498497196108,0.0,0.025511382871717836,0.5,0.3333333333333333,0.9768518518518519,0.0,0.006465854470068727,0.006656165810412321,0.83375365898654,0.015838585007200156,0.0018419362441170885,0.619408877978754,0.03942396808702328
1249,0.10237433910443061,0.0925888655338174,0.0,0.8863636363636364,0.000683526999316473,0.9938271604938271,0.9305928438278919,0.0,0.39891304743783385,0.5,0.3333333333333333,0.9907407407407407,0.5,0.007301920426342251,0.005316896982085618,0.7723248866698113,0.012345674392293088,0.002541484190048456,0.48238261655687714,0.05151666868110715
1250,0.10236824587938265,0.09258280365169691,0.0,0.8409090909090908,0.0,0.9799382716049383,0.8614078009899988,0.0,0.1331609128214145,0.5,0.3333333333333333,0.9830246913580247,0.0,0.008364085868530517,0.018158950908966364,0.7264123478340969,0.015114402361057381,0.0017782873547979355,0.5453833052469945,0.02015489540853102
1251,0.10370658970604707,0.09391428430587856,0.0,0.8863636363636364,0.003417634996582365,0.9891975308641975,0.8606800037497385,0.3333333333333333,0.30772178842391174,0.5,0.3333333333333333,0.9922839506172839,0.4,0.006400373644683982,0.04582538800482404,0.7988981086399596,0.015616506382254832,0.0025716581086424276,1.6770970778632934,0.025976155640455186
1252,0.10274715655741595,0.09295976282374296,0.0,0.8863636363636364,0.001367053998632946,0.9969135802469136,0.9139299599611432,0.25,0.48784100873152914,0.5,0.3333333333333333,0.9907407407407407,0.5,0.00692563492608134,0.020027380437701837,0.7434575681916522,0.013567754162501949,0.002881797956354324,0.9108433623421585,0.04376864599336146
1253,0.10237705187072343,0.0925915644312596,0.0,0.8863636363636364,0.0,0.9861111111111112,0.9147368909560444,0.0,0.30315547493068484,0.5,0.3333333333333333,0.9722222222222222,0.2,0.00692563492608134,0.004958860545751233,0.7431301389299378,0.013567754162501723,0.001602944967615901,0.6158526147093173,0.045775079876387945
1254,0.10236555654072899,0.09258012812656219,0.0,0.8863636363636364,0.000683526999316473,0.9891975308641975,0.9112218203168858,0.0,0.4302508868126711,0.5,0.3333333333333333,0.9645061728395061,0.2,0.008364085868530517,0.013347336540546938,0.6700510859798305,0.015114402361015676,0.0019066706072024392,0.5474311174737558,0.024143254118525265
1255,0.10238343918813564,0.09259791884636237,0.0,0.8863636363636364,0.0,0.9891975308641975,0.8965048900269802,0.0,0.07465332971095628,0.5,0.3333333333333333,0.9938271604938271,0.1,0.007301920426342251,0.005316896982085618,0.7863926027114669,0.012345674392295785,0.0021968401282981683,0.32730638502962167,0.04987331608501069
1256,0.10248905358397808,0.09270299093999346,0.0,0.8863636363636364,0.0,0.9953703703703703,0.9032317045463815,0.0,0.44527868320078645,0.5,0.3333333333333333,0.9907407407407407,0.2,0.008364085868530517,0.00867563092990733,0.8269098825377806,0.015114402361053885,0.001802733469128855,0.40219583520897506,0.01823876809044026
1257,0.10236594265057586,0.09258051225334857,0.0,0.8409090909090908,0.0,0.9552469135802469,0.8116614317978833,0.0,0.11469336648055639,0.5,0.3333333333333333,0.9814814814814815,0.0,0.007301920426342251,0.005564252085065229,0.6880824173006195,0.012345674392292637,0.0034350795516351475,0.3708598852672054,0.04817018776193893
1258,0.10238888843090421,0.09260334022128497,0.0,0.8409090909090908,0.0,0.9521604938271605,0.8161776979422779,0.0,0.08482186004465131,0.5,0.3333333333333333,0.9830246913580247,0.0,0.007301920426342251,0.005565982487818315,0.7550240633871281,0.012345674392294436,0.0021160225164437445,0.39322690626968804,0.04769499686199887
1259,0.11369948595205348,0.10385639198436963,0.0,0.8409090909090908,0.0,0.9907407407407407,0.8272724482317777,0.0,0.33128553860108434,0.5,0.3333333333333333,0.9953703703703703,0.3,0.008364085868530517,0.019882841947525976,0.8368187125077506,0.015114471899175693,0.0019062587291782513,0.8311509606216764,0.017288962426724546
1260,0.12368236458410276,0.11379225894366968,0.0,0.8636363636363635,0.000683526999316473,0.9861111111111112,0.8503754157889112,0.0,0.30922280548006353,0.5,0.3333333333333333,0.9938271604938271,0.1,0.00692563492608134,0.010793257843892165,0.8511928314143782,0.013567754162501949,0.0022058986026754403,1.1872293455446759,0.04195572236717868
1261,0.10236681387373536,0.09258137900361585,0.0,0.8863636363636364,0.0,0.9783950617283951,0.9088260462144747,0.0,0.3546539954953233,0.5,0.3333333333333333,0.9768518518518519,0.0,0.006400373644683982,0.02731165391838622,0.7079102902259784,0.015616506382250886,0.0018138427614254088,0.5960572261846502,0.02484229458538102
1262,0.10264307403713069,0.09285622134623955,0.0,0.8863636363636364,0.0,0.9891975308641975,0.9634499778400094,0.0,0.09134925087086976,0.5,0.3333333333333333,0.9830246913580247,0.2,0.008364085868530517,0.015463272572773884,0.8199843840765322,0.015114402361260602,0.0017782873547979355,0.6437793604897765,0.0200968793658401
1263,0.10671351418295216,0.09690595555496456,0.0,0.8863636363636364,0.0,0.9907407407407407,0.9766923605968518,0.0,0.37070398281957195,0.5,0.3333333333333333,0.9783950617283951,0.3,0.007301920426342251,0.005309696931058555,0.882160039750046,0.012345674406088341,0.0021228193794185367,0.6910818876334499,0.052744507384871686
1264,0.1142630158496768,0.1044181034109008,0.0,0.8409090909090908,0.0,0.9814814814814815,0.8612664306819646,0.0,0.18340441849307265,0.5,0.3333333333333333,0.9876543209876543,0.0,0.006465854470068727,0.006853374723240936,0.8275404276148387,0.015838585009513687,0.0018419362441170885,0.8992949182194708,0.04255654416308781
1265,0.10237964465059435,0.0925941439718787,0.0,0.8409090909090908,0.0,0.9907407407407407,0.8871263629254338,0.0,0.2983119618396405,0.5,0.3333333333333333,0.9891975308641975,0.2,0.008364085868530517,0.015268191615698829,0.711364891078157,0.015114402361015676,0.0019066706072024392,0.771031430157926,0.01778903204782872
1266,0.10245851757311275,0.09267261146806433,0.0,0.8636363636363635,0.001367053998632946,0.9938271604938271,0.9438426446799737,0.3333333333333333,0.3404451676638417,0.5,0.3333333333333333,0.9814814814814815,0.2,0.00692563492608134,0.006274006840505251,0.7966191364773628,0.013567754162649713,0.0019542115547021965,0.46232141290190987,0.043322697109738906
1267,0.10857945415387249,0.09876257687027379,0.0,0.8636363636363635,0.002050580997949419,0.9845679012345679,0.9203494035799675,0.3333333333333333,0.2012957364197966,0.5,0.3333333333333333,0.9768518518518519,0.1,0.006465854470068727,0.004753768331248003,0.8347654744105498,0.015838585007200156,0.0022790592970512043,1.1409586882485838,0.04116732910820904
1268,0.1578389336740207,0.1478002813391932,0.0,0.8636363636363638,0.0,0.9768518518518519,0.9047379456467164,0.0,0.15785969151028933,0.5,0.3333333333333333,0.9783950617283951,0.0,0.008130253819308538,0.09942667882101544,0.8973715355377655,0.01583859309436115,0.0035537398739011873,1.0953102238911232,0.03883248098289199
1269,0.10238562118117467,0.09260008974665923,0.0,0.8636363636363635,0.001367053998632946,0.9969135802469136,0.9041185669828251,0.0,0.4712000949928101,0.5,0.3333333333333333,0.9830246913580247,0.3,0.006400373644683982,0.04585532953422168,0.7528719066074007,0.015616506382250886,0.002237793757688435,0.5297495996833547,0.02567535687100326
1270,0.10236610447511685,0.09258067324786284,0.0,0.8636363636363635,0.001367053998632946,0.9953703703703703,0.9012701116536864,0.0,0.46166139724693,0.5,0.3333333333333333,0.9953703703703703,0.4,0.007301920426342251,0.005595044171732706,0.6848889503409911,0.012345674392292637,0.0034350795516351475,0.507983631229433,0.052734256398161906
1271,0.1023848634286817,0.09259933594303532,0.0,0.8181818181818181,0.0,0.9814814814814815,0.8834218647312013,0.0,0.3733881750735295,0.5,0.3333333333333333,0.9783950617283951,0.0,0.008364085868530517,0.021584483624552127,0.7787372393767478,0.015114402361015676,0.0017782873547979355,0.5815453760591712,0.020339780658332373
1272,0.11085941072311145,0.10103097986878062,0.0,0.8863636363636364,0.0,0.9969135802469136,0.9158128496423046,0.0,0.361362202497976,0.5,0.3333333333333333,0.9922839506172839,0.3,0.00692563492608134,0.011530326156017465,0.8476314782326179,0.013567754162501723,0.001767148079804822,0.8608537603984979,0.0423196101142535
1273,0.10236566279847714,0.09258023383565595,0.0,0.8863636363636364,0.0,0.9861111111111112,0.8345755752645768,0.0,0.2883076256619481,0.5,0.3333333333333333,0.9969135802469136,0.1,0.008364085868530517,0.012124634886944288,0.6910464113553643,0.015114402999959097,0.0019115560669045128,0.49218598241262745,0.01922913688384043
1274,0.10257311043022876,0.09278661731549503,0.0,0.8636363636363635,0.001367053998632946,0.9984567901234568,0.9311665501541024,1.0,0.52533542181264,0.5,0.3333333333333333,0.9722222222222222,0.3,0.00692563492608134,0.004382831669592915,0.8065901673947214,0.013582546350021365,0.001602944967615901,0.6357614212453011,0.04392341965644549
1275,0.10240910219985722,0.0926234493102912,0.0,0.8863636363636364,0.0,0.9891975308641975,0.8522081805233823,0.0,0.05242044757345765,0.5,0.3333333333333333,0.9922839506172839,0.3,0.006400373644683982,0.03351761090073398,0.7418196783587133,0.015616506382250886,0.0019859041163752056,0.6463637794431268,0.021601926205580494
1276,0.10236593510953462,0.0925805047490349,0.0,0.8409090909090908,0.002734107997265892,0.9814814814814815,0.9134496815442131,0.0,0.1958676338628551,0.5,0.3333333333333333,0.9753086419753086,0.0,0.006400373644683982,0.027477754638644217,0.7044945530995851,0.015616506382250886,0.0016912819179279066,0.2826880971107087,0.022685340138768693
1277,0.10236559542153101,0.0925801668073975,0.0,0.8409090909090908,0.0,0.9830246913580247,0.8890781441189277,0.0,0.18307219881342318,0.5,0.3333333333333333,0.9722222222222222,0.0,0.006465854470068727,0.005856177606955337,0.6339409190451162,0.015838585007200156,0.0019308650845550276,0.2718237876108133,0.04217477791120769
1278,0.10262938668969057,0.09284259942612,0.0,0.8863636363636364,0.0,0.9783950617283951,0.8205211414512041,0.0,0.27223947370022894,0.5,0.3333333333333333,0.9953703703703703,0.0,0.006465854470068727,0.02911760430476008,0.7762724391563236,0.015838585007200156,0.003067517435581116,1.0068782007216601,0.042290834406344444
1279,0.10243039917312757,0.09264463747638951,0.0,0.8863636363636364,0.0,0.9907407407407407,0.8876082909039041,0.0,0.2190842830816354,0.5,0.3333333333333333,0.9891975308641975,0.1,0.006465854470068727,0.013595817784290089,0.7490559156415509,0.015838585007200156,0.001956884950768362,0.3824561092123805,0.04260390833509911
1280,0.10637671570875407,0.09657080837075271,0.0,0.8636363636363635,0.0,0.9876543209876543,0.8739189514899015,0.0,0.18646222067112872,0.8333333333333334,0.5555555555555556,0.9907407407407407,0.3,0.008364085868530517,0.01556243822172807,0.9015791069934161,0.01511443000155876,0.0029574179331459355,0.8674624936965484,0.017828948692089987
1281,0.10241365667113267,0.09262798113965559,0.0,0.9090909090909091,0.000683526999316473,0.9953703703703703,0.9041400801974444,0.0,0.47624569664298677,0.8333333333333334,0.5555555555555556,0.9783950617283951,0.2,0.006465854470068727,0.004582939707074573,0.7746711642005082,0.015838585007200156,0.0029043199309626852,0.736154299481832,0.04421552755737534
1282,0.1034052757888978,0.09361452596852515,0.0,0.7954545454545454,0.0,0.9938271604938271,0.8551298083206547,0.0,0.4087444631598801,0.5,0.3333333333333333,0.9922839506172839,0.2,0.006465854470068727,0.004640939246318455,0.8014631072654586,0.015838585007200156,0.0020321759915938784,0.8050369783403456,0.03862749854980988
1283,0.10480579199337348,0.09500791263026775,0.0,0.7954545454545454,0.0,0.9953703703703703,0.8428165434519767,0.0,0.4677099119051419,0.5,0.3333333333333333,0.9922839506172839,0.2,0.007301920426342251,0.005595044171732706,0.8518902678174706,0.012345716030379946,0.0026559836429468453,0.7955628532127779,0.04336253431847254
1284,0.10237121264797189,0.09258575520749612,0.0,0.8409090909090908,0.0,0.9845679012345679,0.879763647234257,0.0,0.4222181614727263,0.5,0.3333333333333333,0.9953703703703703,0.1,0.006465854470068727,0.006911374387887043,0.6820984806717052,0.015838585007200156,0.0022790592970512043,0.4921181332871671,0.04125883466420084
1285,0.10323813813097593,0.09344824007297609,0.0,0.8409090909090908,0.000683526999316473,0.9922839506172839,0.9577937302936262,0.25,0.2914789945881049,0.5,0.3333333333333333,0.9783950617283951,0.1,0.00692563492608134,0.008226722660243347,0.767816421634471,0.013567754162506112,0.0018468832912063437,0.6679949429979645,0.04104469215004647
1286,0.10264484788537553,0.0928579877817941,0.0,0.8181818181818181,0.001367053998632946,0.9969135802469136,0.8958427521895663,0.5,0.42665671252324244,0.5,0.3333333333333333,0.9984567901234568,0.4,0.00692563492608134,0.017591625694789666,0.774217703480213,0.013567754162501723,0.0019542115547021965,0.6818800327516525,0.04151001804673888
1287,0.1621762712254442,0.15212023587741386,0.0,0.8409090909090909,0.0,0.9984567901234568,0.9206590629053781,1.0,0.5620897367711212,0.5,0.3333333333333333,0.9969135802469136,0.1,0.011000765987995027,0.4109424253878422,0.9301440912642918,5.0564813443459,0.0028110086847400835,0.6629263811389242,3.362787420437906
1288,0.12840670312308566,0.11849468502192084,0.0,0.8409090909090908,0.000683526999316473,0.9876543209876543,0.8552695036659809,0.0,0.3018353262029998,0.5,0.3333333333333333,0.9876543209876543,0.2,0.007301920426342251,0.005564257594947152,0.8455457650333105,0.012345674392826881,0.0023505805393244272,1.1263818997144135,0.05006972617898595
1289,0.10424996145457599,0.09445487965503274,0.0,0.8636363636363635,0.0,0.9891975308641975,0.8450921160489592,0.0,0.3419273671883216,0.5,0.3333333333333333,0.9953703703703703,0.1,0.006465854470068727,0.005111973254010292,0.7322732143631765,0.015838585007200156,0.002413389946593881,0.6807662014024637,0.039527564050388146
1290,0.10236555499549838,0.09258012658923431,0.0,0.8863636363636364,0.0,0.9814814814814815,0.8624859622645401,0.0,0.23768233872600286,0.5,0.3333333333333333,0.9861111111111112,0.0,0.007301920426342251,0.005316896982085618,0.6659404427612472,0.012345674392292637,0.0020598785237586114,0.2798313103129834,0.05035926588205368
1291,0.10237524791492503,0.09258976967933952,0.0,0.8636363636363635,0.002734107997265892,0.9984567901234568,0.9499090315709728,0.3333333333333333,0.5637439301149535,0.5,0.3333333333333333,0.9922839506172839,0.5,0.007301920426342251,0.005316896982085618,0.7584517697087868,0.012345674392292637,0.0021228193794185367,0.3345617003269372,0.051326753320424745
1292,0.10237589205122999,0.09259041056263606,0.0,0.8636363636363635,0.0,0.9783950617283951,0.8779043083818389,0.0,0.13724200947009746,0.5,0.3333333333333333,0.9922839506172839,0.0,0.006400373644683982,0.023000775493711077,0.7583033665542784,0.015616506382250886,0.0018138427614254088,0.35421821070913334,0.02224738594280508
1293,0.10237550746914359,0.09259002796063137,0.0,0.8863636363636364,0.0,0.9768518518518519,0.8804224074183927,0.0,0.13953962915895557,0.5,0.3333333333333333,0.9922839506172839,0.0,0.006400373644683982,0.02317322440038324,0.7574046496185444,0.015616506382250886,0.0017535201530077399,0.35460485888959437,0.022309242959202096
1294,0.10918787751369963,0.0993678705888284,0.0,0.8636363636363635,0.001367053998632946,0.9984567901234568,0.9261062186150699,0.6666666666666666,0.5939588435316556,0.5,0.3333333333333333,0.9922839506172839,0.5,0.007301920426342251,0.005316902493330653,0.8441194253595145,0.012345674392292862,0.002191848859788402,0.6904152751961427,0.05025457337127508
1295,0.10282609377756347,0.09303830040380295,0.0,0.8636363636363635,0.0,0.9938271604938271,0.8630187925117614,0.0,0.45248622890238355,0.5,0.3333333333333333,0.9953703703703703,0.5,0.008364085868530517,0.008636401183969158,0.7874933002003118,0.015114402361016804,0.003186708881983384,0.600229414627226,0.019057313594645325
1296,0.10238413414582315,0.09259861044106804,0.0,0.8636363636363635,0.000683526999316473,0.9691358024691358,0.9252618226669569,0.0,0.13539376421520166,0.5,0.3333333333333333,0.9660493827160493,0.0,0.00692563492608134,0.01266879025217539,0.699344330710945,0.013567754162501723,0.0016481053259369384,0.7985403443843287,0.042669152927875285
1297,0.10239619592162952,0.09261061035724338,0.0,0.8409090909090908,0.0,0.9768518518518519,0.8622262092576289,0.0,0.36480164005055016,0.5,0.3333333333333333,0.9814814814814815,0.0,0.007301920426342251,0.0055950496814448905,0.7153751016414475,0.012345674392292637,0.0020598785237586114,0.8466215874398453,0.04906659515432338
1298,0.10564544373556906,0.09584313702362135,0.0,0.8409090909090908,0.0,0.9753086419753086,0.8812575759101998,0.0,0.009286530544286298,0.5,0.3333333333333333,0.9876543209876543,0.0,0.006400373644683982,0.019885186378119566,0.870858486437784,0.01561705125609886,0.0016912819179279066,0.39714742394397196,0.01754314479419595
1299,0.1068892408151545,0.09708057927564362,0.0,0.8409090909090908,0.0,0.9753086419753086,0.8825013981649238,0.0,0.009373578567966945,0.5,0.3333333333333333,0.9876543209876543,0.0,0.007301920426342251,0.005319436579043305,0.8639712313495298,0.012345675714070668,0.0020598785237586114,0.42407161063406323,0.03679395276671864
1300,0.10265131851559506,0.09286442344076618,0.0,0.8636363636363635,0.0,0.9845679012345679,0.8071589296459374,0.0,0.12686305929908026,0.5,0.3333333333333333,0.9845679012345679,0.1,0.007301920426342251,0.0055878516088754375,0.7324685571855782,0.012345674392292637,0.0028808781122870025,0.754390414635106,0.04489181811018807
1301,0.10275292743468234,0.09296551013032628,0.0,0.8636363636363635,0.0,0.9845679012345679,0.8702653333473311,0.25,0.28174982768401746,0.5,0.3333333333333333,0.9830246913580247,0.1,0.006400373644683982,0.020814615210525373,0.7685825274038628,0.015616506382250886,0.0021421789777242425,0.8449892887333791,0.01864606687010245
1302,0.10494276147425541,0.09514393740301164,0.0,0.8181818181818181,0.002050580997949419,0.9953703703703703,0.8674472012770406,0.0,0.411693901107012,0.5,0.3333333333333333,0.9969135802469136,0.3,0.007301920426342251,0.005363635121475188,0.8341536426667366,0.0123456744634015,0.004840925161623865,1.258310373341031,0.040285729337341813
1303,0.10279899783371782,0.09301132600661072,0.0,0.8181818181818181,0.000683526999316473,0.9953703703703703,0.7967287754724341,0.0,0.42908675310602673,0.5,0.3333333333333333,0.9984567901234568,0.5,0.007301920426342251,0.005404519688104458,0.7654296084897938,0.012345674392293312,0.0070056047800604836,0.6501168386371098,0.046125753089532366
1304,0.10236555379510093,0.09258012539498583,0.0,0.8636363636363635,0.0,0.9753086419753086,0.8171017283836786,0.0,0.37943619499310854,0.8333333333333334,0.5555555555555556,0.9861111111111112,0.0,0.007301920426342251,0.005492040297417602,0.677835021332325,0.012345674392292637,0.002777758223498802,0.5581720942938183,0.0507834744700315
1305,0.10236554730570824,0.0925801189390072,0.0,0.8863636363636364,0.0,0.9876543209876543,0.8749577719699844,0.0,0.20128505621991621,0.8333333333333334,0.5555555555555556,0.9552469135802469,0.1,0.006400373644683982,0.02662690112662897,0.6326446321693412,0.015616506382250886,0.002377515901843634,0.460720065949624,0.02269647351944895
1306,0.12770288287673404,0.11779433894038921,0.0,0.8409090909090908,0.0,0.9876543209876543,0.9006721587092841,0.0,0.3976353418255898,0.5,0.3333333333333333,0.9922839506172839,0.2,0.006400373644683982,0.04396703067085632,0.8952312423680132,0.015617000622895498,0.00234817810922404,0.6248779672668169,0.020652224354292533
1307,0.10245446865011743,0.09266858427034264,0.0,0.8409090909090908,0.002050580997949419,0.9984567901234568,0.8961619685863946,0.5,0.5018604037789851,0.5,0.3333333333333333,0.9953703703703703,0.3,0.008364085868530517,0.00849002751511437,0.7669342450943263,0.015114402361015676,0.0032847383946214607,0.6179238798963024,0.015407218579709756
1308,0.10240562245061036,0.09261998818058859,0.0,0.8863636363636364,0.000683526999316473,0.9891975308641975,0.8899165573336119,0.0,0.33948979474436347,0.5,0.3333333333333333,0.9891975308641975,0.1,0.007301920426342251,0.005316896982085618,0.8037895373952535,0.01234567439230399,0.0023505805393244272,0.33544341447077247,0.050243652545291326
1309,0.10405615681051528,0.09426205287823719,0.0,0.8863636363636364,0.000683526999316473,0.9953703703703703,0.9188732556105588,0.3333333333333333,0.2642572711691341,0.5,0.3333333333333333,0.9922839506172839,0.5,0.006465854470068727,0.004607055229028231,0.8762847324129504,0.015838585008036303,0.002159778457600554,0.37070357506785045,0.044055262035836366
1310,0.14700262537581066,0.13700880548827987,0.0,0.8636363636363636,0.0,0.970679012345679,0.8969912283016253,0.0,0.39455945338828047,0.5,0.3333333333333333,0.9830246913580247,0.0,0.008021021958170425,0.6003372951268885,0.8970463773791146,0.013567763205558036,0.0023337135151380384,1.0449263201915058,0.04330075300977697
1311,0.11463803752755952,0.1047912911750365,0.0,0.8636363636363635,0.010252904989747095,0.9969135802469136,0.9191941687153944,0.6666666666666666,0.496284999201689,0.5,0.3333333333333333,0.9938271604938271,0.3,0.006465854470068727,0.004484026892666996,0.909029773476052,0.015838585101771777,0.0039550998763994375,2.216350890390049,0.04011619304544181
1312,0.10243841726157099,0.09265261506932304,0.0,0.8409090909090908,0.0,0.9922839506172839,0.8671696000650888,0.0,0.32312744408365823,0.5,0.3333333333333333,0.9907407407407407,0.3,0.006400373644683982,0.027501978973757616,0.7861678232463585,0.015616506382250886,0.0016912819179279066,0.5639628693496856,0.023843279100266384
1313,0.10245831407072636,0.09267240981427544,0.0,0.8409090909090908,0.0,0.9768518518518519,0.8470754893414316,0.0,0.4098470282476967,0.5,0.3333333333333333,0.9891975308641975,0.0,0.006465854470068727,0.0062415831798051016,0.8127814300624195,0.015838585007200156,0.0019308650845550276,0.5544901115536119,0.04388735695665871
1314,0.10236896666016837,0.09258352072473797,0.0,0.8636363636363635,0.0,0.9938271604938271,0.9368444527634427,0.0,0.20659031751022527,0.5,0.3333333333333333,0.9799382716049383,0.1,0.007301920426342251,0.005316896982085618,0.7503123944842421,0.012345674392292637,0.0020648675313760575,0.31568953602725397,0.04959321409493876
1315,0.10269398991480116,0.09290687436769302,0.0,0.8409090909090908,0.0,0.9783950617283951,0.8970008918318939,0.0,0.08952099123776658,0.5,0.3333333333333333,0.9814814814814815,0.0,0.007301920426342251,0.005316896982085618,0.8486464556810287,0.012345674413834148,0.0020598785237586114,0.36023109545721393,0.04898428319621244
1316,0.10239987841739129,0.09261427396017485,0.0,0.8409090909090908,0.0,0.9891975308641975,0.833151528316768,0.0,0.36095535606733387,0.5,0.3333333333333333,0.9969135802469136,0.2,0.007301920426342251,0.005595044171732706,0.7806689039595992,0.012345674392310284,0.002591705572003296,0.6302910103913344,0.04993210499348374
1317,0.10863974847736535,0.09882257201247252,0.0,0.8181818181818181,0.000683526999316473,0.9969135802469136,0.8879900037848253,0.5,0.42814635054917705,0.5,0.3333333333333333,0.9953703703703703,0.6,0.008364085868530517,0.015266104510136365,0.9284248090658922,0.015696997181660854,0.002065850235692635,0.6873156223188875,0.018596262745423375
1318,0.1043586906155366,0.09456304115032255,0.0,0.8409090909090908,0.0,0.9722222222222222,0.8715539030826962,0.0,0.26930168069371085,0.5,0.3333333333333333,0.9783950617283951,0.0,0.00692563492608134,0.004965086628883903,0.8512668222099595,0.013567754163503433,0.0016979273914291772,0.4751149465490651,0.03898641707148246
1319,0.1030579700994082,0.09326897878153617,0.0,0.8409090909090908,0.003417634996582365,0.9722222222222222,0.8730934465515947,0.0,0.22234878607339736,0.5,0.3333333333333333,0.9845679012345679,0.0,0.00692563492608134,0.004363267035267411,0.8192599569331929,0.013567754163125527,0.0016481053259369384,0.4530683356818187,0.03618790886980857
1320,0.10250782698323246,0.09272166894825062,0.0,0.8181818181818181,0.0,0.9922839506172839,0.8270390659053153,0.0,0.37940258616044975,0.5,0.3333333333333333,0.9907407407407407,0.2,0.006465854470068727,0.005604817170033879,0.7516082225798791,0.015838585007200156,0.0019308650845550276,0.5551565693613473,0.03887923667174519
1321,0.10245895032880492,0.09267304286096845,0.0,0.8181818181818181,0.0,0.9876543209876543,0.8557715459652253,0.0,0.37275348742101055,0.5,0.3333333333333333,0.9953703703703703,0.2,0.006465854470068727,0.008307536720841816,0.7679224922396507,0.015838585007200156,0.0018419362441170885,0.5175245341738509,0.042831031198880876
1322,0.10266718774730044,0.09288020860928364,0.0,0.8409090909090908,0.000683526999316473,0.9907407407407407,0.8803533521764118,0.3333333333333333,0.19666726072061136,0.5,0.3333333333333333,0.9922839506172839,0.2,0.006400373644683982,0.023671179707911875,0.7650897831247474,0.015616506382250886,0.0018252760381625697,0.8115862678585811,0.021602591770608297
1323,0.106264326791908,0.09645901609231061,0.0,0.8636363636363635,0.0,0.9891975308641975,0.8366234308173817,0.0,0.2524823014110603,0.5,0.3333333333333333,0.9830246913580247,0.1,0.007301920426342251,0.0055950496814448905,0.8218031229941658,0.012345674394346999,0.002372385608878349,1.1196869349696144,0.045349292448176474
1324,0.11179453738695111,0.10196165773827875,0.0,0.8409090909090908,0.002050580997949419,0.9922839506172839,0.8581398660206421,0.0,0.43951576439828677,0.5,0.3333333333333333,0.9907407407407407,0.4,0.007301920426342251,0.005563487936684058,0.8119819269416625,0.012345674392294436,0.003585798102657576,1.2862466340903331,0.04997734103189052
1325,0.10371545910829294,0.09392311655386337,0.0,0.8409090909090908,0.0,0.9861111111111112,0.8553659033237087,0.0,0.3723258142932665,0.5,0.3333333333333333,0.9876543209876543,0.2,0.006465854470068727,0.007008552725189713,0.7222162726267509,0.015838585007200156,0.00204436679281379,0.7925375810992441,0.037292856157697604
1326,0.10237806131557747,0.09259256876291266,0.0,0.8181818181818181,0.0,0.9537037037037037,0.8796566091334814,0.0,0.18221657485781872,0.5,0.3333333333333333,0.9691358024691358,0.0,0.006400373644683982,0.03165828448449471,0.7110237882353806,0.015616506382250886,0.0016912819179279066,0.8273210374576898,0.022131387270811174
1327,0.10236846294622848,0.09258301962439647,0.0,0.8409090909090908,0.0,0.962962962962963,0.909642257657497,0.0,0.11840781346886264,0.5,0.3333333333333333,0.9645061728395061,0.0,0.006465854470068727,0.004755510620155638,0.6826955104674942,0.015838585007200156,0.0017638788587168856,0.7694147033889129,0.03998892287406704
1328,0.1025431354398092,0.09275679617704419,0.0,0.8409090909090908,0.000683526999316473,0.9845679012345679,0.907555693637377,0.0,0.26572391696805386,0.5,0.3333333333333333,0.9830246913580247,0.1,0.006400373644683982,0.02768042618722918,0.8083392381526076,0.015616506382252352,0.0017497832590898346,0.6006619460132069,0.024060225696635046
1329,0.10273135296818448,0.09294404918543481,0.0,0.8409090909090908,0.0,0.9861111111111112,0.8984949199730583,0.0,0.25125848487928293,0.5,0.3333333333333333,0.9845679012345679,0.1,0.007301920426342251,0.0063257414347197005,0.8269176894453927,0.012345674408186876,0.0020598785237586114,0.5895184337075405,0.0516050715141955
1330,0.10706143174768878,0.0972521267314872,0.0,0.8636363636363635,0.0,0.9845679012345679,0.8998096945793796,0.5,0.048587286821822784,0.5,0.3333333333333333,0.9814814814814815,0.1,0.007301920426342251,0.005594278832635679,0.8086732458867688,0.012345674404611836,0.002002490211464757,0.5667320407434696,0.04774025395334924
1331,0.1061583567252079,0.09635360887577843,0.0,0.8636363636363635,0.0,0.9845679012345679,0.9007919203483284,0.0,0.04883495756232836,0.5,0.3333333333333333,0.9799382716049383,0.1,0.00692563492608134,0.008174899398272959,0.7983952182067131,0.013567754184094786,0.0017012270271750671,0.6879254645043003,0.041026218453342395
1332,0.10236564371260126,0.0925802148502805,0.0,0.8636363636363635,0.0,0.970679012345679,0.8738079574926649,0.0,0.10644488586440215,0.5,0.3333333333333333,0.9799382716049383,0.0,0.007301920426342251,0.005404514177342292,0.6877363207597017,0.012345674392292637,0.002183500756083086,0.28512305652086384,0.049927061705883825
1333,0.10236633830586983,0.09258090587172896,0.0,0.8863636363636364,0.0,0.9969135802469136,0.9268079083211079,0.0,0.4682660280466784,0.5,0.3333333333333333,0.9861111111111112,0.3,0.006400373644683982,0.028186591853405562,0.7104543013268576,0.015616506382250886,0.002255767225717937,0.3119037765163987,0.02413710490858943
1334,0.11529517557442481,0.1054451355219323,0.0,0.8636363636363635,0.0,0.9768518518518519,0.8799729243810508,0.0,0.15011086584787203,0.5,0.3333333333333333,0.9876543209876543,0.0,0.006465854470068727,0.006159945941846761,0.8115424087482738,0.015838585007200156,0.00214758843296009,0.5736121560191606,0.04126334447909972
1335,0.11305208225043695,0.10321299229168568,0.0,0.8636363636363635,0.0,0.9768518518518519,0.8897008710055037,0.0,0.158475001547004,0.5,0.3333333333333333,0.9830246913580247,0.0,0.006400373644683982,0.025325599047875014,0.8361350568053559,0.015616506382874502,0.0016912819179279066,0.60826807509278,0.02246177378685787
1336,0.1023818274212912,0.09259631543408409,0.0,0.8409090909090908,0.000683526999316473,0.9861111111111112,0.8802967843918584,0.25,0.3472624066683143,0.5,0.3333333333333333,0.9799382716049383,0.1,0.00692563492608134,0.009325721904990923,0.7310483710439946,0.013567754162501723,0.001820264250075238,0.6000868583183955,0.04416845649396862
1337,0.10236559411759527,0.09258016551045162,0.0,0.8636363636363635,0.0,0.9891975308641975,0.9393548215241218,0.0,0.3427824821052716,0.5,0.3333333333333333,0.9830246913580247,0.2,0.006465854470068727,0.0044953797080812,0.6237102599786736,0.015838585007200156,0.0018945945577332943,0.46177893037045764,0.04419081762594502
1338,0.10281226754632311,0.0930245406169033,0.0,0.8863636363636364,0.0,0.9907407407407407,0.8684755129033245,0.0,0.43363993350156194,0.5,0.3333333333333333,0.9922839506172839,0.1,0.008364085868530517,0.013819450766783531,0.7604531982792494,0.015114402361015676,0.001946017569532971,0.8656792534729537,0.019174795652618353
1339,0.1055618420772978,0.09575997774053546,0.0,0.8863636363636364,0.001367053998632946,0.9907407407407407,0.8536933489262813,0.0,0.40846069314646394,0.5,0.3333333333333333,0.9969135802469136,0.5,0.006465854470068727,0.00471742122452258,0.7939630321285276,0.015838585007200156,0.0034662058682097116,1.0151140925569253,0.0417659501982041
1340,0.10237304933531499,0.09258758245367071,0.0,0.8863636363636364,0.0,0.9814814814814815,0.9032994609119095,0.0,0.34196805273519626,0.5,0.3333333333333333,0.9830246913580247,0.0,0.006465854470068727,0.004707669019178733,0.7235012052598208,0.015838585007200156,0.0018419362441170885,0.5098220243558822,0.04509796742446568
1341,0.10252100497110284,0.09273477860624973,0.0,0.8863636363636364,0.001367053998632946,0.9984567901234568,0.9807283240911613,0.3333333333333333,0.7651903931645413,0.5,0.3333333333333333,0.9922839506172839,0.3,0.007301920426342251,0.005316896982085618,0.8047399809490923,0.012345674392292637,0.003205399915375823,0.5976167828881583,0.05244962410011624
1342,0.1023749902663551,0.092589513335597,0.0,0.8863636363636364,0.0,0.9907407407407407,0.8875946403567456,0.0,0.312440352077341,0.5,0.3333333333333333,0.9938271604938271,0.4,0.008364085868530517,0.014981719003702392,0.7667232110761643,0.015114402361015902,0.0019066706072024392,0.5870841589283898,0.019802536873464564
1343,0.10237077845473397,0.09258532322684254,0.0,0.8863636363636364,0.001367053998632946,0.9969135802469136,0.9379827708221148,0.3333333333333333,0.4964651999685783,0.5,0.3333333333333333,0.9861111111111112,0.2,0.00692563492608134,0.004381177143748114,0.7247601064036566,0.013567754162501723,0.001827783528129851,0.6210719856398954,0.04475840098177735
1344,0.10236559605900719,0.09258016744187597,0.0,0.8636363636363635,0.0,0.9675925925925926,0.8499582627102498,0.0,0.1894543551943444,0.5,0.3333333333333333,0.9799382716049383,0.0,0.008364085868530517,0.008787921228705805,0.6804927835352453,0.015114402361064932,0.0016747508379144416,0.3508381609804425,0.019705092562698368
1345,0.10254271719734664,0.09275637907021472,0.0,0.8409090909090908,0.0,0.9691358024691358,0.8491556291140495,0.0,0.22754092159163886,0.5,0.3333333333333333,0.9768518518518519,0.0,0.008364085868530517,0.012543440658992742,0.8238864343397584,0.015114402806697298,0.0016747508379144416,0.41047636221885353,0.019427948885650945
1346,0.11368600912957949,0.10384305288658163,0.0,0.8409090909090908,0.0,0.9876543209876543,0.8416049045522285,0.0,0.29805862319747545,0.5,0.3333333333333333,0.9953703703703703,0.1,0.006465854470068727,0.0037571774997785523,0.8868515553758847,0.015838585007397998,0.0024410036190636447,1.2218259484723828,0.0382160431957829
1347,0.152165586764192,0.14214807503308557,0.0,0.9090909090909092,0.0,0.9969135802469136,0.908277140057066,0.0,0.4976349423713975,0.5,0.3333333333333333,0.9953703703703703,0.3,0.013431125771433532,0.3058495469986664,0.919915586565977,0.015840100800009384,0.009826556299399537,1.5998222436297942,0.04219668327668975
1348,0.1023656236322752,0.09258019487330643,0.0,0.8863636363636364,0.000683526999316473,0.9891975308641975,0.916227504975123,0.25,0.22678458383449807,0.5,0.3333333333333333,0.9722222222222222,0.1,0.007301920426342251,0.005316896982085618,0.7014798223960669,0.012345674392292637,0.002191848859788402,0.665381683686838,0.05326644998507698
1349,0.10236580059448108,0.09258037092681931,0.0,0.8863636363636364,0.002050580997949419,0.9984567901234568,0.9374841652137247,0.5,0.5145710622472435,0.5,0.3333333333333333,0.9228395061728395,0.2,0.008364085868530517,0.01497063850690245,0.6979566573116592,0.015114402361015676,0.0016747508379144416,0.5405110978354638,0.020712362874890592
1350,0.1024495561959684,0.09266369648799488,0.0,0.8636363636363635,0.0,0.9953703703703703,0.9803391321545127,0.0,0.18011797771228777,0.5,0.3333333333333333,0.9799382716049383,0.3,0.00692563492608134,0.004541208349938527,0.7690013712924528,0.013567754162501723,0.001767148079804822,0.6624429855701394,0.045174634147265566
1351,0.10602498692922979,0.09622090455881116,0.0,0.8863636363636364,0.0,0.9907407407407407,0.9716609825690579,0.0,0.22125931756667527,0.5,0.3333333333333333,0.9830246913580247,0.3,0.007301920426342251,0.005309696931058555,0.875417376617,0.012345674394009569,0.002191848859788402,0.7008778950488513,0.052875470084527997
1352,0.10360381221429149,0.09381204943155375,0.0,0.8181818181818181,0.0,0.9845679012345679,0.877663087848916,0.0,0.11400804533963693,0.5,0.3333333333333333,0.9861111111111112,0.1,0.008364085868530517,0.015394521748461577,0.7854382597164055,0.015114402364926144,0.002065850235692635,0.8270699552771311,0.016906489181724146
1353,0.10762597253342487,0.09781386689189475,0.0,0.8409090909090908,0.0,0.9861111111111112,0.8932956940681227,0.0,0.13230666648167577,0.5,0.3333333333333333,0.9861111111111112,0.2,0.006400373644683982,0.03205679052725507,0.8057155024167186,0.01561650639311963,0.0016912819179279066,0.8618625775153498,0.02209059542011022
1354,0.10236577340486208,0.09258034387626313,0.0,0.8409090909090908,0.0,0.9660493827160493,0.85780753204634,0.0,0.27391853869506444,0.5,0.3333333333333333,0.9675925925925926,0.0,0.006465854470068727,0.005842606294189935,0.6625428929432134,0.015838585007200156,0.002084825323055944,0.2806858470929598,0.042886409812426855
1355,0.1023656236849676,0.09258019492524444,0.0,0.8636363636363635,0.0,0.9845679012345679,0.8673984117300042,0.0,0.21291098533910602,0.5,0.3333333333333333,0.9907407407407407,0.1,0.00692563492608134,0.0048486593017899315,0.6572774051222338,0.013567754162501723,0.0018393641567675252,0.39070102626259656,0.04464536374676563
1356,0.10248417562730461,0.09269813890674816,0.0,0.8636363636363635,0.0,0.9768518518518519,0.9394178867011973,0.0,0.15930554865807722,0.5,0.3333333333333333,0.9691358024691358,0.0,0.006465854470068727,0.004107859622422912,0.755869139023842,0.015838585007200156,0.0017638788587168856,0.8705886607657466,0.04087029338553222
1357,0.10236581217074281,0.09258038244540151,0.0,0.8636363636363635,0.0,0.9799382716049383,0.9385908582178004,0.0,0.08973743838798764,0.5,0.3333333333333333,0.970679012345679,0.0,0.006465854470068727,0.0030140441937432003,0.6522947645853204,0.015838585007200156,0.0017638788587168856,0.7302926547921145,0.04051681848313598
1358,0.10236565372450612,0.09258022481111161,0.0,0.8636363636363635,0.000683526999316473,0.9876543209876543,0.8802623706049226,0.0,0.31516320536704756,0.5,0.3333333333333333,0.9876543209876543,0.2,0.00692563492608134,0.005723314397392431,0.6650091197699397,0.013567754162501723,0.001636306696665678,0.4144359485742387,0.04354333910603879
1359,0.10236601530769296,0.09258058453729162,0.0,0.8636363636363635,0.0,0.9876543209876543,0.8726064512911995,0.0,0.2908381255975385,0.5,0.3333333333333333,0.9891975308641975,0.1,0.006400373644683982,0.031846223312222796,0.698137345399895,0.015616506382250886,0.0016912819179279066,0.3470677731349389,0.023314649027861598
1360,0.10236724366532579,0.09258180659416537,0.0,0.8409090909090908,0.001367053998632946,0.9984567901234568,0.8880323445222452,1.0,0.5101728036449855,0.5,0.3333333333333333,0.9876543209876543,0.1,0.008364085868530517,0.014953690418240038,0.7382827079870501,0.015114402361015676,0.0017782873547979355,0.5702925185710208,0.020259377758284
1361,0.10236558602063273,0.09258015745521453,0.0,0.8409090909090908,0.0,0.9861111111111112,0.8261393502621037,0.0,0.4651674605710474,0.5,0.3333333333333333,0.9737654320987654,0.1,0.007301920426342251,0.005595044171732706,0.6807276677188993,0.012345674392292637,0.0022675545692209423,0.4617358525321176,0.05230208292119432
1362,0.10394162229761783,0.09414811032159215,0.0,0.8863636363636364,0.053998632946001365,0.9953703703703703,0.8818556023407422,0.0,0.2900204523701,0.5,0.3333333333333333,0.9953703703703703,0.5,0.008364085868530517,0.014253020849008738,0.7971142403241621,0.015114402361015676,0.004367445077362451,1.5503145525504933,0.02482932882326078
1363,0.10438132434933478,0.09458556628419951,0.0,0.8863636363636364,0.000683526999316473,0.9938271604938271,0.8863932042526856,0.3333333333333333,0.23857321792754183,0.5,0.3333333333333333,0.9876543209876543,0.4,0.006465854470068727,0.016281713346087585,0.7838852761379624,0.015838585007200156,0.002418730337539037,1.4487849857348898,0.04542946944412275
1364,0.1024361547183098,0.0926503641400851,0.0,0.8409090909090908,0.002050580997949419,0.9984567901234568,0.8835643261171724,1.0,0.5773201842274107,0.5,0.3333333333333333,0.9969135802469136,0.6,0.00692563492608134,0.005126173166407088,0.7662423140854965,0.013567754896489597,0.0019542115547021965,0.6188807533520025,0.04538423774208163
1365,0.10244565713489495,0.0926598175382985,0.0,0.8636363636363635,0.001367053998632946,0.9969135802469136,0.9458243096402298,0.3333333333333333,0.47057035491779364,0.5,0.3333333333333333,0.9922839506172839,0.4,0.006465854470068727,0.004542083380531194,0.800045334154676,0.015838585007200156,0.00214758843296009,0.4918038896596294,0.042479980353053746
1366,0.10962181874807875,0.09979928612915578,0.0,0.8863636363636364,0.0,0.9938271604938271,0.9120042061005061,0.0,0.1835379573882452,0.5,0.3333333333333333,0.9845679012345679,0.2,0.008364085868530517,0.008581721075552304,0.8660114955576333,0.015114402361030104,0.0017892293130862469,0.9085032408914019,0.016665883922259678
1367,0.10570347488081777,0.09590092461661331,0.0,0.8863636363636364,0.0,0.9891975308641975,0.8592130413309305,0.0,0.05446462095742133,0.5,0.3333333333333333,0.9922839506172839,0.3,0.006400373644683982,0.03351761090073398,0.8413011634527607,0.015616506452644771,0.0019859041163752056,0.7604989439356699,0.021233153261184502
1368,0.10236593381660752,0.09258050346384,0.0,0.8409090909090908,0.000683526999316473,0.9814814814814815,0.8804181352066429,0.0,0.07928043511674698,0.5,0.3333333333333333,0.9722222222222222,0.0,0.006400373644683982,0.02612142585306032,0.6979552634570867,0.015616506382250886,0.0017497832590898346,0.3134074110806643,0.022799101912647383
1369,0.10236555863088304,0.09258013020594691,0.0,0.8409090909090908,0.0,0.9845679012345679,0.8781781055109603,0.0,0.07777566548174963,0.5,0.3333333333333333,0.9737654320987654,0.1,0.00692563492608134,0.006685404157113969,0.6321467268413777,0.013567754162504312,0.001602944967615901,0.3868102160334932,0.04362772564202842
1370,0.10559848600112554,0.09579652171469999,0.0,0.8863636363636364,0.0,0.9691358024691358,0.8095614256579815,0.0,0.37277698748868215,0.5,0.3333333333333333,0.9891975308641975,0.0,0.006400373644683982,0.02797887633785007,0.8359197051568585,0.015616506392727077,0.0018138427614254088,0.8840366198948696,0.022357101367655983
1371,0.11038029302047492,0.10055389368653711,0.0,0.8863636363636364,0.002734107997265892,0.9969135802469136,0.9301413109492616,0.25,0.22193077211215428,0.5,0.3333333333333333,0.9845679012345679,0.2,0.006465854470068727,0.010095222029102341,0.8762759713732886,0.015838585008385402,0.0024882954233818645,1.4422304683710112,0.03914520773943718
1372,0.10396714320254519,0.09417349662246943,0.0,0.8636363636363635,0.000683526999316473,0.9922839506172839,0.8929478507792896,0.0,0.319457070523287,0.5,0.3333333333333333,0.9907407407407407,0.3,0.006465854470068727,0.004646049142606726,0.827331778277562,0.0158385850072164,0.0024410036190636447,0.41453530774078995,0.04257762309052829
1373,0.10253279440113261,0.09274650322051858,0.0,0.8636363636363635,0.0,0.9907407407407407,0.8717149980210606,0.0,0.43661514014761305,0.5,0.3333333333333333,0.9953703703703703,0.1,0.006465854470068727,0.0045751156921814695,0.7639857343705445,0.015838585007200156,0.0030409201260893333,0.40540331059764023,0.04230672346871943
1374,0.10286363578157076,0.0930756472561361,0.0,0.8636363636363635,0.000683526999316473,0.9830246913580247,0.8605443770235064,0.3333333333333333,0.12317710295699769,0.8333333333333334,0.5555555555555556,0.9814814814814815,0.0,0.008364085868530517,0.015532028589364895,0.8509407168410146,0.015114402361015676,0.0021241544644771417,0.7767833518266336,0.019288968616935295
1375,0.10303321305394397,0.09324435557208549,0.0,0.8863636363636364,0.0,0.9799382716049383,0.8558238925500034,0.0,0.11829025442401497,0.8333333333333334,0.5555555555555556,0.9783950617283951,0.0,0.006465854470068727,0.004351646286884578,0.8354828031450922,0.015838585007200156,0.0020794589183790054,0.7447344051648308,0.0430960674126974
1376,0.10301441046379523,0.09322564880849821,0.0,0.8636363636363635,0.0,0.9737654320987654,0.8451087097272838,0.0,0.1103743271031471,0.8333333333333334,0.5555555555555556,0.9799382716049383,0.0,0.006400373644683982,0.028115105390639984,0.8487945853809485,0.015616506401867737,0.0018105753020271928,0.7288934372799319,0.023606493043651502
1377,0.10258968903151733,0.09280310941926634,0.0,0.8636363636363635,0.0,0.9814814814814815,0.8845785494935424,0.0,0.3461807176224252,0.5,0.3333333333333333,0.9645061728395061,0.0,0.006400373644683982,0.027798643785732373,0.8263764375013497,0.01561650638225675,0.0016378573119200665,0.6770513870626185,0.024432333088164917
1378,0.10346165833069265,0.09367061319089631,0.0,0.8636363636363635,0.0,0.9938271604938271,0.8810450306486676,0.0,0.4404382458159781,0.5,0.3333333333333333,0.9907407407407407,0.2,0.00692563492608134,0.004730095878899531,0.8483605624012243,0.013567754162532784,0.0018804196016164198,0.6720139437242812,0.04438978176801868
1379,0.10238842451964159,0.09260287878466889,0.0,0.8181818181818181,0.000683526999316473,0.9938271604938271,0.8612782889546566,0.0,0.4411674422533759,0.5,0.3333333333333333,0.9861111111111112,0.3,0.008364085868530517,0.0141052745223611,0.7796428805647817,0.015114402361015902,0.002065850235692635,0.6659320921151696,0.018314458300432632
1380,0.10242761991991989,0.0926418731812878,0.0,0.7954545454545454,0.0,0.9845679012345679,0.758734998071585,0.0,0.17456059366442367,0.5,0.3333333333333333,0.9922839506172839,0.1,0.007301920426342251,0.005595044171732706,0.7538416506660971,0.012345674524883965,0.002441632590308032,0.9821287386732006,0.03617719277498984
1381,0.12784300653577652,0.11793381324570079,0.0,0.7954545454545455,0.0,0.9814814814814815,0.8053053647027804,0.0,0.326140973058197,0.5,0.3333333333333333,0.9907407407407407,0.0,0.007614004266368877,3.7537419455167464,0.8924912086506109,0.013567837342102427,0.0018804196016164198,0.958904230872484,0.036211215839714685
1382,0.10269070186061469,0.09290360647446672,0.0,0.8409090909090908,0.0,0.9660493827160493,0.8770706921506956,0.0,0.12448020594681686,0.5,0.3333333333333333,0.9861111111111112,0.0,0.00692563492608134,0.012490066905286546,0.7527557816647436,0.013567754162501723,0.0022387099910896346,0.8829248086385905,0.04432132375448807
1383,0.10270412528863526,0.09291696030390101,0.0,0.8409090909090908,0.0,0.9922839506172839,0.897507274709439,0.0,0.2817263610510049,0.5,0.3333333333333333,0.9938271604938271,0.1,0.00692563492608134,0.011886506129591221,0.7391291901505262,0.013567754162501723,0.0026170548640775324,0.9398540667105038,0.043042866771716926
1384,0.1049046376194892,0.09510623280389419,0.0,0.8409090909090908,0.001367053998632946,0.9953703703703703,0.8914407462548459,0.5,0.4465098410974714,0.5,0.3333333333333333,0.9922839506172839,0.2,0.008364085868530517,0.010007298040332948,0.8099966571149029,0.01511440236494091,0.002518784631738866,0.5686665815303645,0.018362554463173097
1385,0.10943875796368696,0.09961754233835096,0.0,0.8636363636363635,0.0,0.9783950617283951,0.889032946815092,0.0,0.27322993335567314,0.5,0.3333333333333333,0.9891975308641975,0.0,0.00692563492608134,0.00827742651661483,0.8310021425466013,0.013567754162579375,0.002116108889390731,0.7291670693449964,0.04074502227427168
1386,0.10237389019937981,0.09258841904085174,0.0,0.8181818181818181,0.0,0.9938271604938271,0.8845622007622312,0.0,0.2103564574341764,0.5,0.3333333333333333,0.9953703703703703,0.2,0.006400373644683982,0.0356653271519893,0.7021969782686746,0.015616506382250886,0.0016967424408651003,0.5270135672751967,0.020965774879363894
1387,0.10248089954228723,0.09269487965723139,0.0,0.8181818181818181,0.000683526999316473,0.9876543209876543,0.8485863564287628,0.0,0.35871845876803876,0.5,0.3333333333333333,0.9969135802469136,0.2,0.008364085868530517,0.007642801081789889,0.7765381547581469,0.015114402361015676,0.002065850235692635,0.6075077594350007,0.015450072094936268
1388,0.10240744880536412,0.09262180553609184,0.0,0.8181818181818181,0.001367053998632946,0.9938271604938271,0.8720527032316876,0.0,0.19032828541533442,0.5,0.3333333333333333,0.9953703703703703,0.3,0.00692563492608134,0.018578881175905563,0.7156367207103206,0.013567754162501723,0.0019542115547021965,0.6594311182772983,0.040474950626095414
1389,0.10243487596322431,0.092649092035054,0.0,0.8181818181818181,0.003417634996582365,0.9891975308641975,0.914333011067297,0.3333333333333333,0.4683298413871767,0.5,0.3333333333333333,0.9830246913580247,0.1,0.006465854470068727,0.004734307918276556,0.7463218231149967,0.015838585007200156,0.0020321759915938784,0.525190361287715,0.039961534016788466
1390,0.12175165264503396,0.11187067063071354,0.0,0.8409090909090908,0.001367053998632946,0.9938271604938271,0.8702007870540325,0.0,0.3331094077844835,0.5,0.3333333333333333,0.9922839506172839,0.2,0.006400373644683982,0.032776346271955886,0.84130264033124,0.015616506396810354,0.0021424369091061274,1.0627834642884888,0.023650154095854865
1391,0.11173522899844301,0.10190265309874352,0.0,0.8409090909090908,0.0,0.9876543209876543,0.8326875340107456,0.0,0.32474743896058633,0.5,0.3333333333333333,0.9876543209876543,0.2,0.00692563492608134,0.02512200653755697,0.794252186863638,0.013567754162502398,0.001947785057580928,1.0152744856167093,0.042158936506890426
1392,0.10465805596661415,0.0948609051951429,0.0,0.8409090909090908,0.0,0.9753086419753086,0.7684635834752324,0.0,0.25999364936705316,0.5,0.3333333333333333,0.9907407407407407,0.0,0.006400373644683982,0.024003285450174053,0.7935206136750338,0.015616506382250999,0.002475225853037521,1.507438173693199,0.019264144781403536
1393,0.11436501466413629,0.10451952387425467,0.0,0.8636363636363635,0.0,0.9922839506172839,0.8747132800591719,0.0,0.350035921638565,0.5,0.3333333333333333,0.9953703703703703,0.3,0.00692563492608134,0.010922424450676144,0.8222063808257991,0.013567754162501723,0.0022244576874788273,1.1581979675593692,0.04155396430456576
1394,0.10237885916618206,0.09259336226046322,0.0,0.8181818181818181,0.0,0.9861111111111112,0.9118833243117823,0.0,0.2498533145356291,0.5,0.3333333333333333,0.9737654320987654,0.1,0.00692563492608134,0.004959838426823574,0.7322690225647038,0.013567754162502737,0.0016979273914291772,0.4027799671353996,0.041546621818780355
1395,0.10237792512643629,0.09259243307671639,0.0,0.8181818181818181,0.001367053998632946,0.9938271604938271,0.9163824358432533,0.0,0.26512578696798106,0.5,0.3333333333333333,0.9814814814814815,0.1,0.006465854470068727,0.004648251931493612,0.71432472142562,0.015838585007200156,0.0018419362441170885,0.3283309857036796,0.042753194013616984
1396,0.10263698359447604,0.09285016131177959,0.0,0.8636363636363635,0.0,0.9845679012345679,0.8451599424239863,0.0,0.210985368273908,0.5,0.3333333333333333,0.9845679012345679,0.1,0.00692563492608134,0.007358453534720853,0.740607781202985,0.013567754162501723,0.0019275703239807992,0.8109243469562739,0.03486986230294034
1397,0.10271250374759844,0.09292529436482416,0.0,0.8636363636363635,0.001367053998632946,0.9876543209876543,0.8341210320726826,0.5,0.14162964939083966,0.5,0.3333333333333333,0.9891975308641975,0.1,0.006400373644683982,0.023160870388181327,0.7484313594608847,0.015616506382250886,0.002243257552178457,0.746335726293357,0.020267644287365227
1398,0.11141545509456718,0.10158439545596393,0.0,0.8636363636363635,0.000683526999316473,0.9953703703703703,0.8356931371035164,0.0,0.37013870337703336,0.5,0.3333333333333333,0.9984567901234568,0.3,0.008364085868530517,0.00991659390813799,0.8650623616373073,0.015114407467917465,0.002391113657086192,0.736767984140073,0.018604796372497522
1399,0.1222138283272195,0.11233062537768701,0.0,0.8636363636363635,0.000683526999316473,0.9969135802469136,0.8882101392574149,0.5,0.4686314646512513,0.5,0.3333333333333333,0.9969135802469136,0.3,0.006465854470068727,0.00697147324295435,0.8410859813991557,0.01583858500721155,0.002515840418606558,0.7575441951434907,0.04215027140899119
1400,0.1024585155667912,0.09267260901492319,0.0,0.8409090909090908,0.0,0.9907407407407407,0.8529044604573053,0.0,0.1729408292548391,0.5,0.3333333333333333,0.9907407407407407,0.2,0.007301920426342251,0.005316902493330653,0.7259167244853161,0.012345674392292637,0.002272547230473216,0.6080606747277825,0.048835527563946844
1401,0.11334785587158891,0.103507326900033,0.0,0.8636363636363635,0.0,0.9845679012345679,0.8033718124132192,0.0,0.4527277722364693,0.5,0.3333333333333333,0.9984567901234568,0.1,0.006400373644683982,0.02282712954532637,0.8521733894591426,0.01561650692572998,0.0017497832590898346,0.8105977226418498,0.021240082677471038
1402,0.10237517608499147,0.09258969832903124,0.0,0.8409090909090908,0.0,0.9722222222222222,0.9290053230177131,0.0,0.14031389438648556,0.5,0.3333333333333333,0.9660493827160493,0.0,0.006400373644683982,0.035378429525607935,0.7076295411173537,0.015616506382250886,0.0015890695760642632,0.7854466773758554,0.022690261108152716
1403,0.10238600440510648,0.09260047110661573,0.0,0.8409090909090908,0.002050580997949419,0.9922839506172839,0.9034849006833688,0.0,0.20392033299699597,0.5,0.3333333333333333,0.9861111111111112,0.2,0.008364085868530517,0.014528880798225539,0.7210876501851006,0.015114402361015676,0.002004791223292581,0.8015744131325967,0.018261718420002647
1404,0.10237379924882051,0.09258832849079418,0.0,0.8636363636363635,0.0,0.9969135802469136,0.9342947704442032,0.25,0.4806212731120526,0.5,0.3333333333333333,0.962962962962963,0.4,0.00692563492608134,0.003564304886108806,0.7413316278852796,0.013567754162681899,0.001636306696665678,0.4123765126006729,0.0446267831423396
1405,0.1025418183471064,0.09275548388131055,0.0,0.8863636363636364,0.0,0.9845679012345679,0.8735777705134753,0.0,0.3259609921182639,0.5,0.3333333333333333,0.9861111111111112,0.1,0.00692563492608134,0.003564732925920198,0.8036599888831851,0.013567754193107575,0.0017312863734180624,0.4535766058631194,0.04406665651555737
1406,0.11249624842418471,0.10265935861120107,0.0,0.8409090909090908,0.0,0.9753086419753086,0.8811741365201996,0.0,0.007487555058003803,0.5,0.3333333333333333,0.9876543209876543,0.0,0.008364085868530517,0.009620136435995364,0.9140198790808632,0.015115088713578207,0.0016747508379144416,0.4546534284557949,0.01447592003752474
1407,0.10700434128504,0.09719511620173577,0.0,0.8409090909090908,0.0,0.9753086419753086,0.8785382611487886,0.0,0.011856501104220207,0.5,0.3333333333333333,0.9876543209876543,0.0,0.00692563492608134,0.004292065616348516,0.8610595930968925,0.013567754206760907,0.0016979273914291772,0.4682601208396293,0.03288652704285035
1408,0.10250526702535334,0.09271912111255487,0.0,0.8409090909090908,0.000683526999316473,0.9814814814814815,0.8129193479072108,0.3333333333333333,0.132052486687793,0.5,0.3333333333333333,0.9845679012345679,0.0,0.007301920426342251,0.0055570593007299145,0.7270884242630298,0.012345674392293088,0.0029352194184045447,0.873482683423807,0.043929530207599564
1409,0.10246135454517702,0.09267543416273827,0.0,0.8409090909090908,0.0,0.9814814814814815,0.8053747692160834,0.0,0.12942475016275057,0.5,0.3333333333333333,0.9861111111111112,0.0,0.00692563492608134,0.014023517943130706,0.7134697079579084,0.013567754162501723,0.002068962936367744,0.7366190992961315,0.03824671139830638
1410,0.1334468674583834,0.1235104120721972,0.0,0.8636363636363635,0.0,0.9938271604938271,0.8803384630239653,0.0,0.419700567679137,0.5,0.3333333333333333,0.9891975308641975,0.3,0.006465854470068727,0.019714712546870607,0.9008777869191779,0.015839142599500908,0.008108125447856636,1.2983157978914448,0.04096266368987454
1411,0.1674868229695401,0.15740272569551106,0.0,0.9090909090909092,0.000683526999316473,0.9891975308641975,0.8855029307485721,0.0,0.37805326321183497,0.8333333333333334,0.5555555555555556,0.9922839506172839,0.2,0.016457974174554763,0.624273363246074,0.9268235390779336,0.013567998109153184,0.02347902137270198,0.9386701204183182,0.03299455860962801
1412,0.10236593431286445,0.09258050395575829,0.0,0.8636363636363635,0.001367053998632946,0.9938271604938271,0.8990529311709659,0.0,0.4724342786814477,0.8333333333333334,0.5555555555555556,0.9814814814814815,0.2,0.007301920426342251,0.0055434598294109875,0.7177848303598366,0.012345674392292637,0.003505765546304992,0.6877835737084065,0.0527621408150268
1413,0.10237896120349566,0.09259346396026291,0.0,0.8863636363636364,0.0,0.9861111111111112,0.8730831389071635,0.0,0.46505232061086643,0.5,0.3333333333333333,0.9969135802469136,0.1,0.006465854470068727,0.004613311575305267,0.7657755354654503,0.015838585007200156,0.00220218960659869,0.7183941976453702,0.04249801888842455
1414,0.10274268924838814,0.09295532798827821,0.0,0.8409090909090908,0.0,0.9552469135802469,0.8946541365137862,0.0,0.1375004807054644,0.5,0.3333333333333333,0.9645061728395061,0.0,0.007301920426342251,0.005316902493330653,0.7842021070770583,0.012345674392292637,0.0020598785237586114,0.7865291602636204,0.04761107506489525
1415,0.10258433328685401,0.09279778319456955,0.0,0.8636363636363635,0.0,0.9614197530864198,0.9127399846257146,0.0,0.0603597350423446,0.5,0.3333333333333333,0.9614197530864198,0.0,0.007301920426342251,0.005316902493330653,0.7753402818746221,0.012345674392292637,0.002002490211464757,0.7846804488940734,0.04838442058974427
1416,0.10236646335492794,0.09258103027111181,0.0,0.8863636363636364,0.0,0.9922839506172839,0.8587574286027927,0.0,0.33963221372074814,0.5,0.3333333333333333,0.9969135802469136,0.2,0.006400373644683982,0.022310882759462015,0.7281262574369144,0.015616506382250886,0.0017580480793482408,0.31939884607317537,0.022810789157957423
1417,0.10240550175494201,0.09261986725969445,0.0,0.8863636363636364,0.0,0.9814814814814815,0.8130780044092645,0.0,0.27069352003750236,0.5,0.3333333333333333,0.9953703703703703,0.0,0.007301920426342251,0.005316896982085618,0.8121387346129879,0.01234576347000266,0.0020648675313760575,0.33979958086744516,0.04751127624056946
1418,0.10237654678565822,0.0925910619989887,0.0,0.8409090909090908,0.0,0.9845679012345679,0.8701412282964263,0.0,0.06791868905011822,0.5,0.3333333333333333,0.9922839506172839,0.1,0.00692563492608134,0.011301607649090151,0.6772770997981661,0.013567754162501723,0.001636306696665678,0.8606657084473852,0.04324562882059558
1419,0.10238110904025277,0.09259560085285562,0.0,0.8409090909090908,0.0,0.9953703703703703,0.9066786662317642,0.0,0.454383006024631,0.5,0.3333333333333333,0.9922839506172839,0.1,0.006400373644683982,0.03167875562882437,0.7250698927195413,0.015616506382250886,0.0016912819179279066,0.9446215948269364,0.02389884656573763
1420,0.10245012798181197,0.0926642656619121,0.0,0.8409090909090908,0.000683526999316473,0.9922839506172839,0.871103682347476,0.0,0.3227838926344617,0.5,0.3333333333333333,0.9922839506172839,0.2,0.006400373644683982,0.025808810912174702,0.7935645361567082,0.015616506382251111,0.0016912819179279066,0.6045643195409789,0.02334458793663777
1421,0.1025199146823712,0.09273369445664242,0.0,0.8409090909090908,0.001367053998632946,0.9938271604938271,0.9028698244436084,0.0,0.4425531008482879,0.5,0.3333333333333333,0.9891975308641975,0.2,0.006465854470068727,0.00664252381829899,0.7885492826378288,0.015838585007200156,0.0020321759915938784,0.5259226027946339,0.04481007631922773
1422,0.10236566996823793,0.09258024097092349,0.0,0.8409090909090908,0.0,0.9799382716049383,0.895681984582777,0.0,0.08828301013524442,0.5,0.3333333333333333,0.9768518518518519,0.0,0.00692563492608134,0.005750634446813296,0.671431762399617,0.013567754162502173,0.0018468832912063437,0.37568037214707567,0.043945015742035666
1423,0.1023657137262528,0.09258028450410039,0.0,0.8409090909090908,0.0,0.9737654320987654,0.8865497103075787,0.0,0.08239459193903786,0.5,0.3333333333333333,0.9768518518518519,0.0,0.006400373644683982,0.02749655255855126,0.6922631502107314,0.015616506382250886,0.0015890695760642632,0.2850009679055397,0.022743873303956646
1424,0.10400653996894782,0.09421272412778925,0.0,0.7727272727272727,0.0,0.9830246913580247,0.7868883445204252,0.0,0.19551434024625103,0.5,0.3333333333333333,0.9922839506172839,0.0,0.007301920426342251,0.005595044171732706,0.8322372890935011,0.012345725932291593,0.002441632590308032,1.0750543729209106,0.038523270854229796
1425,0.11088421549637173,0.10105588417908162,0.0,0.7954545454545454,0.0,0.9799382716049383,0.7748188755469405,0.0,0.28029597167342724,0.5,0.3333333333333333,0.9922839506172839,0.0,0.008364085868530517,0.013505916766716175,0.861364138984493,0.015115937612793678,0.0016796338393213373,0.9702645121229031,0.012034110623704
1426,0.10553176415075127,0.09573008608576161,0.0,0.8409090909090908,0.0,0.9876543209876543,0.9175893461075577,0.0,0.3280562226425311,0.5,0.3333333333333333,0.9768518518518519,0.3,0.006400373644683982,0.024449077912082683,0.8776787962186248,0.015617843405900597,0.0015945297311511326,0.3984404391734663,0.021315875177139083
1427,0.10598843192222163,0.09618437964658938,0.0,0.8409090909090908,0.0,0.9753086419753086,0.8793676841475341,0.0,0.0038491296474614245,0.5,0.3333333333333333,0.9876543209876543,0.0,0.006400373644683982,0.019885186378119566,0.8744798101620211,0.015617743918331544,0.0015890695760642632,0.3981816051658287,0.017535264048913146
1428,0.10236739605228229,0.09258195813406322,0.0,0.8181818181818181,0.0,0.9953703703703703,0.9222639474208385,0.0,0.1596773780288966,0.5,0.3333333333333333,0.9845679012345679,0.1,0.006400373644683982,0.0198579274331424,0.7140172016072507,0.015616506382250886,0.0018138427614254088,0.3072066198982244,0.02087817877920369
1429,0.10242173174813196,0.09263601418065037,0.0,0.8181818181818181,0.0,0.9814814814814815,0.8967424480136573,0.0,0.2376362819386888,0.5,0.3333333333333333,0.9722222222222222,0.0,0.00692563492608134,0.0059175632521860245,0.7609052599397499,0.013567754162502398,0.0018804196016164198,0.426643833474172,0.041193259032581656
1430,0.10316750270503816,0.09337796783383873,0.0,0.8181818181818181,0.0,0.9907407407407407,0.8604441525213229,0.0,0.3627038231391898,0.5,0.3333333333333333,0.9876543209876543,0.3,0.007301920426342251,0.005595044171732706,0.8248565132005651,0.012345675136630619,0.002272547230473216,0.6082985201582264,0.04638030535322216
1431,0.10436408989507473,0.09456845457339669,0.0,0.8181818181818181,0.001367053998632946,0.9969135802469136,0.895328021906687,0.3333333333333333,0.4380682905244965,0.5,0.3333333333333333,0.9922839506172839,0.5,0.008364085868530517,0.015288402305259761,0.8808028402861448,0.015129517265150572,0.0016747508379144416,0.6704922691014609,0.017143653280424952
1432,0.10249510789667649,0.09270901289175904,0.0,0.8409090909090908,0.0,0.9861111111111112,0.8217981054253761,0.0,0.18628909282298067,0.5,0.3333333333333333,0.9891975308641975,0.2,0.006465854470068727,0.005098099821276336,0.7166023661207384,0.015838585007200156,0.0022790592970512043,0.7539649553947674,0.0417152743933009
1433,0.10387221458871954,0.09407904491102281,0.0,0.8409090909090908,0.000683526999316473,0.9969135802469136,0.8238195684953341,0.0,0.4799290866907454,0.5,0.3333333333333333,0.9969135802469136,0.4,0.006400373644683982,0.020910310342968974,0.774110244724912,0.015616506382251224,0.002734917378639608,0.5379347289714423,0.022051485531545238
1434,0.10276206692748968,0.09297460024859883,0.0,0.8409090909090908,0.000683526999316473,0.9891975308641975,0.8350591159416302,0.0,0.3658544751835272,0.5,0.3333333333333333,0.9938271604938271,0.1,0.006400373644683982,0.023251268333970565,0.7704779068604465,0.015616506382251111,0.0020275516466454436,0.6930041613701581,0.02324987064579648
1435,0.10292526755520048,0.09313696113493652,0.0,0.8409090909090908,0.0,0.9845679012345679,0.8074609271200632,0.0,0.17377442670984,0.5,0.3333333333333333,0.9891975308641975,0.1,0.00692563492608134,0.008660566491858165,0.7559226140316371,0.013567754162526594,0.0022543768648655266,0.6532715833766467,0.04232050780746625
1436,0.48514581337839535,0.4745018340191936,0.9964912280701754,0.8636363636363636,0.0,0.9814814814814815,0.7875361528413015,0.0,0.34509825529176363,0.3333333333333333,0.4444444444444444,0.9922839506172839,0.0,4.888382856508769,14.40362259291062,0.8963812974103453,0.013663527824066275,0.7576908830665662,0.9977142993564785,0.039839894471627744
1437,0.26729044139298463,0.2569005085842391,0.0,0.8863636363636365,0.000683526999316473,0.9938271604938271,0.8482153785023354,0.5,0.42745403725208153,0.5,0.3333333333333333,0.9953703703703703,0.5,0.006400373644683982,0.23134001471075855,0.9169353957387383,0.015771404321181095,0.007033903247677153,1.6532194026684022,0.02252643154153241
1438,0.10237210752484516,0.0925866455084528,0.0,0.8409090909090908,0.0,0.9845679012345679,0.8724355618056492,0.0,0.06852517698814908,0.5,0.3333333333333333,0.9922839506172839,0.1,0.008364085868530517,0.014414857549269916,0.7032626103338436,0.015114402361015676,0.0017782873547979355,0.8391886479154793,0.017623779923211468
1439,0.10237456059588912,0.0925890859985119,0.0,0.8181818181818181,0.0,0.9799382716049383,0.863033410134172,0.0,0.21860358701416038,0.5,0.3333333333333333,0.9830246913580247,0.0,0.006465854470068727,0.0066583359047662875,0.6583266621907979,0.015838585007200156,0.0018419362441170885,0.641338196266285,0.04011533698583769
1440,0.10236570494953134,0.092580275774228,0.0,0.8409090909090908,0.0,0.9768518518518519,0.9316115485488429,0.0,0.03992591682768476,0.5,0.3333333333333333,0.9737654320987654,0.0,0.008364085868530517,0.014489451869311346,0.6604403140297324,0.015114402361015676,0.0017782873547979355,0.7144540721429287,0.01814445957414489
1441,0.10236556227281013,0.09258013382934516,0.0,0.8636363636363635,0.0,0.9722222222222222,0.9278198758623047,0.0,0.13563122937289318,0.5,0.3333333333333333,0.970679012345679,0.0,0.006400373644683982,0.035378429525607935,0.6256624942033873,0.015616506382250886,0.0015890695760642632,0.7058793996740526,0.022600309247054685
1442,0.10237630714207346,0.09259082355290454,0.0,0.8863636363636364,0.000683526999316473,0.9845679012345679,0.9270151258729183,0.0,0.3661774614253752,0.5,0.3333333333333333,0.9953703703703703,0.1,0.00692563492608134,0.004543929267246869,0.7344515476568524,0.013567754162501723,0.0018666413668463804,0.6280150445738961,0.044017468773015114
1443,0.10243568180430929,0.09264989354201186,0.0,0.8636363636363635,0.000683526999316473,0.9953703703703703,0.9447081172999814,0.3333333333333333,0.40741571030194046,0.5,0.3333333333333333,0.9799382716049383,0.1,0.00692563492608134,0.004499912876268898,0.7755029642667378,0.013567754162501723,0.0018135276068046277,0.6651193579522935,0.04404660570858892
1444,0.10988150749495429,0.10005809348096073,0.0,0.8636363636363635,0.0,0.9814814814814815,0.9383688289884208,0.0,0.09556766430574282,0.5,0.3333333333333333,0.9783950617283951,0.0,0.006465854470068727,0.006656165810412321,0.8069737342623421,0.015838585007200156,0.0020321759915938784,0.5931876272475125,0.03940841436376573
1445,0.10239414102374789,0.09260856585204102,0.0,0.8636363636363635,0.0,0.9814814814814815,0.9073353195022572,0.0,0.07729152425145125,0.5,0.3333333333333333,0.9814814814814815,0.0,0.007301920426342251,0.005594278832635679,0.7074115459281951,0.012345674392292637,0.002002490211464757,0.49128612292608503,0.04709827516389886
1446,0.10239088365317783,0.09260532503893398,0.0,0.8863636363636364,0.0,0.9876543209876543,0.8927733472736548,0.0,0.07264319205523462,0.5,0.3333333333333333,0.9922839506172839,0.2,0.006400373644683982,0.023995532526265444,0.7871148361317204,0.015616506382250886,0.0016912819179279066,0.3469580841181232,0.022944802728478392
1447,0.10237202253384381,0.09258656090331824,0.0,0.8863636363636364,0.000683526999316473,0.9876543209876543,0.8775749838610407,0.0,0.40779199928401755,0.5,0.3333333333333333,0.9861111111111112,0.1,0.007301920426342251,0.005316896982085618,0.7483787085949607,0.012345674392292637,0.002002490211464757,0.33834177612765376,0.050858977344027265
1448,0.10276253388874512,0.09297506222535779,0.0,0.8409090909090908,0.000683526999316473,0.9861111111111112,0.9011661179652976,0.0,0.058556976256249005,0.5,0.3333333333333333,0.9753086419753086,0.1,0.006400373644683982,0.024455309644623745,0.8239959861205398,0.015616506383964534,0.0016378573119200665,0.38258766864204274,0.021506300831474593
1449,0.10262326281508627,0.0928365076875658,0.0,0.8409090909090908,0.0,0.9861111111111112,0.9027289559845351,0.0,0.059510471097290685,0.5,0.3333333333333333,0.9722222222222222,0.2,0.00692563492608134,0.004966004121648779,0.7942005240103216,0.013567754162503411,0.0016481053259369384,0.4437524905149821,0.041185927800366985
1450,0.10315140427902181,0.09336194713425927,0.0,0.8636363636363635,0.0,0.9799382716049383,0.9094168274015807,0.0,0.07878891332209648,0.5,0.3333333333333333,0.9799382716049383,0.0,0.006465854470068727,0.00665354726660988,0.7494009893597758,0.015838585007200156,0.0018419362441170885,0.553205790603857,0.03980537097979056
1451,0.10336917038969151,0.09357859953738856,0.0,0.8636363636363635,0.0,0.9814814814814815,0.9393778624372147,0.0,0.1078687382239576,0.5,0.3333333333333333,0.9753086419753086,0.0,0.007301920426342251,0.005594278832635679,0.7778081635305234,0.01234567439229691,0.0021228193794185367,0.5418177420722579,0.04639575826833469
1452,0.10239946356001417,0.09261386103030783,0.0,0.8863636363636364,0.0,0.9845679012345679,0.9156294179761963,0.0,0.3677319437633356,0.5,0.3333333333333333,0.9891975308641975,0.1,0.008364085868530517,0.014549455316965791,0.7794206854042479,0.015114402361015676,0.002065850235692635,0.5833704891734492,0.020177797129442433
1453,0.10237315069153163,0.09258768321751315,0.0,0.8863636363636364,0.000683526999316473,0.9922839506172839,0.9397546125862642,0.25,0.23966155991704974,0.5,0.3333333333333333,0.9907407407407407,0.5,0.008364085868530517,0.014551158110557984,0.760256141337931,0.015114402361037543,0.0017782873547979355,0.5520064766722951,0.019629159663688764
1454,0.10237168501030247,0.09258622513321596,0.0,0.8409090909090908,0.0,0.9830246913580247,0.8897157888650326,0.0,0.26048516124257903,0.5,0.3333333333333333,0.9799382716049383,0.0,0.00692563492608134,0.011290064593464643,0.7183294749354749,0.013567754162501723,0.0016979273914291772,0.6001768669230286,0.046155164064849805
1455,0.10252465329688487,0.09273840792894439,0.0,0.8409090909090908,0.001367053998632946,0.9861111111111112,0.8698698421454429,0.0,0.14022322594327474,0.5,0.3333333333333333,0.9845679012345679,0.1,0.007301920426342251,0.005616628986263037,0.7989303127912456,0.012345674392398183,0.0025220124150140523,0.5847368999723639,0.051806768219007045
1456,0.10525247762880918,0.09545227556753477,0.0,0.8863636363636364,0.008202323991797676,0.9922839506172839,0.8608922720122136,0.0,0.25196657410553447,0.5,0.3333333333333333,0.9969135802469136,0.5,0.00692563492608134,0.022738806275511107,0.7995771720689242,0.013567754162501723,0.0021350417823145502,1.262431661227424,0.045184002138491046
1457,0.10275116170831256,0.09296375254212186,0.0,0.8863636363636364,0.004101161995898838,0.9938271604938271,0.8612125949483451,0.0,0.3112001309278951,0.5,0.3333333333333333,0.9938271604938271,0.5,0.006400373644683982,0.045687906683824275,0.7712655318211415,0.015616506382250886,0.002191434616115249,1.5571030557518473,0.026045549879266952
1458,0.10820205700265673,0.09838691405364303,0.0,0.8863636363636364,0.001367053998632946,0.9953703703703703,0.8870346436771475,0.0,0.48998671029589325,0.5,0.3333333333333333,0.9938271604938271,0.6,0.006465854470068727,0.004416510579679317,0.8328816225714915,0.015838585007200156,0.0025704530136316777,1.5102830090910961,0.044312592089612364
1459,0.10262860104705096,0.09284182022085607,0.0,0.8863636363636364,0.000683526999316473,0.9907407407407407,0.8778754862859618,0.0,0.2279510449753046,0.5,0.3333333333333333,0.9938271604938271,0.3,0.00692563492608134,0.017604089313511928,0.7393515617038209,0.013567754162501723,0.0016979273914291772,1.0001025728443744,0.04558328205705625
1460,0.10237160581207772,0.09258614633976497,0.0,0.8863636363636364,0.0,0.9783950617283951,0.9112328715919926,0.0,0.4307402605322985,0.5,0.3333333333333333,0.9799382716049383,0.0,0.006465854470068727,0.0046459861253711964,0.7222221574650417,0.015838585007200156,0.0019308650845550276,0.5464983737050855,0.04511765702978575
1461,0.10236555780779477,0.092580129387137,0.0,0.8863636363636364,0.000683526999316473,0.9753086419753086,0.9097168892440567,0.0,0.34996309273967485,0.5,0.3333333333333333,0.9351851851851852,0.0,0.007301920426342251,0.005316896982085618,0.6579765534793804,0.012345674392292637,0.0020598785237586114,0.48009964578815484,0.05475595168662015
1462,0.10238011419515947,0.09259461102620054,0.0,0.8863636363636364,0.001367053998632946,0.9922839506172839,0.9231727830852084,0.5,0.25712080236556634,0.5,0.3333333333333333,0.9691358024691358,0.2,0.006465854470068727,0.0046459861253711964,0.7450136531809008,0.015838585007200156,0.0018541284373531201,0.5414888242703519,0.04595324423057583
1463,0.10236602436804187,0.09258059355151604,0.0,0.8863636363636364,0.0,0.9891975308641975,0.9145656224733649,0.0,0.24105049751500895,0.5,0.3333333333333333,0.9552469135802469,0.1,0.00692563492608134,0.004558499705214341,0.6862605434706988,0.013567754162501723,0.001602944967615901,0.573629359469869,0.04629439466533063
1464,0.10236974316729419,0.092584293228195,0.0,0.8863636363636364,0.0,0.9891975308641975,0.9151119645686216,0.0,0.21568070837940445,0.5,0.3333333333333333,0.9907407407407407,0.4,0.008364085868530517,0.014550669371741891,0.7475505729748853,0.015114402361016578,0.002263193501610549,0.5430757694198242,0.019592431983931537
1465,0.10239744878121704,0.09261185647039483,0.0,0.8863636363636364,0.001367053998632946,0.9984567901234568,0.9438639618125058,1.0,0.5841176494828604,0.5,0.3333333333333333,0.9891975308641975,0.6,0.008364085868530517,0.014616921942368804,0.7761822284478049,0.01511440236293394,0.0025078192769228944,0.5898157185858945,0.020607499586277337
1466,0.10236869829150941,0.09258325374444676,0.0,0.8863636363636364,0.000683526999316473,0.9953703703703703,0.9142223289144789,0.0,0.4379476725020309,0.5,0.3333333333333333,0.9984567901234568,0.2,0.006465854470068727,0.004826662703803971,0.7143635421610284,0.015838585007200156,0.002107039679955711,0.5751698592755833,0.04390905468830518
1467,0.10257474497696462,0.09278824287329307,0.0,0.8863636363636364,0.000683526999316473,0.9984567901234568,0.9576187144265702,0.5,0.5910293118591887,0.5,0.3333333333333333,0.9938271604938271,0.2,0.007301920426342251,0.005316896982085618,0.8095987232517128,0.012345674392292637,0.0023236925860143543,0.6149960864966132,0.05231529973595766
1468,0.1023690918207687,0.0925836452525925,0.0,0.8409090909090908,0.0,0.9521604938271605,0.8159543149460712,0.0,0.030926094591991693,0.5,0.3333333333333333,0.9845679012345679,0.0,0.006465854470068727,0.018664940628640218,0.6791804975623054,0.015838585007200156,0.0019168130819805114,0.3351862937024915,0.04153216885897555
1469,0.10237135065342862,0.09258589248877436,0.0,0.8636363636363635,0.0,0.9814814814814815,0.8615394367786212,0.0,0.3340728734626255,0.5,0.3333333333333333,0.9814814814814815,0.0,0.007301920426342251,0.005595044171732706,0.7348449307560866,0.01234567439239346,0.002441632590308032,0.3745055281383819,0.05067756251217354
1470,0.10237204815331025,0.09258658640566986,0.0,0.8409090909090908,0.0,0.9537037037037037,0.8184365200892851,0.0,0.06602422707739686,0.5,0.3333333333333333,0.9845679012345679,0.0,0.006400373644683982,0.03364209400847801,0.7323794027191607,0.015616506382250886,0.0016378573119200665,0.35478485195586845,0.023011403194810726
1471,0.10236680891754157,0.09258137407211398,0.0,0.8409090909090908,0.0,0.9521604938271605,0.8123034042490311,0.0,0.03026560782850185,0.5,0.3333333333333333,0.9845679012345679,0.0,0.006465854470068727,0.018664940628640218,0.6606975917527483,0.015838585007200156,0.0019168130819805114,0.33347581959379297,0.041302174737398674
1472,0.11811169474687966,0.10824737733494838,0.0,0.8409090909090908,0.000683526999316473,0.9922839506172839,0.8745047895368102,0.0,0.33694237600041543,0.5,0.3333333333333333,0.9953703703703703,0.6,0.006400373644683982,0.031064554479079312,0.882829678041321,0.015616511695300865,0.002985201361696258,1.7392613331771385,0.06468652338923132
1473,0.10514672955096671,0.09534701878753071,0.0,0.8409090909090908,0.0,0.9891975308641975,0.8231445546037268,0.0,0.34396034667159314,0.5,0.3333333333333333,0.9953703703703703,0.2,0.00692563492608134,0.02418995889047789,0.7805689185150262,0.013567754213043503,0.0021730080836176707,0.8772615867332131,0.0424166783574481
1474,0.1148648685992304,0.10501691529787821,0.0,0.8636363636363635,0.0,0.9783950617283951,0.894386713780262,0.0,0.2788834216565722,0.5,0.3333333333333333,0.9799382716049383,0.0,0.008364085868530517,0.00924815415190988,0.8610846335444097,0.015114402365817367,0.0017782873547979355,0.6869637226316485,0.01707334745798677
1475,0.1040718905582163,0.09427772872731988,0.0,0.8636363636363635,0.002050580997949419,0.9876543209876543,0.8422037923877478,0.0,0.4290582761960169,0.5,0.3333333333333333,0.9938271604938271,0.1,0.006465854470068727,0.006094378329818854,0.7905743439128762,0.015838585007200156,0.00214758843296009,0.8230361221356406,0.039757787531982225
1476,0.10236622009095753,0.0925807882684968,0.0,0.8863636363636364,0.000683526999316473,0.9814814814814815,0.9056734643004628,0.0,0.20270251085363689,0.5,0.3333333333333333,0.9675925925925926,0.0,0.00692563492608134,0.004527333847237035,0.6976744174183286,0.013567754162501723,0.0018468832912063437,0.6428035067473982,0.044968299317970424
1477,0.10240852483071994,0.09262287581430578,0.0,0.8863636363636364,0.002050580997949419,0.9922839506172839,0.9269179225020254,0.0,0.34431850165867717,0.5,0.3333333333333333,0.9768518518518519,0.1,0.008364085868530517,0.014967520303752943,0.7799081431437461,0.015114402361015676,0.002263193501610549,0.6103978639142713,0.020330940732516255
1478,0.10236956386810447,0.09258411487936968,0.0,0.8409090909090908,0.000683526999316473,0.9938271604938271,0.8943673412173704,0.0,0.24383382577767032,0.5,0.3333333333333333,0.9799382716049383,0.3,0.00692563492608134,0.008857869184795395,0.7098737248291624,0.013567754162501723,0.0017345859021882814,0.5895217944396128,0.0464246291056243
1479,0.10257606197110514,0.09278955315995419,0.0,0.8409090909090908,0.0,0.9768518518518519,0.8771429262928301,0.0,0.21188284717970396,0.5,0.3333333333333333,0.9783950617283951,0.0,0.006465854470068727,0.006769504203946724,0.7706342157683072,0.015838585007200156,0.002173605122584616,0.5140003408683314,0.04529443295514223
1480,0.10275142642816715,0.09296401813688598,0.0,0.8863636363636364,0.0,0.9891975308641975,0.961937713429264,0.0,0.08825087707510315,0.5,0.3333333333333333,0.9830246913580247,0.2,0.006400373644683982,0.02840662372206392,0.8186806629739322,0.015616506382253254,0.0016184200862255293,0.6303700067666749,0.024383042066887496
1481,0.10236782847678438,0.0925823883916202,0.0,0.8636363636363635,0.001367053998632946,0.9861111111111112,0.9061973225630595,0.3333333333333333,0.420819312764834,0.5,0.3333333333333333,0.9953703703703703,0.2,0.006400373644683982,0.030680885897132103,0.7109343789760563,0.015616506382250886,0.002148411269315924,0.5282657838415108,0.023732744021066576
1482,0.10249156639934454,0.09270549181779492,0.0,0.8181818181818181,0.0,0.9845679012345679,0.8847129607288362,0.0,0.11934700886740357,0.5,0.3333333333333333,0.9861111111111112,0.1,0.008364085868530517,0.015394521748461577,0.736054663625571,0.015114402361015902,0.0025078192769228944,0.7855260508009997,0.01651060759143816
1483,0.10240988261021822,0.09262422685080018,0.0,0.8409090909090908,0.0,0.9830246913580247,0.863984482068778,0.0,0.19118940096461423,0.5,0.3333333333333333,0.9861111111111112,0.0,0.006465854470068727,0.007374828616730077,0.7010575996241664,0.015838585007200156,0.0018419362441170885,0.7690731098170968,0.04237567870257849
1484,0.10236717806785645,0.09258174133616998,0.0,0.8409090909090908,0.0,0.9552469135802469,0.8914452695194559,0.0,0.18041817569679008,0.5,0.3333333333333333,0.9675925925925926,0.0,0.006400373644683982,0.0350288714269113,0.6771688929530798,0.015616506382250886,0.0016912819179279066,0.7981485780181384,0.022817725023694346
1485,0.10307248096705213,0.09328343185316235,0.0,0.8409090909090908,0.0,0.9907407407407407,0.8937527810569067,0.0,0.1850559475100948,0.5,0.3333333333333333,0.9891975308641975,0.2,0.006465854470068727,0.005017423636161575,0.7776632987167876,0.015838585007200156,0.0020321759915938784,0.9401160862385346,0.042676658219652316
1486,0.10237423962820968,0.09258876659410692,0.0,0.8636363636363635,0.0,0.9891975308641975,0.9214028022159608,0.0,0.28042443877498335,0.5,0.3333333333333333,0.9768518518518519,0.1,0.006400373644683982,0.049077199162097095,0.7579171249955187,0.015616506382250886,0.002016115500974785,0.32675126092718204,0.02270553264396358
1487,0.10237880464210325,0.09259330814701117,0.0,0.8636363636363635,0.0,0.9737654320987654,0.8901920582389125,0.0,0.11912514872389734,0.5,0.3333333333333333,0.9814814814814815,0.0,0.008364085868530517,0.01161647637606685,0.7758715726435252,0.015114402361235691,0.001802733469128855,0.3565443514924954,0.018875743291056422
1488,0.10415796020496626,0.09436337345762197,0.0,0.8409090909090908,0.0,0.9614197530864198,0.9139151816090636,0.0,0.0608133290854973,0.5,0.3333333333333333,0.9614197530864198,0.0,0.006465854470068727,0.004753768331248003,0.8131905982236354,0.015838585007200156,0.0017638788587168856,0.9767219701532392,0.04091916683540876
1489,0.10236884493836973,0.09258339965635126,0.0,0.8636363636363635,0.000683526999316473,0.9660493827160493,0.9052439991799831,0.0,0.17281107010142682,0.5,0.3333333333333333,0.9722222222222222,0.0,0.006465854470068727,0.004755510620155638,0.6794819430989678,0.015838585007200156,0.0022790592970512043,0.8647812176320566,0.04146965666152435
1490,0.10250173257204853,0.09271560588335681,0.0,0.8409090909090908,0.0,0.9737654320987654,0.9016926537768845,0.0,0.15604442994459977,0.5,0.3333333333333333,0.9768518518518519,0.0,0.00692563492608134,0.10262441051680633,0.7304799935743065,0.013567754162501723,0.001602944967615901,0.8790041470713716,0.04029823990752773
1491,0.13905347714727423,0.1290939586489992,0.0,0.8409090909090908,0.002050580997949419,0.9891975308641975,0.8664250504125266,0.0,0.33791843050511916,0.5,0.3333333333333333,0.9953703703703703,0.1,0.008130253819308538,0.17605426698494536,0.8722021065213915,0.015838585016059732,0.0027936631590334384,1.1866549602357481,0.03780985479114912
1492,0.10236585198654169,0.09258042205488248,0.0,0.8636363636363635,0.0,0.9691358024691358,0.8456566696278794,0.0,0.24419502244757352,0.5,0.3333333333333333,0.9799382716049383,0.0,0.006465854470068727,0.020860593918312516,0.6555416958978384,0.015838585007200156,0.0017638788587168856,0.3096523471823707,0.043600910551693434
1493,0.10236568092236276,0.09258025186911317,0.0,0.8636363636363635,0.0,0.970679012345679,0.8478602483943566,0.0,0.2720788171771876,0.5,0.3333333333333333,0.9814814814814815,0.0,0.007301920426342251,0.0063257414347197005,0.6838582006555843,0.012345674392292637,0.002541484190048456,0.30635808543256393,0.05162777199448685
1494,0.10236664202025347,0.09258120803119657,0.0,0.8409090909090908,0.0,0.941358024691358,0.8197613635211646,0.0,0.24213639710222967,0.5,0.3333333333333333,0.9814814814814815,0.0,0.006465854470068727,0.021604241514894276,0.6667407773237416,0.015838585007200156,0.0019290047611646257,0.31951910782390763,0.041792358356006795
1495,0.10236829956475424,0.09258285706618341,0.0,0.8636363636363635,0.000683526999316473,0.9768518518518519,0.8561043128915665,0.0,0.19468270101945373,0.5,0.3333333333333333,0.9799382716049383,0.0,0.008364085868530517,0.008786330393163833,0.7403410338796067,0.015114402365384322,0.0017782873547979355,0.3836533559620443,0.01941941782814949
1496,0.10236690950767857,0.09258147414997842,0.0,0.8181818181818181,0.0,0.9845679012345679,0.8922127729138333,0.0,0.32996363875763435,0.5,0.3333333333333333,0.9675925925925926,0.1,0.007301920426342251,0.005286534663882712,0.7300903561695745,0.012345674392292637,0.0021228193794185367,0.5542389377834027,0.05233324046225199
1497,0.10248496544787733,0.09269892431777238,0.0,0.8181818181818181,0.000683526999316473,0.9830246913580247,0.8867523163108395,0.0,0.3577919813726098,0.5,0.3333333333333333,0.9737654320987654,0.0,0.00692563492608134,0.008026232337506817,0.7889529487821565,0.013567754162501723,0.0016481053259369384,0.6348274107704666,0.0450166598363727
1498,0.10477398850699327,0.09497619830522736,0.0,0.8863636363636364,0.001367053998632946,0.9969135802469136,0.9203054763816203,0.5,0.36598500141048096,0.5,0.3333333333333333,0.9953703703703703,0.5,0.006465854470068727,0.0156032015402706,0.8215248524091415,0.015838585007200156,0.003138892097564457,1.437722154373639,0.04193422374162558
1499,0.11457265967288621,0.10472574296977122,0.0,0.8863636363636364,0.0,0.9876543209876543,0.8535823340618481,0.0,0.19066438223516002,0.5,0.3333333333333333,0.9922839506172839,0.1,0.007301920426342251,0.005316902493330653,0.8681317229251183,0.012345674392796421,0.0021968401282981683,0.7262979581394009,0.04750044249653929
1500,0.10236560358592683,0.09258017492964993,0.0,0.8863636363636364,0.0,0.9861111111111112,0.8602789134011759,0.0,0.3620213805696324,0.5,0.3333333333333333,0.9969135802469136,0.1,0.006400373644683982,0.02593903754692837,0.6747734130414371,0.015616506382250886,0.0017497832590898346,0.3313921581091014,0.022860232714855724
1501,0.10237068937447202,0.0925852345639,0.0,0.8863636363636364,0.0,0.9891975308641975,0.8491082186138563,0.0,0.3473718283618368,0.5,0.3333333333333333,0.9953703703703703,0.3,0.008364085868530517,0.00781785934583202,0.773844297172314,0.01511440238149136,0.002004791223292581,0.37024503480275656,0.019097939914123268
1502,0.1023676619501992,0.09258222272747435,0.0,0.8636363636363635,0.0,0.9814814814814815,0.8833297642185097,0.0,0.3253890149738584,0.5,0.3333333333333333,0.9691358024691358,0.0,0.006400373644683982,0.02582773732264039,0.7204632325049958,0.015616506382250886,0.0018138427614254088,0.49321498637776034,0.023654554281782453
1503,0.10244168581818869,0.09265586679517696,0.0,0.8636363636363635,0.0,0.9891975308641975,0.9106579682264497,0.0,0.41647019370492566,0.5,0.3333333333333333,0.9814814814814815,0.1,0.007301920426342251,0.005316896982085618,0.7941402463459291,0.012345674392292637,0.0021228193794185367,0.5394573524074417,0.05241639109451234
1504,0.10295999629102792,0.09317149098574468,0.0,0.8863636363636364,0.001367053998632946,0.9922839506172839,0.8766950085017834,0.0,0.332180530177247,0.5,0.3333333333333333,0.9876543209876543,0.2,0.007301920426342251,0.005316902493330653,0.8208440494301465,0.012345674392292637,0.002236886618316833,1.1761071763815514,0.04541514087257719
1505,0.10260364656204968,0.09281699170153057,0.0,0.8863636363636364,0.000683526999316473,0.9783950617283951,0.8285590515486239,0.0,0.322205635471575,0.5,0.3333333333333333,0.9891975308641975,0.0,0.008364085868530517,0.009650746564246249,0.7762243700064884,0.015114402361015676,0.0016856905266756318,0.652956524762814,0.018008621260367143
1506,0.10236667359912965,0.09258123944605412,0.0,0.8409090909090908,0.0,0.9737654320987654,0.8729404593347617,0.0,0.3028902321495095,0.5,0.3333333333333333,0.9783950617283951,0.0,0.00692563492608134,0.00586938637832462,0.7011349186415766,0.013567754162501723,0.0017528915713089805,0.40324947199099964,0.04328396639514372
1507,0.10239269375727733,0.09260712588378689,0.0,0.8409090909090908,0.0,0.9799382716049383,0.8964568340102812,0.0,0.0889295830386656,0.5,0.3333333333333333,0.9783950617283951,0.0,0.006465854470068727,0.004387392305956525,0.7542875867182843,0.015838585007200156,0.0018419362441170885,0.30545439935539476,0.04246763547235095
1508,0.10236562658010362,0.09258019780577531,0.0,0.8409090909090908,0.0,0.9814814814814815,0.9001085435994413,0.0,0.20307925517209202,0.5,0.3333333333333333,0.970679012345679,0.0,0.008364085868530517,0.012868904982839564,0.698840907869174,0.015114402494622384,0.0016796338393213373,0.3372378619834964,0.01915043563851613
1509,0.1023656142934467,0.09258018558247266,0.0,0.8409090909090908,0.000683526999316473,0.9861111111111112,0.8779269063049863,0.0,0.15511075051295464,0.5,0.3333333333333333,0.9660493827160493,0.1,0.006465854470068727,0.01025353733068506,0.6298128425358073,0.015838585007200156,0.0017638788587168856,0.3105820181269392,0.04079088992284428
1510,0.10368048271727259,0.09388826168850772,0.0,0.8636363636363635,0.000683526999316473,0.9953703703703703,0.8537893188926958,0.0,0.4451302225084044,0.5,0.3333333333333333,0.9922839506172839,0.3,0.006400373644683982,0.01879269352150257,0.8065671220972118,0.0156165063822519,0.0029162078703925255,0.535357480928123,0.02161683748918755
1511,0.10292549573820797,0.09313717752191075,0.0,0.8863636363636364,0.0,0.9830246913580247,0.8378654822693675,0.0,0.28743714250832986,0.5,0.3333333333333333,0.9907407407407407,0.0,0.006400373644683982,0.02352815730826438,0.8115505772328121,0.015616506382250886,0.0020509217366936915,0.9385757881695531,0.02016143159509792
1512,0.10249553820013091,0.09270944117684654,0.0,0.8636363636363635,0.000683526999316473,0.9953703703703703,0.9102069713572096,0.3333333333333333,0.2548667723550392,0.5,0.3333333333333333,0.9938271604938271,0.2,0.008364085868530517,0.008244122094043089,0.8038349096251858,0.015114402361123882,0.0017782873547979355,0.405848708022912,0.01800135807119279
1513,0.10237894412772819,0.09259344689010718,0.0,0.8863636363636364,0.001367053998632946,0.9876543209876543,0.898156070751889,0.2,0.29818351305229185,0.5,0.3333333333333333,0.9861111111111112,0.1,0.00692563492608134,0.003444733806395701,0.7483455759111757,0.013567754162504537,0.0017510466900059695,0.43583859608132935,0.04410892225293362
1514,0.1023655466105805,0.09258011824745838,0.0,0.8409090909090908,0.0,0.9552469135802469,0.8404070684239797,0.0,0.32448375663766205,0.5,0.3333333333333333,0.9830246913580247,0.0,0.00692563492608134,0.0034825733055371642,0.5537804689683876,0.013567754162501723,0.001602944967615901,0.3301617557865088,0.043326042792105966
1515,0.10236554662395736,0.09258011826076606,0.0,0.8863636363636364,0.0,0.9645061728395061,0.8716298432840165,0.0,0.33644745054122815,0.5,0.3333333333333333,0.9660493827160493,0.0,0.008364085868530517,0.007814386439229807,0.5930143716180508,0.015114402361015676,0.0017782873547979355,0.32219614971342436,0.018966015086616474
1516,0.10236554660834496,0.09258011824523427,0.0,0.8636363636363635,0.0,0.9459876543209876,0.7786862033331979,0.0,0.12687439550468282,0.5,0.3333333333333333,0.970679012345679,0.0,0.006400373644683982,0.02812418226379198,0.5493234972925136,0.015616506382250886,0.0019866260798776024,0.24838529720028546,0.020403636639632468
1517,0.10236554664638675,0.09258011828308044,0.0,0.8409090909090908,0.0,0.9367283950617284,0.7730783356042713,0.0,0.07733436517487968,0.5,0.3333333333333333,0.9521604938271605,0.0,0.006400373644683982,0.023242366382910534,0.6009589771638737,0.015616506382250886,0.0016378573119200665,0.28615061241207346,0.021826065197262604
1518,0.10236554698621247,0.09258011862115878,0.0,0.8636363636363635,0.0,0.8981481481481481,0.8430158508309291,0.0,0.26078861758619,0.5,0.3333333333333333,0.9537037037037037,0.0,0.006465854470068727,0.00457516056822647,0.583644024397293,0.015838585007200156,0.0018419362441170885,0.41938644279082327,0.0446359130035164
1519,0.10236554660848585,0.09258011824537449,0.0,0.8863636363636364,0.0,0.9660493827160493,0.909142989348537,0.0,0.29287727202083225,0.5,0.3333333333333333,0.9012345679012346,0.0,0.008364085868530517,0.06058182733219975,0.5568273335773261,0.015114402361015676,0.0017782873547979355,0.4226277249322522,0.01953826176480099
1520,0.10236557140470526,0.09258014290922473,0.0,0.8863636363636364,0.0,0.9953703703703703,0.8625290149409401,0.0,0.4946958293885225,0.5,0.3333333333333333,0.9984567901234568,0.5,0.006465854470068727,0.020485602214697765,0.5294843913764731,0.015838585007200156,0.0028058497901852102,0.6206059873093718,0.04314954854376381
1521,0.10236554749201376,0.0925801191242338,0.0,0.8863636363636364,0.000683526999316473,0.9969135802469136,0.847265619104595,0.5,0.47045761271329056,0.5,0.3333333333333333,0.9984567901234568,0.3,0.006400373644683982,0.03723777761927496,0.7070574778711524,0.015616506382250886,0.0031947925914015086,0.7342596202732817,0.022101293493814348
1522,0.10236554660856334,0.09258011824545154,0.0,0.8636363636363635,0.0,0.9814814814814815,0.8872895818377446,0.0,0.2437074180015083,0.5,0.3333333333333333,0.9783950617283951,0.0,0.008364085868530517,0.07566159047421171,0.5882370760363096,0.015114402361015676,0.0019066706072024392,0.4386160920423348,0.019960328007791954
1523,0.10236554811463694,0.09258011974379227,0.0,0.8636363636363635,0.0,0.9861111111111112,0.9334665669007228,0.3333333333333333,0.19022753855946894,0.5,0.3333333333333333,0.9660493827160493,0.1,0.006400373644683982,0.03392150945567905,0.6227575554777535,0.015616506382250886,0.0016967424408651003,0.4241606176172122,0.02437465134047385
1524,0.10236554661404185,0.09258011825090179,0.0,0.8636363636363635,0.0,0.9722222222222222,0.864986784519168,0.0,0.2687156403820723,0.8333333333333334,0.5555555555555556,0.9753086419753086,0.0,0.008364085868530517,0.015474270455392111,0.8318893460980441,0.015114402374543163,0.003028377944173893,0.5581583389212514,0.01857748745100738
1525,0.10236561752662521,0.09258018879938928,0.0,0.8863636363636364,0.0,0.9444444444444444,0.8711948213791172,0.0,0.22938788337620086,0.5,0.3333333333333333,0.9614197530864198,0.0,0.008364085868530517,0.014070902175517642,0.6802538451166426,0.015114402361015676,0.0016747508379144416,0.5545525417297392,0.019924541189747125
1526,0.1023655466082748,0.09258011824516443,0.0,0.8636363636363635,0.0,0.9151234567901234,0.841576534972599,0.0,0.10702692885706244,0.5,0.3333333333333333,0.9552469135802469,0.0,0.006427940291459621,0.047177499319959244,1.0827852991593112,0.015616506382250886,0.0016184200862255293,0.3182695590268295,0.06036037768118184
1527,0.10236554660887731,0.0925801182457639,0.0,0.8409090909090908,0.0,0.9799382716049383,0.8292445992108857,0.0,0.23502933594558495,0.5,0.3333333333333333,0.9845679012345679,0.0,0.006400373644683982,0.027756724965397293,0.647014629687555,0.015616506382250886,0.0016912819179279066,0.33443739414245355,0.025149096831854244
1528,0.10236554661151531,0.09258011824838819,0.0,0.8863636363636364,0.0,0.9243827160493827,0.8488288307415632,0.0,0.03697027845407341,0.5,0.3333333333333333,0.9537037037037037,0.0,0.006400373644683982,0.026829430802897142,0.55567628207413,0.015616506382250886,0.0015890695760642632,0.4157657546408266,0.024430579031066994
1529,0.10236554660827568,0.09258011824516538,0.0,0.9090909090909091,0.0,0.9212962962962963,0.8570789858586554,0.0,0.13711641859823842,0.5,0.3333333333333333,0.9537037037037037,0.0,0.006400373644683982,0.030435322914760844,0.5006658248851352,0.015616506382250886,0.0015890695760642632,0.36091224191799626,0.024691859986982798
1530,0.10236554660827513,0.09258011824516482,0.0,0.8409090909090908,0.0,0.9660493827160493,0.8635545612825515,0.0,0.14366600788728157,0.5,0.3333333333333333,0.9737654320987654,0.0,0.008364085868530517,0.062218126808396945,0.5236251591948374,0.015114402361015676,0.002065850235692635,0.4453263068628768,0.017523670606239758
1531,0.10236554995956648,0.09258012157924206,0.0,0.8409090909090908,0.0,0.9938271604938271,0.8591904315670673,0.0,0.43460299464179486,0.5,0.3333333333333333,0.9814814814814815,0.3,0.008364085868530517,0.013979375305422526,0.6533771372276201,0.015114402361015676,0.002065850235692635,0.5098171485833766,0.019449411744894163
1532,0.10236554679030463,0.09258011842625635,0.0,0.8863636363636364,0.0,0.9691358024691358,0.8825224192506711,0.0,0.0997266337507634,0.8333333333333334,0.5555555555555556,0.9675925925925926,0.0,0.007301920426342251,0.005834599580327841,0.7277079993108547,0.012345674392292637,0.002191848859788402,0.549373007894417,0.05231031640371446
1533,0.10236554663093378,0.09258011826770629,0.0,0.8863636363636364,0.0,0.9691358024691358,0.8671269735890572,0.0,0.17379044141861755,0.8333333333333334,0.5555555555555556,0.9722222222222222,0.0,0.006400373644683982,0.026278455160494204,0.6397843565326669,0.015616506382250886,0.0019662553423095623,0.44843640569845183,0.025463376568575714
1534,0.10236554660827635,0.09258011824516604,0.0,0.9090909090909091,0.0,0.9429012345679012,0.7588607520042586,0.0,0.22390876144119376,0.8333333333333334,0.5555555555555556,0.9351851851851852,0.0,3.0442790389265535,0.249704051166067,0.5773223349218972,0.015114402361015676,0.003989151590293816,0.25691082966582474,0.018971264816316696
1535,0.1023655466082748,0.09258011824516443,0.0,0.8636363636363635,0.0,0.9490740740740741,0.7778357838318112,0.0,0.16792914103671175,0.5,0.3333333333333333,0.962962962962963,0.0,0.007301920426342251,0.005504718900972842,0.7620833223472137,0.012345674392292637,0.002570986695275096,0.23983113657911748,0.04692082804212746
1536,0.10236554661533892,0.09258011825219226,0.0,0.8636363636363635,0.0,0.9768518518518519,0.9048823006991124,0.0,0.10449809546133837,0.5,0.3333333333333333,0.9675925925925926,0.0,0.006400373644683982,0.03074617176215994,0.5693219655307911,0.015616506382250886,0.0016378573119200665,0.3875822322865518,0.024414217102908496
1537,0.10236554661467545,0.0925801182515319,0.0,0.8863636363636364,0.0,0.9367283950617284,0.8482768668814947,0.0,0.051749617515922,0.5,0.3333333333333333,0.9567901234567902,0.0,0.006465854470068727,0.004572830703824645,0.5209146270604191,0.015838585007200156,0.0018419362441170885,0.4259736131226224,0.043950674797683574
1538,0.10236554661101893,0.0925801182478943,0.0,0.8409090909090908,0.0,0.9614197530864198,0.8237111500738878,0.0,0.24406974817494687,0.5,0.3333333333333333,0.962962962962963,0.0,0.006400373644683982,0.02179620645611332,0.5917632299869771,0.015616506382250886,0.0024520972286588127,0.2552506604929219,0.01961461863841174
1539,0.10236554670036457,0.09258011833677732,0.0,0.8409090909090908,0.0,0.962962962962963,0.8486387072887472,0.0,0.25280715310725266,0.5,0.3333333333333333,0.9537037037037037,0.0,0.007301920426342251,0.0052764638833879334,0.628863440051755,0.012345674392292637,0.0021228193794185367,0.304840042074016,0.04659903958727166
1540,0.10236554681787113,0.09258011845368419,0.0,0.8636363636363635,0.002734107997265892,0.9953703703703703,0.9090577722024763,0.0,0.3262345510107638,0.5,0.3333333333333333,0.9876543209876543,0.5,0.007301920426342251,0.005316896982085618,0.6259749153100701,0.012345674392292637,0.0020598785237586114,0.39454467069470156,0.05383968195304496
1541,0.10236556313882583,0.09258013469088827,0.0,0.8636363636363635,0.0,0.9876543209876543,0.9364563951828823,0.0,0.44545091708564166,0.5,0.3333333333333333,0.9675925925925926,0.1,0.006400373644683982,0.02771128583996909,0.6462332021061395,0.015616506382250886,0.0015890695760642632,0.4929429366761506,0.023800428458960618
1542,0.1023655466082748,0.09258011824516449,0.0,0.8863636363636364,0.0,0.904320987654321,0.8722110967243137,0.0,0.09366423419069214,0.5,0.3333333333333333,0.9305555555555556,0.0,0.007301920426342251,0.0053185316517897225,0.5209483585326395,0.012345674392292637,0.0022675545692209423,0.341503347862363,0.07916301381875736
1543,0.1023655466082748,0.09258011824516443,0.0,0.8863636363636364,0.0,0.9567901234567902,0.8665890031665718,0.0,0.25476219855368565,0.5,0.3333333333333333,0.9583333333333334,0.0,0.007542157757427925,0.005327102494115016,0.9284080259491208,0.012345674392293312,0.0023839671627336263,0.36427588192777555,0.07978035376776771
1544,0.1023655466085841,0.09258011824547219,0.0,0.9090909090909091,0.0,0.9814814814814815,0.910863048525198,0.0,0.3360945674228556,0.5,0.3333333333333333,0.9552469135802469,0.0,0.006400373644683982,0.028645272294087698,0.541959247600817,0.015616506382250886,0.0028006707065583447,0.36166814681533455,0.0255981267864832
1545,0.1023655466217589,0.09258011825857915,0.0,0.8863636363636364,0.0,0.9845679012345679,0.923429442660638,0.0,0.3550991815435036,0.5,0.3333333333333333,0.941358024691358,0.1,0.006465854470068727,0.004646165344931455,0.5451394812493567,0.015838585007200156,0.0017760716633529623,0.3640733988698404,0.046710015754931944
1546,0.10236554661615882,0.09258011825300783,0.0,0.8863636363636364,0.0,0.9444444444444444,0.8415175509960425,0.0,0.1877446333657159,0.5,0.3333333333333333,0.9783950617283951,0.0,0.00692563492608134,0.004556482498511472,0.5565934345817657,0.013567754162501723,0.0016979273914291772,0.4719223997728072,0.05002116802616823
1547,0.10236554661464214,0.09258011825149898,0.0,0.9090909090909091,0.000683526999316473,0.9814814814814815,0.8890077660711097,0.0,0.2076791550085687,0.8333333333333334,0.5555555555555556,0.9737654320987654,0.0,0.006465854470068727,0.004400467931727848,0.8956662036714941,0.015838585007200156,0.0022102887289457713,0.49616237523456747,0.058299902432394295
1548,0.1023655466082748,0.09258011824516449,0.0,0.8863636363636364,0.0,0.9583333333333334,0.883216310508268,0.0,0.29655117393482733,0.5,0.3333333333333333,0.9490740740740741,0.0,0.006400373644683982,0.031298769311636346,1.0247931041039764,0.015616506382250886,0.0016378573119200665,0.35291054624718393,0.06411696211379589
1549,0.1023655466082759,0.09258011824516565,0.0,0.8636363636363635,0.0,0.9598765432098766,0.8628305669433879,0.0,0.1691115572684868,0.5,0.3333333333333333,0.9768518518518519,0.0,0.00692563492608134,0.0235293207590368,1.0452675582305468,0.013567763060131341,0.001602944967615901,0.43691881990986975,0.0479972732734089
1550,0.10236554660827513,0.09258011824516482,0.0,0.9090909090909091,0.0,0.9166666666666666,0.8326208915892334,0.0,0.11086464017226572,0.5,0.3333333333333333,0.9459876543209876,0.0,0.008364085868530517,0.061045382302158724,0.5055399637857683,0.015114402361015676,0.0016747508379144416,0.36909709021903825,0.02053880661841394
1551,0.1023655466082748,0.09258011824516449,0.0,0.9090909090909091,0.0,0.9320987654320988,0.8527933292387746,0.0,0.1964693128545405,0.5,0.3333333333333333,0.9537037037037037,0.0,0.008364085868530517,0.0610852098737099,0.49147718206131247,0.015114402361015676,0.002065850235692635,0.3545640064521591,0.020682215051168965
1552,0.10236554680836518,0.09258011844422842,0.0,0.8181818181818181,0.0,0.9598765432098766,0.8174278157724919,0.0,0.1287817321298299,0.5,0.3333333333333333,0.9691358024691358,0.0,0.007301920426342251,0.005361417066447551,0.6284872344028877,0.012345674392292637,0.0020598785237586114,0.29119812453821814,0.047597658910582805
1553,0.1023655555635603,0.09258012715449443,0.0,0.8409090909090908,0.0,0.9305555555555556,0.7731005668707452,0.0,0.06651573574470093,0.5,0.3333333333333333,0.9552469135802469,0.0,0.008364085868530517,0.008265561558660671,0.6825208306802629,0.015114402361836903,0.0017782873547979355,0.38575706176089053,0.018154249251245525
1554,0.10236554674923526,0.09258011838539743,0.0,0.8863636363636364,0.0,0.9691358024691358,0.8271384215087941,0.0,0.15226781994854122,0.8333333333333334,0.5555555555555556,0.9830246913580247,0.0,0.007794863262842895,0.0041497197689579195,0.6280412562202629,0.013567754162501723,0.002102603149986915,0.5272228072936643,0.042855288802974144
1555,0.10236554667081676,0.092580118307383,0.0,0.8863636363636364,0.0,0.9691358024691358,0.8213594688648015,0.0,0.1487514457427762,0.8333333333333334,0.5555555555555556,0.9830246913580247,0.0,0.007320958977858839,0.005834599580327841,0.7080743917326707,0.012345674392292637,0.002272547230473216,0.5050227125050505,0.05058240176292728
1556,0.1023655466082748,0.09258011824516443,0.0,0.8863636363636364,0.0,0.9475308641975309,0.7460312402870273,0.0,0.10956804985360402,0.8333333333333334,0.5555555555555556,0.9521604938271605,0.0,0.01046651950531646,0.10644234360709676,0.5709389311525939,0.015114402361015676,0.0021436949252106596,0.24986487781158095,0.01908682226733602
1557,0.1023655466082748,0.09258011824516443,0.0,0.8636363636363635,0.0,0.9490740740740741,0.7563554252805198,0.0,0.17298714436287055,0.5,0.3333333333333333,0.9660493827160493,0.0,0.007473086883264573,0.005651462554822443,0.8913875235368945,0.012345674392292637,0.0031034019912706025,0.2401563069328878,0.04589338186345664
1558,0.10236554660929242,0.09258011824617685,0.0,0.8409090909090908,0.0,0.9645061728395061,0.8850906648590509,0.0,0.031796566390687286,0.5,0.3333333333333333,0.9675925925925926,0.0,0.006400373644683982,0.030271102054595204,0.5759949610108411,0.015616506382250886,0.0015890695760642632,0.3601297493413397,0.025689939793722652
1559,0.1023655466112493,0.09258011824812368,0.0,0.8636363636363635,0.0,0.9259259259259259,0.8627849180260532,0.0,0.2858628421351591,0.5,0.3333333333333333,0.9691358024691358,0.0,0.006465854470068727,0.004645628753149446,0.5206541975197738,0.015838585007200156,0.0017638788587168856,0.3786677862668188,0.044939203576985026
1560,0.10236554661843855,0.0925801182552759,0.0,0.8863636363636364,0.0,0.9645061728395061,0.9178716256656485,0.0,0.32514062466702354,0.5,0.3333333333333333,0.8966049382716049,0.0,0.006400373644683982,0.02961107669215734,0.5705113817041145,0.015616506382250886,0.0016378573119200665,0.41244573931199696,0.024994815320220694
1561,0.10236554660905939,0.09258011824594498,0.0,0.8863636363636364,0.0,0.9151234567901234,0.8559253603652185,0.0,0.03886382345677453,0.5,0.3333333333333333,0.9429012345679012,0.0,0.00692563492608134,0.004485127099205995,0.5247611251988942,0.013567754162501723,0.001602944967615901,0.4586699071410936,0.0450181934518776
1562,0.1023655466083433,0.09258011824523266,0.0,0.8636363636363635,0.0,0.9969135802469136,0.846203985608883,0.0,0.47366468287839236,0.5,0.3333333333333333,1.0,0.3,0.007301920426342251,0.005328926415500355,0.5434483592880458,0.012345674392292637,0.005823891152680429,0.24302781511289576,0.04694715760779823
1563,0.1023655466094815,0.09258011824636497,0.0,0.8181818181818181,0.000683526999316473,0.9861111111111112,0.8784311382160513,0.0,0.1521851630167681,0.5,0.3333333333333333,0.9691358024691358,0.1,0.006400373644683982,0.032630593361740984,0.569991157907675,0.015616506382250886,0.00234817810922404,0.29228921252552914,0.021633950332803815
1564,0.10236554662447195,0.09258011826127843,0.0,0.8409090909090908,0.0,0.9228395061728395,0.7763076372069604,0.0,0.046271180293794956,0.5,0.3333333333333333,0.9583333333333334,0.0,0.00692563492608134,0.004885864647962112,0.5705261459511554,0.013567754162501723,0.001602944967615901,0.3373947100309773,0.04215299753914104
1565,0.10236554674637355,0.09258011838255381,0.0,0.8181818181818181,0.0,0.9567901234567902,0.801723589005841,0.0,0.22424947563318387,0.5,0.3333333333333333,0.9521604938271605,0.0,0.007301920426342251,0.005595044171732706,0.6311059214994683,0.012345674392292637,0.002002490211464757,0.3093505209536138,0.04949289386630175
1566,0.10236554684967425,0.09258011848532377,0.0,0.8636363636363635,0.0,0.9243827160493827,0.8142184237089851,0.0,0.30820964722626076,0.5,0.3333333333333333,0.9598765432098766,0.0,0.008364085868530517,0.013149543615389874,0.62337074973826,0.015114402361015676,0.0016747508379144416,0.48237525963351857,0.019232233587310025
1567,0.10236554671365838,0.09258011835000651,0.0,0.8636363636363635,0.0,0.9814814814814815,0.8877759646749623,0.0,0.17765614666142304,0.5,0.3333333333333333,0.970679012345679,0.0,0.007301920426342251,0.005316896982085618,0.6135534226435432,0.012345674392292637,0.002002490211464757,0.3931659792237352,0.05201883438598717
1568,0.10236554660827579,0.09258011824516549,0.0,0.8863636363636364,0.0,0.9228395061728395,0.873161632691682,0.0,0.24002770076985203,0.5,0.3333333333333333,0.9274691358024691,0.0,0.007301920426342251,0.0053185316517897225,0.5960803836786338,0.012345674392292637,0.002002490211464757,0.36000221248433584,0.08476276370272344
1569,0.10236554660827657,0.09258011824516621,0.0,0.8636363636363635,0.0,0.970679012345679,0.8813828573823305,0.0,0.29374822906020936,0.5,0.3333333333333333,0.9753086419753086,0.0,0.006465854470068727,0.01996333990312932,0.4959846123362733,0.015838585007200156,0.0017638788587168856,0.33120480020165366,0.04415070464169535
1570,0.10236555570836925,0.09258012729854331,0.0,0.8636363636363635,0.0,0.9598765432098766,0.8903975320097657,0.0,0.11444689469294467,0.5,0.3333333333333333,0.9737654320987654,0.0,0.008364085868530517,0.014088555496713168,0.6565559420757824,0.015114402361015676,0.0016747508379144416,0.5235207173162868,0.01961956777534192
1571,0.10236554662625186,0.09258011826304918,0.0,0.8636363636363635,0.0,0.9444444444444444,0.8853925772943037,0.0,0.14214086855906927,0.5,0.3333333333333333,0.9444444444444444,0.0,0.008364085868530517,0.014081313461619517,0.5917450650988041,0.015114402361015676,0.0016747508379144416,0.463096915943682,0.019818113193207268
1572,0.1023655466082748,0.09258011824516449,0.0,0.8863636363636364,0.0,0.9583333333333334,0.8921865288999223,0.0,0.19386746228118545,0.5,0.3333333333333333,0.9583333333333334,0.0,0.006400373644683982,0.034774575143130156,0.5360018096452075,0.015616506382250886,0.0015890695760642632,0.3684870227090059,0.02258034547909258
1573,0.10236554660974195,0.0925801182466241,0.0,0.8636363636363635,0.0,0.9675925925925926,0.8773017880762364,0.0,0.2131188429979024,0.5,0.3333333333333333,0.9645061728395061,0.0,0.006400373644683982,0.026305453012441107,0.7631627907795406,0.015616506382250886,0.0016912819179279066,0.4310309238222419,0.059156448006224105
1574,0.10236554660975883,0.09258011824664086,0.0,0.8863636363636364,0.0,0.8873456790123457,0.8680143687393377,0.0,0.1081914063198991,0.5,0.3333333333333333,0.9135802469135803,0.0,0.008364085868530517,0.014089541504173003,0.5705716926919948,0.015114402361015676,0.0016747508379144416,0.426441056573662,0.02063263532689412
1575,0.10236554660834718,0.09258011824523649,0.0,0.8863636363636364,0.000683526999316473,0.9830246913580247,0.8877708589084878,0.0,0.2348628265174394,0.5,0.3333333333333333,0.9845679012345679,0.0,0.007301920426342251,0.005287840552751566,0.5424509835457704,0.012345674392292637,0.0020648675313760575,0.37545261893147586,0.05300694677928655
1576,0.1023655467935074,0.09258011842944613,0.0,0.8636363636363635,0.0,0.9783950617283951,0.9155467972162847,0.0,0.18949554741425,0.5,0.3333333333333333,0.9660493827160493,0.0,0.006465854470068727,0.004386829061631708,0.579590670989966,0.015838585007200156,0.0017638788587168856,0.3789182246313112,0.0448696237366891
1577,0.1023655467538489,0.09258011838999008,0.0,0.8409090909090908,0.0,0.9814814814814815,0.9036050736774355,0.0,0.18483638849875328,0.5,0.3333333333333333,0.9753086419753086,0.0,0.00692563492608134,0.006760096007569053,0.583029380777328,0.013567754162501723,0.0016481053259369384,0.46915994915437526,0.045215316546529286
1578,0.1023655631118191,0.09258013466397902,0.0,0.8636363636363635,0.0,0.9753086419753086,0.8818044247890293,0.0,0.18404324380052917,0.5,0.3333333333333333,0.9814814814814815,0.0,0.007301920426342251,0.005316896982085618,0.6535843575682011,0.012345674392292637,0.0021228193794185367,0.528083584368416,0.05364654278658381
1579,0.10236554660895825,0.09258011824584444,0.0,0.8636363636363635,0.000683526999316473,0.9830246913580247,0.8998299946279507,0.0,0.3112464588663276,0.5,0.3333333333333333,0.9490740740740741,0.0,0.007301920426342251,0.005317613983979496,0.6880485547789188,0.012345674392363113,0.002002490211464757,0.4543788435575097,0.09015910537999793
1580,0.102365566998185,0.09258013853026459,0.0,0.8636363636363635,0.0,0.9830246913580247,0.9094325661576054,0.0,0.3565120025392421,0.5,0.3333333333333333,0.9598765432098766,0.0,0.006465854470068727,0.0044792325138344555,0.6477976629439995,0.015838585007200156,0.0019308650845550276,0.48457339414915745,0.045521283221789784
1581,0.10236554660827502,0.09258011824516466,0.0,0.9090909090909091,0.0,0.8981481481481481,0.8415492457126137,0.0,0.2860081446737315,0.5,0.3333333333333333,0.9475308641975309,0.0,0.007301920426342251,0.0053185316517897225,0.5100278146907338,0.012345674392292637,0.0020586359422102205,0.3306359747168813,0.05465343500042666
1582,0.1023655466082748,0.09258011824516449,0.0,0.8863636363636364,0.0,0.9675925925925926,0.8750963541465397,0.0,0.1978357453052817,0.5,0.3333333333333333,0.9459876543209876,0.0,0.006465854470068727,0.019647838103395033,1.175584533757687,0.015838585007200156,0.0018419362441170885,0.3450815226734263,0.05643961581150105
1583,0.10236554660827502,0.09258011824516466,0.0,0.8636363636363635,0.0,0.9290123456790124,0.8676550677346133,0.0,0.21460346309895306,0.5,0.3333333333333333,0.9475308641975309,0.0,0.00692563492608134,0.02082453338270573,0.532920114424822,0.013567754162501723,0.001602944967615901,0.40716661282676403,0.04967194620902579
1584,0.10236554660827513,0.09258011824516488,0.0,0.8636363636363635,0.0,0.9290123456790124,0.798283831028265,0.0,0.12744086722407388,0.5,0.3333333333333333,0.9768518518518519,0.0,0.006465854470068727,0.01935869545238722,1.006502528278339,0.015838585007200156,0.0018387611335638815,0.308601681046805,0.0633071106724223
1585,0.10236554664856334,0.0925801182852461,0.0,0.8636363636363635,0.0,0.9660493827160493,0.8746326691206614,0.0,0.284671552770438,0.5,0.3333333333333333,0.9506172839506173,0.0,0.007301920426342251,0.005316896982085618,0.601076464740871,0.012345674392292637,0.002002490211464757,0.38490697850092415,0.05288680113419194
1586,0.10236554662388175,0.09258011826069085,0.0,0.8863636363636364,0.0,0.9197530864197531,0.8563859899853326,0.0,0.06431436163065662,0.5,0.3333333333333333,0.9490740740740741,0.0,0.008364085868530517,0.012143906398869815,0.580338885828742,0.015114402361015676,0.0016747508379144416,0.43556251275185165,0.01994593333053481
1587,0.10236554661302488,0.0925801182498901,0.0,0.8863636363636364,0.0,0.9645061728395061,0.9027046723403604,0.0,0.2301564030518921,0.5,0.3333333333333333,0.9305555555555556,0.0,0.006400373644683982,0.02781783425362395,0.566250881529213,0.015616506382250886,0.0015890695760642632,0.38731590596883453,0.026276427151782702
1588,0.10236563907146001,0.09258021023361523,0.0,0.8863636363636364,0.000683526999316473,0.9737654320987654,0.9180111544030034,0.0,0.21954140588035098,0.5,0.3333333333333333,0.9305555555555556,0.0,0.007301920426342251,0.005316896982085618,0.6719169151304815,0.012345674392292637,0.0020598785237586114,0.46096508910130296,0.053100901875425446
1589,0.10236554704793843,0.0925801186825666,0.0,0.8863636363636364,0.0,0.9429012345679012,0.8805666027521368,0.0,0.262591320678469,0.5,0.3333333333333333,0.9475308641975309,0.0,0.006400373644683982,0.027284070854138042,0.6007682710439306,0.015616506382250886,0.0016378573119200665,0.4436522253834117,0.024426640843044297
1590,0.10236554660827535,0.09258011824516504,0.0,0.8636363636363635,0.0,0.9537037037037037,0.865385285159313,0.0,0.16016189291664418,0.5,0.3333333333333333,0.9567901234567902,0.0,0.006465854470068727,0.019622402520884215,0.5324683179495766,0.015838585007200156,0.0017638788587168856,0.3553461719522129,0.04064837670310198
1591,0.1023655466082879,0.09258011824517753,0.0,0.8636363636363635,0.0,0.9398148148148148,0.8578030435468305,0.0,0.11086412537973833,0.5,0.3333333333333333,0.9598765432098766,0.0,0.006400373644683982,0.03130373889303764,0.5348983872207608,0.015616506382250886,0.0015890695760642632,0.3896667666674757,0.02255987280355638
1592,0.1023655466084945,0.09258011824538304,0.0,0.8636363636363635,0.0,0.9475308641975309,0.750550918316727,0.0,0.11760085980756418,0.5,0.3333333333333333,0.9583333333333334,0.0,0.006465854470068727,0.021075615609373502,0.525510572839231,0.015838585007200156,0.0020321759915938784,0.24986156401858775,0.04086487944951624
1593,0.10236554682117227,0.09258011845696817,0.0,0.8409090909090908,0.0,0.9537037037037037,0.8031333545274126,0.0,0.14584146600886483,0.5,0.3333333333333333,0.9490740740740741,0.0,0.006400373644683982,0.02125068207308472,0.6189518356476458,0.015616506382250886,0.0016378573119200665,0.29660280208649986,0.022376612961402573
1594,0.10236554669969888,0.09258011833611762,0.0,0.8863636363636364,0.0,0.9783950617283951,0.889340203246754,0.0,0.10959198210615029,0.8333333333333334,0.5555555555555556,0.9675925925925926,0.0,0.008364085868530517,0.013178952455318667,0.7183255749531575,0.015114402361015902,0.002263193501610549,0.5451328833754471,0.02333019642945799
1595,0.10236554660828656,0.0925801182451762,0.0,0.8863636363636364,0.0,0.9583333333333334,0.8854762970188039,0.0,0.32823819453056535,0.5,0.3333333333333333,0.9382716049382716,0.0,0.006465854470068727,0.019609650198441263,0.8213450163112399,0.015838585007200156,0.0018419362441170885,0.34906885351589867,0.354328078136524
1596,0.10236555257895008,0.09258012418515871,0.0,0.8636363636363635,0.0,0.9645061728395061,0.8751035871773043,0.0,0.24785026944985122,0.5,0.3333333333333333,0.9691358024691358,0.0,0.006465854470068727,0.0045241426875432126,0.6356173162384107,0.015838585007200156,0.0018419362441170885,0.4750246081498469,0.045077374243405396
1597,0.1023655466082748,0.09258011824516443,0.0,0.8863636363636364,0.0,0.9783950617283951,0.8544833135795618,0.0,0.33483343958593026,0.5,0.3333333333333333,0.9845679012345679,0.0,0.00862325391284035,0.013454797990601024,1.2770253984674202,0.012345674413580459,0.0035802696511021753,0.4138583221525747,0.5698629868131616
1598,0.1023655466082748,0.09258011824516449,0.0,0.8863636363636364,0.0,0.9382716049382716,0.7490440456691188,0.0,0.17842757236863782,0.5,0.3333333333333333,0.9475308641975309,0.0,0.007301920426342251,0.005597794056106157,0.6251198178428031,0.012345674392292637,0.0021160225164437445,0.23729270963822163,0.04763762400271422
1599,0.10236554660838681,0.0925801182452759,0.0,0.8636363636363635,0.0,0.9259259259259259,0.7296630044793098,0.0,0.15014772288806955,0.5,0.3333333333333333,0.9444444444444444,0.0,0.00692563492608134,0.024627844320512796,0.5447584872443865,0.013567754162501723,0.0016481053259369384,0.30058347866274404,0.042304920193322305
1600,0.1023655466285548,0.09258011826533963,0.0,0.8636363636363635,0.0,0.9521604938271605,0.7829491005481427,0.0,0.1698294510939009,0.5,0.3333333333333333,0.9567901234567902,0.0,0.006400373644683982,0.023106949091550432,0.5871545605456759,0.015616506382250886,0.0016378573119200665,0.2608982373386,0.023136299710714688
1601,0.1023655466082759,0.0925801182451656,0.0,0.8636363636363635,0.0,0.9506172839506173,0.7678146607229044,0.0,0.11692665928986246,0.5,0.3333333333333333,0.9598765432098766,0.0,0.006465854470068727,0.02077965970368466,0.5324672500910268,0.015838585007200156,0.0017638788587168856,0.22494337453366198,0.04075772405917678
1602,0.10236554661678432,0.09258011825363027,0.0,0.8636363636363635,0.000683526999316473,0.9753086419753086,0.8975430819776782,0.0,0.25346815871367,0.5,0.3333333333333333,0.9567901234567902,0.0,0.00692563492608134,0.004410997303477458,0.550187841932822,0.013567754162501723,0.0016481053259369384,0.47851115706304415,0.04358004339024238
1603,0.10236554661468333,0.09258011825154011,0.0,0.8636363636363635,0.001367053998632946,0.9783950617283951,0.8970256713717195,0.0,0.32170050955741336,0.5,0.3333333333333333,0.9753086419753086,0.0,0.006400373644683982,0.03074617176215994,0.5646878385758769,0.015616506382250886,0.0017497832590898346,0.4026905216156031,0.02387099167726398
1604,0.10236554660827568,0.09258011824516538,0.0,0.8863636363636364,0.0,0.9614197530864198,0.7634307545263654,0.0,0.301468283154361,0.5,0.3333333333333333,0.9845679012345679,0.0,0.008364085868530517,0.09601845783392014,0.7606531920724339,0.015114402361015676,0.0034522699308636665,0.3140266305669796,0.01618958025932889
1605,0.10236554660836727,0.09258011824525647,0.0,0.8863636363636364,0.0,0.9583333333333334,0.8283331969963191,0.0,0.23654877309899047,0.5,0.3333333333333333,0.9567901234567902,0.0,0.00692563492608134,0.02459902768366822,0.5643288117420613,0.013567754162501723,0.001767148079804822,0.28903547710262445,0.041051839692943806
1606,0.10236554695594824,0.09258011859105153,0.0,0.8636363636363635,0.0,0.9907407407407407,0.9114396509681782,0.0,0.24841147939041952,0.5,0.3333333333333333,0.9814814814814815,0.3,0.008364085868530517,0.014055557527770253,0.6251986122375068,0.015114402361015676,0.0019066706072024392,0.4618718654056553,0.019626607826549815
1607,0.10236554701228973,0.09258011864710497,0.0,0.8636363636363635,0.0,0.970679012345679,0.8963660917291838,0.0,0.3569754804063153,0.5,0.3333333333333333,0.9212962962962963,0.0,0.00692563492608134,0.004379468138546456,0.5907101342179506,0.013567754162501723,0.0016979273914291772,0.4906517343419236,0.044586146527822425
1608,0.1023655466082748,0.09258011824516449,0.0,0.8863636363636364,0.0,0.9490740740740741,0.882156349662289,0.0,0.20709612407569855,0.5,0.3333333333333333,0.962962962962963,0.0,0.00692563492608134,0.02095739062296199,0.49968324177221246,0.013567754162501723,0.0016703263035788222,0.4269912815439449,0.0411522451074902
1609,0.1023655466082748,0.09258011824516443,0.0,0.8636363636363636,0.0,0.9459876543209876,0.8543999708004781,0.0,0.2988808399107008,0.5,0.3333333333333333,0.9722222222222222,0.0,0.006400373644683982,0.03565316557564329,1.0128208358459552,0.015616506382250886,0.0016986859626868208,0.3441000374090859,0.023696515015951696
1610,0.10236554670471976,0.0925801183411128,0.0,0.8863636363636364,0.0,0.962962962962963,0.9115754292056366,0.0,0.3976115074781512,0.5,0.3333333333333333,0.933641975308642,0.0,0.00692563492608134,0.004524411445730845,0.5713267774954405,0.013567754162501723,0.0018225991042656626,0.48528641276801826,0.045909355640099445
1611,0.10236554662121045,0.09258011825803336,0.0,0.8863636363636364,0.0,0.962962962962963,0.8983122369982948,0.0,0.24026803862465484,0.5,0.3333333333333333,0.941358024691358,0.0,0.00692563492608134,0.0045659788523801995,0.551114214153658,0.013567754162501723,0.001636306696665678,0.455336481895175,0.046928308605710865
1612,0.10236554662187869,0.09258011825869816,0.0,0.8863636363636364,0.000683526999316473,0.9783950617283951,0.8659624013341148,0.0,0.3509095315583305,0.5,0.3333333333333333,0.9814814814814815,0.0,0.006465854470068727,0.004553327732921526,0.5926212697313327,0.015838585007200156,0.0022790592970512043,0.4249858174728684,0.0451206033652625
1613,0.10236554660828845,0.09258011824517809,0.0,0.9090909090909091,0.000683526999316473,0.9722222222222222,0.8638958887765221,0.0,0.35778287549205645,0.5,0.3333333333333333,0.9814814814814815,0.0,0.008364085868530517,0.06013188289449354,0.5859715289809527,0.01511440236103529,0.0017728898433949215,0.4264039984755498,0.019554860779751763
1614,0.1023655466082748,0.09258011824516443,0.0,0.8636363636363635,0.0,0.9151234567901234,0.8254953621789645,0.0,0.11757539198507838,0.5,0.3333333333333333,0.9675925925925926,0.0,0.008398001264131089,0.06531206665455189,1.29380221518476,0.01511549711471312,0.0018873838504151193,0.4564563573398976,0.024227890577427837
1615,0.10236554660827502,0.09258011824516471,0.0,0.8636363636363635,0.0,0.9845679012345679,0.8717400136664885,0.0,0.17555787506360843,0.5,0.3333333333333333,0.9799382716049383,0.1,0.008767707238410076,0.06612476484984499,1.1957527863013964,0.015114502112335546,0.002595209947010655,0.4798446333958717,0.019071433730690087
1616,0.10236554661238373,0.09258011824925216,0.0,0.8636363636363635,0.0,0.9645061728395061,0.8707946653617025,0.0,0.3720626132593057,0.5,0.3333333333333333,0.9552469135802469,0.0,0.006400373644683982,0.027217631515184845,0.5675587363418695,0.015616506382250886,0.0018839873058737753,0.41852947520267975,0.025254853838561558
1617,0.10236554678110099,0.09258011841710057,0.0,0.8636363636363635,0.000683526999316473,0.962962962962963,0.8841879139618831,0.0,0.2701207011039597,0.5,0.3333333333333333,0.9475308641975309,0.0,0.00692563492608134,0.005352817912884777,0.5823080799506182,0.013567754162501723,0.0016979273914291772,0.48340360640788005,0.05053376103917164
1618,0.10236554662499464,0.09258011826179857,0.0,0.8181818181818181,0.0,0.9876543209876543,0.8985730460139485,0.0,0.2078014594303621,0.5,0.3333333333333333,0.9691358024691358,0.1,0.008364085868530517,0.00833855527871821,0.6147724979871253,0.015114402361015676,0.0019066706072024392,0.36081632176828554,0.01801046168920405
1619,0.1023655466082759,0.0925801182451656,0.0,0.8409090909090908,0.0,0.9876543209876543,0.864597210835216,0.0,0.34947702177390083,0.5,0.3333333333333333,0.9768518518518519,0.2,0.00692563492608134,0.020909418595828587,0.4941525375881507,0.013567754162501723,0.0018135276068046277,0.3569838799238213,0.04014967037588332
1620,0.10236554670921205,0.09258011834557994,0.0,0.8863636363636364,0.0,0.9783950617283951,0.8378172520596019,0.0,0.09273205043410881,0.8333333333333334,0.5555555555555556,0.9861111111111112,0.0,0.007794863262842895,0.004152593758793481,0.6170009949307151,0.013567754162501723,0.0021519655482643467,0.5186715876031931,0.04235502725285615
1621,0.10236554666012643,0.09258011829674762,0.0,0.8863636363636364,0.0,0.9845679012345679,0.8453222598962071,0.0,0.09583505891542243,0.8333333333333334,0.5555555555555556,0.9845679012345679,0.1,0.007513370629347186,0.004934215992449563,0.6120778312114045,0.013567754162501723,0.002257704358986956,0.5099048937872007,0.042375867079475514
1622,0.1023655466082748,0.09258011824516443,0.0,0.8636363636363635,0.0,0.9429012345679012,0.7167129878876396,0.0,0.17086768078814096,0.5,0.3333333333333333,0.9583333333333334,0.0,0.006400373644683982,0.02609857275299428,0.5580809850057524,0.015616506382250886,0.0015890695760642632,0.2078865512323802,0.022643224551676888
1623,0.1023655466082748,0.09258011824516443,0.0,0.8863636363636364,0.0,0.9506172839506173,0.7661011123352622,0.0,0.11578817321238433,0.8333333333333334,0.5555555555555556,0.9537037037037037,0.0,0.007963336155596766,0.032942796270071975,0.5560173675600191,0.013567754162501723,0.00176114672647255,0.27726257212625566,0.04136543286438777
1624,0.10236554664592523,0.09258011828262153,0.0,0.8636363636363635,0.0,0.9660493827160493,0.8983194265151591,0.0,0.17800673324646143,0.5,0.3333333333333333,0.9567901234567902,0.0,0.008364085868530517,0.014054131834528201,0.6077880034582921,0.015114402361015676,0.0016747508379144416,0.4629534772583853,0.019980164803920553
1625,0.10236554661221464,0.09258011824908413,0.0,0.8409090909090908,0.0,0.9660493827160493,0.8978050623985571,0.0,0.17191433555526114,0.5,0.3333333333333333,0.9614197530864198,0.0,0.007301920426342251,0.0053174077912065834,0.5858943564009601,0.012345674392292637,0.002002490211464757,0.41165363886308,0.08027615763170898
1626,0.10236554662970143,0.09258011826648083,0.0,0.8863636363636364,0.0,0.9537037037037037,0.8915178498096701,0.0,0.20952560508538443,0.5,0.3333333333333333,0.9398148148148148,0.0,0.007301920426342251,0.005316896982085618,0.5822977039425442,0.012345674392292637,0.0020598785237586114,0.38634900499292446,0.05478587085807965
1627,0.10236554660948871,0.09258011824637219,0.0,0.8863636363636364,0.0,0.9135802469135803,0.855780919306742,0.0,0.03903813411225665,0.5,0.3333333333333333,0.941358024691358,0.0,0.006465854470068727,0.004575257268722596,0.5128262992711932,0.015838585007200156,0.0018419362441170885,0.3929269700662551,0.04506003067718823
1628,0.10236554660850683,0.0925801182453953,0.0,0.8409090909090908,0.0,0.9737654320987654,0.8267800655272484,0.0,0.13545052740948382,0.5,0.3333333333333333,0.9753086419753086,0.0,0.006465854470068727,0.015358076872919322,0.5370635234860786,0.015838585007200156,0.001995710507239643,0.28133024500823434,0.03846314908679639
1629,0.10236554660837782,0.09258011824526702,0.0,0.8636363636363635,0.0,0.9305555555555556,0.8029944896574179,0.0,0.14216327471922963,0.5,0.3333333333333333,0.9567901234567902,0.0,0.00692563492608134,0.024641447774485178,0.5301085306554678,0.013567754162501723,0.0016172029869923985,0.30367857443584956,0.041195663566767814
1630,0.1023655466492428,0.09258011828592189,0.0,0.8409090909090908,0.0,0.9274691358024691,0.7636008289714319,0.0,0.07947151297195454,0.5,0.3333333333333333,0.9552469135802469,0.0,0.006465854470068727,0.003945569469622236,0.5790081001033818,0.015838585007200156,0.0017638788587168856,0.30106352215393234,0.04125569009720673
1631,0.10236554665698694,0.09258011829362622,0.0,0.8181818181818181,0.0,0.9429012345679012,0.790780572701318,0.0,0.2236171229676871,0.5,0.3333333333333333,0.9367283950617284,0.0,0.006465854470068727,0.006489504470831695,0.5888438477465304,0.015838585007200156,0.0017638788587168856,0.24734950006534057,0.043218124051834006
1632,0.10236554673781384,0.09258011837403768,0.0,0.8636363636363635,0.0,0.9367283950617284,0.8454716894184797,0.0,0.25565674110540926,0.5,0.3333333333333333,0.9675925925925926,0.0,0.007301920426342251,0.005316896982085618,0.6053672965409918,0.012345674392292637,0.0020598785237586114,0.3996865922787385,0.05125945482248327
1633,0.10236554669563636,0.09258011833207713,0.0,0.8636363636363635,0.0,0.9567901234567902,0.872471363142852,0.0,0.16200953800214657,0.5,0.3333333333333333,0.9645061728395061,0.0,0.008364085868530517,0.014080051565820803,0.6098827331550508,0.015114402361015676,0.0016747508379144416,0.4533066441169258,0.019856767587487376
1634,0.10236554660829966,0.09258011824518925,0.0,0.8863636363636364,0.0,0.9398148148148148,0.8949169279601954,0.0,0.3166504231800318,0.5,0.3333333333333333,0.9182098765432098,0.0,0.00692563492608134,0.024364372775201495,0.5294851166279924,0.013567754162501723,0.001602944967615901,0.43642706484121097,0.0480086083913149
1635,0.10236554666416764,0.0925801183007704,0.0,0.8636363636363635,0.0,0.9660493827160493,0.9021943757602353,0.0,0.29464086790802313,0.5,0.3333333333333333,0.9027777777777778,0.0,0.00692563492608134,0.004379155561574287,0.569617992883065,0.013567754162501723,0.0017528915713089805,0.49573734845313683,0.04397087178418072
1636,0.10236554667238584,0.09258011830894608,0.0,0.8636363636363635,0.0,0.9722222222222222,0.9105601339225091,0.0,0.2397476445332598,0.5,0.3333333333333333,0.9259259259259259,0.0,0.008364085868530517,0.013478593716204301,0.601153280249554,0.015114402361015676,0.0016747508379144416,0.4545032933089777,0.01993145335686092
1637,0.10236554660879715,0.09258011824568413,0.0,0.8636363636363635,0.0,0.9583333333333334,0.9055701979128126,0.0,0.23089768003276945,0.5,0.3333333333333333,0.9089506172839507,0.0,0.006465854470068727,0.01973942564407861,0.5224074951383357,0.015838585007200156,0.0017638788587168856,0.3673714362144266,0.045139856113382476
1638,0.1023655466082748,0.09258011824516449,0.0,0.8863636363636364,0.0,0.9166666666666666,0.8750484121523565,0.0,0.2404677240224795,0.5,0.3333333333333333,0.933641975308642,0.0,0.00692563492608134,0.021096870505329556,0.5224333873382411,0.013567754162501723,0.001765303222890677,0.4128195976361677,0.04705948123453446
1639,0.1023655466082748,0.09258011824516443,0.0,0.8636363636363635,0.0,0.9305555555555556,0.829195260629853,0.0,0.2125115519992039,0.5,0.3333333333333333,0.9660493827160493,0.0,0.007414157463240927,0.005326567963147243,1.255371104687678,0.012348972286896706,0.0026577825183721044,0.41519292538569696,0.08744242266217811
1640,0.10236554660946173,0.09258011824634532,0.0,0.8409090909090908,0.0,0.9521604938271605,0.8819678547220463,0.0,0.2486543789489002,0.5,0.3333333333333333,0.9351851851851852,0.0,0.006465854470068727,0.0046444182734834355,0.547911118933015,0.015838585007200156,0.0017638788587168856,0.3518877379757641,0.05788081797039268
1641,0.10236554660865393,0.09258011824554169,0.0,0.8863636363636364,0.0,0.9737654320987654,0.879814045789446,0.0,0.2233327726683353,0.5,0.3333333333333333,0.9660493827160493,0.0,0.007301920426342251,0.005328103267440879,0.5636391340704103,0.012345674392292637,0.0021789615087073385,0.40559831561199844,0.053006501338957325
1642,0.10236554736314663,0.0925801189961612,0.0,0.8636363636363635,0.000683526999316473,0.9783950617283951,0.9195764812692375,0.0,0.21447766585351435,0.5,0.3333333333333333,0.962962962962963,0.0,0.008364085868530517,0.014032445896947894,0.6328380828783936,0.015114402361015676,0.001802733469128855,0.4739788677752699,0.019817461259693855
1643,0.10236554704514667,0.09258011867979143,0.0,0.8409090909090908,0.0,0.9845679012345679,0.9080940202539407,0.0,0.19231700022233422,0.5,0.3333333333333333,0.9768518518518519,0.1,0.00692563492608134,0.006760096007569053,0.5924230630501645,0.013567754162501723,0.001602944967615901,0.47576116061550194,0.04545221780669878
1644,0.10236554660953989,0.0925801182464231,0.0,0.8409090909090908,0.0,0.9567901234567902,0.8552165866115956,0.0,0.2390328619994203,0.5,0.3333333333333333,0.9691358024691358,0.0,0.008364085868530517,0.023167660358562627,0.814055357786035,0.015114402386166475,0.0016747508379144416,0.5196801634371552,0.023227513036660475
1645,0.10236554686376342,0.09258011849934061,0.0,0.8636363636363635,0.0,0.970679012345679,0.8840609244785855,0.0,0.2770750647488811,0.5,0.3333333333333333,0.9737654320987654,0.0,0.008364085868530517,0.013162937065232293,0.6515876938301162,0.015114402361015902,0.0016747508379144416,0.543032961145027,0.023017728935744785
1646,0.10236556082845327,0.09258013239229795,0.0,0.8863636363636364,0.000683526999316473,0.970679012345679,0.8846485524351134,0.3333333333333333,0.25275561736603036,0.5,0.3333333333333333,0.9675925925925926,0.0,0.007301920426342251,0.005316896982085618,0.6559928920855562,0.012345674392292637,0.0020598785237586114,0.5537975693331566,0.05340847130076105
1647,0.10236554660828989,0.09258011824517953,0.0,0.9090909090909091,0.0,0.9521604938271605,0.8735779605669677,0.0,0.29777831335444105,0.5,0.3333333333333333,0.941358024691358,0.0,0.006465854470068727,0.019739394988963613,0.5217601436221616,0.015838585007200156,0.0018165408989268543,0.35608616997343145,0.045520849215300245
1648,0.1023655466082748,0.09258011824516449,0.0,0.8636363636363635,0.0,0.9367283950617284,0.8680984333991559,0.0,0.12356530435282409,0.5,0.3333333333333333,0.9537037037037037,0.0,0.006400373644683982,0.031040901610478785,0.8240374086615642,0.015616506382250886,0.0015890695760642632,0.3290770323616813,0.05902061783236382
1649,0.1023655466082748,0.09258011824516449,0.0,0.8636363636363635,0.0,0.9166666666666666,0.8358676614896499,0.0,0.17624949807361656,0.5,0.3333333333333333,0.9537037037037037,0.0,0.007301920426342251,0.005289578377542601,1.06998651953308,0.012345682869545349,0.002002490211464757,0.4069083688251186,0.09054419130407217
1650,0.10236554661383146,0.09258011825069262,0.0,0.8636363636363635,0.0,0.962962962962963,0.8487718810395712,0.0,0.3585244981875524,0.5,0.3333333333333333,0.9583333333333334,0.0,0.00692563492608134,0.004638870186827017,0.6127516685940265,0.013567754162501723,0.0016481053259369384,0.4551541923028985,0.0418892405626833
1651,0.1023655466098673,0.09258011824674878,0.0,0.8409090909090908,0.000683526999316473,0.9691358024691358,0.8254342661223169,0.0,0.14595537297068018,0.5,0.3333333333333333,0.9799382716049383,0.0,0.006400373644683982,0.02778582656167795,0.6369451020504476,0.015616506382250886,0.0015890695760642632,0.35284079635969345,0.05848817264836663
1652,0.1023655466125355,0.09258011824940315,0.0,0.8863636363636364,0.0,0.933641975308642,0.8540790273266773,0.0,0.04204520288054847,0.5,0.3333333333333333,0.9506172839506173,0.0,0.008364085868530517,0.012144067658941887,0.5696332663198557,0.015114402361015676,0.0016747508379144416,0.43143897825643246,0.01975774256896863
1653,0.10236554661209318,0.09258011824896317,0.0,0.8863636363636364,0.0,0.9166666666666666,0.8563464782283959,0.0,0.07353617839492876,0.5,0.3333333333333333,0.9459876543209876,0.0,0.007301920426342251,0.0053174077912065834,0.5612331857303774,0.012345674392292637,0.002002490211464757,0.3689851549542753,0.05214745281784433
1654,0.10236554660831465,0.09258011824520412,0.0,0.8863636363636364,0.0,0.941358024691358,0.8879141716901573,0.0,0.29578868069489983,0.5,0.3333333333333333,0.9104938271604939,0.0,0.006400373644683982,0.027857455085924684,0.5483296225158746,0.015616506382250886,0.0016378573119200665,0.36429227515467966,0.026422069182582487
1655,0.10236554660828334,0.09258011824517298,0.0,0.8863636363636364,0.0,0.8858024691358025,0.8497970113353726,0.0,0.1674012132284728,0.5,0.3333333333333333,0.941358024691358,0.0,0.006465854470068727,0.019736489827835362,0.4753031927369426,0.015838585007200156,0.0017638788587168856,0.3578087455621438,0.04561847738129513
1656,0.10236554660827557,0.09258011824516521,0.0,0.8409090909090908,0.0,0.9614197530864198,0.8643242861981097,0.0,0.1187989065100783,0.5,0.3333333333333333,0.9691358024691358,0.0,0.006400373644683982,0.03485583069210993,0.5169378028032281,0.015616506382250886,0.0016912819179279066,0.3845126134492208,0.022100070469994203
1657,0.10236554660827935,0.09258011824516899,0.0,0.8409090909090908,0.0,0.9691358024691358,0.8727165888416939,0.0,0.12704222792322284,0.5,0.3333333333333333,0.970679012345679,0.0,0.007301920426342251,0.0053185316517897225,0.5283285161838334,0.012345674392292637,0.002002490211464757,0.39086091099647996,0.046860505109075926
1658,0.10236554661166375,0.09258011824853596,0.0,0.8181818181818181,0.0,0.9475308641975309,0.7583414207289735,0.0,0.09067217240684056,0.5,0.3333333333333333,0.9552469135802469,0.0,0.007301920426342251,0.005595554838793254,0.587960626226701,0.012345674392292637,0.0020648675313760575,0.3207658692838611,0.048614599925288
1659,0.10236555118266444,0.09258012279605088,0.0,0.8409090909090908,0.0,0.9382716049382716,0.7531952963733738,0.0,0.22054981057624923,0.5,0.3333333333333333,0.9382716049382716,0.0,0.00692563492608134,0.004896875089197129,0.6369029379629628,0.013567754162501723,0.001602944967615901,0.3605946552349723,0.043310023544808285
1660,0.10236554674305287,0.09258011837924734,0.0,0.8863636363636364,0.0,0.9645061728395061,0.8523404685486697,0.0,0.15780787660871298,0.8333333333333334,0.5555555555555556,0.970679012345679,0.0,0.008364085868530517,0.013174799514553356,0.6675337329289649,0.015114402361015676,0.0017831713807826242,0.5114905971708155,0.0233484182901085
1661,0.10236554923862229,0.09258012086198392,0.0,0.8636363636363635,0.000683526999316473,0.9722222222222222,0.8926951805801432,0.0,0.18593403177797285,0.5,0.3333333333333333,0.9675925925925926,0.0,0.007301920426342251,0.0063257414347197005,0.6874084641985293,0.012345674392292637,0.0021968401282981683,0.5707645316967382,0.05238663926588373
1662,0.10236554887041882,0.09258012049566627,0.0,0.8636363636363635,0.0,0.970679012345679,0.882073474854461,0.0,0.22797999782506906,0.5,0.3333333333333333,0.962962962962963,0.0,0.00692563492608134,0.005299319694475505,0.627397166163504,0.013567754162501723,0.0016481053259369384,0.5417197846899077,0.04493175082029509
1663,0.102365546776511,0.09258011841253355,0.0,0.8863636363636364,0.0,0.9737654320987654,0.8890768800847744,0.0,0.10569814754112672,0.8333333333333334,0.5555555555555556,0.9645061728395061,0.0,0.006400373644683982,0.026278274178688357,0.6510813578905615,0.015616506382250886,0.0018051142151378802,0.4874342116401899,0.0255453464204245
1664,0.10236554660828145,0.09258011824517115,0.0,0.8863636363636364,0.0,0.9351851851851852,0.7419441923882557,0.0,0.2052941525739942,0.5,0.3333333333333333,0.9506172839506173,0.0,0.006400373644683982,0.018795667095782585,0.5489952170099498,0.015616506382250886,0.0016912819179279066,0.21093563820160363,0.02219192977007038
1665,0.10236554660885466,0.09258011824574136,0.0,0.8409090909090908,0.0,0.9367283950617284,0.772850006148131,0.0,0.25113260046181973,0.5,0.3333333333333333,0.9290123456790124,0.0,0.00692563492608134,0.004874923351387895,0.5529386467881275,0.013567754162501723,0.0016481053259369384,0.3098587214063306,0.04269502096585797
1666,0.1023655466082748,0.09258011824516443,0.0,0.8636363636363635,0.0,0.9521604938271605,0.7813325018202664,0.0,0.20216536212840497,0.5,0.3333333333333333,0.9567901234567902,0.0,0.006400373644683982,0.05951752371074973,0.7860585703291184,0.015616506382250886,0.0017575697067817072,0.18787739369218265,0.02252643772589874
1667,0.1023655466082748,0.09258011824516449,0.0,0.8636363636363635,0.0,0.9475308641975309,0.7712475562150378,0.0,0.14324313798816068,0.5,0.3333333333333333,0.9598765432098766,0.0,0.006400373644683982,0.02609112378102888,0.5983802826718857,0.015616506382250886,0.0018839873058737753,0.2105625623924277,0.02251931426918749
1668,0.10236554775110529,0.09258011938212685,0.0,0.8636363636363635,0.0,0.9830246913580247,0.9194118169565528,0.0,0.1603415972067147,0.5,0.3333333333333333,0.9645061728395061,0.0,0.007301920426342251,0.005316896982085618,0.6307008105162472,0.012345674392292637,0.002002490211464757,0.4044278199504389,0.05137476369624774
1669,0.102365546614961,0.09258011825181633,0.0,0.8636363636363635,0.0,0.9891975308641975,0.9295160219270737,0.0,0.3382415861890802,0.5,0.3333333333333333,0.9598765432098766,0.1,0.008364085868530517,0.0134848106025866,0.5843725118117639,0.015114402361015676,0.0016747508379144416,0.44241400062813024,0.01909960392208078
1670,0.10236554661252029,0.09258011824938794,0.0,0.8863636363636364,0.0,0.933641975308642,0.8505532608760319,0.0,0.052746216044974426,0.5,0.3333333333333333,0.9537037037037037,0.0,0.006465854470068727,0.004572830703824645,0.5180661572917625,0.015838585007200156,0.0017638788587168856,0.4197073987005848,0.04415152894141917
1671,0.10236554663706277,0.09258011827380397,0.0,0.8863636363636364,0.0,0.9351851851851852,0.8670352576257645,0.0,0.0993471784154315,0.5,0.3333333333333333,0.9444444444444444,0.0,0.007301920426342251,0.005316896982085618,0.5802774053344562,0.012345674392292637,0.002002490211464757,0.37793727845689135,0.05198967026043554
1672,0.10236554661220687,0.0925801182490763,0.0,0.8409090909090908,0.0,0.941358024691358,0.7939188892127855,0.0,0.047382071272318194,0.5,0.3333333333333333,0.9521604938271605,0.0,0.006465854470068727,0.0039383443600105395,0.5686124228793052,0.015838585007200156,0.0018419362441170885,0.2725232401801411,0.04038762171249155
1673,0.10236554661522568,0.09258011825207946,0.0,0.8409090909090908,0.0,0.9429012345679012,0.7751105884128647,0.0,0.11061461245052195,0.5,0.3333333333333333,0.9459876543209876,0.0,0.008364085868530517,0.008007781363903916,0.6083282661666606,0.015114402361015676,0.0016747508379144416,0.3115797531928372,0.018076225989964088
1674,0.10236554754030891,0.09258011917239928,0.0,0.8409090909090908,0.0,0.9506172839506173,0.8032453212454757,0.0,0.21207030702815044,0.5,0.3333333333333333,0.9490740740740741,0.0,0.00692563492608134,0.0048486291270143185,0.6186514204077613,0.013567754162501723,0.001602944967615901,0.3464452512029609,0.042578308985980404
1675,0.10236554981670043,0.09258012143708472,0.0,0.8409090909090908,0.0,0.9722222222222222,0.8528216149630449,0.0,0.3270246929516796,0.5,0.3333333333333333,0.9459876543209876,0.0,0.008364085868530517,0.008103439993741163,0.6736205430899593,0.015114402361015676,0.0019066706072024392,0.3381348586795556,0.01837255529348708
1676,0.1023655466111062,0.09258011824798129,0.0,0.8409090909090908,0.0,0.9891975308641975,0.8748078406145546,0.0,0.2641447925023539,0.5,0.3333333333333333,0.9861111111111112,0.2,0.006400373644683982,0.028054618586441656,0.5757570910833946,0.015616506382250886,0.0017791307249549937,0.3485138061921498,0.025737888082743764
1677,0.10236554678963694,0.09258011842559488,0.0,0.8636363636363635,0.0,0.9907407407407407,0.8991582085845352,0.0,0.22479971846035973,0.5,0.3333333333333333,0.9722222222222222,0.2,0.008364085868530517,0.014069280492360033,0.6206534946827059,0.015114402361015676,0.0017831713807826242,0.4583452559915858,0.019551167819434227
1678,0.10236554660943009,0.09258011824631385,0.0,0.8636363636363635,0.000683526999316473,0.9490740740740741,0.8857533909052078,0.0,0.34740676597453435,0.5,0.3333333333333333,0.9506172839506173,0.0,0.00692563492608134,0.004390980131820153,0.560697464152084,0.013567754162501723,0.001602944967615901,0.4863404105322575,0.04783498203883131
1679,0.10236554702501366,0.09258011865976457,0.0,0.8636363636363635,0.0,0.941358024691358,0.8665488458988811,0.0,0.39452419092008273,0.5,0.3333333333333333,0.9660493827160493,0.0,0.007301920426342251,0.005316896982085618,0.6307675988261038,0.012345674392292637,0.002002490211464757,0.45629221176876544,0.052084649442003014
1680,0.1023655466082748,0.09258011824516443,0.0,0.8863636363636364,0.0,0.8811728395061729,0.8636355193537556,0.0,0.08791024718845764,0.5,0.3333333333333333,0.9367283950617284,0.0,0.006465854470068727,0.019711850183431176,0.6056662791690851,0.015838585007200156,0.0017638788587168856,0.31902569561671607,0.04396867885676343
1681,0.1023655466082749,0.09258011824516454,0.0,0.8636363636363635,0.0,0.912037037037037,0.8353299885439702,0.0,0.2825274781403406,0.5,0.3333333333333333,0.9598765432098766,0.0,0.006465854470068727,0.019358511549668386,1.2045615677980241,0.015838585007200156,0.0017638788587168856,0.33342904385157474,0.37857332790993403
1682,0.1023655466082749,0.09258011824516454,0.0,0.8636363636363635,0.0,0.9459876543209876,0.8544547488029094,0.0,0.21400771284962317,0.5,0.3333333333333333,0.9614197530864198,0.0,0.006400373644683982,0.03499457471746213,0.6662654011288649,0.015616506382250886,0.0016378573119200665,0.35445774501672517,0.022821234058169496
1683,0.1023655466082749,0.0925801182451646,0.0,0.8636363636363635,0.0,0.912037037037037,0.8209157429355994,0.0,0.18172402978566293,0.5,0.3333333333333333,0.9567901234567902,0.0,0.006465854470068727,0.01960951853302331,0.8643694525444986,0.015838585007200156,0.0017638788587168856,0.33366916062632546,0.04203978801977254
1684,0.10236554660827979,0.09258011824516943,0.0,0.9090909090909091,0.0,0.9583333333333334,0.8768622977586504,0.0,0.23856536411773355,0.5,0.3333333333333333,0.9521604938271605,0.0,0.008364085868530517,0.061616762262262724,0.5206315205501127,0.015114402361015676,0.0023612869689399463,0.3716259071016349,0.020966827135045645
1685,0.10236554660829356,0.09258011824518314,0.0,0.9090909090909091,0.0,0.9382716049382716,0.8792592207376755,0.0,0.16427890067956918,0.5,0.3333333333333333,0.9490740740740741,0.0,0.007301920426342251,0.0053185316517897225,0.5240829742762867,0.012345674392292637,0.0021789615087073385,0.33648223254486703,0.05333634685651361
1686,0.10236554662355868,0.0925801182603696,0.0,0.8863636363636364,0.0,0.8780864197530864,0.8538200918954335,0.0,0.16454351196451789,0.5,0.3333333333333333,0.9243827160493827,0.0,0.006465854470068727,0.004645738682691933,0.5382654339927612,0.015838585007200156,0.0017638788587168856,0.3858890678730348,0.04600903671642605
1687,0.10236554660833852,0.09258011824522794,0.0,0.9090909090909091,0.0,0.9552469135802469,0.8872549313830725,0.0,0.20132952966047812,0.5,0.3333333333333333,0.941358024691358,0.0,0.007301920426342251,0.0053185316517897225,0.5350160424544402,0.012345674392292637,0.0020598785237586114,0.34234427038099813,0.05448366429502778
1688,0.1023655466840353,0.09258011832053475,0.0,0.8636363636363635,0.0,0.9567901234567902,0.8690617200806101,0.0,0.1464633153471281,0.5,0.3333333333333333,0.9521604938271605,0.0,0.00692563492608134,0.005708314799120655,0.585553599060911,0.013567754162501723,0.0016814657446351199,0.4916693725034869,0.04993915939787794
1689,0.10236554661567154,0.09258011825252305,0.0,0.8863636363636364,0.0,0.9598765432098766,0.863466078569431,0.0,0.21060098309535158,0.5,0.3333333333333333,0.9614197530864198,0.0,0.007301920426342251,0.0053174077912065834,0.5697891186420779,0.012345674392292637,0.002002490211464757,0.3986021216658533,0.05471391351665694
1690,0.10236554661677355,0.09258011825361934,0.0,0.9090909090909091,0.000683526999316473,0.9861111111111112,0.8720315128827515,0.0,0.1536349838386506,0.8333333333333334,0.5555555555555556,0.9876543209876543,0.1,0.008364085868530517,0.012382381932417098,0.7850286050033152,0.015114402361435983,0.0017728898433949215,0.5326732019795231,0.023112950954131895
1691,0.1023655466184421,0.09258011825527929,0.0,0.9090909090909091,0.0,0.9783950617283951,0.8682211510068867,0.0,0.14701602740818065,0.8333333333333334,0.5555555555555556,0.9799382716049383,0.0,0.00692563492608134,0.0037463061748791173,0.7767536002287092,0.01356776643886624,0.001854195687183587,0.5457553476062927,0.0490976377906579
1692,0.10236554660827513,0.09258011824516477,0.0,0.8636363636363635,0.0,0.9583333333333334,0.8852120989073202,0.0,0.282131567766446,0.5,0.3333333333333333,0.9475308641975309,0.0,0.006465854470068727,0.019554791178152616,0.7292851839360509,0.015838585007200156,0.0018419362441170885,0.31790138694221726,0.058064860419578666
1693,0.10236554660827513,0.09258011824516488,0.0,0.8636363636363635,0.0,0.962962962962963,0.8816539281774141,0.0,0.304042285289134,0.5,0.3333333333333333,0.962962962962963,0.0,0.008364085868530517,0.06730378990077071,0.5312711949352086,0.015114402361015676,0.0016747508379144416,0.409181681142684,0.02002252228137557
1694,0.1023655466082749,0.09258011824516454,0.0,0.8636363636363635,0.0,0.9814814814814815,0.8711841133975883,0.0,0.26119873511775216,0.5,0.3333333333333333,0.9830246913580247,0.0,0.007301920426342251,0.005328103267440879,1.2341325028777068,0.012605604435525082,0.002110110412277333,0.4883819158818769,0.04847123670477879
1695,0.1023655466082748,0.09258011824516449,0.0,0.8636363636363635,0.0,0.9182098765432098,0.838318039381078,0.0,0.12614572431152682,0.5,0.3333333333333333,0.962962962962963,0.0,0.008364085868530517,0.06577914168504954,1.1675317000401417,0.015114464298922724,0.0016747508379144416,0.44445054600231004,0.02422112726744963
1696,0.10236554660827557,0.09258011824516521,0.0,0.9090909090909091,0.0,0.9089506172839507,0.8422927575317047,0.0,0.128270512896696,0.5,0.3333333333333333,0.9429012345679012,0.0,0.00692563492608134,0.02080900801692012,0.475656151076765,0.013567754162501723,0.001602944967615901,0.4156634835704254,0.045729136802773164
1697,0.10236554660827568,0.09258011824516538,0.0,0.9090909090909091,0.0,0.9058641975308642,0.8355155386427,0.0,0.11090359167960251,0.5,0.3333333333333333,0.9475308641975309,0.0,0.006400373644683982,0.030435322914760844,0.4998461363227223,0.015616506382250886,0.0015890695760642632,0.35506899564896177,0.024959836490759883
1698,0.1023655466082748,0.09258011824516443,0.0,0.9090909090909091,0.0,0.9753086419753086,0.8842695967323083,0.0,0.17303598722526414,0.5,0.3333333333333333,0.9675925925925926,0.0,0.008364085868530517,0.077020014296812,0.491964430870751,0.015114402361015676,0.00285380394665804,0.34777281499577084,0.020687841454675917
1699,0.1023655466082748,0.09258011824516449,0.0,0.8863636363636364,0.0,0.9598765432098766,0.8837806832555464,0.0,0.21342016685151377,0.5,0.3333333333333333,0.9537037037037037,0.0,0.00692563492608134,0.02158155041480853,0.4793129575843487,0.013567754162501723,0.0018085045639367099,0.38076644557628897,0.05093255474080567
1700,0.1023655466083565,0.09258011824524576,0.0,0.8409090909090908,0.0,0.9490740740740741,0.7976649207661388,0.0,0.1376960655991024,0.5,0.3333333333333333,0.9675925925925926,0.0,0.00692563492608134,0.03179444984678969,0.5281122521995386,0.013567754162501723,0.0017121844440170677,0.2903422630967477,0.03891311224417972
1701,0.1023655474489732,0.09258011908154917,0.0,0.8409090909090908,0.0,0.9444444444444444,0.8311671969613245,0.0,0.19586505700238388,0.5,0.3333333333333333,0.9521604938271605,0.0,0.00692563492608134,0.004327036083266164,0.6143981809866287,0.013567754162501723,0.001602944967615901,0.34917785864379464,0.0416142815339646
1702,0.10236554661150621,0.0925801182483793,0.0,0.8409090909090908,0.0,0.9398148148148148,0.787599328592419,0.0,0.045680568080446404,0.5,0.3333333333333333,0.9537037037037037,0.0,0.007301920426342251,0.005553217865924303,0.591551007039717,0.012345674392292637,0.0021228193794185367,0.30416061785845505,0.04767017234047283
1703,0.10236554679369558,0.0925801184296337,0.0,0.8409090909090908,0.0,0.9320987654320988,0.7586865922741097,0.0,0.26307880119812166,0.5,0.3333333333333333,0.9567901234567902,0.0,0.008364085868530517,0.008282135239835236,0.637457063741995,0.015114402361015676,0.0020707377251840318,0.35630770076173374,0.01929279249191107
1704,0.1023655467757415,0.09258011841176711,0.0,0.8863636363636364,0.0,0.970679012345679,0.853113735659467,0.0,0.10274363202830239,0.8333333333333334,0.5555555555555556,0.9753086419753086,0.0,0.00692563492608134,0.004148132445838441,0.6231795359015562,0.013567754162501723,0.001778442035561114,0.5231290862506022,0.04369794001078749
1705,0.10236554686377963,0.09258011849935266,0.0,0.8636363636363635,0.0,0.9691358024691358,0.8588068354775458,0.0,0.28083286398919405,0.5,0.3333333333333333,0.9722222222222222,0.0,0.008364085868530517,0.014158526068717543,0.6664508556496823,0.015114402361015676,0.0016747508379144416,0.5149897888906528,0.02332261177643045
1706,0.10236554666732134,0.09258011830390622,0.0,0.8863636363636364,0.0,0.9691358024691358,0.8600333396100194,0.0,0.10811796174509947,0.8333333333333334,0.5555555555555556,0.9753086419753086,0.0,0.008364085868530517,0.013176555812738437,0.6509658544163504,0.015114402361015676,0.0019565019126277818,0.49835712979172564,0.020152972757084223
1707,0.1023655523588598,0.09258012396615994,0.0,0.8636363636363635,0.0,0.9768518518518519,0.8860597387644729,0.0,0.26873864446777584,0.5,0.3333333333333333,0.9660493827160493,0.0,0.006465854470068727,0.004523870174251291,0.651636489895632,0.015838585007200156,0.00204436679281379,0.4770268197916048,0.044844709497583506
1708,0.1023655466082748,0.09258011824516443,0.0,0.8636363636363635,0.0,0.9459876543209876,0.7642897730827046,0.0,0.10419495038799398,0.5,0.3333333333333333,0.9475308641975309,0.0,0.006465854470068727,0.01979915416736553,0.57740803461134,0.015838585007200156,0.0017638788587168856,0.19843195298094882,0.04175742247000631
1709,0.1023655466082748,0.09258011824516443,0.0,0.8863636363636364,0.0,0.9475308641975309,0.7311221515968814,0.0,0.17418432154309926,0.8333333333333334,0.5555555555555556,0.9645061728395061,0.0,0.0065379338946396125,0.01895942103467446,0.5755454615921115,0.015616506382250886,0.0021132355994746724,0.20917634182341466,0.022390204732216652
1710,0.1023655466082748,0.09258011824516443,0.0,0.8863636363636364,0.0,0.9537037037037037,0.7890630584809204,0.0,0.17059157753135035,0.5,0.3333333333333333,0.9598765432098766,0.0,0.009040454331245883,0.04362548847244107,0.5729804033904825,0.015114402361015676,0.0022802574064134207,0.24524397992572927,0.01897646929559113
1711,0.1023655466082748,0.09258011824516443,0.0,0.8636363636363635,0.0,0.9552469135802469,0.7652685397785901,0.0,0.2351749136082648,0.5,0.3333333333333333,0.9614197530864198,0.0,0.0069824286693885036,0.022023402272282843,0.5538385870772291,0.013567754162501723,0.0019363423090716146,0.27954894977811,0.041431403222987044
1712,0.10236554660906627,0.09258011824595191,0.0,0.8409090909090908,0.0,0.9660493827160493,0.8862194977307797,0.0,0.032129286003445556,0.5,0.3333333333333333,0.9660493827160493,0.0,0.00692563492608134,0.006758029726318135,0.5452212365499133,0.013567754162501723,0.001602944967615901,0.44550244241938874,0.04905317489796348
1713,0.1023655466114326,0.09258011824830603,0.0,0.8409090909090908,0.0,0.9737654320987654,0.9010057034028948,0.0,0.19300176587168572,0.5,0.3333333333333333,0.9675925925925926,0.0,0.006400373644683982,0.030271102054595204,0.5702576705226702,0.015616506382250886,0.0015890695760642632,0.3634777027181197,0.024775709769700303
1714,0.10236554662198438,0.09258011825880358,0.0,0.8636363636363635,0.0,0.9645061728395061,0.8964871363956415,0.0,0.2603043908886895,0.5,0.3333333333333333,0.9552469135802469,0.0,0.006400373644683982,0.02725546044666991,0.5752979505147964,0.015616506382250886,0.0016912819179279066,0.389754899586635,0.024742812891820152
1715,0.10236554661119257,0.09258011824806722,0.0,0.8863636363636364,0.0,0.9228395061728395,0.863552142914776,0.0,0.2583454789369245,0.5,0.3333333333333333,0.9490740740740741,0.0,0.006465854470068727,0.004645628753149446,0.5215752997228449,0.015838585007200156,0.0018419362441170885,0.3883181047219326,0.044510617918274806
1716,0.10236554661425434,0.09258011825111323,0.0,0.8863636363636364,0.0,0.8811728395061729,0.8651083170825761,0.0,0.10699986840130082,0.5,0.3333333333333333,0.904320987654321,0.0,0.008364085868530517,0.014087860494596906,0.5801209272925336,0.015114402361015676,0.0016747508379144416,0.4331918054471277,0.020693699853850965
1717,0.10236554664398212,0.09258011828068813,0.0,0.8863636363636364,0.0,0.9135802469135803,0.8794857304169272,0.0,0.18536992568112964,0.5,0.3333333333333333,0.8950617283950617,0.0,0.006400373644683982,0.028244833519883196,0.5822290792081269,0.015616506382250886,0.0015890695760642632,0.4152631853442991,0.02526132076926251
1718,0.10236554660955988,0.09258011824644297,0.0,0.8863636363636364,0.0,0.8888888888888888,0.8616464329743987,0.0,0.17432658287203806,0.5,0.3333333333333333,0.9089506172839507,0.0,0.006465854470068727,0.004646567255662735,0.527137326973587,0.015838585007200156,0.0017638788587168856,0.37008360582527317,0.046043944392478206
1719,0.10236554660932551,0.09258011824620976,0.0,0.8863636363636364,0.0,0.9151234567901234,0.8630100096256135,0.0,0.1627028909260806,0.5,0.3333333333333333,0.9367283950617284,0.0,0.007301920426342251,0.005317613983979496,0.5527292564045411,0.012345674392292637,0.002002490211464757,0.36381653101508443,0.05247147422644487
1720,0.10236554662006392,0.092580118256893,0.0,0.8409090909090908,0.0,0.9429012345679012,0.8516347816553325,0.0,0.27615970226079223,0.5,0.3333333333333333,0.9691358024691358,0.0,0.006465854470068727,0.00778613741906131,0.5352556151390073,0.015838585007200156,0.0030149122303388494,0.4131859423319763,0.04222995015851287
1721,0.1023655466176745,0.09258011825451573,0.0,0.8409090909090908,0.0,0.9753086419753086,0.8432605018493946,0.0,0.29551138492336027,0.5,0.3333333333333333,0.9907407407407407,0.0,0.007301920426342251,0.005402525519545,0.5748205668773348,0.012345674392292637,0.009232331646501647,0.36964126177458073,0.046685036315316404
1722,0.10236554662505826,0.09258011826186185,0.0,0.8181818181818181,0.0,0.9814814814814815,0.8620684629244073,0.0,0.13610777621342662,0.5,0.3333333333333333,0.9675925925925926,0.0,0.007301920426342251,0.005402525519545,0.6077307101446431,0.012345674392292637,0.0024008057611682038,0.3034484849644025,0.048220514350502265
1723,0.10236554660939434,0.09258011824627832,0.0,0.8181818181818181,0.004101161995898838,0.9907407407407407,0.8894516164832722,0.0,0.4153276344108623,0.5,0.3333333333333333,0.9691358024691358,0.1,0.008364085868530517,0.008839965943241533,0.5867539397005875,0.015114402361015676,0.0017782873547979355,0.3585974791962558,0.01791227102461779
1724,0.10236554664241848,0.09258011827913254,0.0,0.8409090909090908,0.0,0.9429012345679012,0.7797172916606034,0.0,0.2714617792287217,0.5,0.3333333333333333,0.9506172839506173,0.0,0.007301920426342251,0.005595044171732706,0.6042703354480871,0.012345674392292637,0.002002490211464757,0.3106533958401717,0.050494343309106494
1725,0.10236554662976727,0.0925801182665465,0.0,0.8409090909090908,0.0,0.933641975308642,0.7838796412626811,0.0,0.04828734746566199,0.5,0.3333333333333333,0.9537037037037037,0.0,0.007301920426342251,0.005553217865924303,0.6068945485771647,0.012345674392292637,0.0021228193794185367,0.31152918403956914,0.04808886059252076
1726,0.10236554661581887,0.09258011825266976,0.0,0.8409090909090908,0.0,0.9598765432098766,0.7857421761524787,0.0,0.18934650744660542,0.5,0.3333333333333333,0.9305555555555556,0.0,0.008364085868530517,0.008024732235566597,0.6111191373972034,0.015114402361015676,0.0017728898433949215,0.3129064264233806,0.019188792944721558
1727,0.10236554713412005,0.09258011876830935,0.0,0.8409090909090908,0.0,0.9567901234567902,0.7685817834018842,0.0,0.22754688344656226,0.5,0.3333333333333333,0.9583333333333334,0.0,0.006400373644683982,0.02309987996903937,0.6208601354554732,0.015616506382250886,0.0017497832590898346,0.31855833688208546,0.022819509405029744
1728,0.10236554662150943,0.09258011825833107,0.0,0.8409090909090908,0.0,0.9722222222222222,0.8353308596241334,0.0,0.32470836215988474,0.5,0.3333333333333333,0.9753086419753086,0.0,0.007301920426342251,0.005316896982085618,0.6079877826139053,0.012345674392292637,0.0021968401282981683,0.42766863129539545,0.0826207709900256
1729,0.10236554692437949,0.09258011855964615,0.0,0.8636363636363635,0.001367053998632946,0.9938271604938271,0.9045353466125502,0.0,0.4746293887577133,0.5,0.3333333333333333,0.9753086419753086,0.2,0.006465854470068727,0.0046463418446178115,0.5860382920255536,0.015838585007200156,0.0018419362441170885,0.38142309024957854,0.046037179588104014
1730,0.10236554681906107,0.09258011845486736,0.0,0.8636363636363635,0.0,0.941358024691358,0.8328354852295345,0.0,0.2386618126260991,0.5,0.3333333333333333,0.9552469135802469,0.0,0.008364085868530517,0.01386380121766287,0.6195560892597838,0.015114402361015676,0.0017782873547979355,0.4711939327520857,0.019362340873443375
1731,0.10236554684490407,0.09258011848057845,0.0,0.8636363636363635,0.0,0.9768518518518519,0.8705048104266925,0.0,0.29367528865959336,0.5,0.3333333333333333,0.9614197530864198,0.0,0.008364085868530517,0.013148305657840321,0.6259107207680372,0.015114402361015676,0.0016747508379144416,0.4716713045705728,0.01967308744300714
1732,0.10236554660827513,0.09258011824516482,0.0,0.8863636363636364,0.0,0.9351851851851852,0.8736577553134615,0.0,0.24041645637960773,0.5,0.3333333333333333,0.9305555555555556,0.0,0.00692563492608134,0.02101373717667989,0.7396263246325205,0.013567754162514777,0.001602944967615901,0.4204672321761627,0.049789488080777225
1733,0.1023655466082748,0.09258011824516449,0.0,0.8863636363636364,0.0,0.8827160493827161,0.8484563403934772,0.0,0.2062832850847679,0.5,0.3333333333333333,0.9259259259259259,0.0,0.00692563492608134,0.021116307376830217,0.7080960500184237,0.013567754162501949,0.001602944967615901,0.40971537639623284,0.04849165825724071
1734,0.1023655466082759,0.09258011824516565,0.0,0.8863636363636364,0.0,0.9691358024691358,0.8957235834460116,0.0,0.33512991131165215,0.5,0.3333333333333333,0.9444444444444444,0.0,0.006465854470068727,0.01974101665709084,0.5803314944420889,0.015838585007200156,0.0018419362441170885,0.32868963216078734,0.056640072016121826
1735,0.1023655466082748,0.09258011824516449,0.0,0.8636363636363635,0.0,0.9691358024691358,0.9026623301118644,0.0,0.3801322198979148,0.5,0.3333333333333333,0.9583333333333334,0.0,0.007301920426342251,0.005289578377542601,0.5063102426947617,0.012345674392292637,0.0020598785237586114,0.34836317807803696,0.052461159136158925
1736,0.10236554661369301,0.09258011825055484,0.0,0.8636363636363635,0.0,0.9490740740740741,0.8880334888399075,0.0,0.12723107052084892,0.5,0.3333333333333333,0.9691358024691358,0.0,0.00692563492608134,0.0043785740821933716,0.5565609317568825,0.013567754162501723,0.001602944967615901,0.49930428780463765,0.04390572816254237
1737,0.10236554686187338,0.0925801184974605,0.0,0.8636363636363635,0.0,0.9567901234567902,0.8913605461858821,0.0,0.11631063632913263,0.5,0.3333333333333333,0.9645061728395061,0.0,0.00692563492608134,0.004378560559937681,0.5894257154680466,0.013567754162501723,0.001602944967615901,0.5320706815888918,0.043995661156189136
1738,0.1023655659946362,0.09258013753198907,0.0,0.8863636363636364,0.0,0.9552469135802469,0.9031669185959659,0.0,0.22447362491962342,0.5,0.3333333333333333,0.9367283950617284,0.0,0.00692563492608134,0.004524546241139012,0.6367308658984335,0.013567754162501723,0.0016172029869923985,0.5535292293201128,0.045075886647420176
1739,0.10236554753860383,0.09258011917071507,0.0,0.8636363636363635,0.0,0.9675925925925926,0.9163018069717215,0.0,0.2159945956305479,0.5,0.3333333333333333,0.9320987654320988,0.0,0.006465854470068727,0.00464609404182736,0.5877969226473975,0.015838585007200156,0.0018419362441170885,0.42430866247390125,0.04488547353537359
1740,0.1023655466082748,0.09258011824516449,0.0,0.8863636363636364,0.0,0.9737654320987654,0.9054683894522904,0.0,0.23654112631542823,0.5,0.3333333333333333,0.9691358024691358,0.0,0.006465854470068727,0.019712678731423555,0.5505651061419692,0.015838585007200156,0.0018387611335638815,0.35116698501485255,0.04004217940575988
1741,0.10236554660827579,0.09258011824516549,0.0,0.8636363636363635,0.0,0.9490740740740741,0.8809013613178002,0.0,0.18514960035400074,0.5,0.3333333333333333,0.9598765432098766,0.0,0.006400373644683982,0.03416906024584182,0.5240896939580844,0.015616506382250886,0.0015890695760642632,0.38486644893958794,0.022609181604913372
1742,0.10236554660947705,0.09258011824636059,0.0,0.8636363636363635,0.0,0.9814814814814815,0.8725143762357311,0.0,0.24983412051363174,0.5,0.3333333333333333,0.9660493827160493,0.0,0.006400373644683982,0.02634472766149085,0.8718196364949272,0.015616506382250886,0.0017552440272029842,0.45077421165995957,0.06043579225003374
1743,0.10236554660908714,0.09258011824597262,0.0,0.8636363636363635,0.000683526999316473,0.9830246913580247,0.9017996390496769,0.0,0.2546247722210673,0.5,0.3333333333333333,0.9567901234567902,0.0,0.008364085868530517,0.012997475210057908,0.7623628972136268,0.01511440246082469,0.0017728898433949215,0.48890649732603936,0.02460983561352364
1744,0.10236554661083141,0.09258011824770795,0.0,0.8863636363636364,0.0,0.9459876543209876,0.896964341663148,0.0,0.07089770612309321,0.5,0.3333333333333333,0.8919753086419753,0.0,0.00692563492608134,0.004524848523262113,0.5442202306674269,0.013567754162501723,0.001602944967615901,0.46291911077661096,0.045665430713136265
1745,0.10236554661201169,0.09258011824888213,0.0,0.8863636363636364,0.0,0.9475308641975309,0.897106756889599,0.0,0.07074345144328076,0.5,0.3333333333333333,0.8919753086419753,0.0,0.00692563492608134,0.004524848523262113,0.5476848210922796,0.013567754162501723,0.0016172029869923985,0.4657369224328749,0.04570564366981855
1746,0.10236554660842179,0.0925801182453107,0.0,0.9090909090909091,0.0,0.9398148148148148,0.8823240242753367,0.0,0.2144533686402279,0.5,0.3333333333333333,0.9197530864197531,0.0,0.00692563492608134,0.02442691618435173,0.5262275098386533,0.013567754162501723,0.0016560688548505394,0.43621829312612637,0.0504335506326444
1747,0.10236554660845298,0.09258011824534174,0.0,0.8863636363636364,0.0,0.9768518518518519,0.8961259278358712,0.0,0.30902380589178635,0.5,0.3333333333333333,0.9444444444444444,0.0,0.00692563492608134,0.026763148229013507,0.5251521265082592,0.013567754162501723,0.0016560688548505394,0.4287828823242267,0.05033263606540359
1748,0.10236554668027342,0.09258011831679341,0.0,0.8636363636363635,0.0,0.9783950617283951,0.912148886798197,0.0,0.11289372310889456,0.5,0.3333333333333333,0.9691358024691358,0.0,0.008364085868530517,0.013483551378328606,0.6084098561318004,0.015114402361015676,0.0016747508379144416,0.45759735276729685,0.019910913242766726
1749,0.10236554661366903,0.09258011825053103,0.0,0.8636363636363635,0.0,0.9753086419753086,0.9069833574830387,0.0,0.18806486921633792,0.5,0.3333333333333333,0.9598765432098766,0.0,0.008364085868530517,0.014054326992605655,0.5907787334558788,0.015114402361015676,0.0016747508379144416,0.4510193496103303,0.02000150787128325
1750,0.10236554669770948,0.09258011833413932,0.0,0.8409090909090908,0.0,0.9737654320987654,0.896083562551816,0.0,0.29150157091756834,0.5,0.3333333333333333,0.9660493827160493,0.0,0.008364085868530517,0.020449717749417434,0.6111417717017857,0.015114402361015676,0.0017782873547979355,0.4589422937059039,0.02059915042892924
1751,0.10236554661492381,0.09258011825177931,0.0,0.8409090909090908,0.0,0.9660493827160493,0.8832242758943996,0.0,0.089604844651895,0.5,0.3333333333333333,0.9675925925925926,0.0,0.00692563492608134,0.006751732069820733,0.5585171944094511,0.013567754162501723,0.001602944967615901,0.45587922179442275,0.04524901265176861
1752,0.10236563195631876,0.09258020315507148,0.0,0.8636363636363635,0.0,0.9583333333333334,0.8781100484484989,0.0,0.1823294736849973,0.5,0.3333333333333333,0.9753086419753086,0.0,0.007301920426342251,0.005316896982085618,0.6741623866572455,0.012345674392292637,0.0020598785237586114,0.5401667499004706,0.053917540099370324
1753,0.10236554661766606,0.09258011825450746,0.0,0.8636363636363635,0.0,0.9552469135802469,0.8621099338655813,0.0,0.20457469959129704,0.5,0.3333333333333333,0.970679012345679,0.0,0.007301920426342251,0.005316896982085618,0.6118359543442022,0.012345674392292637,0.002191848859788402,0.47781030502974725,0.08274053088641979
1754,0.1023655466085166,0.09258011824540507,0.0,0.8636363636363635,0.0,0.9552469135802469,0.8589124568586974,0.0,0.2479146631801118,0.5,0.3333333333333333,0.9645061728395061,0.0,0.006400373644683982,0.027878831153303765,0.9043786297870829,0.015616506382250886,0.0016672068779845831,0.420979584320419,0.05935438502993167
1755,0.10236554661038977,0.09258011824726853,0.0,0.8636363636363635,0.0,0.8966049382716049,0.8573190792526222,0.0,0.19117890150736983,0.5,0.3333333333333333,0.962962962962963,0.0,0.00692563492608134,0.004517097942700487,0.556578604623112,0.013567754162501723,0.001602944967615901,0.493062492880437,0.04806879878779872
1756,0.10236554796399344,0.09258011959390844,0.0,0.8636363636363635,0.0,0.9722222222222222,0.8810767079004074,0.0,0.2081221238876867,0.5,0.3333333333333333,0.9598765432098766,0.0,0.006465854470068727,0.006498516147805852,0.6190727701479953,0.015838585007200156,0.0018419362441170885,0.43433663801555844,0.04550907052579764
1757,0.10236554897901595,0.09258012060370852,0.0,0.8636363636363635,0.000683526999316473,0.9814814814814815,0.9113343984029378,0.0,0.2628209856164341,0.5,0.3333333333333333,0.9598765432098766,0.0,0.006400373644683982,0.02772042247324581,0.638286777093797,0.015616506382250886,0.0016912819179279066,0.4900732149060673,0.025857104485065403
1758,0.10236554660827557,0.09258011824516527,0.0,0.8863636363636364,0.0,0.8842592592592593,0.8372933730794183,0.0,0.25317163169421564,0.5,0.3333333333333333,0.9444444444444444,0.0,0.00692563492608134,0.021924255619959237,0.6816086284298182,0.01356775416250285,0.0018999956081403055,0.425811358855449,0.051304945786716766
1759,0.10236554660828412,0.09258011824517376,0.0,0.8863636363636364,0.0,0.9367283950617284,0.8705206352355248,0.0,0.2813760872482195,0.5,0.3333333333333333,0.9645061728395061,0.0,0.00692563492608134,0.0253151754106091,0.6200535223209444,0.013567754162501723,0.0016560688548505394,0.452902000657447,0.04985489980345799
1760,0.1023655466082748,0.09258011824516443,0.0,0.8636363636363635,0.0,0.933641975308642,0.8520418618006583,0.0,0.11541348091836101,0.5,0.3333333333333333,0.9552469135802469,0.0,0.008364085868530517,0.06450621425736079,0.9791544548333888,0.015114402560263666,0.0016747508379144416,0.406648464443822,0.2573886679614649
1761,0.1023655466082749,0.0925801182451646,0.0,0.8863636363636364,0.0,0.9691358024691358,0.8856553317579622,0.0,0.21013406806523327,0.5,0.3333333333333333,0.9398148148148148,0.0,0.006465854470068727,0.019647838103395033,1.0623927692119068,0.015838585007200156,0.0017638788587168856,0.33832025592012327,0.05693200976724885
1762,0.1023655466082748,0.09258011824516449,0.0,0.8863636363636364,0.0,0.8641975308641976,0.8591365250934695,0.0,0.2179004436851869,0.5,0.3333333333333333,0.9166666666666666,0.0,0.006465854470068727,0.019739394988963613,0.5797345298259765,0.015838585007200156,0.0017638788587168856,0.3240681575171318,0.05540608422902104
1763,0.10236554660827502,0.09258011824516471,0.0,0.8636363636363635,0.0,0.933641975308642,0.8684790120260297,0.0,0.12239116708524456,0.5,0.3333333333333333,0.9506172839506173,0.0,0.00692563492608134,0.021105276274365155,0.656788022118818,0.013567754162501723,0.001602944967615901,0.41021048594426274,0.050096904980623885
1764,0.10236554660920427,0.0925801182460892,0.0,0.8636363636363635,0.0,0.9490740740740741,0.8662953908511851,0.0,0.29132228645867564,0.5,0.3333333333333333,0.9459876543209876,0.0,0.006465854470068727,0.004553791522232907,0.5728674568172885,0.015838585007200156,0.0017638788587168856,0.3555584422957278,0.044702269219889366
1765,0.10236554660835118,0.09258011824524048,0.0,0.8863636363636364,0.0,0.9753086419753086,0.8774787461879459,0.0,0.28637709929396715,0.5,0.3333333333333333,0.9598765432098766,0.0,0.008364085868530517,0.061223039661528235,0.5541714511570914,0.015114402361015676,0.0016747508379144416,0.40821189171710015,0.020191981194782285
1766,0.10236554660828456,0.09258011824517415,0.0,0.8863636363636364,0.0,0.9537037037037037,0.8948099681684323,0.0,0.262490167652376,0.5,0.3333333333333333,0.9290123456790124,0.0,0.008364085868530517,0.061209717529737494,0.5372626547172961,0.015114402361015676,0.0019066706072024392,0.4036331440650174,0.019793807383224987
1767,0.10236554661007868,0.09258011824695911,0.0,0.8409090909090908,0.0,0.9490740740740741,0.8313614663982576,0.0,0.2380778513294538,0.5,0.3333333333333333,0.9660493827160493,0.0,0.006400373644683982,0.026341158005849002,0.646377498148111,0.015616506382250886,0.0017225416398595223,0.3710560300921215,0.060733896764528526
1768,0.10236554661274488,0.09258011824961143,0.0,0.8863636363636364,0.0,0.9228395061728395,0.8517791956493568,0.0,0.037818569334608476,0.5,0.3333333333333333,0.9521604938271605,0.0,0.007301920426342251,0.0053174077912065834,0.5622641057777573,0.012345674392292637,0.002002490211464757,0.37147336781606316,0.05181210497409369
1769,0.10236554661206332,0.09258011824893342,0.0,0.8863636363636364,0.0,0.9320987654320988,0.8525547325655627,0.0,0.04161619373159264,0.5,0.3333333333333333,0.9506172839506173,0.0,0.00692563492608134,0.0044800945746913835,0.5366702852857885,0.013567754162501723,0.001602944967615901,0.4738299194627588,0.04436766332555744
1770,0.1023655466131752,0.09258011825003959,0.0,0.8863636363636364,0.0,0.8703703703703703,0.832267851544187,0.0,0.12242450600041976,0.5,0.3333333333333333,0.9382716049382716,0.0,0.008364085868530517,0.013528183595824453,0.5714098483116874,0.015114402361015676,0.0016747508379144416,0.4242641042645064,0.02039572526109215
1771,0.10236554661331188,0.09258011825017554,0.0,0.8863636363636364,0.0,0.8827160493827161,0.8356256556601063,0.0,0.12477967969740356,0.5,0.3333333333333333,0.9367283950617284,0.0,0.008364085868530517,0.012145311728018948,0.5712542365245811,0.015114402361015676,0.0016747508379144416,0.42703911428605,0.02019733058280907
1772,0.10236554661054853,0.09258011824742651,0.0,0.8863636363636364,0.0,0.9645061728395061,0.9117663920829556,0.0,0.25001871079321125,0.5,0.3333333333333333,0.9212962962962963,0.0,0.00692563492608134,0.004524848523262113,0.541848906009792,0.013567754162501723,0.0016172029869923985,0.47567116012521077,0.04501976344717263
1773,0.1023655466086294,0.09258011824551726,0.0,0.8863636363636364,0.0,0.9367283950617284,0.8882289835293218,0.0,0.2382437063597731,0.5,0.3333333333333333,0.9243827160493827,0.0,0.006465854470068727,0.0197010266749666,0.5323498502535903,0.015838585007200156,0.0017638788587168856,0.366055244469184,0.04558094478558455
1774,0.10236554661158959,0.09258011824846218,0.0,0.8863636363636364,0.0,0.9089506172839507,0.8590980681417225,0.0,0.10035946344774227,0.5,0.3333333333333333,0.9475308641975309,0.0,0.00692563492608134,0.004520856113189242,0.5370301116767234,0.013567754162501723,0.001602944967615901,0.46908747163625425,0.04508134475034394
1775,0.10236554785933705,0.0925801194897991,0.0,0.8863636363636364,0.0,0.970679012345679,0.9100091086933275,0.0,0.26280343235120995,0.5,0.3333333333333333,0.9305555555555556,0.0,0.007301920426342251,0.005316896982085618,0.6173182187109981,0.012345674392292637,0.002002490211464757,0.41075744119949864,0.05290389008674804
1776,0.10236554660827513,0.09258011824516477,0.0,0.8636363636363635,0.0,0.9567901234567902,0.876701603671227,0.0,0.17177909932077007,0.5,0.3333333333333333,0.9567901234567902,0.0,0.006465854470068727,0.019622402520884215,0.5289190571945116,0.015838585007200156,0.0018419362441170885,0.35335442634904857,0.04114967344761103
1777,0.1023655466082748,0.09258011824516443,0.0,0.8636363636363635,0.0,0.9490740740740741,0.8713577458827744,0.0,0.2599091198606518,0.5,0.3333333333333333,0.9645061728395061,0.0,0.008364085868530517,0.060142501845014386,0.6650634999199848,0.015114402361015676,0.0017782873547979355,0.4079972628256296,0.0187636567074972
1778,0.10236554660827835,0.09258011824516804,0.0,0.8636363636363635,0.0,0.933641975308642,0.8527797969624631,0.0,0.09135308703729961,0.5,0.3333333333333333,0.9583333333333334,0.0,0.007301920426342251,0.0053185316517897225,0.5307039220766531,0.012345674392292637,0.002002490211464757,0.37565462623383394,0.04797014298904674
1779,0.10236554660827613,0.09258011824516582,0.0,0.8636363636363635,0.0,0.9305555555555556,0.855701102771337,0.0,0.09300777562168772,0.5,0.3333333333333333,0.9567901234567902,0.0,0.00692563492608134,0.021450404124996495,0.5055665308887285,0.013567754162501723,0.001602944967615901,0.44182903988923167,0.04114814102793268
1780,0.1023655466082748,0.09258011824516443,0.0,0.8636363636363635,0.0,0.9444444444444444,0.7367144554904386,0.0,0.1694087004137962,0.5,0.3333333333333333,0.962962962962963,0.0,0.007388018982871245,0.005703080252179144,0.7091319753059228,0.012345674392292637,0.0025765580773892687,0.2581589186063075,0.04617458118585467
1781,0.10236554662562236,0.09258011826242263,0.0,0.8409090909090908,0.0,0.9382716049382716,0.7487589005404043,0.0,0.17153227483657563,0.5,0.3333333333333333,0.9506172839506173,0.0,0.00692563492608134,0.004874843360427535,0.5696544259024389,0.013567754162501723,0.001602944967615901,0.3597541781216199,0.04304408237659609
1782,0.10236554708580814,0.09258011872024635,0.0,0.8409090909090908,0.0,0.933641975308642,0.7805493600991913,0.0,0.06923391457157813,0.5,0.3333333333333333,0.9537037037037037,0.0,0.007301920426342251,0.005553217865924303,0.6392533553354097,0.012345674392292637,0.002002490211464757,0.3418262069705518,0.048821298974841824
1783,0.10236554665367636,0.09258011829033258,0.0,0.8409090909090908,0.0,0.9398148148148148,0.7764931435514486,0.0,0.07903018296326492,0.5,0.3333333333333333,0.9537037037037037,0.0,0.006400373644683982,0.05041825366157719,0.6016572935747421,0.015616506382250886,0.0016912819179279066,0.2909522352238052,0.022094638539077446
1784,0.10236554661918629,0.09258011825601975,0.0,0.8636363636363635,0.000683526999316473,0.9691358024691358,0.8868703923537931,0.0,0.4117776569479171,0.5,0.3333333333333333,0.9675925925925926,0.0,0.007301920426342251,0.0063257414347197005,0.6214136038723265,0.012345674392292637,0.0023177815947302443,0.47649823863301305,0.08578436277882678
1785,0.1023655467531086,0.09258011838925229,0.0,0.8863636363636364,0.0,0.970679012345679,0.8769038310455894,0.0,0.10046147908428338,0.8333333333333334,0.5555555555555556,0.9722222222222222,0.0,0.006400373644683982,0.026278274178688357,0.6853751274603119,0.015616506382250886,0.0018247485993816352,0.5283139534906328,0.025537616164323356
1786,0.10236554660827746,0.09258011824516715,0.0,0.8863636363636364,0.0,0.8888888888888888,0.8418099008255527,0.0,0.21342462086674718,0.5,0.3333333333333333,0.9367283950617284,0.0,0.008364085868530517,0.06109357061295187,0.5627313605017085,0.015114402361015676,0.0016747508379144416,0.38803120493299703,0.02474220020447109
1787,0.1023655466084552,0.0925801182453439,0.0,0.8863636363636364,0.0,0.9182098765432098,0.8679050709878713,0.0,0.10690714825003444,0.5,0.3333333333333333,0.9459876543209876,0.0,0.008364085868530517,0.05942660955798507,0.5466601034777886,0.015114402361015676,0.0017782873547979355,0.4083559227168617,0.020127391200694296
1788,0.10236554702068446,0.09258011865545202,0.0,0.8636363636363635,0.000683526999316473,0.9737654320987654,0.8821339250775383,0.0,0.41487601924425,0.5,0.3333333333333333,0.9598765432098766,0.0,0.006465854470068727,0.004545911601617298,0.6577153783888452,0.015838585007200156,0.0018419362441170885,0.47612336656537635,0.05697127550201165
1789,0.10236555474871223,0.0925801263437685,0.0,0.8636363636363635,0.0,0.9768518518518519,0.8903955778534329,0.0,0.2690458211252298,0.5,0.3333333333333333,0.9768518518518519,0.0,0.00692563492608134,0.00534452793869293,0.6418928634098339,0.013567754162501723,0.001602944967615901,0.5882660684413996,0.044713644979260135
1790,0.10236554661056396,0.09258011824744183,0.0,0.8636363636363635,0.0,0.9490740740740741,0.8570866654147254,0.0,0.1352090224907594,0.5,0.3333333333333333,0.9598765432098766,0.0,0.007301920426342251,0.005461763164363987,0.601376713731229,0.012345674392292637,0.0023505805393244272,0.42804509691603737,0.08648202923524582
1791,0.10236554661006536,0.09258011824694579,0.0,0.8636363636363635,0.0,0.9845679012345679,0.8961388625423882,0.0,0.23174774733751136,0.5,0.3333333333333333,0.9737654320987654,0.1,0.007320958977858839,0.006324037354774544,0.9452008363386039,0.012345674392412681,0.002541484190048456,0.5326438820724926,0.08877476785669243
1792,0.1023655466082748,0.09258011824516449,0.0,0.8636363636363635,0.0,0.9429012345679012,0.7667486563764445,0.0,0.10781372078008877,0.5,0.3333333333333333,0.9444444444444444,0.0,0.006400373644683982,0.024951772693783663,0.5347487805637822,0.015616506382250886,0.0016912819179279066,0.20779180597528568,0.023277360258301582
1793,0.1023655466082748,0.09258011824516449,0.0,0.8636363636363635,0.0,0.9429012345679012,0.734243184855754,0.0,0.16810109819090202,0.5,0.3333333333333333,0.9475308641975309,0.0,0.006400373644683982,0.026131380875632847,0.5595271715715422,0.015616506382250886,0.0015890695760642632,0.20197627458954184,0.022884403877513407
1794,0.1023655466083222,0.09258011824521162,0.0,0.8636363636363635,0.0,0.933641975308642,0.754123818890893,0.0,0.10093295318252082,0.5,0.3333333333333333,0.9459876543209876,0.0,0.007301920426342251,0.005555286816856021,0.5659464937139709,0.012345674392292637,0.002002490211464757,0.27765361862289545,0.04827078523130668
1795,0.10236554660828168,0.09258011824517137,0.0,0.8636363636363635,0.0,0.9429012345679012,0.7704804028078045,0.0,0.17625081402469922,0.5,0.3333333333333333,0.9274691358024691,0.0,0.00692563492608134,0.024715260295715028,0.5418882946363817,0.013567754162501723,0.0016481053259369384,0.29773012004945526,0.04287812655010017
1796,0.1023655466082749,0.09258011824516454,0.0,0.8636363636363635,0.0,0.9537037037037037,0.7937016621046424,0.0,0.20782525445947742,0.5,0.3333333333333333,0.9598765432098766,0.0,0.007301920426342251,0.005597794056106157,0.5661641656980883,0.012345674392292637,0.002183500756083086,0.2521469665137318,0.04840694576646887
1797,0.10236554660831165,0.09258011824520113,0.0,0.8863636363636364,0.0,0.9444444444444444,0.7683024195863546,0.0,0.19890204339025042,0.5,0.3333333333333333,0.9490740740740741,0.0,0.008364085868530517,0.056457425111319355,0.5637613930644627,0.015114402361015676,0.0018873838504151193,0.27533123740763554,0.018908215486710355
1798,0.10236554660827801,0.09258011824516765,0.0,0.8636363636363635,0.0,0.9475308641975309,0.7604751136610388,0.0,0.11271653020499406,0.5,0.3333333333333333,0.9598765432098766,0.0,0.006465854470068727,0.021056178313055587,0.5094723316661789,0.015838585007200156,0.0019308650845550276,0.23614748980376407,0.04081225507817112
1799,0.10236554667446673,0.09258011831101581,0.0,0.8181818181818181,0.0,0.9521604938271605,0.7751039906038741,0.0,0.09565045609767098,0.5,0.3333333333333333,0.9583333333333334,0.0,0.006400373644683982,0.023102935659093753,0.598776010418087,0.015616506382250886,0.0016433176329880795,0.2877741629416094,0.02309579800827621
1800,0.09707678915366458,0.08554210674667811,0.0,0.9318181818181819,0.0,0.8981481481481481,0.8542732322363863,0.0,0.03165083172141414,0.5,0.3333333333333333,0.7438271604938271,0.0,0.011422849835793464,0.10901053156486504,0.4979436436631637,0.01846797696077534,0.002763079450885547,0.2978974566956459,0.04075027280406551
1801,0.09707678915366336,0.0855421067466774,0.0,0.9090909090909091,0.0,0.6851851851851851,0.70440512077635,0.0,0.10606129592013791,0.5,0.3333333333333333,0.4907407407407407,0.0,0.01087922792431959,0.04893610898605649,0.533373175363802,0.020728392235205853,0.002532993907850575,0.29315143660322646,0.044785449584844886
1802,0.09707678915366336,0.0855421067466774,0.0,0.9090909090909091,0.0,0.404320987654321,0.5499355237414086,0.0,0.07839825735848183,0.5,0.3333333333333333,0.6450617283950617,0.0,0.011045796141028047,0.007899823027296407,0.5594860763898772,0.02037631948920142,0.0025408269897445337,0.22081413972353012,0.040149045901299224
1803,0.09707678915366336,0.0855421067466774,0.0,0.9090909090909091,0.0,0.5802469135802469,0.6674138592023147,0.0,0.023408354134942577,0.5,0.3333333333333333,0.6296296296296297,0.0,0.011045796141028047,0.007899823027296407,0.6165563836601863,0.02037631948920142,0.0025408269897445337,0.2774215259976926,0.041473528008954354
1804,0.09707678915366358,0.0855421067466775,0.0,0.9090909090909091,0.0,0.5277777777777778,0.671686720286322,0.0,0.010958832554094022,0.5,0.3333333333333333,0.4783950617283951,0.0,0.011045796141028047,0.007899823027296407,0.5164972336543476,0.02037631948920142,0.0025408269897445337,0.2616257564287726,0.03942347289321316
1805,0.09707678915366336,0.0855421067466774,0.0,0.9090909090909091,0.0,0.7654320987654322,0.7305319350046837,0.0,0.11005967659530835,0.5,0.3333333333333333,0.6049382716049383,0.0,0.011045796141028047,0.007899823027296407,0.5254084057047272,0.020376319499347675,0.0025408269897445337,0.2895373098438839,0.04000521270600403
1806,0.09707678915366857,0.08554210674668056,0.03125,0.9318181818181819,0.0,0.558641975308642,0.6554901114080045,0.0,0.10298566125476372,0.8333333333333334,0.6666666666666666,0.4598765432098766,0.0,0.011045796141028047,0.12244358942770064,0.47419411227193725,0.02037631950304366,0.0026530807829304687,0.2449724159360963,0.03915499459282052
1807,0.09707678915366413,0.08554210674667784,0.03125,0.9318181818181819,0.0,0.5339506172839505,0.6755552609868694,0.0,0.07139426939571203,0.8333333333333334,0.6666666666666666,0.43827160493827155,0.0,0.011045796141028047,0.12246383034079379,0.488875004509538,0.020376319510356993,0.0026530807829304687,0.252228820438419,0.04006163441364772
1808,0.09707678915366336,0.0855421067466774,0.0,0.9090909090909091,0.0,0.3271604938271605,0.583353284848044,0.0,0.1842599678069624,0.5,0.3333333333333333,0.691358024691358,0.0,0.01087922792431959,0.05509169055908588,0.5748159196539044,0.020728392235205628,0.002532993907850575,0.2922707782942416,0.04625790252436683
1809,0.09707678915366336,0.0855421067466774,0.0,0.9090909090909091,0.0,0.47530864197530864,0.6641237307766965,0.0,0.0638030194358915,0.5,0.3333333333333333,0.6728395061728395,0.0,0.01010164148077175,0.05897985061024555,0.6067487626340237,0.01990198253487454,0.002124828107463174,0.3575456835086186,0.038486420036070994
1810,0.09707678915366336,0.0855421067466774,0.0,0.9090909090909091,0.0,0.4783950617283951,0.6784776510286057,0.0,0.02172662528151159,0.5,0.3333333333333333,0.3641975308641975,0.0,0.01087922792431959,0.04893610898605649,0.5252400192734616,0.020728392235205628,0.002532993907850575,0.29016858711377713,0.04429653523119806
1811,0.09707678915366336,0.0855421067466774,0.0,0.9090909090909091,0.0,0.32098765432098764,0.6218369631158995,0.0,0.05521598382068782,0.5,0.3333333333333333,0.3395061728395061,0.0,0.011045796141028047,0.007899823027296407,0.5759629139855434,0.02037631948920142,0.0025408269897445337,0.30616634640408485,0.04114840928830375
1812,0.09707678915366336,0.0855421067466774,0.0,0.9090909090909091,0.0,0.5339506172839505,0.6998051755621755,0.0,0.023591458128302323,0.5,0.3333333333333333,0.6512345679012346,0.0,0.01010164148077175,0.05810635765643916,0.5657688020236106,0.01990198253487454,0.002124828107463174,0.29876271144892586,0.03828018693532538
1813,0.09707678915366336,0.0855421067466774,0.0,0.9090909090909091,0.0,0.13271604938271608,0.5607239874731984,0.0,0.09475708667014682,0.5,0.3333333333333333,0.25617283950617287,0.0,0.01087922792431959,0.05021660572445441,0.5180237869493638,0.020728392235205628,0.002532993907850575,0.2554567985872305,0.045021487896097466
1814,0.09707678915366336,0.0855421067466774,0.0,0.9090909090909091,0.0,0.5895061728395061,0.700767052660492,0.0,0.14726275391463917,0.5,0.3333333333333333,0.5308641975308642,0.0,0.009333992125887603,0.1221004592662771,0.5499767433403449,0.020979886403037176,0.0038309766972433406,0.24746638462958867,0.04687716881976384
1815,0.09707678915366336,0.0855421067466774,0.0,0.9090909090909091,0.0,0.12654320987654322,0.5413961487557628,0.0,0.11964483635209577,0.5,0.3333333333333333,0.4320987654320988,0.0,0.011422849835793464,0.08560187936750968,0.6792409605847507,0.01846797693618004,0.002590782896123348,0.3671562450421363,0.04437836839072605
1816,0.09707678915366336,0.0855421067466774,0.0,0.9090909090909091,0.0,0.37962962962962965,0.580051764189024,0.0,0.03770344819671101,0.5,0.3333333333333333,0.5709876543209876,0.0,0.009333992125887603,0.12433268549070703,0.5865107154437461,0.020979886403037176,0.0024070376763084995,0.24831686715915327,0.04538204142740556
1817,0.09707678915366369,0.08554210674667756,0.03125,0.9318181818181819,0.0005595970900951316,0.6203703703703703,0.7648454247669517,0.3333333333333333,0.13644436415433037,0.8333333333333334,0.6666666666666666,0.4228395061728395,0.0,0.01623395433540491,0.3120315971795418,0.4790741324606498,0.01846797693619395,0.005962994242889071,0.2735965682262734,0.040701645518463316
1818,0.09707678915366336,0.0855421067466774,0.0,0.9090909090909091,0.0,0.5123456790123457,0.6483491503121048,0.0,0.02223167061946396,0.5,0.3333333333333333,0.5092592592592593,0.0,0.011422849835793464,0.0832597368293147,0.5367900492733453,0.018467976936229348,0.0030016212960292405,0.3038590051218444,0.04215849835909001
1819,0.09707678915366336,0.0855421067466774,0.0,0.9090909090909091,0.0,0.4907407407407407,0.6469237613376513,0.0,0.00771490308741285,0.5,0.3333333333333333,0.4691358024691358,0.0,0.011422849835793464,0.0832597368293147,0.5273865536116608,0.01846797693621442,0.002590782896123348,0.3000119493812066,0.04230155184305234
1820,0.09707678915366447,0.08554210674667806,0.03125,0.9318181818181819,0.0,0.3950617283950617,0.6561795628138009,0.0,0.0987544694935304,0.8333333333333334,0.6666666666666666,0.33333333333333337,0.0,0.009333992125887603,0.36421866995121727,0.4800554430623694,0.020979886403037176,0.0025178531093836055,0.25370701367955706,0.04358154235171569
1821,0.09707678915366336,0.0855421067466774,0.0,0.9090909090909091,0.0,0.4907407407407407,0.68711395978747,0.0,0.046481027307679224,0.5,0.3333333333333333,0.3734567901234568,0.0,0.01087922792431959,0.04893610898605649,0.5045611667268062,0.020728392235205628,0.002532993907850575,0.2805231585691336,0.04370609788622179
1822,0.09707678915366336,0.0855421067466774,0.0,0.9090909090909091,0.0,0.5895061728395061,0.7210928136828747,0.0,0.07557403251994388,0.5,0.3333333333333333,0.558641975308642,0.0,0.01087922792431959,0.050420874943666316,0.5630617796255513,0.020728392235205628,0.002846904501509516,0.2621109704628445,0.04617873564054365
1823,0.09707678915366336,0.0855421067466774,0.0,0.9090909090909091,0.0,0.3549382716049383,0.6108932910880622,0.0,0.05563065700917502,0.5,0.3333333333333333,0.3580246913580247,0.0,0.011422849835793464,0.08557504664059928,0.5731705448482197,0.018467976936180266,0.002590782896123348,0.31206124464553014,0.0433194828072261
1824,0.09707678915366369,0.08554210674667756,0.0,0.9090909090909091,0.0,0.904320987654321,0.8464212776607791,0.0,0.046105316139025465,0.5,0.3333333333333333,0.7438271604938271,0.0,0.011422849835793464,0.10772613321717879,0.5228176838245918,0.018467976936319595,0.002590782896123348,0.30740341369021396,0.04123803726346157
1825,0.09707678915366369,0.08554210674667756,0.0,0.9090909090909091,0.0,0.8333333333333334,0.7895431773843066,0.0,0.12373524959962012,0.5,0.3333333333333333,0.6882716049382716,0.0,0.01087922792431959,0.04990228180365792,0.5018101096793119,0.020728392235229542,0.002532993907850575,0.27409796340533843,0.04364902338130875
1826,0.09707678915366336,0.0855421067466774,0.0,0.9090909090909091,0.0,0.4135802469135802,0.5750544586762418,0.0,0.07970191225089374,0.5,0.3333333333333333,0.6203703703703703,0.0,0.011422849835793464,0.08919477655557816,0.5553767327225877,0.018467976936180942,0.0030662821682054453,0.2599564301221825,0.04174975849672817
1827,0.09707678915366336,0.0855421067466774,0.0,0.9090909090909091,0.0,0.5864197530864197,0.6736063480740353,0.0,0.007239443515265953,0.5,0.3333333333333333,0.6265432098765432,0.0,0.01087922792431959,0.04682811495779686,0.6020060925444833,0.020728392235205628,0.004076021106540601,0.2688125705974641,0.04569991838359395
1828,0.09707678915366369,0.08554210674667756,0.0,0.9090909090909091,0.0,0.5493827160493827,0.6762378963002782,0.0,0.039757707907659756,0.5,0.3333333333333333,0.537037037037037,0.0,0.011422849835793464,0.0832597368293147,0.514552183080852,0.01846797693657371,0.003213676003348825,0.29491232388541855,0.041227484011136586
1829,0.09707678915366336,0.0855421067466774,0.0,0.9090909090909091,0.0,0.49382716049382713,0.6451048408486513,0.0,0.014101168754578786,0.5,0.3333333333333333,0.4814814814814815,0.0,0.011045796141028047,0.007899823027296407,0.5285172531770913,0.02037631948920142,0.0025408269897445337,0.27104719652136255,0.03982834803177724
1830,0.0970767891536688,0.08554210674668072,0.03125,0.9318181818181819,0.0,0.7160493827160495,0.7138182803594715,0.0,0.0507061452523383,0.8333333333333334,0.6666666666666666,0.5895061728395061,0.0,0.009333992125887603,0.36411660324534273,0.4807321254587852,0.02097988913891904,0.0024070376763084995,0.2583121981542814,0.044258102093631284
1831,0.09707678915366691,0.0855421067466795,0.03125,0.9318181818181819,0.0,0.7345679012345678,0.7293357238557288,0.0,0.035483182308785555,0.8333333333333334,0.6666666666666666,0.6296296296296297,0.0,0.01087922792431959,0.20356061799796646,0.4755652313781967,0.020728392245210142,0.002532993907850575,0.2634493132411435,0.043124090507761524
1832,0.09707678915366336,0.0855421067466774,0.0,0.9090909090909091,0.0,0.6790123456790124,0.6872864879923797,0.0,0.14582308347231232,0.5,0.3333333333333333,0.7685185185185185,0.0,0.011422849835793464,0.08685408258489434,0.5922540236037295,0.018467976936181397,0.0030489800777470486,0.3069707806302799,0.04364149777348341
1833,0.09707678915366336,0.0855421067466774,0.0,0.9090909090909091,0.0,0.6820987654320987,0.727821147833539,0.0,0.05237089023884889,0.5,0.3333333333333333,0.6944444444444444,0.0,0.01087922792431959,0.050420874943666316,0.600889656260803,0.020728392235205628,0.0028526490720897683,0.29751580717403603,0.045660487510161406
1834,0.09707678915366336,0.0855421067466774,0.0,0.9090909090909091,0.0,0.4783950617283951,0.6709009420817234,0.0,0.011925518592570739,0.5,0.3333333333333333,0.37962962962962965,0.0,0.011422849835793464,0.08332132452127294,0.5377799836830314,0.018467976936180717,0.002590782896123348,0.3038093449622502,0.04252733459565305
1835,0.09707678915366336,0.0855421067466774,0.0,0.9090909090909091,0.0,0.49382716049382713,0.6669494608731231,0.0,0.018116188091261254,0.5,0.3333333333333333,0.40740740740740744,0.0,0.011045796141028047,0.007899823027296407,0.5210066064045104,0.02037631948920142,0.0025408269897445337,0.2632890594014369,0.03981214788250227
1836,0.09707678915366336,0.0855421067466774,0.0,0.9090909090909091,0.0,0.5308641975308642,0.6795497895177914,0.0,0.051259845303774365,0.5,0.3333333333333333,0.6358024691358024,0.0,0.009333992125887603,0.12218318494282805,0.620023312094148,0.020979886405921692,0.0024070376763084995,0.3133536228587333,0.04714255741745134
1837,0.09707678915366336,0.0855421067466774,0.0,0.9090909090909091,0.0,0.2129629629629629,0.5229240189380673,0.0,0.041061829957502405,0.5,0.3333333333333333,0.595679012345679,0.0,0.011045796141028047,0.007899823027296407,0.5736392854791101,0.02037631948920142,0.0025408269897445337,0.24926717006243998,0.04098978373886143
1838,0.09707678915366336,0.0855421067466774,0.0,0.9090909090909091,0.0,0.2808641975308642,0.5897859679842158,0.0,0.22594758651718283,0.5,0.3333333333333333,0.3179012345679012,0.0,0.011422849835793464,0.08560187936750968,0.5406789230833347,0.018467976936180266,0.002590782896123348,0.2681415742415324,0.0430276509550265
1839,0.09707678915366336,0.0855421067466774,0.0,0.9090909090909091,0.0,0.22839506172839508,0.5970911326969615,0.0,0.10674580675781586,0.5,0.3333333333333333,0.27469135802469136,0.0,0.011045796141028047,0.007899823027296407,0.6384393782547028,0.02037631948920142,0.0025408269897445337,0.33362399463747683,0.04234668181105809
1840,0.09707678915366336,0.0855421067466774,0.0,0.9090909090909091,0.0,0.4228395061728395,0.5727182330954641,0.0,0.02128410270021719,0.5,0.3333333333333333,0.595679012345679,0.0,0.01087922792431959,0.045656510666726026,0.5652149518736572,0.020728392235205628,0.002532993907850575,0.24632216000326082,0.04471736747320589
1841,0.09707678915366336,0.0855421067466774,0.0,0.9090909090909091,0.0,0.3641975308641975,0.5635341259398239,0.0,0.0464661210707934,0.5,0.3333333333333333,0.5555555555555556,0.0,0.01087922792431959,0.049111438134283744,0.5603963653714322,0.020728392235205628,0.002532993907850575,0.2653082032620259,0.04504703707860698
1842,0.09707678915366336,0.0855421067466774,0.0,0.9090909090909091,0.0,0.48456790123456794,0.642694116947092,0.0,0.010083302180182607,0.5,0.3333333333333333,0.4537037037037037,0.0,0.01087922792431959,0.05618426250832224,0.5298801210701817,0.020728392235205628,0.002532993907850575,0.2957157579044189,0.04441275953233236
1843,0.09707678915366336,0.0855421067466774,0.0,0.9090909090909091,0.0,0.5030864197530864,0.6627370682170677,0.0,0.006201117350160712,0.5,0.3333333333333333,0.4444444444444444,0.0,0.01087922792431959,0.054595475507375674,0.5217364454053769,0.020728392235205628,0.002532993907850575,0.290450014377167,0.04441848016497929
1844,0.0970767891536638,0.08554210674667767,0.03125,0.9318181818181819,0.0,0.4320987654320988,0.6815450785453656,0.0,0.0854980148970218,0.8333333333333334,0.6666666666666666,0.3364197530864198,0.0,0.011045796141028047,0.12246383034079379,0.48583272368775976,0.02037631948920142,0.0025408269897445337,0.24001261669399193,0.039432710482378105
1845,0.09707678915366369,0.08554210674667756,0.0,0.9090909090909091,0.0,0.4444444444444444,0.6710232570708748,0.0,0.014642390367972324,0.5,0.3333333333333333,0.40740740740740744,0.0,0.01010164148077175,0.058723093076179886,0.4937227729919672,0.01990198253487454,0.002124828107463174,0.24584511998908323,0.03689269985810336
1846,0.09707678915366336,0.0855421067466774,0.0,0.9090909090909091,0.0,0.2407407407407407,0.5704149494157392,0.0,0.05103609595126668,0.5,0.3333333333333333,0.3271604938271605,0.0,0.011422849835793464,0.08557619319073194,0.5603455881302236,0.018467976936180266,0.002590782896123348,0.2930779107614247,0.04307818609333132
1847,0.09707678915366336,0.0855421067466774,0.0,0.9090909090909091,0.0,0.25308641975308643,0.5624934697010412,0.0,0.043268966070420745,0.5,0.3333333333333333,0.5648148148148149,0.0,0.011422849835793464,0.08557619319073194,0.5582283309019559,0.01846797693618049,0.002590782896123348,0.27056941337797596,0.04263030281181472
1848,0.0970767891536638,0.08554210674667767,0.0,0.9318181818181819,0.0,0.7932098765432098,0.7639844571357667,0.0,0.04666037651672339,0.5,0.3333333333333333,0.7037037037037037,0.0,0.009333992125887603,0.11950778098545374,0.5101717804959556,0.020979891067083874,0.0024070376763084995,0.2795436558655385,0.04511922889814675
1849,0.09707678915368056,0.08554210674668783,0.03125,0.9318181818181819,0.0,0.8950617283950617,0.8625761969947612,0.0,0.11338416821633468,0.8333333333333334,0.6666666666666666,0.7530864197530864,0.0,0.011045796141028047,0.12244358942770064,0.4852026318530501,0.020376343429900627,0.0025984522368117835,0.24981238626136934,0.03786082873834313
1850,0.09707678915366336,0.0855421067466774,0.0,0.9090909090909091,0.0,0.4722222222222222,0.6819288045941038,0.0,0.011198434622465947,0.5,0.3333333333333333,0.3549382716049383,0.0,0.009333992125887603,0.11887668918710774,0.5270341991902087,0.020979886403037176,0.0024070376763084995,0.2786441349815051,0.04494855223733728
1851,0.0970767891536638,0.08554210674667767,0.0,0.9318181818181819,0.0,0.7283950617283951,0.7108532270219194,0.0,0.08316402415060753,0.5,0.3333333333333333,0.6265432098765432,0.0,0.01010164148077175,0.06302435089716103,0.4841472816008387,0.01990198253487454,0.002124828107463174,0.24849556189639505,0.03633666646324418
1852,0.09707678915366336,0.0855421067466774,0.0,0.9090909090909091,0.0,0.404320987654321,0.567066990737322,0.0,0.08727444833117104,0.5,0.3333333333333333,0.6049382716049383,0.0,0.009333992125887603,0.12857582165675435,0.5845039492532278,0.020979886403037176,0.0024070376763084995,0.24304590523425465,0.045070175108273776
1853,0.09707678915366336,0.0855421067466774,0.0,0.9090909090909091,0.0,0.20370370370370372,0.5264736921983931,0.0,0.0335316995384598,0.5,0.3333333333333333,0.5864197530864197,0.0,0.011422849835793464,0.08557619319073194,0.5581407635630292,0.018467976936180266,0.002590782896123348,0.28422858697928716,0.042769555259727726
1854,0.09707678915366336,0.0855421067466774,0.0,0.9090909090909091,0.0,0.5339506172839505,0.6347966740174611,0.0,0.04975079431251839,0.5,0.3333333333333333,0.6018518518518519,0.0,0.01087922792431959,0.04682811495779686,0.5630907069071522,0.020728392235205628,0.002532993907850575,0.24312107364375612,0.045099860988555465
1855,0.09707678915366336,0.0855421067466774,0.0,0.9090909090909091,0.0,0.3055555555555556,0.6100345146559489,0.0,0.07196116306915956,0.5,0.3333333333333333,0.48765432098765427,0.0,0.009333992125887603,0.12220975737027112,0.6517219026691216,0.020979886403037176,0.0024070376763084995,0.3248422790822739,0.04767627140862338
1856,0.09707678915366336,0.0855421067466774,0.0,0.9090909090909091,0.0,0.5154320987654322,0.6574455560499217,0.0,0.006674911853596921,0.5,0.3333333333333333,0.4783950617283951,0.0,0.01010164148077175,0.058723093076179886,0.5157721687967156,0.01990198253487454,0.002124828107463174,0.255338340414266,0.03619996449123286
1857,0.09707678915366336,0.0855421067466774,0.0,0.9090909090909091,0.0,0.48765432098765427,0.6584533839439167,0.0,0.016874566875822672,0.5,0.3333333333333333,0.41975308641975306,0.0,0.01010164148077175,0.058723093076179886,0.5145278233193966,0.01990198253487454,0.002124828107463174,0.25441559408911385,0.03657111440518338
1858,0.09707678915366369,0.08554210674667756,0.0,0.9090909090909091,0.0,0.5061728395061729,0.6954765427802198,0.0,0.022266437021114638,0.5,0.3333333333333333,0.38888888888888884,0.0,0.011045796141028047,0.007899823027296407,0.5000303992928933,0.02037631948920142,0.0025408269897445337,0.2498159200529023,0.03973254329367777
1859,0.09707678915366336,0.0855421067466774,0.0,0.9090909090909091,0.0,0.3672839506172839,0.6193743217711222,0.0,0.06913634162509774,0.5,0.3333333333333333,0.3734567901234568,0.0,0.011045796141028047,0.007899823027296407,0.5148829197315232,0.02037631948920142,0.0025408269897445337,0.2602286809136554,0.04062292476647419
1860,0.09707678915366369,0.08554210674667756,0.0,0.9318181818181819,0.0,0.34259259259259256,0.6190375802737114,0.0,0.056244269937517744,0.5,0.3333333333333333,0.32098765432098764,0.0,0.01010164148077175,0.05925491053218919,0.4854522718910229,0.01990198253487454,0.002124828107463174,0.23635494378673866,0.03664245792516607
1861,0.09707678915367435,0.08554210674668405,0.03125,0.9318181818181819,0.0,0.7962962962962963,0.7623256795111346,0.0,0.07540288646637561,0.8333333333333334,0.6666666666666666,0.6388888888888888,0.0,0.01087922792431959,0.3174015067304969,0.4880548214579158,0.02072839225382955,0.0032288190391463025,0.26546333294479674,0.04251034380392025
1862,0.09707678915366369,0.08554210674667756,0.0,0.9090909090909091,0.0,0.7191358024691358,0.7600526395350007,0.0,0.07610362076891264,0.5,0.3333333333333333,0.4907407407407407,0.0,0.009333992125887603,0.12683997535011704,0.516269857631518,0.02097988640310656,0.0025178531093836055,0.2813344376058997,0.045878687260437014
1863,0.09707678915366369,0.08554210674667756,0.0,0.9090909090909091,0.0,0.5,0.6935402265966828,0.0,0.02380717897935969,0.5,0.3333333333333333,0.43827160493827155,0.0,0.011045796141028047,0.007899823027296407,0.5080384440032275,0.02037631948937693,0.0025408269897445337,0.2641955914787051,0.04047024330792034
1864,0.09707678915366336,0.0855421067466774,0.0,0.9090909090909091,0.0,0.6049382716049383,0.6881439392337609,0.0,0.14385083249333275,0.5,0.3333333333333333,0.6882716049382716,0.0,0.011422849835793464,0.08685408258489434,0.5945128974385278,0.018467976936180266,0.002590782896123348,0.2975494857520639,0.04372403213204932
1865,0.09707678915366336,0.0855421067466774,0.0,0.9090909090909091,0.0005595970900951316,0.5339506172839505,0.7090293903756075,0.0,0.12396787310970314,0.5,0.3333333333333333,0.5524691358024691,0.0,0.01087922792431959,0.050420874943666316,0.5356061527907491,0.020728392235205628,0.002532993907850575,0.25291589842070394,0.04580140338304498
1866,0.09707678915366336,0.0855421067466774,0.0,0.9090909090909091,0.0,0.5895061728395061,0.7269251172890658,0.0,0.03703201697757619,0.5,0.3333333333333333,0.5462962962962963,0.0,0.011045796141028047,0.007899823027296407,0.5706041543991303,0.02037631948920142,0.0025408269897445337,0.26660084379170756,0.041892846553988505
1867,0.09707678915366336,0.0855421067466774,0.0,0.9090909090909091,0.0,0.5246913580246914,0.688363215511421,0.0,0.04640258297976618,0.5,0.3333333333333333,0.5802469135802469,0.0,0.009333992125887603,0.12218318494282805,0.612600301388511,0.020979886403037742,0.0024070376763084995,0.2956109376647537,0.04748665376253909
1868,0.09707678915366336,0.0855421067466774,0.0,0.9090909090909091,0.0,0.5030864197530864,0.6834592906996798,0.0,0.018981440446370956,0.5,0.3333333333333333,0.3765432098765432,0.0,0.01010164148077175,0.058723093076179886,0.5208193230012892,0.01990198253487454,0.002124828107463174,0.2598311381992036,0.037056922964330836
1869,0.09707678915366336,0.0855421067466774,0.0,0.9090909090909091,0.0,0.48765432098765427,0.6726501833059266,0.0,0.04690614461407916,0.5,0.3333333333333333,0.3765432098765432,0.0,0.009333992125887603,0.12616832463890112,0.5355301443218531,0.020979886403037176,0.0024070376763084995,0.2863929093839328,0.04504471482170952
1870,0.09707678915366336,0.0855421067466774,0.0,0.9090909090909091,0.0,0.4783950617283951,0.6448239815930941,0.0,0.015923552948271524,0.5,0.3333333333333333,0.42592592592592593,0.0,0.01010164148077175,0.058723093076179886,0.5313305770856344,0.01990198253487454,0.002124828107463174,0.2687018211092113,0.03701262632511475
1871,0.09707678915366336,0.0855421067466774,0.0,0.9090909090909091,0.0,0.3549382716049383,0.6096508405373899,0.0,0.06732687302709883,0.5,0.3333333333333333,0.3765432098765432,0.0,0.01087922792431959,0.048359707248323336,0.5268231834822072,0.020728392235205628,0.002532993907850575,0.28883137970285366,0.04511934357398115
1872,0.09707678915366336,0.0855421067466774,0.0,0.9090909090909091,0.0,0.5925925925925926,0.7275931932338587,0.0,0.10306821822427492,0.5,0.3333333333333333,0.5679012345679013,0.0,0.011422849835793464,0.08557619319073194,0.5770902588523948,0.01846797693618004,0.002590782896123348,0.2987704116779496,0.04357714017129968
1873,0.09707678915366336,0.0855421067466774,0.0,0.9090909090909091,0.0,0.5462962962962963,0.6964091076972189,0.0,0.0392117491655406,0.5,0.3333333333333333,0.5709876543209876,0.0,0.009333992125887603,0.12218318494282805,0.6013047183090813,0.02097988640303797,0.0024070376763084995,0.29174470389489277,0.04740201946771315
1874,0.09707678915366336,0.0855421067466774,0.0,0.9090909090909091,0.0,0.2808641975308642,0.6287538979985197,0.0,0.10087858697436058,0.5,0.3333333333333333,0.29320987654320985,0.0,0.011422849835793464,0.08559370993432772,0.5025716977468762,0.018467976936182753,0.002590782896123348,0.27495170613535713,0.04243583542272369
1875,0.09707678915366336,0.0855421067466774,0.0,0.9090909090909091,0.0,0.2901234567901234,0.6247502592336253,0.0,0.10938697283832355,0.5,0.3333333333333333,0.33024691358024694,0.0,0.01010164148077175,0.059039952994102786,0.5329955020175615,0.01990198253487454,0.002124828107463174,0.2547929330972852,0.03753447558373838
1876,0.09707678915366336,0.0855421067466774,0.0,0.9090909090909091,0.0,0.5524691358024691,0.6842325089383686,0.0,0.07580375136973849,0.5,0.3333333333333333,0.5030864197530864,0.0,0.011045796141028047,0.007899823027296407,0.542665710379881,0.02037631948920142,0.0025408269897445337,0.2152416277067317,0.040972219868792854
1877,0.09707678915366336,0.0855421067466774,0.0,0.9090909090909091,0.0,0.1820987654320988,0.6216101031788875,0.0,0.13158559178262574,0.5,0.3333333333333333,0.2006172839506173,0.0,0.01010164148077175,0.05897892441322981,0.5353244050029792,0.01990198253487454,0.002124828107463174,0.2182446677492433,0.038364287975564036
1878,0.09707678915366336,0.0855421067466774,0.0,0.9090909090909091,0.0,0.41666666666666663,0.6432077357173627,0.0,0.05278287644812929,0.5,0.3333333333333333,0.49691358024691357,0.0,0.011422849835793464,0.08557619319073194,0.6309366284214725,0.01846797693618004,0.002590782896123348,0.3281248464271227,0.0442081627316743
1879,0.09707678915366336,0.0855421067466774,0.0,0.9090909090909091,0.0,0.5030864197530864,0.6426544546987127,0.0,0.07317834083294883,0.5,0.3333333333333333,0.5833333333333333,0.0,0.01010164148077175,0.05897985061024555,0.6370447343509024,0.01990198253487454,0.002124828107463174,0.37660997783719136,0.039125505832040615
1880,0.09707678915366336,0.0855421067466774,0.0,0.9090909090909091,0.0,0.5030864197530864,0.6611308927445141,0.0,0.1197055144267396,0.5,0.3333333333333333,0.5432098765432098,0.0,0.009333992125887603,0.12210299436881997,0.5866671983598112,0.020979886403037176,0.0024070376763084995,0.25249297023934,0.04662535749091726
1881,0.09707678915366336,0.0855421067466774,0.0,0.9090909090909091,0.0,0.20370370370370372,0.5334570523555293,0.0,0.021396698061184494,0.5,0.3333333333333333,0.5617283950617284,0.0,0.01087922792431959,0.050420874943666316,0.5655927819584388,0.020728392235205628,0.002532993907850575,0.2708690650877199,0.045493080320431215
1882,0.0970767891536638,0.08554210674667767,0.03125,0.9318181818181819,0.0,0.48765432098765427,0.6581581694244129,0.0,0.07616769311643234,0.8333333333333334,0.6666666666666666,0.43518518518518523,0.0,0.011045796141028047,0.09601971469754934,0.49003220762089783,0.020376319489201645,0.0030504249542354844,0.23604730775781382,0.03928158703427194
1883,0.09707678915366369,0.08554210674667756,0.0,0.9090909090909091,0.0,0.5802469135802469,0.7076418923265809,0.0,0.08935378098923974,0.5,0.3333333333333333,0.47530864197530864,0.0,0.01087922792431959,0.05580779869316249,0.4994175405448428,0.020728392235205853,0.002532993907850575,0.2787704802719561,0.04281717363425575
1884,0.09707678915366336,0.0855421067466774,0.0,0.9090909090909091,0.0,0.49382716049382713,0.6590029765590923,0.0,0.01418696000990538,0.5,0.3333333333333333,0.42901234567901236,0.0,0.009333992125887603,0.12616832463890112,0.5496047911707348,0.020979886403037176,0.0024070376763084995,0.29765057107341425,0.04550226563551058
1885,0.09707678915366336,0.0855421067466774,0.0,0.9090909090909091,0.0,0.5061728395061729,0.6542883425272046,0.0,0.027315256123951137,0.5,0.3333333333333333,0.4907407407407407,0.0,0.01087922792431959,0.05618426250832224,0.5209742802745141,0.020728392235205628,0.002532993907850575,0.2916008108667557,0.044096613437949767
1886,0.09707678915366336,0.0855421067466774,0.0,0.9090909090909091,0.0,0.48765432098765427,0.6494487718620459,0.0,0.008047596435138527,0.5,0.3333333333333333,0.45679012345679015,0.0,0.009333992125887603,0.12616832463890112,0.5385180037634291,0.020979886403037176,0.0024070376763084995,0.2912967589304722,0.04504766344688488
1887,0.09707678915366336,0.0855421067466774,0.0,0.9090909090909091,0.0,0.5493827160493827,0.6821591486149572,0.0,0.04270977773557638,0.5,0.3333333333333333,0.49691358024691357,0.0,0.011045796141028047,0.007899823027296407,0.5225854287273082,0.02037631948920142,0.0025408269897445337,0.2652523919660982,0.039197684723792814
1888,0.09707678915366336,0.0855421067466774,0.0,0.9090909090909091,0.0,0.37037037037037035,0.624128072967498,0.0,0.10856134735143019,0.5,0.3333333333333333,0.4444444444444444,0.0,0.011422849835793464,0.08339463257709817,0.5196039050958459,0.018467976936181848,0.002590782896123348,0.29899069840400005,0.042844978701114186
1889,0.0970767891536638,0.08554210674667767,0.03125,0.9318181818181819,0.0,0.3055555555555556,0.6129581193285281,0.0,0.11696229633744959,0.8333333333333334,0.6666666666666666,0.2870370370370371,0.0,0.009333992125887603,0.2933502142653236,0.4911496741066439,0.020979886403037176,0.0024070376763084995,0.2595078596665093,0.04447858412038444
1890,0.09707678915366336,0.0855421067466774,0.0,0.9090909090909091,0.0,0.5,0.7076996993135138,0.0,0.03490587558215974,0.5,0.3333333333333333,0.37037037037037035,0.0,0.009333992125887603,0.11887668918710774,0.5152133171547689,0.020979886403037176,0.0024070376763084995,0.2721548853071581,0.04444144192881412
1891,0.09707678915366336,0.0855421067466774,0.0,0.9090909090909091,0.0,0.46604938271604934,0.6820980116781055,0.0,0.07653843653999737,0.5,0.3333333333333333,0.40740740740740744,0.0,0.011045796141028047,0.007899823027296407,0.5194518205851988,0.0203763194892089,0.0025408269897445337,0.2696981270173568,0.040857483835465495
1892,0.09707678915366336,0.0855421067466774,0.0,0.9090909090909091,0.0,0.4320987654320988,0.6710562903545437,0.0,0.08121220676147911,0.5,0.3333333333333333,0.5802469135802469,0.0,0.01010164148077175,0.05810635765643916,0.5844614503024168,0.01990198253487454,0.002124828107463174,0.30837748868803155,0.03879258427651477
1893,0.09707678915366336,0.0855421067466774,0.0,0.9090909090909091,0.0,0.5771604938271605,0.7065725689305498,0.0,0.05010185278174928,0.5,0.3333333333333333,0.5802469135802469,0.0,0.011422849835793464,0.08557619319073194,0.5961056900143393,0.01846797693618004,0.002590782896123348,0.30800653743439754,0.04361871177776304
1894,0.09707678915366336,0.0855421067466774,0.0,0.9090909090909091,0.0,0.5802469135802469,0.733744849469006,0.0,0.13891434942907654,0.5,0.3333333333333333,0.4598765432098766,0.0,0.011045796141028047,0.007899823027296407,0.5909715916698378,0.02037631948920142,0.0025408269897445337,0.30343549893908717,0.04232944945703633
1895,0.09707678915366336,0.0855421067466774,0.0,0.9090909090909091,0.0,0.2222222222222222,0.5511930393054634,0.0,0.04498361699584652,0.5,0.3333333333333333,0.4320987654320988,0.0,0.009333992125887603,0.12373435940706963,0.5931185163291404,0.020979886403037176,0.0024070376763084995,0.29384332616571657,0.04633424072450388
1896,0.09707678915366336,0.0855421067466774,0.0,0.9090909090909091,0.0,0.904320987654321,0.8425645730375754,0.0,0.02760782591320121,0.5,0.3333333333333333,0.7407407407407407,0.0,0.02277663484009189,0.10654477766079436,0.5172669899895089,0.01990198253487454,0.009276373628584519,0.27740222106352386,0.03592737748082252
1897,0.09707678915366336,0.0855421067466774,0.0,0.9090909090909091,0.0,0.8240740740740741,0.7800307063463265,0.0,0.13534807840411478,0.5,0.3333333333333333,0.7037037037037037,0.0,0.011422849835793464,0.10772638018939125,0.5245737327240966,0.01846797693670252,0.002590782896123348,0.3084136551884337,0.0416942928606261
1898,0.09707678915366336,0.0855421067466774,0.0,0.9090909090909091,0.0,0.5246913580246914,0.6231525615230686,0.0,0.11857388734593188,0.5,0.3333333333333333,0.6018518518518519,0.0,0.01010164148077175,0.058979581150994616,0.6375049843498239,0.01990198253487454,0.002124828107463174,0.36755146071256783,0.03878835892932578
1899,0.09707678915366336,0.0855421067466774,0.0,0.9090909090909091,0.0,0.5771604938271605,0.6580609595391758,0.0,0.13118241310680545,0.5,0.3333333333333333,0.632716049382716,0.0,0.011045796141028047,0.007899823027296407,0.6756421828597526,0.02037631948920142,0.0025408269897445337,0.379959289053999,0.041869892284492234
1900,0.09707678915366369,0.08554210674667756,0.0,0.9090909090909091,0.0,0.5648148148148149,0.682596638870212,0.0,0.040007357466307125,0.5,0.3333333333333333,0.5401234567901234,0.0,0.01087922792431959,0.056231070159133874,0.5049535436924131,0.020728392235205853,0.003944643794603123,0.2861927268328076,0.04243944178612162
1901,0.09707678915366369,0.08554210674667756,0.0,0.9090909090909091,0.0,0.5277777777777778,0.6633543869111767,0.0,0.025328935101166627,0.5,0.3333333333333333,0.5154320987654322,0.0,0.011045796141028047,0.007899823027296407,0.5152003826670861,0.02037631948920142,0.0026530807829304687,0.26223939776747845,0.03927003556127407
1902,0.09707678915367945,0.08554210674668722,0.03125,0.9318181818181819,0.0,0.8333333333333334,0.78901594873819,0.0,0.06001412903809511,0.8333333333333334,0.6666666666666666,0.6728395061728395,0.0,0.01087922792431959,0.3174015067304969,0.49744614031621337,0.020728392719203875,0.003234841886562423,0.2740747607246581,0.04216502977635872
1903,0.0970767891536739,0.08554210674668378,0.03125,0.9318181818181819,0.0,0.8302469135802469,0.78802304984193,0.0,0.10479473570984299,0.8333333333333334,0.6666666666666666,0.6759259259259259,0.0,0.011422849835793464,0.3075733101555506,0.49405602326601306,0.01847815456816547,0.002590782896123348,0.30185439497406064,0.04037644998513472
1904,0.09707678915366336,0.0855421067466774,0.0,0.9090909090909091,0.0,0.6018518518518519,0.7091150089332239,0.0,0.1531053757369656,0.5,0.3333333333333333,0.5123456790123457,0.0,0.011045796141028047,0.007899823027296407,0.5640783674600853,0.020376319489201645,0.0025408269897445337,0.25237704847718995,0.041598906509180494
1905,0.09707678915366336,0.0855421067466774,0.0,0.9090909090909091,0.0,0.6265432098765432,0.6952873756151051,0.0,0.14342791179298697,0.5,0.3333333333333333,0.7469135802469136,0.0,0.011422849835793464,0.08685615995766076,0.5859329233593604,0.018467976936180942,0.002763079450885547,0.30139569823083157,0.04353320389131516
1906,0.09707678915366336,0.0855421067466774,0.0,0.9090909090909091,0.0,0.4722222222222222,0.6571095378554472,0.0,0.025233194148172267,0.5,0.3333333333333333,0.3919753086419753,0.0,0.011045796141028047,0.007899823027296407,0.5395718372437588,0.02037631948920142,0.0025408269897445337,0.2754818053483732,0.04034236079437094
1907,0.09707678915366336,0.0855421067466774,0.0,0.9090909090909091,0.0,0.48765432098765427,0.6575973634947407,0.0,0.019738629333211577,0.5,0.3333333333333333,0.4012345679012346,0.0,0.009333992125887603,0.12616832463890112,0.5408870558757776,0.020979886403037176,0.0024070376763084995,0.29106381912043156,0.04494407802239991
1908,0.09707678915366336,0.0855421067466774,0.0,0.9090909090909091,0.0,0.5,0.6636896459553585,0.0,0.06921832698540875,0.5,0.3333333333333333,0.595679012345679,0.0,0.011422849835793464,0.08557619319073194,0.5934616642807274,0.01846797693618004,0.002590782896123348,0.31625001607696274,0.043168759953478505
1909,0.09707678915366336,0.0855421067466774,0.0,0.9090909090909091,0.0,0.43518518518518523,0.5796430652443417,0.0,0.08195796085262186,0.5,0.3333333333333333,0.6080246913580247,0.0,0.01010164148077175,0.05897985061024555,0.5575856059803429,0.01990198253487454,0.002124828107463174,0.25394720616548455,0.03771091672413205
1910,0.09707678915366336,0.0855421067466774,0.0,0.9090909090909091,0.0,0.13888888888888884,0.5839738949266116,0.0,0.20895111941840816,0.5,0.3333333333333333,0.25617283950617287,0.0,0.011045796141028047,0.007899823027296407,0.6171993117033618,0.02037631948920142,0.0025408269897445337,0.30041406086330763,0.041979283029607406
1911,0.09707678915366336,0.0855421067466774,0.0,0.9090909090909091,0.0,0.095679012345679,0.5069118926975564,0.0,0.13455888154858464,0.5,0.3333333333333333,0.33333333333333337,0.0,0.01087922792431959,0.04954711694034212,0.6525060030210497,0.020728392235205628,0.002532993907850575,0.34551057524612916,0.04673074610332243
1912,0.09707678915366336,0.0855421067466774,0.0,0.9090909090909091,0.0,0.42592592592592593,0.5647331097217341,0.0,0.02091888175363077,0.5,0.3333333333333333,0.6049382716049383,0.0,0.009333992125887603,0.12857582165675435,0.585832996958677,0.020979886403037176,0.0024070376763084995,0.24367419101107704,0.045030223849719435
1913,0.09707678915366336,0.0855421067466774,0.0,0.9090909090909091,0.0,0.36111111111111116,0.5549807996346441,0.0,0.045057046255438826,0.5,0.3333333333333333,0.5925925925925926,0.0,0.01087922792431959,0.049111438134283744,0.5616044758991267,0.020728392235205628,0.002532993907850575,0.2533635547662772,0.04480775352669667
1914,0.09707678915366336,0.0855421067466774,0.0,0.9090909090909091,0.0,0.5,0.6629291581931416,0.0,0.014391126343842986,0.5,0.3333333333333333,0.42901234567901236,0.0,0.01010164148077175,0.058723093076179886,0.5244690548640009,0.01990198253487454,0.002124828107463174,0.2628926612410793,0.03700265951437356
1915,0.09707678915366336,0.0855421067466774,0.0,0.9090909090909091,0.0,0.5030864197530864,0.6719870006668661,0.0,0.03344485151295784,0.5,0.3333333333333333,0.42592592592592593,0.0,0.009333992125887603,0.12616832463890112,0.5434588503081809,0.020979886403037176,0.0024070376763084995,0.29360581125393886,0.0454967009895278
1916,0.09707678915366336,0.0855421067466774,0.0,0.9090909090909091,0.0,0.49382716049382713,0.7018024039971547,0.0,0.021505914500929646,0.5,0.3333333333333333,0.3641975308641975,0.0,0.009333992125887603,0.11887668918710774,0.5119510050926146,0.020979886403037176,0.0024070376763084995,0.27043650479964154,0.04443109544442786
1917,0.09707678915366369,0.08554210674667756,0.0,0.9318181818181819,0.0,0.47530864197530864,0.6825359430061836,0.0,0.05185843682765068,0.5,0.3333333333333333,0.3580246913580247,0.0,0.01087922792431959,0.054866363346847385,0.48833079508182337,0.020728392235205853,0.002846904501509516,0.2725580684944372,0.043424584520174093
1918,0.09707678915366336,0.0855421067466774,0.0,0.9090909090909091,0.0005595970900951316,0.48765432098765427,0.6629431906346928,0.0,0.14458852573761616,0.5,0.3333333333333333,0.5216049382716049,0.0,0.009333992125887603,0.12210299436881997,0.5751796914332956,0.020979886403037176,0.0024070376763084995,0.2671831189219731,0.046844719622585684
1919,0.09707678915366336,0.0855421067466774,0.0,0.9090909090909091,0.0,0.20679012345679015,0.534047206926253,0.0,0.03432330142196527,0.5,0.3333333333333333,0.5771604938271605,0.0,0.011045796141028047,0.007899823027296407,0.5617056620964369,0.02037631948920142,0.0025408269897445337,0.24186101217776698,0.04101777191218435
1920,0.09707678915366447,0.08554210674667806,0.0,0.9318181818181819,0.0,0.904320987654321,0.8560462593601128,0.0,0.03213692689584402,0.5,0.3333333333333333,0.75,0.0,0.01087922792431959,0.056558039719069655,0.49440394166272034,0.0207283922352572,0.002532993907850575,0.2689718233796363,0.04276619151850332
1921,0.09707678915366413,0.08554210674667784,0.0,0.9318181818181819,0.0,0.8703703703703703,0.8364218127104903,0.0,0.02119402685260563,0.5,0.3333333333333333,0.712962962962963,0.0,0.01087922792431959,0.05581570786208921,0.49373660239081124,0.0207283922353523,0.002532993907850575,0.2695848407723558,0.04297816341298517
1922,0.09707678915366369,0.08554210674667756,0.0,0.9090909090909091,0.0,0.3734567901234568,0.6225537547302099,0.0,0.11007677891645906,0.5,0.3333333333333333,0.3580246913580247,0.0,0.01087922792431959,0.049820198171895876,0.49958322929925547,0.020728392235205628,0.002532993907850575,0.2723261040622017,0.044580140906515825
1923,0.09707678915366413,0.08554210674667784,0.03125,0.9318181818181819,0.0,0.7592592592592593,0.7363529143842873,0.0,0.08888879035437613,0.8333333333333334,0.6666666666666666,0.6481481481481481,0.0,0.01087922792431959,0.18784250706798727,0.4860975635286077,0.02072839224143748,0.002532993907850575,0.267131193670961,0.04374772139333029
1924,0.09707678915366336,0.0855421067466774,0.0,0.9090909090909091,0.0,0.25308641975308643,0.6009165327955177,0.0,0.14058944334679002,0.5,0.3333333333333333,0.2962962962962963,0.0,0.011422849835793464,0.08918291938602656,0.5473020355901957,0.018467976936180942,0.002590782896123348,0.25765979012536944,0.042761807949495384
1925,0.09707678915366336,0.0855421067466774,0.0,0.9090909090909091,0.0,0.3734567901234568,0.5957488295903914,0.0,0.08908668921674867,0.5,0.3333333333333333,0.5925925925925926,0.0,0.01087922792431959,0.050391827043596786,0.5582610894592123,0.020728392235205628,0.002532993907850575,0.26889756150663024,0.04543087636839094
1926,0.09707678915366336,0.0855421067466774,0.0,0.9090909090909091,0.0,0.5524691358024691,0.6460853174141996,0.0,0.07422158391678091,0.5,0.3333333333333333,0.6080246913580247,0.0,0.009333992125887603,0.12210299436881997,0.6418373834559185,0.020979886403037176,0.0024070376763084995,0.30924047014808304,0.04716424050634232
1927,0.09707678915366336,0.0855421067466774,0.0,0.9090909090909091,0.0,0.5864197530864197,0.6678074602088802,0.0,0.02325440237452847,0.5,0.3333333333333333,0.6296296296296297,0.0,0.011422849835793464,0.08919477655557816,0.6231088185878912,0.01846797693618004,0.0027032301528991344,0.3024436109081285,0.04300660774420628
1928,0.09707678915366336,0.0855421067466774,0.0,0.9090909090909091,0.0,0.5216049382716049,0.6656206139709917,0.0,0.016602427719334845,0.5,0.3333333333333333,0.47530864197530864,0.0,0.009333992125887603,0.12616832463890112,0.530907077659048,0.020979886403037176,0.0024070376763084995,0.2866072986985947,0.04440753964413641
1929,0.09707678915366358,0.0855421067466775,0.0,0.9090909090909091,0.0,0.5432098765432098,0.6745591562829694,0.0,0.025289129777407382,0.5,0.3333333333333333,0.49691358024691357,0.0,0.01010164148077175,0.058723093076179886,0.5085156499476148,0.01990198253487454,0.002124828107463174,0.250054068068204,0.035858411113161695
1930,0.0970767891536658,0.08554210674667884,0.03125,0.9318181818181819,0.0,0.6759259259259259,0.7448348174141999,0.0,0.13587285028813123,0.8333333333333334,0.6666666666666666,0.4691358024691358,0.0,0.012014278926781577,0.3066132551079366,0.47727831957589173,0.01846797884830866,0.006950014254820033,0.29054605025632874,0.04148685481897689
1931,0.09707678915366369,0.08554210674667756,0.0,0.9090909090909091,0.0,0.5740740740740741,0.6601250968031918,0.0,0.06866753206519394,0.5,0.3333333333333333,0.4320987654320988,0.0,0.009333992125887603,0.11944409106341304,0.513304184375769,0.020979886403534216,0.0024070376763084995,0.27615774005600174,0.045683085283810244
1932,0.09707678915366691,0.0855421067466795,0.03125,0.9318181818181819,0.0,0.6790123456790124,0.6943844222008191,0.0,0.07339388828350357,0.8333333333333334,0.6666666666666666,0.595679012345679,0.0,0.01010164148077175,0.23811615987537638,0.4665540288519951,0.019901982535456438,0.002124828107463174,0.23146234614945188,0.035653727517129405
1933,0.09707678915366413,0.08554210674667784,0.03125,0.9318181818181819,0.0,0.595679012345679,0.6602154352830127,0.0,0.06748635081793453,0.8333333333333334,0.6666666666666666,0.4722222222222222,0.0,0.01087922792431959,0.18811392206077823,0.48540664721938953,0.020728392235222742,0.002532993907850575,0.26883097330650374,0.044093776396201
1934,0.09707678915366369,0.08554210674667756,0.0,0.9090909090909091,0.0,0.5092592592592593,0.6943169609312501,0.0,0.0784394258368164,0.5,0.3333333333333333,0.42592592592592593,0.0,0.01087922792431959,0.048359707248323336,0.5001865180995473,0.020728392235206308,0.002532993907850575,0.27262067178535176,0.04471492540421255
1935,0.09707678915366336,0.0855421067466774,0.0,0.9090909090909091,0.0,0.47530864197530864,0.6847660004178084,0.0,0.0233302053140797,0.5,0.3333333333333333,0.43518518518518523,0.0,0.009333992125887603,0.11953374369301806,0.5297748014002952,0.020979886403040465,0.0024070376763084995,0.28703072530803586,0.04613332634925758
1936,0.09707678915366336,0.0855421067466774,0.0,0.9090909090909091,0.0,0.45679012345679015,0.6507499404607154,0.0,0.1713931718824261,0.5,0.3333333333333333,0.4691358024691358,0.0,0.011422849835793464,0.08560187936750968,0.5660210811944324,0.018467976936180266,0.002590782896123348,0.2937969751420663,0.04382289059950409
1937,0.09707678915366336,0.0855421067466774,0.0,0.9090909090909091,0.0,0.2685185185185185,0.6383330929412585,0.0,0.2665440609228118,0.5,0.3333333333333333,0.18827160493827155,0.0,0.011422849835793464,0.08559370993432772,0.5707151066458976,0.01846797693618004,0.002590782896123348,0.2997940794277997,0.04381177523687013
1938,0.09707678915366336,0.0855421067466774,0.0,0.9090909090909091,0.0,0.44753086419753085,0.677700586146285,0.0,0.0883326986094628,0.5,0.3333333333333333,0.595679012345679,0.0,0.009333992125887603,0.12218318494282805,0.6260717363494916,0.02097988640304477,0.0024070376763084995,0.3139241611331482,0.04748959174546659
1939,0.09707678915366336,0.0855421067466774,0.0,0.9090909090909091,0.0,0.4320987654320988,0.6266697805319443,0.0,0.10862756630581061,0.5,0.3333333333333333,0.5555555555555556,0.0,0.011422849835793464,0.08557619319073194,0.5986216888393424,0.01846797693618004,0.002590782896123348,0.3069779393729933,0.04369155934837621
1940,0.09707678915366336,0.0855421067466774,0.0,0.9090909090909091,0.0,0.4814814814814815,0.6770064113390051,0.0,0.021484891735848333,0.5,0.3333333333333333,0.3672839506172839,0.0,0.011422849835793464,0.08332132452127294,0.5327903105325418,0.018467976936180942,0.002590782896123348,0.3016124081474952,0.04244390862109351
1941,0.09707678915366336,0.0855421067466774,0.0,0.9090909090909091,0.0,0.4783950617283951,0.6716768930541435,0.0,0.011906637788623664,0.5,0.3333333333333333,0.37962962962962965,0.0,0.01010164148077175,0.058723093076179886,0.5251856988340022,0.01990198253487454,0.002124828107463174,0.2624458044649852,0.03682433851565368
1942,0.09707678915366336,0.0855421067466774,0.0,0.9090909090909091,0.0,0.4691358024691358,0.6585084869793364,0.0,0.05213349268379275,0.5,0.3333333333333333,0.37037037037037035,0.0,0.01087922792431959,0.05463713253811446,0.5345931408486742,0.020728392235205628,0.002532993907850575,0.2960972550022072,0.044633629928601454
1943,0.09707678915366336,0.0855421067466774,0.0,0.9090909090909091,0.0,0.3672839506172839,0.6355941211004416,0.0,0.0564919293299988,0.5,0.3333333333333333,0.33333333333333337,0.0,0.011045796141028047,0.007899823027296407,0.556034102598253,0.02037631948920142,0.0025408269897445337,0.2882346605000094,0.04090317031590563
1944,0.09707678915366336,0.0855421067466774,0.0,0.9090909090909091,0.0005595970900951316,0.4537037037037037,0.6813402209732793,0.0,0.07016382568712032,0.5,0.3333333333333333,0.6111111111111112,0.0,0.011422849835793464,0.08557619319073194,0.5818285440951484,0.01846797693618004,0.002590782896123348,0.3067700576220293,0.04313100791311764
1945,0.09707678915366336,0.0855421067466774,0.0,0.9090909090909091,0.0,0.48765432098765427,0.6915516789495542,0.0,0.1245880307576046,0.5,0.3333333333333333,0.5802469135802469,0.0,0.009333992125887603,0.12204787646043545,0.6003200676949791,0.020979886494776504,0.0024070376763084995,0.2919683286551077,0.047206781320598426
1946,0.09707678915366336,0.0855421067466774,0.0,0.9090909090909091,0.0,0.14814814814814814,0.5644618634453031,0.0,0.054423709985057855,0.5,0.3333333333333333,0.2716049382716049,0.0,0.009333992125887603,0.11789963747990499,0.5241642256860051,0.020979886403037176,0.0024070376763084995,0.2531225707023491,0.04566957680359785
1947,0.09707678915366336,0.0855421067466774,0.0,0.9090909090909091,0.0,0.18827160493827155,0.574566949024168,0.0,0.10627031481686622,0.5,0.3333333333333333,0.29320987654320985,0.0,0.01087922792431959,0.048578436014927076,0.5385793860101628,0.020728392235205628,0.002532993907850575,0.27415019826939974,0.04532106420471668
1948,0.09707678915366336,0.0855421067466774,0.0,0.9090909090909091,0.0,0.5895061728395061,0.7233889556763458,0.0,0.07639275161562875,0.5,0.3333333333333333,0.5524691358024691,0.0,0.009333992125887603,0.12218318494282805,0.5649081944126197,0.020979886403659612,0.0024070376763084995,0.25355039922804473,0.04704341203978806
1949,0.09707678915366336,0.0855421067466774,0.0,0.9090909090909091,0.0,0.7376543209876543,0.7453854207717703,0.0,0.1662681834812192,0.5,0.3333333333333333,0.4722222222222222,0.0,0.01087922792431959,0.05085598375322311,0.5424600143213147,0.020728392235205628,0.003699807846313251,0.24951889024139343,0.046064977266253124
1950,0.09707678915366336,0.0855421067466774,0.0,0.9090909090909091,0.0,0.4598765432098766,0.6540773803276579,0.0,0.05334826642029955,0.5,0.3333333333333333,0.5339506172839505,0.0,0.011045796141028047,0.007899823027296407,0.6347012297000186,0.02037631948920142,0.0025408269897445337,0.3154235449477165,0.0422626726112886
1951,0.09707678915366336,0.0855421067466774,0.0,0.9090909090909091,0.0,0.5493827160493827,0.6668144401861302,0.0,0.10045996995731354,0.5,0.3333333333333333,0.5740740740740741,0.0,0.01010164148077175,0.058979581150994616,0.6045228872453516,0.01990198253487454,0.002124828107463174,0.3071454221041229,0.038865010369985985
1952,0.09707678915366336,0.0855421067466774,0.0,0.9090909090909091,0.0,0.37037037037037035,0.6091199124132813,0.0,0.020918340483520592,0.5,0.3333333333333333,0.5617283950617284,0.0,0.01087922792431959,0.050032398752426335,0.5657510540742693,0.020728392235205628,0.002532993907850575,0.2492668362156344,0.04540738055615535
1953,0.09707678915366336,0.0855421067466774,0.0,0.9090909090909091,0.0,0.26234567901234573,0.5614321754426349,0.0,0.04314267131235672,0.5,0.3333333333333333,0.5679012345679013,0.0,0.011045796141028047,0.007899823027296407,0.5744736672256681,0.02037631948920142,0.0025408269897445337,0.24068676952660054,0.0410499543990085
1954,0.09707678915366424,0.08554210674667789,0.03125,0.9318181818181819,0.0,0.5123456790123457,0.6728330251678123,0.0,0.0786539443435329,0.8333333333333334,0.6666666666666666,0.43827160493827155,0.0,0.012310094137746874,0.12244358942770064,0.48066495677661286,0.02037631948920142,0.003205998183281248,0.23055648127703307,0.03883134764368849
1955,0.09707678915366369,0.08554210674667756,0.0,0.9090909090909091,0.0,0.5925925925925926,0.7273114606472306,0.0,0.09718658860501106,0.5,0.3333333333333333,0.441358024691358,0.0,0.011422849835793464,0.0833629254990018,0.4996720394016162,0.018467976936344475,0.00301341872098983,0.28592622788000327,0.04120268851155501
1956,0.09707678915366336,0.0855421067466774,0.0,0.9090909090909091,0.0,0.49691358024691357,0.6492161758291983,0.0,0.026754667148342515,0.5,0.3333333333333333,0.48765432098765427,0.0,0.01010164148077175,0.058723093076179886,0.5197376641522281,0.01990198253487454,0.002124828107463174,0.2587374678274383,0.03649977498040148
1957,0.09707678915366358,0.0855421067466775,0.0,0.9090909090909091,0.0,0.5246913580246914,0.6640795140443091,0.0,0.017989303079915975,0.5,0.3333333333333333,0.5061728395061729,0.0,0.011045796141028047,0.007899823027296407,0.5178057175842963,0.02037631948920142,0.0025408269897445337,0.26337772822396305,0.03940266348072513
1958,0.09707678915366336,0.0855421067466774,0.0,0.9090909090909091,0.0,0.48765432098765427,0.6480374942778682,0.0,0.008012961088456838,0.5,0.3333333333333333,0.4598765432098766,0.0,0.011422849835793464,0.0832597368293147,0.5285641422002285,0.018467976936205825,0.002590782896123348,0.3004727239114729,0.042340316359894714
1959,0.09707678915366336,0.0855421067466774,0.0,0.9090909090909091,0.0,0.49382716049382713,0.6498773950195718,0.0,0.014302855736998854,0.5,0.3333333333333333,0.4722222222222222,0.0,0.01010164148077175,0.058723093076179886,0.516317974113283,0.01990198253487454,0.002124828107463174,0.2558159543826829,0.03635256555521805
1960,0.09707678915366369,0.08554210674667756,0.0,0.9318181818181819,0.0,0.3641975308641975,0.6500266185833391,0.0,0.0666281335743647,0.5,0.3333333333333333,0.27469135802469136,0.0,0.011422849835793464,0.08351906708789658,0.4925556685722887,0.018467976936185015,0.002590782896123348,0.28805312356872304,0.04196648944989585
1961,0.09707678915366413,0.08554210674667784,0.03125,0.9318181818181819,0.0,0.32098765432098764,0.63205497135313,0.0,0.09281964809262788,0.8333333333333334,0.6666666666666666,0.308641975308642,0.0,0.011045796141028047,0.12244358942770064,0.47920419498733313,0.02037631948920142,0.0026530807829304687,0.2371613201487061,0.039353411212393226
1962,0.09707678915366336,0.0855421067466774,0.0,0.9090909090909091,0.0,0.48765432098765427,0.6908308042859767,0.0,0.03795793131815406,0.5,0.3333333333333333,0.36111111111111116,0.0,0.011422849835793464,0.08332132452127294,0.5208324078126264,0.018467976936181397,0.002590782896123348,0.29667516112321973,0.04222071276879554
1963,0.09707678915366336,0.0855421067466774,0.0,0.9090909090909091,0.0,0.49691358024691357,0.6869017147608423,0.0,0.018177530565261946,0.5,0.3333333333333333,0.3734567901234568,0.0,0.009333992125887603,0.11883995875330128,0.5158616629609978,0.020979886403037176,0.0024070376763084995,0.27516738560307813,0.044734601349463346
1964,0.09707678915366336,0.0855421067466774,0.0,0.9090909090909091,0.0,0.5555555555555556,0.7042472404256346,0.0,0.0712276077921542,0.5,0.3333333333333333,0.5648148148148149,0.0,0.011422849835793464,0.08557619319073194,0.5824643029213141,0.01846797693618004,0.002590782896123348,0.2984142135219557,0.0436377456556277
1965,0.09707678915366336,0.0855421067466774,0.0,0.9090909090909091,0.0,0.5740740740740741,0.7119546529615959,0.0,0.05417651367022991,0.5,0.3333333333333333,0.5617283950617284,0.0,0.01010164148077175,0.05810635765643916,0.5688956986091419,0.01990198253487454,0.002124828107463174,0.27751914827953617,0.03879620693016369
1966,0.09707678915366336,0.0855421067466774,0.0,0.9090909090909091,0.0,0.33024691358024694,0.5863418764402859,0.0,0.053424170379509084,0.5,0.3333333333333333,0.33333333333333337,0.0,0.009333992125887603,0.12364236828156865,0.5847603868615465,0.020979886403037176,0.0024070376763084995,0.2932125509511157,0.046127612877385996
1967,0.09707678915366336,0.0855421067466774,0.0,0.9090909090909091,0.0,0.24382716049382713,0.568420828596397,0.0,0.059503573096790996,0.5,0.3333333333333333,0.33333333333333337,0.0,0.009333992125887603,0.12364236828156865,0.5937852726241017,0.020979886403037176,0.0027705168494087766,0.30175540930919176,0.04633804942006106
1968,0.09707678915366558,0.08554210674667873,0.03125,0.9318181818181819,0.0,0.8858024691358025,0.8529983937648973,0.0,0.09512059563033004,0.8333333333333334,0.6666666666666666,0.7376543209876543,0.0,0.01010164148077175,0.18752726180136142,0.47651143207274294,0.01990198253499674,0.002124828107463174,0.2426279359291116,0.034995616659329154
1969,0.09707678915367035,0.08554210674668167,0.03125,0.9318181818181819,0.001119194180190263,0.9012345679012346,0.8660897813890167,0.3333333333333333,0.11434838539575054,0.8333333333333334,0.6666666666666666,0.7623456790123457,0.0,0.01623395433540491,0.30780083940647945,0.48435292187939555,0.01846818655528412,0.003396243051240076,0.2971316866605761,0.04003386010560077
1970,0.09707678915366369,0.08554210674667756,0.0,0.9090909090909091,0.0,0.8425925925925926,0.8015316024065474,0.0,0.13267575003212206,0.5,0.3333333333333333,0.691358024691358,0.0,0.009333992125887603,0.11952473764127836,0.5294774697525483,0.020979886407991033,0.0024070376763084995,0.2860868753605979,0.04529852615576912
1971,0.09707678915366413,0.08554210674667784,0.0,0.9318181818181819,0.0,0.8827160493827161,0.8469447140975559,0.0,0.04368442828414687,0.5,0.3333333333333333,0.7376543209876543,0.0,0.01087922792431959,0.05581570786208921,0.49665770751485266,0.020728392235229997,0.002532993907850575,0.26986585379741695,0.04294013879122018
1972,0.09707678915366336,0.0855421067466774,0.0,0.9090909090909091,0.0,0.3580246913580247,0.6064312707853768,0.0,0.07100995782014441,0.5,0.3333333333333333,0.5216049382716049,0.0,0.01010164148077175,0.058979581150994616,0.5486079758016017,0.01990198253487454,0.002124828107463174,0.2272643585359456,0.03780506906723423
1973,0.09707678915366336,0.0855421067466774,0.0,0.9090909090909091,0.0,0.39814814814814814,0.5605661867107468,0.0,0.08127382811654782,0.5,0.3333333333333333,0.617283950617284,0.0,0.011045796141028047,0.007899823027296407,0.5581167453262753,0.02037631948920142,0.0025408269897445337,0.21844197093219475,0.040375821111538444
1974,0.09707678915366336,0.0855421067466774,0.0,0.9090909090909091,0.0,0.5339506172839505,0.6293286812899377,0.0,0.0717009216441844,0.5,0.3333333333333333,0.6080246913580247,0.0,0.011422849835793464,0.08557619319073194,0.6141946653685556,0.01846797693618004,0.002590782896123348,0.3078596141729149,0.04322152096340084
1975,0.09707678915366336,0.0855421067466774,0.0,0.9090909090909091,0.0,0.5864197530864197,0.6745705818677323,0.0,0.0072779346645496235,0.5,0.3333333333333333,0.6265432098765432,0.0,0.011422849835793464,0.08919477655557816,0.6067818344689399,0.01846797693618004,0.0027032301528991344,0.29157317424560864,0.0429120302817724
1976,0.09707678915366358,0.0855421067466775,0.0,0.9090909090909091,0.0,0.5277777777777778,0.6728243578117052,0.0,0.010957097618215395,0.5,0.3333333333333333,0.4814814814814815,0.0,0.01087922792431959,0.05618426250832224,0.5080759467259435,0.020728392235205628,0.002532993907850575,0.28545622930979847,0.043340143863661265
1977,0.09707678915366336,0.0855421067466774,0.0,0.9090909090909091,0.0,0.5246913580246914,0.6627582852635578,0.0,0.011894927299282765,0.5,0.3333333333333333,0.5,0.0,0.009333992125887603,0.12616832463890112,0.5328264427240355,0.020979886403037176,0.0024070376763084995,0.2883348829950273,0.04435876376979859
1978,0.09707678915366336,0.0855421067466774,0.0,0.9090909090909091,0.0,0.4691358024691358,0.6412666789320569,0.0,0.02734360483169862,0.5,0.3333333333333333,0.41975308641975306,0.0,0.01010164148077175,0.058723093076179886,0.5297353731758513,0.01990198253487454,0.002124828107463174,0.26674463327516507,0.036734097032007536
1979,0.09707678915366336,0.0855421067466774,0.0,0.9090909090909091,0.0,0.49382716049382713,0.6614750606785291,0.0,0.017793831689509876,0.5,0.3333333333333333,0.4104938271604939,0.0,0.009333992125887603,0.12616832463890112,0.5339729273444318,0.020979886403037176,0.0024070376763084995,0.2870944704300525,0.04475705100926008
1980,0.09707678915367324,0.08554210674668339,0.03125,0.9318181818181819,0.0,0.7623456790123457,0.7387641429737821,0.0,0.0703410855360731,0.8333333333333334,0.6666666666666666,0.6141975308641976,0.0,0.009333992125887603,0.36411660324534273,0.4824557936271109,0.020979968820739256,0.0024070376763084995,0.25612651013131366,0.04391941090198479
1981,0.0970767891536678,0.08554210674668006,0.03125,0.9318181818181819,0.0,0.7067901234567902,0.7039141759432852,0.0,0.04945968030049985,0.8333333333333334,0.6666666666666666,0.5987654320987654,0.0,0.01010164148077175,0.23811615987537638,0.4671396754613809,0.019901982536010363,0.002124828107463174,0.23199691439824754,0.0355527264156236
1982,0.09707678915367102,0.08554210674668206,0.03125,0.9318181818181819,0.0,0.8580246913580247,0.8073269200910865,0.0,0.1123786455271869,0.8333333333333334,0.6666666666666666,0.6944444444444444,0.0,0.011422849835793464,0.3075733101555506,0.4862872039872153,0.018469345368889976,0.002763079450885547,0.29766188952173694,0.040460110151680335
1983,0.09707678915366691,0.08554210674667956,0.03125,0.9318181818181819,0.0,0.7283950617283951,0.7243365927263643,0.0,0.034840029210389756,0.8333333333333334,0.6666666666666666,0.617283950617284,0.0,0.011422849835793464,0.3065851125220818,0.4792608788694129,0.01846798172771091,0.002763079450885547,0.291632092106502,0.041074017733959384
1984,0.09707678915366336,0.0855421067466774,0.0,0.9090909090909091,0.0,0.5864197530864197,0.682318354396976,0.0,0.1768354318021741,0.5,0.3333333333333333,0.6635802469135803,0.0,0.01010164148077175,0.0589397092373543,0.555826336742372,0.01990198253487454,0.002124828107463174,0.269484780096796,0.03849257300832194
1985,0.09707678915366336,0.0855421067466774,0.0,0.9090909090909091,0.0,0.45679012345679015,0.6458398679179105,0.0,0.1787251678435271,0.5,0.3333333333333333,0.5987654320987654,0.0,0.011045796141028047,0.007899823027296407,0.5324794633762332,0.020376319489203345,0.0026582976508354355,0.24161105676844497,0.04143794281200742
1986,0.09707678915366336,0.0855421067466774,0.0,0.9090909090909091,0.0,0.6234567901234568,0.716540000058125,0.0,0.05107029069741398,0.5,0.3333333333333333,0.6728395061728395,0.0,0.01010164148077175,0.05806685876690757,0.5799798969639962,0.01990198253487454,0.002124828107463174,0.31938621663754724,0.03827087662896056
1987,0.09707678915366336,0.0855421067466774,0.0,0.9090909090909091,0.0,0.537037037037037,0.7013077658522064,0.0,0.02364740827643297,0.5,0.3333333333333333,0.6512345679012346,0.0,0.009333992125887603,0.12218318494282805,0.6071281542777017,0.020979886465063335,0.0024070376763084995,0.29687763353304686,0.04709485725391666
1988,0.09707678915366336,0.0855421067466774,0.0,0.9090909090909091,0.0,0.48456790123456794,0.6614311921584325,0.0,0.016320369709864724,0.5,0.3333333333333333,0.3950617283950617,0.0,0.01010164148077175,0.058723093076179886,0.5267154354520364,0.01990198253487454,0.002124828107463174,0.2638614307284683,0.03679133377740875
1989,0.09707678915366336,0.0855421067466774,0.0,0.9090909090909091,0.0,0.3827160493827161,0.6413044866063986,0.0,0.06289220197875789,0.5,0.3333333333333333,0.37037037037037035,0.0,0.011045796141028047,0.007899823027296407,0.565858811873353,0.02037631948920142,0.0025408269897445337,0.2962339202638796,0.04089561263237166
1990,0.09707678915366336,0.0855421067466774,0.0,0.9090909090909091,0.0,0.48765432098765427,0.659238464228824,0.0,0.0097298230527052,0.5,0.3333333333333333,0.4012345679012346,0.0,0.011422849835793464,0.08332132452127294,0.5348089292671924,0.018467976936184335,0.002590782896123348,0.3026941667473185,0.0423767817111944
1991,0.09707678915366336,0.0855421067466774,0.0,0.9090909090909091,0.0,0.48456790123456794,0.655911541689602,0.0,0.009636065837185126,0.5,0.3333333333333333,0.4012345679012346,0.0,0.01087922792431959,0.05463713253811446,0.5291728688966981,0.020728392235205628,0.002532993907850575,0.2945621916825038,0.044254086310423234
1992,0.09707678915366336,0.0855421067466774,0.0,0.9090909090909091,0.0,0.4907407407407407,0.6731542702271909,0.0,0.04967226125319879,0.5,0.3333333333333333,0.6635802469135803,0.0,0.01010164148077175,0.05897985061024555,0.5842152202829811,0.01990198253487454,0.002124828107463174,0.32619346873105864,0.038429428604465035
1993,0.09707678915366336,0.0855421067466774,0.0,0.9090909090909091,0.0,0.26543209876543206,0.5715023102634038,0.0,0.09520683928391649,0.5,0.3333333333333333,0.5648148148148149,0.0,0.011045796141028047,0.007899823027296407,0.5957394905004472,0.02037631948920142,0.0025408269897445337,0.2808170233099798,0.0417162882191115
1994,0.09707678915366336,0.0855421067466774,0.0,0.9090909090909091,0.0,0.2098765432098766,0.5312537460750559,0.0,0.039459767335600304,0.5,0.3333333333333333,0.5740740740740741,0.0,0.01010164148077175,0.05897985061024555,0.5623391284922155,0.01990198253487454,0.002124828107463174,0.2538372883527886,0.03793807541551858
1995,0.09707678915366336,0.0855421067466774,0.0,0.9090909090909091,0.0,0.5246913580246914,0.6767031376658312,0.0,0.14586208316163862,0.5,0.3333333333333333,0.5493827160493827,0.0,0.009333992125887603,0.12210299436881997,0.5888653735230647,0.020979886403037176,0.0024070376763084995,0.27410955802448955,0.04698577227873635
1996,0.09707678915366336,0.0855421067466774,0.0,0.9090909090909091,0.0,0.2592592592592593,0.5864091489156629,0.0,0.0744289987268637,0.5,0.3333333333333333,0.5246913580246914,0.0,0.01087922792431959,0.050420874943666316,0.5627145490428823,0.020728392235205628,0.002532993907850575,0.2606559163977563,0.04545280740124604
1997,0.09707678915366336,0.0855421067466774,0.0,0.9090909090909091,0.0,0.5987654320987654,0.7333715996615128,0.0,0.2164315450383134,0.5,0.3333333333333333,0.49691358024691357,0.0,0.011422849835793464,0.08557619319073194,0.5923013009744028,0.01846797693618004,0.002590782896123348,0.3052459101936685,0.044034718846230114
1998,0.09707678915366336,0.0855421067466774,0.0,0.9090909090909091,0.0,0.48765432098765427,0.6017975584735574,0.0,0.06826386747797286,0.5,0.3333333333333333,0.5987654320987654,0.0,0.011045796141028047,0.007899823027296407,0.6249566582034495,0.02037631948920142,0.0025408269897445337,0.3014004911295441,0.04171598147813942
1999,0.09707678915366336,0.0855421067466774,0.0,0.9090909090909091,0.0,0.2870370370370371,0.6148906451869365,0.0,0.09605007847469971,0.5,0.3333333333333333,0.4722222222222222,0.0,0.011422849835793464,0.08557619319073194,0.6395566179884651,0.01846797693618004,0.002590782896123348,0.333831854402296,0.04433472997517209
2000,0.09707678915366336,0.0855421067466774,0.0,0.9090909090909091,0.0,0.2314814814814815,0.5292665734148826,0.0,0.04207532175768236,0.5,0.3333333333333333,0.595679012345679,0.0,0.009333992125887603,0.12201085304281609,0.587454394564462,0.020979886403037176,0.0024070376763084995,0.2623413629679143,0.04563254900366016
2001,0.09707678915366336,0.0855421067466774,0.0,0.9090909090909091,0.0,0.3395061728395061,0.5704117567052998,0.0,0.035344609047277875,0.5,0.3333333333333333,0.5802469135802469,0.0,0.009333992125887603,0.12201085304281609,0.5756336501278597,0.020979886403037176,0.0024070376763084995,0.24186593939906134,0.04537442319695915
2002,0.09707678915366336,0.0855421067466774,0.0,0.9090909090909091,0.0,0.21913580246913578,0.5407085291265108,0.0,0.0409262188917725,0.5,0.3333333333333333,0.5679012345679013,0.0,0.011422849835793464,0.08557619319073194,0.5661255549730806,0.01846797693618049,0.002590782896123348,0.2820382195090332,0.04273205524651815
2003,0.09707678915366336,0.0855421067466774,0.0,0.9090909090909091,0.0,0.22839506172839508,0.5474523958167639,0.0,0.05023576507638905,0.5,0.3333333333333333,0.5524691358024691,0.0,0.011045796141028047,0.007899823027296407,0.5629224623402436,0.02037631948920142,0.0025408269897445337,0.2436529610541331,0.04097121146405308
2004,0.09707678915366336,0.0855421067466774,0.0,0.9090909090909091,0.0,0.48456790123456794,0.6413657306396252,0.0,0.010010262154630634,0.5,0.3333333333333333,0.4537037037037037,0.0,0.01087922792431959,0.05618426250832224,0.5289511104578344,0.020728392235205628,0.002532993907850575,0.29536219179844675,0.04437495810569309
2005,0.09707678915366336,0.0855421067466774,0.0,0.9090909090909091,0.0,0.47530864197530864,0.6375663175496249,0.0,0.02703605962375666,0.5,0.3333333333333333,0.43827160493827155,0.0,0.01010164148077175,0.058723093076179886,0.5244506963646348,0.01990198253487454,0.002124828107463174,0.26239330312593595,0.03665991556033307
2006,0.09707678915366336,0.0855421067466774,0.0,0.9090909090909091,0.0,0.5030864197530864,0.6617483486231088,0.0,0.006170198744878452,0.5,0.3333333333333333,0.4537037037037037,0.0,0.011045796141028047,0.007899823027296407,0.5294531908773417,0.02037631948920142,0.0025408269897445337,0.27198728250578696,0.04027736727471824
2007,0.09707678915366336,0.0855421067466774,0.0,0.9090909090909091,0.0,0.4907407407407407,0.6540770107265305,0.0,0.02207578143023259,0.5,0.3333333333333333,0.44753086419753085,0.0,0.009333992125887603,0.12616832463890112,0.5397364923592949,0.020979886403037176,0.0024070376763084995,0.29150849741460055,0.04512465578856851
2008,0.09707678915366369,0.08554210674667756,0.03125,0.9318181818181819,0.0,0.4598765432098766,0.6855399804031834,0.0,0.08070573301662898,0.8333333333333334,0.6666666666666666,0.36111111111111116,0.0,0.01010164148077175,0.17464260029741147,0.4787252698806546,0.01990198253487454,0.002124828107463174,0.23264067339201883,0.035690249990924273
2009,0.09707678915366369,0.08554210674667756,0.0,0.9318181818181819,0.0,0.49691358024691357,0.6941706492040005,0.0,0.08510348981493854,0.5,0.3333333333333333,0.3580246913580247,0.0,0.01087922792431959,0.054510805566536244,0.48940737494022246,0.020728392235205853,0.002532993907850575,0.2734365213032741,0.04370840829318939
2010,0.09707678915366358,0.0855421067466775,0.0,0.9090909090909091,0.0,0.6111111111111112,0.6922123943930418,0.0,0.028829402965670936,0.5,0.3333333333333333,0.4506172839506173,0.0,0.01010164148077175,0.058723093076179886,0.5003467493270812,0.01990198253487454,0.002124828107463174,0.25741545947997496,0.03673987194864981
2011,0.09707678915366369,0.08554210674667756,0.0,0.9090909090909091,0.0,0.6604938271604939,0.7038940906228002,0.0,0.029685209842336246,0.5,0.3333333333333333,0.4722222222222222,0.0,0.011045796141028047,0.007899823027296407,0.5075229834043882,0.020376319490006244,0.0025408269897445337,0.26715199319811306,0.040127306793119044
2012,0.09707678915366336,0.0855421067466774,0.0,0.9090909090909091,0.0,0.2314814814814815,0.5624779564558452,0.0,0.04698968976888018,0.5,0.3333333333333333,0.3487654320987654,0.0,0.01010164148077175,0.05897985061024555,0.5626266360408839,0.01990198253487454,0.002124828107463174,0.27749186641734763,0.03821545419709048
2013,0.09707678915366336,0.0855421067466774,0.0,0.9090909090909091,0.0,0.2314814814814815,0.5633231122626599,0.0,0.04736372351881257,0.5,0.3333333333333333,0.3487654320987654,0.0,0.009333992125887603,0.12364236828156865,0.5784133557160602,0.020979886403037176,0.0024070376763084995,0.283143273686462,0.04610216687780194
2014,0.09707678915366336,0.0855421067466774,0.0,0.9090909090909091,0.0,0.35185185185185186,0.5741412973171894,0.0,0.035614906904531174,0.5,0.3333333333333333,0.5833333333333333,0.0,0.01010164148077175,0.06783011030630531,0.5628230612863707,0.01990198253487454,0.002124828107463174,0.23235991851128407,0.03764298232738444
2015,0.09707678915366336,0.0855421067466774,0.0,0.9090909090909091,0.0,0.3271604938271605,0.5584433263017606,0.0,0.04600451758388702,0.5,0.3333333333333333,0.5895061728395061,0.0,0.01010164148077175,0.058843166249010266,0.5628109606063607,0.01990198253487454,0.002124828107463174,0.23366448345955915,0.03763023864587083
2016,0.09707678915366413,0.08554210674667784,0.0,0.9318181818181819,0.0,0.8703703703703703,0.8352616620286804,0.0,0.021112838445989768,0.5,0.3333333333333333,0.712962962962963,0.0,0.01010164148077175,0.05748977495063894,0.48498690118604443,0.01990198253487522,0.002124828107463174,0.24931452387395953,0.03542652918162819
2017,0.09707678915366369,0.08554210674667756,0.0,0.9090909090909091,0.0,0.808641975308642,0.7742678446867244,0.0,0.08980438331860086,0.5,0.3333333333333333,0.7222222222222222,0.0,0.011665990656428421,0.05601251747387527,0.5052518623543854,0.020728392237473147,0.002846904501509516,0.2785924252303209,0.0437487181445256
2018,0.09707678915366424,0.08554210674667795,0.0,0.9318181818181819,0.0,0.8827160493827161,0.8454361410862881,0.0,0.055580968999869196,0.5,0.3333333333333333,0.7407407407407407,0.0,0.01010164148077175,0.06915562230934962,0.4883000077064238,0.019901982534874994,0.0022796391026369575,0.2532241526871879,0.0354056362955908
2019,0.09707678915366424,0.08554210674667789,0.03125,0.9318181818181819,0.0,0.7962962962962963,0.76476876125574,0.0,0.046845009002433935,0.8333333333333334,0.6666666666666666,0.7037037037037037,0.0,0.010446345053675104,0.1738488839984132,0.4773217003670861,0.019901982534880767,0.002124828107463174,0.2461775541220113,0.035749962998359586
2020,0.09707678915366358,0.0855421067466775,0.0,0.9090909090909091,0.0,0.3580246913580247,0.6373866109826634,0.0,0.06382534421444874,0.5,0.3333333333333333,0.2777777777777778,0.0,0.009333992125887603,0.11952988317875266,0.5127302841112175,0.020979886403037176,0.0024070376763084995,0.26987543667742,0.04493682309155217
2021,0.09707678915366336,0.0855421067466774,0.0,0.9090909090909091,0.0,0.25308641975308643,0.6163348220125937,0.0,0.11638897680439675,0.5,0.3333333333333333,0.3271604938271605,0.0,0.011045796141028047,0.007899823027296407,0.5121463514458323,0.02037631948920142,0.0025408269897445337,0.2505083075691729,0.04010591384605868
2022,0.09707678915366369,0.08554210674667756,0.0,0.9090909090909091,0.0,0.7716049382716049,0.7336756592828824,0.0,0.11249808042758214,0.5,0.3333333333333333,0.6975308641975309,0.0,0.01087922792431959,0.04827535626889207,0.504246062860868,0.020728392242476426,0.002532993907850575,0.2804645118859927,0.04403040230504787
2023,0.09707678915366369,0.08554210674667756,0.0,0.9090909090909091,0.0,0.6759259259259259,0.7023509122232033,0.0,0.07125429121381688,0.5,0.3333333333333333,0.49691358024691357,0.0,0.011422849835793464,0.08487925716320607,0.5126478005236881,0.01846797693757514,0.002590782896123348,0.30205760881211446,0.042120083918482126
2024,0.09707678915366336,0.0855421067466774,0.0,0.9090909090909091,0.0,0.32098765432098764,0.5922458517847193,0.0,0.20745431038801132,0.5,0.3333333333333333,0.3487654320987654,0.0,0.01087922792431959,0.04548566367053182,0.5500384976562874,0.020728392235205628,0.002532993907850575,0.2395189256689016,0.04496522031990821
2025,0.09707678915366336,0.0855421067466774,0.0,0.9090909090909091,0.0,0.2314814814814815,0.5610432479912834,0.0,0.08267615311271226,0.5,0.3333333333333333,0.5648148148148149,0.0,0.01010164148077175,0.058979581150994616,0.5638956457805344,0.01990198253487454,0.002124828107463174,0.24991332138001926,0.037914973258554176
2026,0.09707678915366336,0.0855421067466774,0.0,0.9090909090909091,0.0,0.21913580246913578,0.5780283511140875,0.0,0.08095118626060982,0.5,0.3333333333333333,0.4135802469135802,0.0,0.009333992125887603,0.12210299436881997,0.5697510600778087,0.020979886403037176,0.0024070376763084995,0.25802763114747623,0.04621086055661411
2027,0.09707678915366336,0.0855421067466774,0.0,0.9090909090909091,0.0,0.32098765432098764,0.5768061850064721,0.0,0.0941012530077322,0.5,0.3333333333333333,0.595679012345679,0.0,0.01087922792431959,0.050420874943666316,0.5813570057481183,0.020728392235205628,0.002532993907850575,0.28417550883343873,0.04571025764267779
2028,0.09707678915366336,0.0855421067466774,0.0,0.9090909090909091,0.0,0.5216049382716049,0.62819354289717,0.0,0.049773064090128716,0.5,0.3333333333333333,0.5987654320987654,0.0,0.009333992125887603,0.12866736008669227,0.5825981847786136,0.020979886403037176,0.0024070376763084995,0.2409864610281781,0.045752538375552466
2029,0.09707678915366336,0.0855421067466774,0.0,0.9090909090909091,0.0,0.5308641975308642,0.6709456512509737,0.0,0.12818397800308678,0.5,0.3333333333333333,0.5617283950617284,0.0,0.011422849835793464,0.08918291938602656,0.6174777175938561,0.01846797693618004,0.002590782896123348,0.2968525611839752,0.04373444338027693
2030,0.09707678915366336,0.0855421067466774,0.0,0.9090909090909091,0.0,0.191358024691358,0.5877970661713278,0.0,0.10408790471830565,0.5,0.3333333333333333,0.2777777777777778,0.0,0.01010164148077175,0.05897916098154587,0.609499968485803,0.01990198253487454,0.002124828107463174,0.3080034359138966,0.039056946800961556
2031,0.09707678915366336,0.0855421067466774,0.0,0.9090909090909091,0.0,0.21913580246913578,0.5985318161485281,0.0,0.07107017609872135,0.5,0.3333333333333333,0.4722222222222222,0.0,0.011422849835793464,0.08557504664059928,0.6289485906153691,0.01846797693618004,0.002590782896123348,0.3211540820116897,0.04424660549665239
2032,0.09707678915366336,0.0855421067466774,0.0,0.9090909090909091,0.0,0.49382716049382713,0.6426555807498636,0.0,0.012444473025047142,0.5,0.3333333333333333,0.5,0.0,0.01010164148077175,0.058723093076179886,0.5236246588014085,0.01990198253487454,0.002124828107463174,0.2616273645236171,0.03643185339596378
2033,0.09707678915366336,0.0855421067466774,0.0,0.9090909090909091,0.0,0.49691358024691357,0.6461387222644095,0.0,0.012509803950547793,0.5,0.3333333333333333,0.5030864197530864,0.0,0.01010164148077175,0.058723093076179886,0.5196287665364141,0.01990198253487454,0.002124828107463174,0.2584422195941657,0.03631823880439764
2034,0.09707678915366336,0.0855421067466774,0.0,0.9090909090909091,0.0,0.48765432098765427,0.647128082690938,0.0,0.0077044544864519615,0.5,0.3333333333333333,0.46604938271604934,0.0,0.01087922792431959,0.05618426250832224,0.5190318773968751,0.020728392235205628,0.002532993907850575,0.2900296848032557,0.04410451059435355
2035,0.09707678915366336,0.0855421067466774,0.0,0.9090909090909091,0.0,0.48765432098765427,0.6587664763728822,0.0,0.016949365646260484,0.5,0.3333333333333333,0.41975308641975306,0.0,0.01010164148077175,0.058723093076179886,0.5162853290403494,0.01990198253487454,0.002124828107463174,0.25584956656856506,0.03665412780140934
2036,0.09707678915366369,0.08554210674667756,0.0,0.9090909090909091,0.0,0.5,0.6891798645379144,0.0,0.018238800083239748,0.5,0.3333333333333333,0.37962962962962965,0.0,0.011045796141028047,0.007899823027296407,0.5016004360219612,0.02037631948920142,0.0025408269897445337,0.25033442729577715,0.03973334895928722
2037,0.09707678915366369,0.08554210674667756,0.03125,0.9318181818181819,0.0005595970900951316,0.43827160493827155,0.668131679841018,0.0,0.09250276733159968,0.8333333333333334,0.6666666666666666,0.2993827160493827,0.0,0.011045796141028047,0.12246383034079379,0.4887252800213113,0.02037631948920142,0.0025408269897445337,0.24249463279298733,0.03971421978403679
2038,0.09707678915366336,0.0855421067466774,0.0,0.9090909090909091,0.0,0.4783950617283951,0.6839420610304772,0.0,0.011249798242895848,0.5,0.3333333333333333,0.35185185185185186,0.0,0.01010164148077175,0.058723093076179886,0.5046098571561625,0.01990198253487454,0.002124828107463174,0.24679933413043845,0.03652130870040597
2039,0.09707678915366336,0.0855421067466774,0.0,0.9090909090909091,0.0,0.4135802469135802,0.6546453138982417,0.0,0.06995288423504253,0.5,0.3333333333333333,0.31481481481481477,0.0,0.01010164148077175,0.058723093076179886,0.5051452681271075,0.01990198253487454,0.002124828107463174,0.2475105284462049,0.0367550389381861
2040,0.09707678915366369,0.08554210674667756,0.0,0.9318181818181819,0.0,0.35185185185185186,0.6214604354745215,0.0,0.05539843836444158,0.5,0.3333333333333333,0.36111111111111116,0.0,0.01087922792431959,0.05429337067920776,0.4885870809142917,0.020728392235205628,0.002532993907850575,0.26984808652016123,0.04410393461695925
2041,0.09707678915366369,0.08554210674667756,0.0,0.9318181818181819,0.0,0.44753086419753085,0.6750916681393498,0.0,0.07607726455367547,0.5,0.3333333333333333,0.34259259259259256,0.0,0.01087922792431959,0.05429337067920776,0.48697353478793565,0.020728392235205628,0.002532993907850575,0.270635615078889,0.04345287070203651
2042,0.0970767891536698,0.08554210674668128,0.03125,0.9318181818181819,0.0,0.7407407407407407,0.7311778951223211,0.0,0.04243040412753951,0.8333333333333334,0.6666666666666666,0.6388888888888888,0.0,0.011422849835793464,0.30654754117122357,0.4845906319009843,0.018468138888366282,0.002763079450885547,0.29617316115538234,0.040786522798750086
2043,0.0970767891536779,0.08554210674668628,0.03125,0.9318181818181819,0.0,0.8487654320987654,0.80135952768984,0.0,0.06344893381177874,0.8333333333333334,0.6666666666666666,0.6759259259259259,0.0,0.01087922792431959,0.3174015067304969,0.4957573635126812,0.020728392612204164,0.003234841886562423,0.2683504134220399,0.042224696011238266
2044,0.09707678915366369,0.08554210674667756,0.0,0.9090909090909091,0.0,0.6358024691358024,0.7520483229319798,0.0,0.07494590593410377,0.5,0.3333333333333333,0.49382716049382713,0.0,0.011422849835793464,0.08339463257709817,0.5072614673335398,0.018467976941765978,0.002590782896123348,0.2946075257112835,0.04257093730073064
2045,0.0970767891536638,0.08554210674667767,0.0,0.9318181818181819,0.0,0.5246913580246914,0.6947048476394451,0.0,0.07501114559639,0.5,0.3333333333333333,0.43827160493827155,0.0,0.01087922792431959,0.06077355828832906,0.4916672932787777,0.020728392235323394,0.002532993907850575,0.2700218415077994,0.044527511133948275
2046,0.09707678915366336,0.0855421067466774,0.0,0.9090909090909091,0.0,0.3827160493827161,0.6364362055951737,0.0,0.09001865440718304,0.5,0.3333333333333333,0.43518518518518523,0.0,0.01010164148077175,0.05898514399483081,0.5210474552366275,0.01990198253487454,0.002124828107463174,0.2655718523682454,0.03760440936149308
2047,0.09707678915366336,0.0855421067466774,0.0,0.9090909090909091,0.0,0.4228395061728395,0.6508451514035357,0.0,0.09575725991900852,0.5,0.3333333333333333,0.4537037037037037,0.0,0.009333992125887603,0.1194989382386426,0.5450148720671938,0.020979886403037176,0.0024070376763084995,0.2947579862411393,0.046360873572846364
2048,0.09707678915366336,0.0855421067466774,0.0,0.9090909090909091,0.0,0.5709876543209876,0.7151690867406244,0.0,0.16314838148934196,0.5,0.3333333333333333,0.5771604938271605,0.0,0.01010164148077175,0.058979581150994616,0.5803696412251854,0.01990198253487454,0.002124828107463174,0.28480039138140756,0.03884243397383948
2049,0.09707678915366336,0.0855421067466774,0.0,0.9090909090909091,0.0,0.7746913580246914,0.774392908025037,0.0,0.2397626051502465,0.5,0.3333333333333333,0.7006172839506173,0.0,0.011422849835793464,0.09153798314263376,0.6000055701535503,0.018467976936180266,0.002763079450885547,0.29858472965526806,0.04344601721603894
2050,0.09707678915366336,0.0855421067466774,0.0,0.9090909090909091,0.0,0.5987654320987654,0.6873390100870276,0.0,0.18845154874720993,0.5,0.3333333333333333,0.5185185185185186,0.0,0.01087922792431959,0.049111438134283744,0.551899701350967,0.020728392235205628,0.002532993907850575,0.2631017728351192,0.046140551795587924
2051,0.09707678915366336,0.0855421067466774,0.0,0.9090909090909091,0.0,0.6203703703703703,0.7257827288540475,0.0,0.16984605058912827,0.5,0.3333333333333333,0.5,0.0,0.009333992125887603,0.12233994141203554,0.5717092745059669,0.020979886403447483,0.0024070376763084995,0.26445030833275074,0.047307064532137066
2052,0.09707678915366336,0.0855421067466774,0.0,0.9090909090909091,0.0,0.5925925925925926,0.7325588784996911,0.0,0.038109574784610745,0.5,0.3333333333333333,0.5462962962962963,0.0,0.011422849835793464,0.08557619319073194,0.5686628950989119,0.01846797693618004,0.002590782896123348,0.29492817462642995,0.04365094564233819
2053,0.09707678915366336,0.0855421067466774,0.0,0.9090909090909091,0.0,0.5833333333333333,0.7163451575700526,0.0,0.04875673159800098,0.5,0.3333333333333333,0.5493827160493827,0.0,0.009333992125887603,0.12218318494282805,0.5887011285774123,0.02097988640303865,0.0024070376763084995,0.2790605819778698,0.04724845615905351
2054,0.09707678915366336,0.0855421067466774,0.0,0.9090909090909091,0.0005595970900951316,0.5185185185185186,0.6874505843520269,0.0,0.06074378697894456,0.5,0.3333333333333333,0.5802469135802469,0.0,0.01010164148077175,0.05810635765643916,0.5734829071409492,0.01990198253487454,0.002124828107463174,0.2945151691334839,0.038702535965850667
2055,0.09707678915366336,0.0855421067466774,0.0,0.9090909090909091,0.0,0.5432098765432098,0.7028719475211597,0.0,0.04014506891858771,0.5,0.3333333333333333,0.5771604938271605,0.0,0.011045796141028047,0.007899823027296407,0.5874610228460801,0.02037631948920142,0.0025408269897445337,0.28438234268823037,0.041877989224748495
2056,0.09707678915366336,0.0855421067466774,0.0,0.9090909090909091,0.0,0.43518518518518523,0.6598009463862384,0.0,0.05806360180055525,0.5,0.3333333333333333,0.3487654320987654,0.0,0.009333992125887603,0.11952988317875266,0.5444944546986906,0.020979886403037176,0.0024070376763084995,0.29157598031246484,0.04580494777030528
2057,0.09707678915366336,0.0855421067466774,0.0,0.9090909090909091,0.0,0.49382716049382713,0.6773758260535441,0.0,0.018627856890166883,0.5,0.3333333333333333,0.3549382716049383,0.0,0.011045796141028047,0.007899823027296407,0.533291732354926,0.02037631948920142,0.0025408269897445337,0.27163500431086707,0.04053534225218217
2058,0.09707678915366336,0.0855421067466774,0.0,0.9090909090909091,0.0,0.4814814814814815,0.6523381032743145,0.0,0.02035865842601603,0.5,0.3333333333333333,0.4228395061728395,0.0,0.009333992125887603,0.12616832463890112,0.542690929384699,0.020979886403037176,0.0024070376763084995,0.2928579331160227,0.04515104947161328
2059,0.09707678915366336,0.0855421067466774,0.0,0.9090909090909091,0.0,0.48456790123456794,0.6615563419829711,0.0,0.024311582046028124,0.5,0.3333333333333333,0.4012345679012346,0.0,0.01087922792431959,0.05463713253811446,0.5156348362556644,0.020728392235205628,0.002532993907850575,0.2870809818636004,0.044023811336868966
2060,0.09707678915366336,0.0855421067466774,0.0,0.9090909090909091,0.0,0.5030864197530864,0.6662418896500659,0.0,0.03333210396352937,0.5,0.3333333333333333,0.4444444444444444,0.0,0.01010164148077175,0.058723093076179886,0.5239619933275662,0.01990198253487454,0.002124828107463174,0.26292610481593864,0.037075247763038846
2061,0.09707678915366336,0.0855421067466774,0.0,0.9090909090909091,0.0,0.4814814814814815,0.6421111022557067,0.0,0.011639083182470311,0.5,0.3333333333333333,0.44753086419753085,0.0,0.009333992125887603,0.12616832463890112,0.5543736402608156,0.020979886403037176,0.0024070376763084995,0.3015209635093094,0.0454353017683757
2062,0.09707678915366336,0.0855421067466774,0.0,0.9090909090909091,0.0,0.46604938271604934,0.670954933116162,0.0,0.05761914638731591,0.5,0.3333333333333333,0.3271604938271605,0.0,0.011045796141028047,0.007899823027296407,0.5335835026072672,0.02037631948920142,0.0025408269897445337,0.27121057170093976,0.040646874662371206
2063,0.09707678915366336,0.0855421067466774,0.0,0.9090909090909091,0.0,0.38888888888888884,0.6364140370998188,0.0,0.0794993211315177,0.5,0.3333333333333333,0.31481481481481477,0.0,0.01087922792431959,0.048359707248323336,0.5551200031739937,0.020728392235205628,0.002532993907850575,0.3069539195588441,0.045346191163127735
2064,0.09707678915366336,0.0855421067466774,0.0,0.9090909090909091,0.0,0.5462962962962963,0.7098779718278467,0.0,0.03655291861891885,0.5,0.3333333333333333,0.5709876543209876,0.0,0.011045796141028047,0.007899823027296407,0.582576853968836,0.02037631948920142,0.0025408269897445337,0.28151873980056524,0.041843892377408085
2065,0.09707678915366336,0.0855421067466774,0.0,0.9090909090909091,0.0,0.5462962962962963,0.7032422323500793,0.0,0.03545889498453436,0.5,0.3333333333333333,0.5771604938271605,0.0,0.01010164148077175,0.05897985061024555,0.575068974160254,0.01990198253487454,0.002124828107463174,0.2940389924745679,0.038795850868700556
2066,0.09707678915366336,0.0855421067466774,0.0,0.9090909090909091,0.0,0.5339506172839505,0.68997944842109,0.0,0.03801802263123255,0.5,0.3333333333333333,0.5709876543209876,0.0,0.01087922792431959,0.050420874943666316,0.5865820935132754,0.020728392235205628,0.002532993907850575,0.28840689479531173,0.046366501889257755
2067,0.09707678915366336,0.0855421067466774,0.0,0.9090909090909091,0.0,0.5493827160493827,0.6779069335168495,0.0,0.07621026167760525,0.5,0.3333333333333333,0.5895061728395061,0.0,0.011045796141028047,0.007899823027296407,0.6169130392728636,0.02037631948920142,0.0025408269897445337,0.3214697231250414,0.04200784213571533
2068,0.09707678915366336,0.0855421067466774,0.0,0.9090909090909091,0.0,0.1820987654320988,0.5818763510862496,0.0,0.05525541066418471,0.5,0.3333333333333333,0.26543209876543206,0.0,0.01010164148077175,0.059039952994102786,0.5022006766917279,0.01990198253487454,0.002124828107463174,0.22534043624783884,0.037218378586024815
2069,0.09707678915366336,0.0855421067466774,0.0,0.9318181818181819,0.0,0.5493827160493827,0.737329571603381,0.0,0.12728042861574806,0.5,0.3333333333333333,0.4012345679012346,0.0,0.01087922792431959,0.054510805566536244,0.49006144842424765,0.020728392235205628,0.002532993907850575,0.2582678912784576,0.043225917642197235
2070,0.09707678915366336,0.0855421067466774,0.0,0.9090909090909091,0.0,0.38888888888888884,0.6597807452085545,0.0,0.1698876575581455,0.5,0.3333333333333333,0.3487654320987654,0.0,0.011422849835793464,0.08559370993432772,0.5327120965673264,0.018467976936181397,0.002590782896123348,0.28911642225322626,0.0426748885483917
2071,0.09707678915366336,0.0855421067466774,0.0,0.9090909090909091,0.0,0.47530864197530864,0.6738774537080472,0.0,0.11451884190204353,0.5,0.3333333333333333,0.43518518518518523,0.0,0.01010164148077175,0.059039952994102786,0.5043056837284057,0.01990198253487454,0.002124828107463174,0.2369565135196643,0.03613881475937988
2072,0.09707678915366336,0.0855421067466774,0.0,0.9090909090909091,0.0,0.3364197530864198,0.6531740091222864,0.0,0.20583325191799362,0.5,0.3333333333333333,0.2592592592592593,0.0,0.011422849835793464,0.08836198529457522,0.5423556065928613,0.018467976936180942,0.002590782896123348,0.25757853250536517,0.0432372247117445
2073,0.09707678915366336,0.0855421067466774,0.0,0.9090909090909091,0.0,0.5524691358024691,0.6820601036844403,0.0,0.12498158842403506,0.5,0.3333333333333333,0.558641975308642,0.0,0.011045796141028047,0.007899823027296407,0.5436490659261306,0.02037631948920142,0.0025408269897445337,0.2134708879340571,0.041060718730693675
2074,0.09707678915366336,0.0855421067466774,0.0,0.9090909090909091,0.0,0.15740740740740744,0.6162980352595837,0.0,0.12867476181072945,0.5,0.3333333333333333,0.20370370370370372,0.0,0.01010164148077175,0.05897892441322981,0.5276764140223598,0.01990198253487454,0.002124828107463174,0.2173187765221264,0.038215957141925744
2075,0.09707678915366336,0.0855421067466774,0.0,0.9090909090909091,0.0,0.5679012345679013,0.7200207790006816,0.0,0.0782787910639865,0.5,0.3333333333333333,0.5555555555555556,0.0,0.011422849835793464,0.08557619319073194,0.5783814338285066,0.01846797693618004,0.002590782896123348,0.2917228632936822,0.043643362091257965
2076,0.09707678915366336,0.0855421067466774,0.0,0.9090909090909091,0.0,0.48765432098765427,0.6586721505567343,0.0,0.09606998431025204,0.5,0.3333333333333333,0.5462962962962963,0.0,0.011045796141028047,0.007899823027296407,0.6480857515942019,0.02037631948920142,0.0025408269897445337,0.3517347177243797,0.042407952771588715
2077,0.09707678915366336,0.0855421067466774,0.0,0.9090909090909091,0.0,0.4135802469135802,0.6069713699916562,0.0,0.09194148738040286,0.5,0.3333333333333333,0.5895061728395061,0.0,0.01010164148077175,0.058979581150994616,0.5529680269508469,0.01990198253487454,0.002124828107463174,0.23962695013733518,0.037765384611017194
2078,0.09707678915366336,0.0855421067466774,0.0,0.9090909090909091,0.0,0.5493827160493827,0.6570092208874707,0.0,0.09550501862790584,0.5,0.3333333333333333,0.5895061728395061,0.0,0.009333992125887603,0.12210299436881997,0.6297563488332014,0.020979886403037176,0.0024070376763084995,0.28993843664171354,0.04705647586721419
2079,0.09707678915366336,0.0855421067466774,0.0,0.9090909090909091,0.0,0.5154320987654322,0.6463271968066333,0.0,0.07436126582634206,0.5,0.3333333333333333,0.5833333333333333,0.0,0.01087922792431959,0.049111438134283744,0.6619560543385895,0.020728392235205628,0.002532993907850575,0.3539685813615452,0.04676547844780045
2080,0.09707678915366336,0.0855421067466774,0.0,0.9090909090909091,0.0,0.3641975308641975,0.6007814377294676,0.0,0.0204897293485915,0.5,0.3333333333333333,0.5648148148148149,0.0,0.01087922792431959,0.050420874943666316,0.5699034038798939,0.020728392235205628,0.002532993907850575,0.25258815913629157,0.045447985961139185
2081,0.09707678915366336,0.0855421067466774,0.0,0.9090909090909091,0.0,0.5493827160493827,0.6771464130254192,0.0,0.07268101911847957,0.5,0.3333333333333333,0.5339506172839505,0.0,0.01087922792431959,0.045656510666726026,0.5669195293539404,0.020728392235205628,0.002532993907850575,0.24854086742404308,0.045627667308933396
2082,0.09707678915366336,0.0855421067466774,0.0,0.9090909090909091,0.0,0.2098765432098766,0.5534827922987529,0.0,0.04286943474875693,0.5,0.3333333333333333,0.5555555555555556,0.0,0.011422849835793464,0.08557619319073194,0.569354479382089,0.018467976936180266,0.002590782896123348,0.2888930998398563,0.04311183702677232
2083,0.09707678915366336,0.0855421067466774,0.0,0.9090909090909091,0.0,0.20370370370370372,0.5298845978685263,0.0,0.021083282433828066,0.5,0.3333333333333333,0.5679012345679013,0.0,0.009333992125887603,0.12210299436881997,0.5867887641007691,0.020979886403037176,0.0024070376763084995,0.2711401282129312,0.04613556982880479
2084,0.09707678915366336,0.0855421067466774,0.0,0.9090909090909091,0.0,0.3734567901234568,0.6318800749035804,0.0,0.14145910283361274,0.5,0.3333333333333333,0.3827160493827161,0.0,0.01010164148077175,0.059039952994102786,0.5080705038097846,0.01990198253487454,0.002124828107463174,0.23741465545204937,0.03693453261569323
2085,0.09707678915366369,0.08554210674667756,0.0,0.9090909090909091,0.0,0.5185185185185186,0.6590184193790734,0.0,0.07736694475000638,0.5,0.3333333333333333,0.49691358024691357,0.0,0.009333992125887603,0.126764611932123,0.5173484591554951,0.020979886403037176,0.0027705168494087766,0.2728343518517678,0.043676676463846015
2086,0.09707678915366369,0.08554210674667756,0.0,0.9090909090909091,0.0,0.5493827160493827,0.6851657067643593,0.0,0.08010068124222791,0.5,0.3333333333333333,0.49691358024691357,0.0,0.009333992125887603,0.1268367535538488,0.5146219211030485,0.020979886403037176,0.0024070376763084995,0.2770791037201739,0.04345363216496834
2087,0.09707678915366369,0.08554210674667756,0.0,0.9090909090909091,0.0,0.558641975308642,0.6769797770715241,0.0,0.1025428986041389,0.5,0.3333333333333333,0.48765432098765427,0.0,0.009333992125887603,0.12521862882516782,0.521472735062045,0.020979886403037176,0.0024070376763084995,0.28128552921586797,0.04366393130957771
2088,0.09707678915366336,0.0855421067466774,0.0,0.9090909090909091,0.0,0.5,0.6600319614856291,0.0,0.014827802673710866,0.5,0.3333333333333333,0.4320987654320988,0.0,0.01087922792431959,0.05463713253811446,0.5286133152157163,0.020728392235205628,0.002532993907850575,0.2940159894360482,0.044588503248843024
2089,0.09707678915366336,0.0855421067466774,0.0,0.9090909090909091,0.0,0.48765432098765427,0.6563604003010094,0.0,0.017752853150500236,0.5,0.3333333333333333,0.4320987654320988,0.0,0.01010164148077175,0.058723093076179886,0.5249100668772492,0.01990198253487454,0.002124828107463174,0.2631317001856782,0.03694210406619458
2090,0.09707678915366336,0.0855421067466774,0.0,0.9090909090909091,0.0,0.48456790123456794,0.6420171321198955,0.0,0.010396882430522059,0.5,0.3333333333333333,0.4722222222222222,0.0,0.011422849835793464,0.0832597368293147,0.5354221199527291,0.018467976936197568,0.002590782896123348,0.3034155491378509,0.04245293003436325
2091,0.09707678915366336,0.0855421067466774,0.0,0.9090909090909091,0.0,0.49382716049382713,0.6462970697367101,0.0,0.015930501578497958,0.5,0.3333333333333333,0.4907407407407407,0.0,0.011045796141028047,0.007899823027296407,0.5281828957720479,0.02037631948920142,0.0025408269897445337,0.27100196219794037,0.03976599436152005
2092,0.09707678915366336,0.0855421067466774,0.0,0.9090909090909091,0.0,0.48765432098765427,0.6504553222113776,0.0,0.012906401545390245,0.5,0.3333333333333333,0.4506172839506173,0.0,0.01087922792431959,0.05618426250832224,0.5201420766363579,0.020728392235205628,0.002532993907850575,0.29024435180056135,0.04415812573471485
2093,0.09707678915366336,0.0855421067466774,0.0,0.9090909090909091,0.0,0.4814814814814815,0.6430214821593446,0.0,0.010701287921139113,0.5,0.3333333333333333,0.4506172839506173,0.0,0.011045796141028047,0.007899823027296407,0.54014209159885,0.02037631948920142,0.0025408269897445337,0.27987467612939676,0.040323454383292594
2094,0.09707678915366336,0.0855421067466774,0.0,0.9090909090909091,0.0,0.5246913580246914,0.6637183653064995,0.0,0.011975041273934894,0.5,0.3333333333333333,0.49382716049382713,0.0,0.011045796141028047,0.007899823027296407,0.5256519844846584,0.02037631948920142,0.0025408269897445337,0.26835959732843245,0.03955016790942807
2095,0.09707678915366336,0.0855421067466774,0.0,0.9090909090909091,0.0,0.5154320987654322,0.6578779151014393,0.0,0.0066680444478455225,0.5,0.3333333333333333,0.4907407407407407,0.0,0.011422849835793464,0.0832597368293147,0.5256950008133753,0.01846797693625728,0.002590782896123348,0.29910733529294414,0.04191408233797418
2096,0.09707678915366369,0.08554210674667756,0.0,0.9090909090909091,0.0,0.43518518518518523,0.6644945230474808,0.0,0.014431084791028614,0.5,0.3333333333333333,0.39814814814814814,0.0,0.011045796141028047,0.007899823027296407,0.5060465953286761,0.02037631948920448,0.0025408269897445337,0.2596036360723183,0.04051159418979184
2097,0.09707678915366369,0.08554210674667756,0.0,0.9318181818181819,0.0,0.3734567901234568,0.6293200972972015,0.0,0.08422688228125474,0.5,0.3333333333333333,0.3734567901234568,0.0,0.01087922792431959,0.05429337067920776,0.4920983471142791,0.020728392235205628,0.002532993907850575,0.27066347281796393,0.04436284025155032
2098,0.09707678915366369,0.08554210674667756,0.0,0.9318181818181819,0.0,0.43827160493827155,0.6651841975213986,0.0,0.08789953498829639,0.5,0.3333333333333333,0.37037037037037035,0.0,0.01010164148077175,0.05898514399483081,0.48821830242028114,0.01990198253487454,0.002124828107463174,0.23712172699013512,0.03645644282392819
2099,0.09707678915366336,0.0855421067466774,0.0,0.9090909090909091,0.0,0.3734567901234568,0.6358494718392849,0.0,0.08388123928600855,0.5,0.3333333333333333,0.2870370370370371,0.0,0.011422849835793464,0.08339463257709817,0.5147261490599548,0.018467976936181622,0.002590782896123348,0.295430183656841,0.042611930510668035
2100,0.09707678915366336,0.0855421067466774,0.0,0.9090909090909091,0.0,0.3950617283950617,0.6507631943142542,0.0,0.09888142762821917,0.5,0.3333333333333333,0.4135802469135802,0.0,0.011045796141028047,0.007899823027296407,0.5175887379831499,0.02037631948920244,0.0025408269897445337,0.2689270586376369,0.040869593422788265
2101,0.09707678915366336,0.0855421067466774,0.0,0.9090909090909091,0.0,0.441358024691358,0.6698915839950047,0.0,0.04598329050344607,0.5,0.3333333333333333,0.33333333333333337,0.0,0.01010164148077175,0.05898430680807386,0.5013392933250692,0.01990198253487454,0.002124828107463174,0.24299199465621704,0.03666001315734841
2102,0.09707678915366336,0.0855421067466774,0.0,0.9090909090909091,0.0,0.46604938271604934,0.6838142329098443,0.0,0.04806581991583658,0.5,0.3333333333333333,0.32098765432098764,0.0,0.011422849835793464,0.08339463257709817,0.5097115323392359,0.01846797693618739,0.002590782896123348,0.2912532029347463,0.042346569740942294
2103,0.09707678915366336,0.0855421067466774,0.0,0.9090909090909091,0.0,0.4537037037037037,0.6673302793006473,0.0,0.10165168373639033,0.5,0.3333333333333333,0.3827160493827161,0.0,0.011045796141028047,0.007899823027296407,0.5174449416036091,0.02037631948920142,0.0025408269897445337,0.26032513302297217,0.040580011134556226
2104,0.09707678915366336,0.0855421067466774,0.0,0.9090909090909091,0.0,0.5092592592592593,0.6868215384184506,0.0,0.0548976949907507,0.5,0.3333333333333333,0.5771604938271605,0.0,0.011422849835793464,0.08557619319073194,0.5924469495344816,0.01846797693618004,0.002590782896123348,0.30714394129589573,0.043635418192857336
2105,0.09707678915366336,0.0855421067466774,0.0,0.9090909090909091,0.0,0.4598765432098766,0.6789660284335035,0.0,0.05855835745030735,0.5,0.3333333333333333,0.5740740740740741,0.0,0.009333992125887603,0.12218318494282805,0.6032522690929246,0.02097988640305146,0.0024070376763084995,0.294838711196712,0.04744287430304585
2106,0.09707678915366336,0.0855421067466774,0.0,0.9090909090909091,0.0,0.5771604938271605,0.7046313562034592,0.0,0.052833596988142606,0.5,0.3333333333333333,0.5740740740740741,0.0,0.011045796141028047,0.007899823027296407,0.5814714768522801,0.02037631948920142,0.0025408269897445337,0.27815775454084285,0.04180176570209134
2107,0.09707678915366336,0.0855421067466774,0.0,0.9090909090909091,0.0,0.5617283950617284,0.6976775461483187,0.0,0.04761893527926875,0.5,0.3333333333333333,0.5802469135802469,0.0,0.011045796141028047,0.007899823027296407,0.5960745313466523,0.02037631948920142,0.0025408269897445337,0.2910175697743191,0.041919011539179346
2108,0.09707678915366336,0.0855421067466774,0.0,0.9090909090909091,0.0005595970900951316,0.7222222222222222,0.7779048741704473,0.0,0.12747319545999314,0.5,0.3333333333333333,0.4814814814814815,0.0,0.011045796141028047,0.007899823027296407,0.5744022730461151,0.02037631948920142,0.0025516944333389964,0.27864049055094714,0.0421350856311815
2109,0.09707678915366336,0.0855421067466774,0.0,0.9090909090909091,0.0,0.617283950617284,0.7525984968746089,0.0,0.11570378167229745,0.5,0.3333333333333333,0.49382716049382713,0.0,0.011422849835793464,0.08557619319073194,0.5702433959999901,0.018467976936180266,0.0026388130636974955,0.3014182592425864,0.0438588001455613
2110,0.09707678915366336,0.0855421067466774,0.0,0.9090909090909091,0.0,0.308641975308642,0.5693145409301131,0.0,0.05595402973353614,0.5,0.3333333333333333,0.31172839506172845,0.0,0.009333992125887603,0.12364236828156865,0.5922215048671252,0.020979886403037176,0.0027705168494087766,0.3054561910528874,0.04626889070443505
2111,0.09707678915366336,0.0855421067466774,0.0,0.9090909090909091,0.0,0.32098765432098764,0.5921855743637472,0.0,0.08618226536862639,0.5,0.3333333333333333,0.2962962962962963,0.0,0.011045796141028047,0.007899823027296407,0.5804268211573097,0.02037631948920142,0.0026530807829304687,0.2812477764567723,0.041437610250668055
